[
  {
    "team": "ARI",
    "number": "",
    "name": "Jacoby Brissett",
    "position": "QB",
    "height": "32",
    "weight": "6' 4\"",
    "age": "235 lbs",
    "college": "9",
    "playerId": "2578570",
    "profileUrl": "https://www.espn.com/nfl/player/_/id/2578570/jacoby-brissett",
    "headshot": "https://a.espncdn.com/combiner/i?img=/i/headshots/nfl/players/full/2578570.png",
    "birthdate": "Birthdate12/11/1992 (32)",
    "birthplace": null,
    "experience": null,
    "draftInfo": "Draft Info2016: Rd 3, Pk 91 (NE)"
  },
  {
    "team": "ARI",
    "number": "",
    "name": "Kyler Murray1",
    "position": "QB",
    "height": "27",
    "weight": "5' 10\"",
    "age": "207 lbs",
    "college": "6",
    "playerId": "3917315",
    "profileUrl": "https://www.espn.com/nfl/player/_/id/3917315/kyler-murray",
    "headshot": "https://a.espncdn.com/combiner/i?img=/i/headshots/nfl/players/full/3917315.png",
    "birthdate": "Birthdate8/7/1997 (27)",
    "birthplace": null,
    "experience": null,
    "draftInfo": "Draft Info2019: Rd 1, Pk 1 (ARI)"
  },
  {
    "team": "ARI",
    "number": "",
    "name": "Clayton Tune15",
    "position": "QB",
    "height": "26",
    "weight": "6' 3\"",
    "age": "220 lbs",
    "college": "2",
    "playerId": "4360175",
    "profileUrl": "https://www.espn.com/nfl/player/_/id/4360175/clayton-tune",
    "headshot": "https://a.espncdn.com/combiner/i?img=/i/headshots/nfl/players/full/4360175.png",
    "birthdate": "Birthdate3/23/1999 (26)",
    "birthplace": null,
    "experience": null,
    "draftInfo": "Draft Info2023: Rd 5, Pk 139 (ARI)"
  },
  {
    "team": "ARI",
    "number": "",
    "name": "Trey Benson33",
    "position": "RB",
    "height": "22",
    "weight": "6' 1\"",
    "age": "223 lbs",
    "college": "R",
    "playerId": "4429275",
    "profileUrl": "https://www.espn.com/nfl/player/_/id/4429275/trey-benson",
    "headshot": "https://a.espncdn.com/combiner/i?img=/i/headshots/nfl/players/full/4429275.png",
    "birthdate": "Birthdate7/23/2002 (22)",
    "birthplace": null,
    "experience": null,
    "draftInfo": "Draft Info2024: Rd 3, Pk 66 (ARI)"
  },
  {
    "team": "ARI",
    "number": "",
    "name": "Michael Carter22",
    "position": "RB",
    "height": "26",
    "weight": "5' 8\"",
    "age": "201 lbs",
    "college": "4",
    "playerId": "4240657",
    "profileUrl": "https://www.espn.com/nfl/player/_/id/4240657/michael-carter",
    "headshot": "https://a.espncdn.com/combiner/i?img=/i/headshots/nfl/players/full/4240657.png",
    "birthdate": "Birthdate5/7/1999 (26)",
    "birthplace": null,
    "experience": null,
    "draftInfo": "Draft Info2021: Rd 4, Pk 107 (NYJ)"
  },
  {
    "team": "ARI",
    "number": "",
    "name": "James Conner6",
    "position": "RB",
    "height": "30",
    "weight": "6' 1\"",
    "age": "233 lbs",
    "college": "8",
    "playerId": "3045147",
    "profileUrl": "https://www.espn.com/nfl/player/_/id/3045147/james-conner",
    "headshot": "https://a.espncdn.com/combiner/i?img=/i/headshots/nfl/players/full/3045147.png",
    "birthdate": "Birthdate5/5/1995 (30)",
    "birthplace": null,
    "experience": null,
    "draftInfo": "Draft Info2017: Rd 3, Pk 105 (PIT)"
  },
  {
    "team": "ARI",
    "number": "",
    "name": "DeeJay Dallas20",
    "position": "RB",
    "height": "26",
    "weight": "5' 10\"",
    "age": "214 lbs",
    "college": "5",
    "playerId": "4240631",
    "profileUrl": "https://www.espn.com/nfl/player/_/id/4240631/deejay-dallas",
    "headshot": "https://a.espncdn.com/combiner/i?img=/i/headshots/nfl/players/full/4240631.png",
    "birthdate": "Birthdate9/16/1998 (26)",
    "birthplace": null,
    "experience": null,
    "draftInfo": "Draft Info2020: Rd 4, Pk 144 (SEA)"
  },
  {
    "team": "ARI",
    "number": "",
    "name": "Emari Demercado31",
    "position": "RB",
    "height": "26",
    "weight": "5' 9\"",
    "age": "215 lbs",
    "college": "2",
    "playerId": "4362478",
    "profileUrl": "https://www.espn.com/nfl/player/_/id/4362478/emari-demercado",
    "headshot": "https://a.espncdn.com/combiner/i?img=/i/headshots/nfl/players/full/4362478.png",
    "birthdate": "Birthdate1/20/1999 (26)",
    "birthplace": null,
    "experience": "Experience2nd Season",
    "draftInfo": null
  },
  {
    "team": "ARI",
    "number": "",
    "name": "Zonovan Knight",
    "position": "RB",
    "height": "24",
    "weight": "5' 10\"",
    "age": "209 lbs",
    "college": "3",
    "playerId": "4427728",
    "profileUrl": "https://www.espn.com/nfl/player/_/id/4427728/zonovan-knight",
    "headshot": "https://a.espncdn.com/combiner/i?img=/i/headshots/nfl/players/full/4427728.png",
    "birthdate": "Birthdate4/11/2001 (24)",
    "birthplace": null,
    "experience": "Experience3rd Season",
    "draftInfo": null
  },
  {
    "team": "ARI",
    "number": "",
    "name": "Andre Baccellia82",
    "position": "WR",
    "height": "28",
    "weight": "5' 10\"",
    "age": "175 lbs",
    "college": "2",
    "playerId": "3886809",
    "profileUrl": "https://www.espn.com/nfl/player/_/id/3886809/andre-baccellia",
    "headshot": "https://a.espncdn.com/combiner/i?img=/i/headshots/nfl/players/full/3886809.png",
    "birthdate": "Birthdate1/7/1997 (28)",
    "birthplace": null,
    "experience": "Experience2nd Season",
    "draftInfo": null
  },
  {
    "team": "ARI",
    "number": "",
    "name": "Greg Dortch4",
    "position": "WR",
    "height": "26",
    "weight": "5' 7\"",
    "age": "175 lbs",
    "college": "4",
    "playerId": "4037235",
    "profileUrl": "https://www.espn.com/nfl/player/_/id/4037235/greg-dortch",
    "headshot": "https://a.espncdn.com/combiner/i?img=/i/headshots/nfl/players/full/4037235.png",
    "birthdate": "Birthdate5/29/1998 (26)",
    "birthplace": null,
    "experience": "Experience4th Season",
    "draftInfo": null
  },
  {
    "team": "ARI",
    "number": "",
    "name": "Simi Fehoko",
    "position": "WR",
    "height": "27",
    "weight": "6' 4\"",
    "age": "218 lbs",
    "college": "4",
    "playerId": "4360739",
    "profileUrl": "https://www.espn.com/nfl/player/_/id/4360739/simi-fehoko",
    "headshot": "https://a.espncdn.com/combiner/i?img=/i/headshots/nfl/players/full/4360739.png",
    "birthdate": "Birthdate11/5/1997 (27)",
    "birthplace": null,
    "experience": null,
    "draftInfo": "Draft Info2021: Rd 5, Pk 179 (DAL)"
  },
  {
    "team": "ARI",
    "number": "",
    "name": "Bryson Green",
    "position": "WR",
    "height": "--",
    "weight": "6' 3\"",
    "age": "213 lbs",
    "college": "R",
    "playerId": "4432705",
    "profileUrl": "https://www.espn.com/nfl/player/_/id/4432705/bryson-green",
    "headshot": "https://a.espncdn.com/combiner/i?img=/i/headshots/college-football/players/full/4432705.png",
    "birthdate": null,
    "birthplace": "BirthplaceAllen, TX",
    "experience": "ExperienceRookie",
    "draftInfo": null
  },
  {
    "team": "ARI",
    "number": "",
    "name": "Marvin Harrison Jr.18",
    "position": "WR",
    "height": "22",
    "weight": "6' 4\"",
    "age": "205 lbs",
    "college": "R",
    "playerId": "4432708",
    "profileUrl": "https://www.espn.com/nfl/player/_/id/4432708/marvin-harrison-jr",
    "headshot": "https://a.espncdn.com/combiner/i?img=/i/headshots/nfl/players/full/4432708.png",
    "birthdate": "Birthdate8/11/2002 (22)",
    "birthplace": null,
    "experience": null,
    "draftInfo": "Draft Info2024: Rd 1, Pk 4 (ARI)"
  },
  {
    "team": "ARI",
    "number": "",
    "name": "Trishton Jackson8",
    "position": "WR",
    "height": "27",
    "weight": "6' 1\"",
    "age": "191 lbs",
    "college": "3",
    "playerId": "4046715",
    "profileUrl": "https://www.espn.com/nfl/player/_/id/4046715/trishton-jackson",
    "headshot": "https://a.espncdn.com/combiner/i?img=/i/headshots/nfl/players/full/4046715.png",
    "birthdate": "Birthdate3/9/1998 (27)",
    "birthplace": null,
    "experience": "Experience3rd Season",
    "draftInfo": null
  },
  {
    "team": "ARI",
    "number": "",
    "name": "Zay Jones17",
    "position": "WR",
    "height": "30",
    "weight": "6' 2\"",
    "age": "200 lbs",
    "college": "8",
    "playerId": "3059722",
    "profileUrl": "https://www.espn.com/nfl/player/_/id/3059722/zay-jones",
    "headshot": "https://a.espncdn.com/combiner/i?img=/i/headshots/nfl/players/full/3059722.png",
    "birthdate": "Birthdate3/30/1995 (30)",
    "birthplace": null,
    "experience": null,
    "draftInfo": "Draft Info2017: Rd 2, Pk 37 (BUF)"
  },
  {
    "team": "ARI",
    "number": "",
    "name": "Tejhaun Palmer83",
    "position": "WR",
    "height": "24",
    "weight": "6' 2\"",
    "age": "210 lbs",
    "college": "R",
    "playerId": "4875912",
    "profileUrl": "https://www.espn.com/nfl/player/_/id/4875912/tejhaun-palmer",
    "headshot": "https://a.espncdn.com/combiner/i?img=/i/headshots/nfl/players/full/4875912.png",
    "birthdate": "Birthdate5/19/2000 (24)",
    "birthplace": null,
    "experience": null,
    "draftInfo": "Draft Info2024: Rd 6, Pk 191 (ARI)"
  },
  {
    "team": "ARI",
    "number": "",
    "name": "Quez Watkins16",
    "position": "WR",
    "height": "26",
    "weight": "6' 0\"",
    "age": "193 lbs",
    "college": "5",
    "playerId": "4050373",
    "profileUrl": "https://www.espn.com/nfl/player/_/id/4050373/quez-watkins",
    "headshot": "https://a.espncdn.com/combiner/i?img=/i/headshots/nfl/players/full/4050373.png",
    "birthdate": "Birthdate6/9/1998 (26)",
    "birthplace": null,
    "experience": null,
    "draftInfo": "Draft Info2020: Rd 6, Pk 200 (PHI)"
  },
  {
    "team": "ARI",
    "number": "",
    "name": "Xavier Weaver89",
    "position": "WR",
    "height": "24",
    "weight": "6' 1\"",
    "age": "180 lbs",
    "college": "R",
    "playerId": "4428811",
    "profileUrl": "https://www.espn.com/nfl/player/_/id/4428811/xavier-weaver",
    "headshot": "https://a.espncdn.com/combiner/i?img=/i/headshots/nfl/players/full/4428811.png",
    "birthdate": "Birthdate10/12/2000 (24)",
    "birthplace": null,
    "experience": "ExperienceRookie",
    "draftInfo": null
  },
  {
    "team": "ARI",
    "number": "",
    "name": "Michael Wilson14",
    "position": "WR",
    "height": "25",
    "weight": "6' 2\"",
    "age": "213 lbs",
    "college": "2",
    "playerId": "4360761",
    "profileUrl": "https://www.espn.com/nfl/player/_/id/4360761/michael-wilson",
    "headshot": "https://a.espncdn.com/combiner/i?img=/i/headshots/nfl/players/full/4360761.png",
    "birthdate": "Birthdate2/23/2000 (25)",
    "birthplace": null,
    "experience": null,
    "draftInfo": "Draft Info2023: Rd 3, Pk 94 (ARI)"
  },
  {
    "team": "ARI",
    "number": "",
    "name": "Oscar Cardenas",
    "position": "TE",
    "height": "--",
    "weight": "6' 4\"",
    "age": "265 lbs",
    "college": "R",
    "playerId": "4426857",
    "profileUrl": "https://www.espn.com/nfl/player/_/id/4426857/oscar-cardenas",
    "headshot": "https://a.espncdn.com/combiner/i?img=/i/headshots/college-football/players/full/4426857.png",
    "birthdate": null,
    "birthplace": "BirthplaceSan Antonio, TX",
    "experience": "ExperienceRookie",
    "draftInfo": null
  },
  {
    "team": "ARI",
    "number": "",
    "name": "Josiah Deguara",
    "position": "TE",
    "height": "28",
    "weight": "6' 2\"",
    "age": "238 lbs",
    "college": "4",
    "playerId": "3914151",
    "profileUrl": "https://www.espn.com/nfl/player/_/id/3914151/josiah-deguara",
    "headshot": "https://a.espncdn.com/combiner/i?img=/i/headshots/nfl/players/full/3914151.png",
    "birthdate": "Birthdate2/14/1997 (28)",
    "birthplace": null,
    "experience": null,
    "draftInfo": "Draft Info2020: Rd 3, Pk 94 (GB)"
  },
  {
    "team": "ARI",
    "number": "",
    "name": "Elijah Higgins84",
    "position": "TE",
    "height": "24",
    "weight": "6' 3\"",
    "age": "235 lbs",
    "college": "2",
    "playerId": "4426844",
    "profileUrl": "https://www.espn.com/nfl/player/_/id/4426844/elijah-higgins",
    "headshot": "https://a.espncdn.com/combiner/i?img=/i/headshots/nfl/players/full/4426844.png",
    "birthdate": "Birthdate10/27/2000 (24)",
    "birthplace": null,
    "experience": null,
    "draftInfo": "Draft Info2023: Rd 6, Pk 197 (MIA)"
  },
  {
    "team": "ARI",
    "number": "",
    "name": "Trey McBride85",
    "position": "TE",
    "height": "25",
    "weight": "6' 4\"",
    "age": "246 lbs",
    "college": "3",
    "playerId": "4361307",
    "profileUrl": "https://www.espn.com/nfl/player/_/id/4361307/trey-mcbride",
    "headshot": "https://a.espncdn.com/combiner/i?img=/i/headshots/nfl/players/full/4361307.png",
    "birthdate": "Birthdate11/22/1999 (25)",
    "birthplace": null,
    "experience": null,
    "draftInfo": "Draft Info2022: Rd 2, Pk 55 (ARI)"
  },
  {
    "team": "ARI",
    "number": "",
    "name": "Tip Reiman87",
    "position": "TE",
    "height": "23",
    "weight": "6' 4\"",
    "age": "273 lbs",
    "college": "R",
    "playerId": "4696700",
    "profileUrl": "https://www.espn.com/nfl/player/_/id/4696700/tip-reiman",
    "headshot": "https://a.espncdn.com/combiner/i?img=/i/headshots/nfl/players/full/4696700.png",
    "birthdate": "Birthdate9/17/2001 (23)",
    "birthplace": null,
    "experience": null,
    "draftInfo": "Draft Info2024: Rd 3, Pk 82 (ARI)"
  },
  {
    "team": "ARI",
    "number": "",
    "name": "Travis Vokolek81",
    "position": "TE",
    "height": "26",
    "weight": "6' 6\"",
    "age": "260 lbs",
    "college": "1",
    "playerId": "4259324",
    "profileUrl": "https://www.espn.com/nfl/player/_/id/4259324/travis-vokolek",
    "headshot": "https://a.espncdn.com/combiner/i?img=/i/headshots/nfl/players/full/4259324.png",
    "birthdate": "Birthdate6/4/1998 (26)",
    "birthplace": null,
    "experience": "Experience1st Season",
    "draftInfo": null
  },
  {
    "team": "ARI",
    "number": "",
    "name": "Evan Brown62",
    "position": "C",
    "height": "28",
    "weight": "6' 3\"",
    "age": "320 lbs",
    "college": "6",
    "playerId": "3128412",
    "profileUrl": "https://www.espn.com/nfl/player/_/id/3128412/evan-brown",
    "headshot": "https://a.espncdn.com/combiner/i?img=/i/headshots/nfl/players/full/3128412.png",
    "birthdate": "Birthdate9/16/1996 (28)",
    "birthplace": null,
    "experience": "Experience6th Season",
    "draftInfo": null
  },
  {
    "team": "ARI",
    "number": "",
    "name": "Sincere Haynesworth",
    "position": "C",
    "height": "24",
    "weight": "6' 1\"",
    "age": "300 lbs",
    "college": "R",
    "playerId": "4427423",
    "profileUrl": "https://www.espn.com/nfl/player/_/id/4427423/sincere-haynesworth",
    "headshot": "https://a.espncdn.com/combiner/i?img=/i/headshots/nfl/players/full/4427423.png",
    "birthdate": "Birthdate4/13/2001 (24)",
    "birthplace": null,
    "experience": "ExperienceRookie",
    "draftInfo": null
  },
  {
    "team": "ARI",
    "number": "",
    "name": "Isaiah Adams74",
    "position": "G",
    "height": "24",
    "weight": "6' 4\"",
    "age": "316 lbs",
    "college": "R",
    "playerId": "5084939",
    "profileUrl": "https://www.espn.com/nfl/player/_/id/5084939/isaiah-adams",
    "headshot": "https://a.espncdn.com/combiner/i?img=/i/headshots/nfl/players/full/5084939.png",
    "birthdate": "Birthdate7/21/2000 (24)",
    "birthplace": null,
    "experience": null,
    "draftInfo": "Draft Info2024: Rd 3, Pk 71 (ARI)"
  },
  {
    "team": "ARI",
    "number": "",
    "name": "Hayden Conner",
    "position": "G",
    "height": "23",
    "weight": "6' 5\"",
    "age": "320 lbs",
    "college": "R",
    "playerId": "4431214",
    "profileUrl": "https://www.espn.com/nfl/player/_/id/4431214/hayden-conner",
    "headshot": "https://a.espncdn.com/combiner/i?img=/i/headshots/nfl/players/full/4431214.png",
    "birthdate": "Birthdate4/26/2002 (23)",
    "birthplace": null,
    "experience": null,
    "draftInfo": "Draft Info2025: Rd 6, Pk 211 (ARI)"
  },
  {
    "team": "ARI",
    "number": "",
    "name": "Hjalte Froholdt72",
    "position": "G",
    "height": "28",
    "weight": "6' 5\"",
    "age": "310 lbs",
    "college": "6",
    "playerId": "3886633",
    "profileUrl": "https://www.espn.com/nfl/player/_/id/3886633/hjalte-froholdt",
    "headshot": "https://a.espncdn.com/combiner/i?img=/i/headshots/nfl/players/full/3886633.png",
    "birthdate": "Birthdate8/20/1996 (28)",
    "birthplace": null,
    "experience": null,
    "draftInfo": "Draft Info2019: Rd 4, Pk 118 (NE)"
  },
  {
    "team": "ARI",
    "number": "",
    "name": "Jon Gaines II59",
    "position": "G",
    "height": "25",
    "weight": "6' 4\"",
    "age": "303 lbs",
    "college": "2",
    "playerId": "4367199",
    "profileUrl": "https://www.espn.com/nfl/player/_/id/4367199/jon-gaines-ii",
    "headshot": "https://a.espncdn.com/combiner/i?img=/i/headshots/nfl/players/full/4367199.png",
    "birthdate": "Birthdate5/24/1999 (25)",
    "birthplace": null,
    "experience": null,
    "draftInfo": "Draft Info2023: Rd 4, Pk 122 (ARI)"
  },
  {
    "team": "ARI",
    "number": "",
    "name": "Nick Leverett50",
    "position": "G",
    "height": "28",
    "weight": "6' 4\"",
    "age": "310 lbs",
    "college": "4",
    "playerId": "3920591",
    "profileUrl": "https://www.espn.com/nfl/player/_/id/3920591/nick-leverett",
    "headshot": "https://a.espncdn.com/combiner/i?img=/i/headshots/nfl/players/full/3920591.png",
    "birthdate": "Birthdate1/11/1997 (28)",
    "birthplace": null,
    "experience": "Experience4th Season",
    "draftInfo": null
  },
  {
    "team": "ARI",
    "number": "",
    "name": "Royce Newman",
    "position": "G",
    "height": "27",
    "weight": "6' 5\"",
    "age": "310 lbs",
    "college": "4",
    "playerId": "4047660",
    "profileUrl": "https://www.espn.com/nfl/player/_/id/4047660/royce-newman",
    "headshot": "https://a.espncdn.com/combiner/i?img=/i/headshots/nfl/players/full/4047660.png",
    "birthdate": "Birthdate8/17/1997 (27)",
    "birthplace": null,
    "experience": null,
    "draftInfo": "Draft Info2021: Rd 4, Pk 142 (GB)"
  },
  {
    "team": "ARI",
    "number": "",
    "name": "Kelvin Beachum68",
    "position": "OT",
    "height": "35",
    "weight": "6' 3\"",
    "age": "308 lbs",
    "college": "13",
    "playerId": "15035",
    "profileUrl": "https://www.espn.com/nfl/player/_/id/15035/kelvin-beachum",
    "headshot": "https://a.espncdn.com/combiner/i?img=/i/headshots/nfl/players/full/15035.png",
    "birthdate": "Birthdate6/8/1989 (35)",
    "birthplace": null,
    "experience": null,
    "draftInfo": "Draft Info2012: Rd 7, Pk 248 (PIT)"
  },
  {
    "team": "ARI",
    "number": "",
    "name": "Jeremiah Byers",
    "position": "OT",
    "height": "--",
    "weight": "6' 4\"",
    "age": "331 lbs",
    "college": "R",
    "playerId": "4575664",
    "profileUrl": "https://www.espn.com/nfl/player/_/id/4575664/jeremiah-byers",
    "headshot": "https://a.espncdn.com/combiner/i?img=/i/headshots/college-football/players/full/4575664.png",
    "birthdate": null,
    "birthplace": "BirthplaceAustin, TX",
    "experience": "ExperienceRookie",
    "draftInfo": null
  },
  {
    "team": "ARI",
    "number": "",
    "name": "Jake Curhan73",
    "position": "OT",
    "height": "27",
    "weight": "6' 6\"",
    "age": "316 lbs",
    "college": "4",
    "playerId": "4035870",
    "profileUrl": "https://www.espn.com/nfl/player/_/id/4035870/jake-curhan",
    "headshot": "https://a.espncdn.com/combiner/i?img=/i/headshots/nfl/players/full/4035870.png",
    "birthdate": "Birthdate2/9/1998 (27)",
    "birthplace": null,
    "experience": "Experience4th Season",
    "draftInfo": null
  },
  {
    "team": "ARI",
    "number": "",
    "name": "McClendon Curtis",
    "position": "OT",
    "height": "25",
    "weight": "6' 6\"",
    "age": "325 lbs",
    "college": "2",
    "playerId": "4247276",
    "profileUrl": "https://www.espn.com/nfl/player/_/id/4247276/mcclendon-curtis",
    "headshot": "https://a.espncdn.com/combiner/i?img=/i/headshots/nfl/players/full/4247276.png",
    "birthdate": "Birthdate9/16/1999 (25)",
    "birthplace": null,
    "experience": "Experience2nd Season",
    "draftInfo": null
  },
  {
    "team": "ARI",
    "number": "",
    "name": "Josh Fryar",
    "position": "OT",
    "height": "--",
    "weight": "6' 5\"",
    "age": "320 lbs",
    "college": "R",
    "playerId": "4429782",
    "profileUrl": "https://www.espn.com/nfl/player/_/id/4429782/josh-fryar",
    "headshot": "https://a.espncdn.com/combiner/i?img=/i/headshots/college-football/players/full/4429782.png",
    "birthdate": null,
    "birthplace": "BirthplaceBeech Grove, IN",
    "experience": "ExperienceRookie",
    "draftInfo": null
  },
  {
    "team": "ARI",
    "number": "",
    "name": "Paris Johnson Jr.70",
    "position": "OT",
    "height": "23",
    "weight": "6' 6\"",
    "age": "313 lbs",
    "college": "2",
    "playerId": "4428991",
    "profileUrl": "https://www.espn.com/nfl/player/_/id/4428991/paris-johnson-jr",
    "headshot": "https://a.espncdn.com/combiner/i?img=/i/headshots/nfl/players/full/4428991.png",
    "birthdate": "Birthdate7/3/2001 (23)",
    "birthplace": null,
    "experience": null,
    "draftInfo": "Draft Info2023: Rd 1, Pk 6 (ARI)"
  },
  {
    "team": "ARI",
    "number": "",
    "name": "Christian Jones75",
    "position": "OT",
    "height": "25",
    "weight": "6' 5\"",
    "age": "318 lbs",
    "college": "R",
    "playerId": "4362103",
    "profileUrl": "https://www.espn.com/nfl/player/_/id/4362103/christian-jones",
    "headshot": "https://a.espncdn.com/combiner/i?img=/i/headshots/nfl/players/full/4362103.png",
    "birthdate": "Birthdate5/12/2000 (25)",
    "birthplace": null,
    "experience": null,
    "draftInfo": "Draft Info2024: Rd 5, Pk 162 (ARI)"
  },
  {
    "team": "ARI",
    "number": "",
    "name": "Valentin Senn",
    "position": "OT",
    "height": "--",
    "weight": "6' 7\"",
    "age": "305 lbs",
    "college": "R",
    "playerId": "4428458",
    "profileUrl": "https://www.espn.com/nfl/player/_/id/4428458/valentin-senn",
    "headshot": "https://a.espncdn.com/combiner/i?img=/i/headshots/college-football/players/full/4428458.png",
    "birthdate": null,
    "birthplace": "BirthplaceVolders, Austria",
    "experience": "ExperienceRookie",
    "draftInfo": null
  },
  {
    "team": "ARI",
    "number": "",
    "name": "Jonah Williams73",
    "position": "OT",
    "height": "27",
    "weight": "6' 5\"",
    "age": "312 lbs",
    "college": "6",
    "playerId": "4040726",
    "profileUrl": "https://www.espn.com/nfl/player/_/id/4040726/jonah-williams",
    "headshot": "https://a.espncdn.com/combiner/i?img=/i/headshots/nfl/players/full/4040726.png",
    "birthdate": "Birthdate11/17/1997 (27)",
    "birthplace": null,
    "experience": null,
    "draftInfo": "Draft Info2019: Rd 1, Pk 11 (CIN)"
  },
  {
    "team": "ARI",
    "number": "",
    "name": "L.J. Collier91",
    "position": "DE",
    "height": "29",
    "weight": "6' 2\"",
    "age": "291 lbs",
    "college": "6",
    "playerId": "3116449",
    "profileUrl": "https://www.espn.com/nfl/player/_/id/3116449/lj-collier",
    "headshot": "https://a.espncdn.com/combiner/i?img=/i/headshots/nfl/players/full/3116449.png",
    "birthdate": "Birthdate9/12/1995 (29)",
    "birthplace": null,
    "experience": null,
    "draftInfo": "Draft Info2019: Rd 1, Pk 29 (SEA)"
  },
  {
    "team": "ARI",
    "number": "",
    "name": "Anthony Goodlow97",
    "position": "DE",
    "height": "24",
    "weight": "6' 5\"",
    "age": "283 lbs",
    "college": "R",
    "playerId": "4372378",
    "profileUrl": "https://www.espn.com/nfl/player/_/id/4372378/anthony-goodlow",
    "headshot": "https://a.espncdn.com/combiner/i?img=/i/headshots/nfl/players/full/4372378.png",
    "birthdate": "Birthdate7/25/2000 (24)",
    "birthplace": null,
    "experience": "ExperienceRookie",
    "draftInfo": null
  },
  {
    "team": "ARI",
    "number": "",
    "name": "Darius Robinson56",
    "position": "DE",
    "height": "23",
    "weight": "6' 5\"",
    "age": "286 lbs",
    "college": "R",
    "playerId": "4569480",
    "profileUrl": "https://www.espn.com/nfl/player/_/id/4569480/darius-robinson",
    "headshot": "https://a.espncdn.com/combiner/i?img=/i/headshots/nfl/players/full/4569480.png",
    "birthdate": "Birthdate9/13/2001 (23)",
    "birthplace": null,
    "experience": null,
    "draftInfo": "Draft Info2024: Rd 1, Pk 27 (ARI)"
  },
  {
    "team": "ARI",
    "number": "",
    "name": "Ben Stille90",
    "position": "DE",
    "height": "27",
    "weight": "6' 4\"",
    "age": "296 lbs",
    "college": "2",
    "playerId": "4034861",
    "profileUrl": "https://www.espn.com/nfl/player/_/id/4034861/ben-stille",
    "headshot": "https://a.espncdn.com/combiner/i?img=/i/headshots/nfl/players/full/4034861.png",
    "birthdate": "Birthdate11/12/1997 (27)",
    "birthplace": null,
    "experience": "Experience2nd Season",
    "draftInfo": null
  },
  {
    "team": "ARI",
    "number": "",
    "name": "Calais Campbell93",
    "position": "DT",
    "height": "38",
    "weight": "6' 8\"",
    "age": "282 lbs",
    "college": "18",
    "playerId": "11284",
    "profileUrl": "https://www.espn.com/nfl/player/_/id/11284/calais-campbell",
    "headshot": "https://a.espncdn.com/combiner/i?img=/i/headshots/nfl/players/full/11284.png",
    "birthdate": "Birthdate9/1/1986 (38)",
    "birthplace": null,
    "experience": null,
    "draftInfo": "Draft Info2008: Rd 2, Pk 50 (ARI)"
  },
  {
    "team": "ARI",
    "number": "",
    "name": "Justin Jones93",
    "position": "DT",
    "height": "28",
    "weight": "6' 3\"",
    "age": "309 lbs",
    "college": "7",
    "playerId": "3116746",
    "profileUrl": "https://www.espn.com/nfl/player/_/id/3116746/justin-jones",
    "headshot": "https://a.espncdn.com/combiner/i?img=/i/headshots/nfl/players/full/3116746.png",
    "birthdate": "Birthdate8/28/1996 (28)",
    "birthplace": null,
    "experience": null,
    "draftInfo": "Draft Info2018: Rd 3, Pk 84 (LAC)"
  },
  {
    "team": "ARI",
    "number": "",
    "name": "PJ Mustipher94",
    "position": "DT",
    "height": "25",
    "weight": "6' 4\"",
    "age": "318 lbs",
    "college": "1",
    "playerId": "4361421",
    "profileUrl": "https://www.espn.com/nfl/player/_/id/4361421/pj-mustipher",
    "headshot": "https://a.espncdn.com/combiner/i?img=/i/headshots/nfl/players/full/4361421.png",
    "birthdate": "Birthdate11/10/1999 (25)",
    "birthplace": null,
    "experience": "Experience1st Season",
    "draftInfo": null
  },
  {
    "team": "ARI",
    "number": "",
    "name": "Bilal Nichols92",
    "position": "DT",
    "height": "28",
    "weight": "6' 4\"",
    "age": "313 lbs",
    "college": "7",
    "playerId": "3117922",
    "profileUrl": "https://www.espn.com/nfl/player/_/id/3117922/bilal-nichols",
    "headshot": "https://a.espncdn.com/combiner/i?img=/i/headshots/nfl/players/full/3117922.png",
    "birthdate": "Birthdate9/14/1996 (28)",
    "birthplace": null,
    "experience": null,
    "draftInfo": "Draft Info2018: Rd 5, Pk 145 (CHI)"
  },
  {
    "team": "ARI",
    "number": "",
    "name": "Walter Nolen",
    "position": "DT",
    "height": "21",
    "weight": "6' 3\"",
    "age": "305 lbs",
    "college": "R",
    "playerId": "4685503",
    "profileUrl": "https://www.espn.com/nfl/player/_/id/4685503/walter-nolen",
    "headshot": "https://a.espncdn.com/combiner/i?img=/i/headshots/nfl/players/full/4685503.png",
    "birthdate": "Birthdate10/14/2003 (21)",
    "birthplace": null,
    "experience": null,
    "draftInfo": "Draft Info2025: Rd 1, Pk 16 (ARI)"
  },
  {
    "team": "ARI",
    "number": "",
    "name": "Elijah Simmons",
    "position": "DT",
    "height": "--",
    "weight": "6' 2\"",
    "age": "340 lbs",
    "college": "R",
    "playerId": "4430478",
    "profileUrl": "https://www.espn.com/nfl/player/_/id/4430478/elijah-simmons",
    "headshot": "https://a.espncdn.com/combiner/i?img=/i/headshots/college-football/players/full/4430478.png",
    "birthdate": null,
    "birthplace": "BirthplaceMemphis, TN",
    "experience": "ExperienceRookie",
    "draftInfo": null
  },
  {
    "team": "ARI",
    "number": "",
    "name": "Dante Stills55",
    "position": "DT",
    "height": "25",
    "weight": "6' 4\"",
    "age": "286 lbs",
    "college": "2",
    "playerId": "4362225",
    "profileUrl": "https://www.espn.com/nfl/player/_/id/4362225/dante-stills",
    "headshot": "https://a.espncdn.com/combiner/i?img=/i/headshots/nfl/players/full/4362225.png",
    "birthdate": "Birthdate12/14/1999 (25)",
    "birthplace": null,
    "experience": null,
    "draftInfo": "Draft Info2023: Rd 6, Pk 213 (ARI)"
  },
  {
    "team": "ARI",
    "number": "",
    "name": "Dalvin Tomlinson",
    "position": "DT",
    "height": "31",
    "weight": "6' 3\"",
    "age": "325 lbs",
    "college": "8",
    "playerId": "2979860",
    "profileUrl": "https://www.espn.com/nfl/player/_/id/2979860/dalvin-tomlinson",
    "headshot": "https://a.espncdn.com/combiner/i?img=/i/headshots/nfl/players/full/2979860.png",
    "birthdate": "Birthdate2/28/1994 (31)",
    "birthplace": null,
    "experience": null,
    "draftInfo": "Draft Info2017: Rd 2, Pk 55 (NYG)"
  },
  {
    "team": "ARI",
    "number": "",
    "name": "Elliott Brown",
    "position": "LB",
    "height": "--",
    "weight": "6' 4\"",
    "age": "225 lbs",
    "college": "R",
    "playerId": "4240826",
    "profileUrl": "https://www.espn.com/nfl/player/_/id/4240826/elliott-brown",
    "headshot": "https://a.espncdn.com/combiner/i?img=/i/headshots/college-football/players/full/4240826.png",
    "birthdate": null,
    "birthplace": "BirthplaceOdenton, MD",
    "experience": "ExperienceRookie",
    "draftInfo": null
  },
  {
    "team": "ARI",
    "number": "",
    "name": "Baron Browning53",
    "position": "LB",
    "height": "26",
    "weight": "6' 3\"",
    "age": "240 lbs",
    "college": "4",
    "playerId": "4241987",
    "profileUrl": "https://www.espn.com/nfl/player/_/id/4241987/baron-browning",
    "headshot": "https://a.espncdn.com/combiner/i?img=/i/headshots/nfl/players/full/4241987.png",
    "birthdate": "Birthdate2/19/1999 (26)",
    "birthplace": null,
    "experience": null,
    "draftInfo": "Draft Info2021: Rd 3, Pk 105 (DEN)"
  },
  {
    "team": "ARI",
    "number": "",
    "name": "Jordan Burch",
    "position": "LB",
    "height": "23",
    "weight": "6' 6\"",
    "age": "295 lbs",
    "college": "R",
    "playerId": "4428996",
    "profileUrl": "https://www.espn.com/nfl/player/_/id/4428996/jordan-burch",
    "headshot": "https://a.espncdn.com/combiner/i?img=/i/headshots/nfl/players/full/4428996.png",
    "birthdate": "Birthdate10/10/2001 (23)",
    "birthplace": null,
    "experience": null,
    "draftInfo": "Draft Info2025: Rd 3, Pk 78 (ARI)"
  },
  {
    "team": "ARI",
    "number": "",
    "name": "Zaven Collins25",
    "position": "LB",
    "height": "25",
    "weight": "6' 4\"",
    "age": "260 lbs",
    "college": "4",
    "playerId": "4244606",
    "profileUrl": "https://www.espn.com/nfl/player/_/id/4244606/zaven-collins",
    "headshot": "https://a.espncdn.com/combiner/i?img=/i/headshots/nfl/players/full/4244606.png",
    "birthdate": "Birthdate5/19/1999 (25)",
    "birthplace": null,
    "experience": null,
    "draftInfo": "Draft Info2021: Rd 1, Pk 16 (ARI)"
  },
  {
    "team": "ARI",
    "number": "",
    "name": "Akeem Davis-Gaither",
    "position": "LB",
    "height": "27",
    "weight": "6' 2\"",
    "age": "228 lbs",
    "college": "5",
    "playerId": "3917142",
    "profileUrl": "https://www.espn.com/nfl/player/_/id/3917142/akeem-davis-gaither",
    "headshot": "https://a.espncdn.com/combiner/i?img=/i/headshots/nfl/players/full/3917142.png",
    "birthdate": "Birthdate9/21/1997 (27)",
    "birthplace": null,
    "experience": null,
    "draftInfo": "Draft Info2020: Rd 4, Pk 107 (CIN)"
  },
  {
    "team": "ARI",
    "number": "",
    "name": "Milo Eifler48",
    "position": "LB",
    "height": "27",
    "weight": "6' 2\"",
    "age": "225 lbs",
    "college": "2",
    "playerId": "4371940",
    "profileUrl": "https://www.espn.com/nfl/player/_/id/4371940/milo-eifler",
    "headshot": "https://a.espncdn.com/combiner/i?img=/i/headshots/nfl/players/full/4371940.png",
    "birthdate": "Birthdate2/13/1998 (27)",
    "birthplace": null,
    "experience": "Experience2nd Season",
    "draftInfo": null
  },
  {
    "team": "ARI",
    "number": "",
    "name": "Vi Jones27",
    "position": "LB",
    "height": "27",
    "weight": "6' 2\"",
    "age": "225 lbs",
    "college": "2",
    "playerId": "4259636",
    "profileUrl": "https://www.espn.com/nfl/player/_/id/4259636/vi-jones",
    "headshot": "https://a.espncdn.com/combiner/i?img=/i/headshots/nfl/players/full/4259636.png",
    "birthdate": "Birthdate5/5/1998 (27)",
    "birthplace": null,
    "experience": "Experience2nd Season",
    "draftInfo": null
  },
  {
    "team": "ARI",
    "number": "",
    "name": "BJ Ojulari9",
    "position": "LB",
    "height": "23",
    "weight": "6' 2\"",
    "age": "256 lbs",
    "college": "2",
    "playerId": "4429111",
    "profileUrl": "https://www.espn.com/nfl/player/_/id/4429111/bj-ojulari",
    "headshot": "https://a.espncdn.com/combiner/i?img=/i/headshots/nfl/players/full/4429111.png",
    "birthdate": "Birthdate4/5/2002 (23)",
    "birthplace": null,
    "experience": null,
    "draftInfo": "Draft Info2023: Rd 2, Pk 41 (ARI)"
  },
  {
    "team": "ARI",
    "number": "",
    "name": "Owen Pappoe44",
    "position": "LB",
    "height": "24",
    "weight": "6' 0\"",
    "age": "225 lbs",
    "college": "2",
    "playerId": "4567219",
    "profileUrl": "https://www.espn.com/nfl/player/_/id/4567219/owen-pappoe",
    "headshot": "https://a.espncdn.com/combiner/i?img=/i/headshots/nfl/players/full/4567219.png",
    "birthdate": "Birthdate9/29/2000 (24)",
    "birthplace": null,
    "experience": null,
    "draftInfo": "Draft Info2023: Rd 5, Pk 168 (ARI)"
  },
  {
    "team": "ARI",
    "number": "",
    "name": "Cody Simon",
    "position": "LB",
    "height": "23",
    "weight": "6' 2\"",
    "age": "235 lbs",
    "college": "R",
    "playerId": "4429071",
    "profileUrl": "https://www.espn.com/nfl/player/_/id/4429071/cody-simon",
    "headshot": "https://a.espncdn.com/combiner/i?img=/i/headshots/nfl/players/full/4429071.png",
    "birthdate": "Birthdate4/1/2002 (23)",
    "birthplace": null,
    "experience": null,
    "draftInfo": "Draft Info2025: Rd 4, Pk 115 (ARI)"
  },
  {
    "team": "ARI",
    "number": "",
    "name": "Josh Sweat",
    "position": "LB",
    "height": "28",
    "weight": "6' 5\"",
    "age": "265 lbs",
    "college": "7",
    "playerId": "3693166",
    "profileUrl": "https://www.espn.com/nfl/player/_/id/3693166/josh-sweat",
    "headshot": "https://a.espncdn.com/combiner/i?img=/i/headshots/nfl/players/full/3693166.png",
    "birthdate": "Birthdate3/29/1997 (28)",
    "birthplace": null,
    "experience": null,
    "draftInfo": "Draft Info2018: Rd 4, Pk 130 (PHI)"
  },
  {
    "team": "ARI",
    "number": "",
    "name": "Xavier Thomas54",
    "position": "LB",
    "height": "25",
    "weight": "6' 2\"",
    "age": "244 lbs",
    "college": "R",
    "playerId": "4360304",
    "profileUrl": "https://www.espn.com/nfl/player/_/id/4360304/xavier-thomas",
    "headshot": "https://a.espncdn.com/combiner/i?img=/i/headshots/nfl/players/full/4360304.png",
    "birthdate": "Birthdate12/20/1999 (25)",
    "birthplace": null,
    "experience": null,
    "draftInfo": "Draft Info2024: Rd 5, Pk 138 (ARI)"
  },
  {
    "team": "ARI",
    "number": "",
    "name": "Mykal Walker",
    "position": "LB",
    "height": "27",
    "weight": "6' 3\"",
    "age": "230 lbs",
    "college": "5",
    "playerId": "4243009",
    "profileUrl": "https://www.espn.com/nfl/player/_/id/4243009/mykal-walker",
    "headshot": "https://a.espncdn.com/combiner/i?img=/i/headshots/nfl/players/full/4243009.png",
    "birthdate": "Birthdate8/28/1997 (27)",
    "birthplace": null,
    "experience": null,
    "draftInfo": "Draft Info2020: Rd 4, Pk 119 (ATL)"
  },
  {
    "team": "ARI",
    "number": "",
    "name": "Benton Whitley49",
    "position": "LB",
    "height": "26",
    "weight": "6' 4\"",
    "age": "260 lbs",
    "college": "3",
    "playerId": "4247722",
    "profileUrl": "https://www.espn.com/nfl/player/_/id/4247722/benton-whitley",
    "headshot": "https://a.espncdn.com/combiner/i?img=/i/headshots/nfl/players/full/4247722.png",
    "birthdate": "Birthdate2/12/1999 (26)",
    "birthplace": null,
    "experience": "Experience3rd Season",
    "draftInfo": null
  },
  {
    "team": "ARI",
    "number": "",
    "name": "Mack Wilson Sr.2",
    "position": "LB",
    "height": "27",
    "weight": "6' 1\"",
    "age": "246 lbs",
    "college": "6",
    "playerId": "4040983",
    "profileUrl": "https://www.espn.com/nfl/player/_/id/4040983/mack-wilson-sr",
    "headshot": "https://a.espncdn.com/combiner/i?img=/i/headshots/nfl/players/full/4040983.png",
    "birthdate": "Birthdate2/14/1998 (27)",
    "birthplace": null,
    "experience": null,
    "draftInfo": "Draft Info2019: Rd 5, Pk 155 (CLE)"
  },
  {
    "team": "ARI",
    "number": "",
    "name": "Ekow Boye-Doe",
    "position": "CB",
    "height": "25",
    "weight": "6' 0\"",
    "age": "177 lbs",
    "college": "2",
    "playerId": "4373061",
    "profileUrl": "https://www.espn.com/nfl/player/_/id/4373061/ekow-boye-doe",
    "headshot": "https://a.espncdn.com/combiner/i?img=/i/headshots/nfl/players/full/4373061.png",
    "birthdate": "Birthdate11/4/1999 (25)",
    "birthplace": null,
    "experience": "Experience2nd Season",
    "draftInfo": null
  },
  {
    "team": "ARI",
    "number": "",
    "name": "Denzel Burke",
    "position": "CB",
    "height": "22",
    "weight": "6' 1\"",
    "age": "193 lbs",
    "college": "R",
    "playerId": "4432668",
    "profileUrl": "https://www.espn.com/nfl/player/_/id/4432668/denzel-burke",
    "headshot": "https://a.espncdn.com/combiner/i?img=/i/headshots/nfl/players/full/4432668.png",
    "birthdate": "Birthdate11/10/2002 (22)",
    "birthplace": null,
    "experience": null,
    "draftInfo": "Draft Info2025: Rd 5, Pk 174 (ARI)"
  },
  {
    "team": "ARI",
    "number": "",
    "name": "Kei'Trel Clark13",
    "position": "CB",
    "height": "24",
    "weight": "5' 10\"",
    "age": "181 lbs",
    "college": "2",
    "playerId": "4426923",
    "profileUrl": "https://www.espn.com/nfl/player/_/id/4426923/keitrel-clark",
    "headshot": "https://a.espncdn.com/combiner/i?img=/i/headshots/nfl/players/full/4426923.png",
    "birthdate": "Birthdate3/19/2001 (24)",
    "birthplace": null,
    "experience": null,
    "draftInfo": "Draft Info2023: Rd 6, Pk 180 (ARI)"
  },
  {
    "team": "ARI",
    "number": "",
    "name": "Jaden Davis39",
    "position": "CB",
    "height": "24",
    "weight": "5' 10\"",
    "age": "182 lbs",
    "college": "R",
    "playerId": "4426435",
    "profileUrl": "https://www.espn.com/nfl/player/_/id/4426435/jaden-davis",
    "headshot": "https://a.espncdn.com/combiner/i?img=/i/headshots/college-football/players/full/4426435.png",
    "birthdate": "Birthdate2/18/2001 (24)",
    "birthplace": null,
    "experience": null,
    "draftInfo": "Draft Info2024: Rd 7, Pk 226 (ARI)"
  },
  {
    "team": "ARI",
    "number": "",
    "name": "Darren Hall30",
    "position": "CB",
    "height": "25",
    "weight": "6' 0\"",
    "age": "190 lbs",
    "college": "3",
    "playerId": "4261606",
    "profileUrl": "https://www.espn.com/nfl/player/_/id/4261606/darren-hall",
    "headshot": "https://a.espncdn.com/combiner/i?img=/i/headshots/nfl/players/full/4261606.png",
    "birthdate": "Birthdate5/2/2000 (25)",
    "birthplace": null,
    "experience": null,
    "draftInfo": "Draft Info2021: Rd 4, Pk 108 (ATL)"
  },
  {
    "team": "ARI",
    "number": "",
    "name": "Will Johnson",
    "position": "CB",
    "height": "22",
    "weight": "6' 2\"",
    "age": "202 lbs",
    "college": "R",
    "playerId": "4685408",
    "profileUrl": "https://www.espn.com/nfl/player/_/id/4685408/will-johnson",
    "headshot": "https://a.espncdn.com/combiner/i?img=/i/headshots/nfl/players/full/4685408.png",
    "birthdate": "Birthdate3/29/2003 (22)",
    "birthplace": null,
    "experience": null,
    "draftInfo": "Draft Info2025: Rd 2, Pk 47 (ARI)"
  },
  {
    "team": "ARI",
    "number": "",
    "name": "Elijah Jones28",
    "position": "CB",
    "height": "25",
    "weight": "6' 2\"",
    "age": "184 lbs",
    "college": "R",
    "playerId": "4360203",
    "profileUrl": "https://www.espn.com/nfl/player/_/id/4360203/elijah-jones",
    "headshot": "https://a.espncdn.com/combiner/i?img=/i/headshots/nfl/players/full/4360203.png",
    "birthdate": "Birthdate1/8/2000 (25)",
    "birthplace": null,
    "experience": null,
    "draftInfo": "Draft Info2024: Rd 3, Pk 90 (ARI)"
  },
  {
    "team": "ARI",
    "number": "",
    "name": "Jaylon Jones",
    "position": "CB",
    "height": "27",
    "weight": "5' 11\"",
    "age": "190 lbs",
    "college": "3",
    "playerId": "4047655",
    "profileUrl": "https://www.espn.com/nfl/player/_/id/4047655/jaylon-jones",
    "headshot": "https://a.espncdn.com/combiner/i?img=/i/headshots/nfl/players/full/4047655.png",
    "birthdate": "Birthdate10/14/1997 (27)",
    "birthplace": null,
    "experience": "Experience3rd Season",
    "draftInfo": null
  },
  {
    "team": "ARI",
    "number": "",
    "name": "Max Melton16",
    "position": "CB",
    "height": "23",
    "weight": "5' 11\"",
    "age": "193 lbs",
    "college": "R",
    "playerId": "4698113",
    "profileUrl": "https://www.espn.com/nfl/player/_/id/4698113/max-melton",
    "headshot": "https://a.espncdn.com/combiner/i?img=/i/headshots/nfl/players/full/4698113.png",
    "birthdate": "Birthdate4/15/2002 (23)",
    "birthplace": null,
    "experience": null,
    "draftInfo": "Draft Info2024: Rd 2, Pk 43 (ARI)"
  },
  {
    "team": "ARI",
    "number": "",
    "name": "Sean Murphy-Bunting23",
    "position": "CB",
    "height": "27",
    "weight": "6' 0\"",
    "age": "195 lbs",
    "college": "6",
    "playerId": "3932886",
    "profileUrl": "https://www.espn.com/nfl/player/_/id/3932886/sean-murphy-bunting",
    "headshot": "https://a.espncdn.com/combiner/i?img=/i/headshots/nfl/players/full/3932886.png",
    "birthdate": "Birthdate6/19/1997 (27)",
    "birthplace": null,
    "experience": null,
    "draftInfo": "Draft Info2019: Rd 2, Pk 39 (TB)"
  },
  {
    "team": "ARI",
    "number": "",
    "name": "Starling Thomas V24",
    "position": "CB",
    "height": "25",
    "weight": "5' 10\"",
    "age": "194 lbs",
    "college": "2",
    "playerId": "4363408",
    "profileUrl": "https://www.espn.com/nfl/player/_/id/4363408/starling-thomas-v",
    "headshot": "https://a.espncdn.com/combiner/i?img=/i/headshots/nfl/players/full/4363408.png",
    "birthdate": "Birthdate1/25/2000 (25)",
    "birthplace": null,
    "experience": "Experience2nd Season",
    "draftInfo": null
  },
  {
    "team": "ARI",
    "number": "",
    "name": "Garrett Williams21",
    "position": "CB",
    "height": "23",
    "weight": "5' 10\"",
    "age": "192 lbs",
    "college": "2",
    "playerId": "4568506",
    "profileUrl": "https://www.espn.com/nfl/player/_/id/4568506/garrett-williams",
    "headshot": "https://a.espncdn.com/combiner/i?img=/i/headshots/nfl/players/full/4568506.png",
    "birthdate": "Birthdate6/1/2001 (23)",
    "birthplace": null,
    "experience": null,
    "draftInfo": "Draft Info2023: Rd 3, Pk 72 (ARI)"
  },
  {
    "team": "ARI",
    "number": "",
    "name": "Budda Baker3",
    "position": "S",
    "height": "29",
    "weight": "5' 10\"",
    "age": "195 lbs",
    "college": "8",
    "playerId": "3127287",
    "profileUrl": "https://www.espn.com/nfl/player/_/id/3127287/budda-baker",
    "headshot": "https://a.espncdn.com/combiner/i?img=/i/headshots/nfl/players/full/3127287.png",
    "birthdate": "Birthdate1/10/1996 (29)",
    "birthplace": null,
    "experience": null,
    "draftInfo": "Draft Info2017: Rd 2, Pk 36 (ARI)"
  },
  {
    "team": "ARI",
    "number": "",
    "name": "Joey Blount32",
    "position": "S",
    "height": "26",
    "weight": "6' 1\"",
    "age": "201 lbs",
    "college": "3",
    "playerId": "4240824",
    "profileUrl": "https://www.espn.com/nfl/player/_/id/4240824/joey-blount",
    "headshot": "https://a.espncdn.com/combiner/i?img=/i/headshots/nfl/players/full/4240824.png",
    "birthdate": "Birthdate11/16/1998 (26)",
    "birthplace": null,
    "experience": "Experience3rd Season",
    "draftInfo": null
  },
  {
    "team": "ARI",
    "number": "",
    "name": "Kitan Crawford",
    "position": "S",
    "height": "23",
    "weight": "5' 11\"",
    "age": "206 lbs",
    "college": "R",
    "playerId": "4430821",
    "profileUrl": "https://www.espn.com/nfl/player/_/id/4430821/kitan-crawford",
    "headshot": "https://a.espncdn.com/combiner/i?img=/i/headshots/nfl/players/full/4430821.png",
    "birthdate": "Birthdate12/31/2001 (23)",
    "birthplace": null,
    "experience": null,
    "draftInfo": "Draft Info2025: Rd 7, Pk 225 (ARI)"
  },
  {
    "team": "ARI",
    "number": "",
    "name": "Jammie Robinson26",
    "position": "S",
    "height": "24",
    "weight": "5' 11\"",
    "age": "190 lbs",
    "college": "2",
    "playerId": "4430411",
    "profileUrl": "https://www.espn.com/nfl/player/_/id/4430411/jammie-robinson",
    "headshot": "https://a.espncdn.com/combiner/i?img=/i/headshots/nfl/players/full/4430411.png",
    "birthdate": "Birthdate1/24/2001 (24)",
    "birthplace": null,
    "experience": null,
    "draftInfo": "Draft Info2023: Rd 5, Pk 145 (CAR)"
  },
  {
    "team": "ARI",
    "number": "",
    "name": "Dadrion Taylor-Demerson42",
    "position": "S",
    "height": "24",
    "weight": "5' 10\"",
    "age": "189 lbs",
    "college": "R",
    "playerId": "4428633",
    "profileUrl": "https://www.espn.com/nfl/player/_/id/4428633/dadrion-taylor-demerson",
    "headshot": "https://a.espncdn.com/combiner/i?img=/i/headshots/nfl/players/full/4428633.png",
    "birthdate": "Birthdate1/20/2001 (24)",
    "birthplace": null,
    "experience": null,
    "draftInfo": "Draft Info2024: Rd 4, Pk 104 (ARI)"
  },
  {
    "team": "ARI",
    "number": "",
    "name": "Jalen Thompson34",
    "position": "S",
    "height": "26",
    "weight": "5' 11\"",
    "age": "190 lbs",
    "college": "6",
    "playerId": "4043089",
    "profileUrl": "https://www.espn.com/nfl/player/_/id/4043089/jalen-thompson",
    "headshot": "https://a.espncdn.com/combiner/i?img=/i/headshots/nfl/players/full/4043089.png",
    "birthdate": "Birthdate7/18/1998 (26)",
    "birthplace": null,
    "experience": "Experience6th Season",
    "draftInfo": null
  },
  {
    "team": "ARI",
    "number": "",
    "name": "Chad Ryland38",
    "position": "PK",
    "height": "25",
    "weight": "6' 0\"",
    "age": "195 lbs",
    "college": "2",
    "playerId": "4363538",
    "profileUrl": "https://www.espn.com/nfl/player/_/id/4363538/chad-ryland",
    "headshot": "https://a.espncdn.com/combiner/i?img=/i/headshots/nfl/players/full/4363538.png",
    "birthdate": "Birthdate10/15/1999 (25)",
    "birthplace": null,
    "experience": null,
    "draftInfo": "Draft Info2023: Rd 4, Pk 112 (NE)"
  },
  {
    "team": "ARI",
    "number": "",
    "name": "Blake Gillikin12",
    "position": "P",
    "height": "27",
    "weight": "6' 2\"",
    "age": "196 lbs",
    "college": "5",
    "playerId": "4045180",
    "profileUrl": "https://www.espn.com/nfl/player/_/id/4045180/blake-gillikin",
    "headshot": "https://a.espncdn.com/combiner/i?img=/i/headshots/nfl/players/full/4045180.png",
    "birthdate": "Birthdate1/21/1998 (27)",
    "birthplace": null,
    "experience": "Experience5th Season",
    "draftInfo": null
  },
  {
    "team": "ARI",
    "number": "",
    "name": "Aaron Brewer46",
    "position": "LS",
    "height": "34",
    "weight": "6' 5\"",
    "age": "232 lbs",
    "college": "13",
    "playerId": "15241",
    "profileUrl": "https://www.espn.com/nfl/player/_/id/15241/aaron-brewer",
    "headshot": "https://a.espncdn.com/combiner/i?img=/i/headshots/nfl/players/full/15241.png",
    "birthdate": "Birthdate7/5/1990 (34)",
    "birthplace": null,
    "experience": "Experience13th Season",
    "draftInfo": null
  }
]