[
  {
    "team": "ATL",
    "number": "",
    "name": "Kirk Cousins18",
    "position": "QB",
    "height": "36",
    "weight": "6' 3\"",
    "age": "205 lbs",
    "college": "13",
    "playerId": "14880",
    "profileUrl": "https://www.espn.com/nfl/player/_/id/14880/kirk-cousins",
    "headshot": "https://a.espncdn.com/combiner/i?img=/i/headshots/nfl/players/full/14880.png",
    "birthdate": "Birthdate8/19/1988 (36)",
    "birthplace": null,
    "experience": null,
    "draftInfo": "Draft Info2012: Rd 4, Pk 102 (WSH)"
  },
  {
    "team": "ATL",
    "number": "",
    "name": "Emory Jones11",
    "position": "QB",
    "height": "25",
    "weight": "6' 2\"",
    "age": "211 lbs",
    "college": "R",
    "playerId": "4360230",
    "profileUrl": "https://www.espn.com/nfl/player/_/id/4360230/emory-jones",
    "headshot": "https://a.espncdn.com/combiner/i?img=/i/headshots/nfl/players/full/4360230.png",
    "birthdate": "Birthdate4/29/2000 (25)",
    "birthplace": null,
    "experience": "ExperienceRookie",
    "draftInfo": null
  },
  {
    "team": "ATL",
    "number": "",
    "name": "Michael Penix Jr.9",
    "position": "QB",
    "height": "25",
    "weight": "6' 2\"",
    "age": "216 lbs",
    "college": "R",
    "playerId": "4360423",
    "profileUrl": "https://www.espn.com/nfl/player/_/id/4360423/michael-penix-jr",
    "headshot": "https://a.espncdn.com/combiner/i?img=/i/headshots/nfl/players/full/4360423.png",
    "birthdate": "Birthdate5/8/2000 (25)",
    "birthplace": null,
    "experience": null,
    "draftInfo": "Draft Info2024: Rd 1, Pk 8 (ATL)"
  },
  {
    "team": "ATL",
    "number": "",
    "name": "Easton Stick",
    "position": "QB",
    "height": "29",
    "weight": "6' 1\"",
    "age": "224 lbs",
    "college": "6",
    "playerId": "3120590",
    "profileUrl": "https://www.espn.com/nfl/player/_/id/3120590/easton-stick",
    "headshot": "https://a.espncdn.com/combiner/i?img=/i/headshots/nfl/players/full/3120590.png",
    "birthdate": "Birthdate9/15/1995 (29)",
    "birthplace": null,
    "experience": null,
    "draftInfo": "Draft Info2019: Rd 5, Pk 166 (LAC)"
  },
  {
    "team": "ATL",
    "number": "",
    "name": "Tyler Allgeier25",
    "position": "RB",
    "height": "25",
    "weight": "5' 11\"",
    "age": "220 lbs",
    "college": "3",
    "playerId": "4373626",
    "profileUrl": "https://www.espn.com/nfl/player/_/id/4373626/tyler-allgeier",
    "headshot": "https://a.espncdn.com/combiner/i?img=/i/headshots/nfl/players/full/4373626.png",
    "birthdate": "Birthdate4/15/2000 (25)",
    "birthplace": null,
    "experience": null,
    "draftInfo": "Draft Info2022: Rd 5, Pk 151 (ATL)"
  },
  {
    "team": "ATL",
    "number": "",
    "name": "Nate Carter",
    "position": "RB",
    "height": "--",
    "weight": "5' 10\"",
    "age": "202 lbs",
    "college": "R",
    "playerId": "4605841",
    "profileUrl": "https://www.espn.com/nfl/player/_/id/4605841/nate-carter",
    "headshot": "https://a.espncdn.com/combiner/i?img=/i/headshots/college-football/players/full/4605841.png",
    "birthdate": null,
    "birthplace": "BirthplaceRochester, NY",
    "experience": "ExperienceRookie",
    "draftInfo": null
  },
  {
    "team": "ATL",
    "number": "",
    "name": "Elijah Dotson",
    "position": "RB",
    "height": "26",
    "weight": "5' 9\"",
    "age": "202 lbs",
    "college": "2",
    "playerId": "4248909",
    "profileUrl": "https://www.espn.com/nfl/player/_/id/4248909/elijah-dotson",
    "headshot": "https://a.espncdn.com/combiner/i?img=/i/headshots/nfl/players/full/4248909.png",
    "birthdate": "Birthdate1/19/1999 (26)",
    "birthplace": null,
    "experience": "Experience2nd Season",
    "draftInfo": null
  },
  {
    "team": "ATL",
    "number": "",
    "name": "Jase McClellan30",
    "position": "RB",
    "height": "22",
    "weight": "5' 11\"",
    "age": "212 lbs",
    "college": "R",
    "playerId": "4429001",
    "profileUrl": "https://www.espn.com/nfl/player/_/id/4429001/jase-mcclellan",
    "headshot": "https://a.espncdn.com/combiner/i?img=/i/headshots/nfl/players/full/4429001.png",
    "birthdate": "Birthdate6/25/2002 (22)",
    "birthplace": null,
    "experience": null,
    "draftInfo": "Draft Info2024: Rd 6, Pk 186 (ATL)"
  },
  {
    "team": "ATL",
    "number": "",
    "name": "Bijan Robinson7",
    "position": "RB",
    "height": "23",
    "weight": "5' 11\"",
    "age": "215 lbs",
    "college": "2",
    "playerId": "4430807",
    "profileUrl": "https://www.espn.com/nfl/player/_/id/4430807/bijan-robinson",
    "headshot": "https://a.espncdn.com/combiner/i?img=/i/headshots/nfl/players/full/4430807.png",
    "birthdate": "Birthdate1/30/2002 (23)",
    "birthplace": null,
    "experience": null,
    "draftInfo": "Draft Info2023: Rd 1, Pk 8 (ATL)"
  },
  {
    "team": "ATL",
    "number": "",
    "name": "Carlos Washington Jr.28",
    "position": "RB",
    "height": "26",
    "weight": "5' 11\"",
    "age": "210 lbs",
    "college": "1",
    "playerId": "4248425",
    "profileUrl": "https://www.espn.com/nfl/player/_/id/4248425/carlos-washington-jr",
    "headshot": "https://a.espncdn.com/combiner/i?img=/i/headshots/nfl/players/full/4248425.png",
    "birthdate": "Birthdate12/26/1998 (26)",
    "birthplace": null,
    "experience": "Experience1st Season",
    "draftInfo": null
  },
  {
    "team": "ATL",
    "number": "",
    "name": "Jamal Agnew",
    "position": "WR",
    "height": "30",
    "weight": "5' 10\"",
    "age": "190 lbs",
    "college": "8",
    "playerId": "3061612",
    "profileUrl": "https://www.espn.com/nfl/player/_/id/3061612/jamal-agnew",
    "headshot": "https://a.espncdn.com/combiner/i?img=/i/headshots/nfl/players/full/3061612.png",
    "birthdate": "Birthdate4/3/1995 (30)",
    "birthplace": null,
    "experience": null,
    "draftInfo": "Draft Info2017: Rd 5, Pk 165 (DET)"
  },
  {
    "team": "ATL",
    "number": "",
    "name": "Chris Blair19",
    "position": "WR",
    "height": "27",
    "weight": "6' 2\"",
    "age": "215 lbs",
    "college": "1",
    "playerId": "4369886",
    "profileUrl": "https://www.espn.com/nfl/player/_/id/4369886/chris-blair",
    "headshot": "https://a.espncdn.com/combiner/i?img=/i/headshots/nfl/players/full/4369886.png",
    "birthdate": "Birthdate10/6/1997 (27)",
    "birthplace": null,
    "experience": "Experience1st Season",
    "draftInfo": null
  },
  {
    "team": "ATL",
    "number": "",
    "name": "Dylan Drummond81",
    "position": "WR",
    "height": "25",
    "weight": "6' 0\"",
    "age": "190 lbs",
    "college": "1",
    "playerId": "4363551",
    "profileUrl": "https://www.espn.com/nfl/player/_/id/4363551/dylan-drummond",
    "headshot": "https://a.espncdn.com/combiner/i?img=/i/headshots/nfl/players/full/4363551.png",
    "birthdate": "Birthdate1/17/2000 (25)",
    "birthplace": null,
    "experience": "Experience1st Season",
    "draftInfo": null
  },
  {
    "team": "ATL",
    "number": "",
    "name": "KhaDarel Hodge12",
    "position": "WR",
    "height": "30",
    "weight": "6' 2\"",
    "age": "208 lbs",
    "college": "5",
    "playerId": "3047876",
    "profileUrl": "https://www.espn.com/nfl/player/_/id/3047876/khadarel-hodge",
    "headshot": "https://a.espncdn.com/combiner/i?img=/i/headshots/nfl/players/full/3047876.png",
    "birthdate": "Birthdate1/3/1995 (30)",
    "birthplace": null,
    "experience": "Experience5th Season",
    "draftInfo": null
  },
  {
    "team": "ATL",
    "number": "",
    "name": "Drake London5",
    "position": "WR",
    "height": "23",
    "weight": "6' 4\"",
    "age": "213 lbs",
    "college": "3",
    "playerId": "4426502",
    "profileUrl": "https://www.espn.com/nfl/player/_/id/4426502/drake-london",
    "headshot": "https://a.espncdn.com/combiner/i?img=/i/headshots/nfl/players/full/4426502.png",
    "birthdate": "Birthdate7/24/2001 (23)",
    "birthplace": null,
    "experience": null,
    "draftInfo": "Draft Info2022: Rd 1, Pk 8 (ATL)"
  },
  {
    "team": "ATL",
    "number": "",
    "name": "Jesse Matthews86",
    "position": "WR",
    "height": "25",
    "weight": "6' 0\"",
    "age": "190 lbs",
    "college": "2",
    "playerId": "4379569",
    "profileUrl": "https://www.espn.com/nfl/player/_/id/4379569/jesse-matthews",
    "headshot": "https://a.espncdn.com/combiner/i?img=/i/headshots/nfl/players/full/4379569.png",
    "birthdate": "Birthdate8/12/1999 (25)",
    "birthplace": null,
    "experience": "Experience2nd Season",
    "draftInfo": null
  },
  {
    "team": "ATL",
    "number": "",
    "name": "Ray-Ray McCloud III34",
    "position": "WR",
    "height": "28",
    "weight": "5' 9\"",
    "age": "190 lbs",
    "college": "7",
    "playerId": "3728262",
    "profileUrl": "https://www.espn.com/nfl/player/_/id/3728262/ray-ray-mccloud-iii",
    "headshot": "https://a.espncdn.com/combiner/i?img=/i/headshots/nfl/players/full/3728262.png",
    "birthdate": "Birthdate10/15/1996 (28)",
    "birthplace": null,
    "experience": null,
    "draftInfo": "Draft Info2018: Rd 6, Pk 187 (BUF)"
  },
  {
    "team": "ATL",
    "number": "",
    "name": "Darnell Mooney1",
    "position": "WR",
    "height": "27",
    "weight": "5' 11\"",
    "age": "177 lbs",
    "college": "5",
    "playerId": "4040655",
    "profileUrl": "https://www.espn.com/nfl/player/_/id/4040655/darnell-mooney",
    "headshot": "https://a.espncdn.com/combiner/i?img=/i/headshots/nfl/players/full/4040655.png",
    "birthdate": "Birthdate10/29/1997 (27)",
    "birthplace": null,
    "experience": null,
    "draftInfo": "Draft Info2020: Rd 5, Pk 173 (CHI)"
  },
  {
    "team": "ATL",
    "number": "",
    "name": "Nick Nash",
    "position": "WR",
    "height": "--",
    "weight": "6' 3\"",
    "age": "195 lbs",
    "college": "R",
    "playerId": "4570242",
    "profileUrl": "https://www.espn.com/nfl/player/_/id/4570242/nick-nash",
    "headshot": "https://a.espncdn.com/combiner/i?img=/i/headshots/college-football/players/full/4570242.png",
    "birthdate": null,
    "birthplace": "BirthplaceIrvine, CA",
    "experience": "ExperienceRookie",
    "draftInfo": null
  },
  {
    "team": "ATL",
    "number": "",
    "name": "Makai Polk",
    "position": "WR",
    "height": "23",
    "weight": "6' 3\"",
    "age": "192 lbs",
    "college": "2",
    "playerId": "4430325",
    "profileUrl": "https://www.espn.com/nfl/player/_/id/4430325/makai-polk",
    "headshot": "https://a.espncdn.com/combiner/i?img=/i/headshots/nfl/players/full/4430325.png",
    "birthdate": "Birthdate8/4/2001 (23)",
    "birthplace": null,
    "experience": "Experience2nd Season",
    "draftInfo": null
  },
  {
    "team": "ATL",
    "number": "",
    "name": "David Sills V84",
    "position": "WR",
    "height": "28",
    "weight": "6' 3\"",
    "age": "211 lbs",
    "college": "3",
    "playerId": "3871102",
    "profileUrl": "https://www.espn.com/nfl/player/_/id/3871102/david-sills-v",
    "headshot": "https://a.espncdn.com/combiner/i?img=/i/headshots/nfl/players/full/3871102.png",
    "birthdate": "Birthdate5/29/1996 (28)",
    "birthplace": null,
    "experience": "Experience3rd Season",
    "draftInfo": null
  },
  {
    "team": "ATL",
    "number": "",
    "name": "Quincy Skinner Jr.",
    "position": "WR",
    "height": "--",
    "weight": "6' 2\"",
    "age": "205 lbs",
    "college": "R",
    "playerId": "4572380",
    "profileUrl": "https://www.espn.com/nfl/player/_/id/4572380/quincy-skinner-jr",
    "headshot": "https://a.espncdn.com/combiner/i?img=/i/headshots/college-football/players/full/4572380.png",
    "birthdate": null,
    "birthplace": "BirthplacePompano Beach, FL",
    "experience": "ExperienceRookie",
    "draftInfo": null
  },
  {
    "team": "ATL",
    "number": "",
    "name": "Casey Washington82",
    "position": "WR",
    "height": "24",
    "weight": "6' 0\"",
    "age": "200 lbs",
    "college": "R",
    "playerId": "4428796",
    "profileUrl": "https://www.espn.com/nfl/player/_/id/4428796/casey-washington",
    "headshot": "https://a.espncdn.com/combiner/i?img=/i/headshots/nfl/players/full/4428796.png",
    "birthdate": "Birthdate3/6/2001 (24)",
    "birthplace": null,
    "experience": null,
    "draftInfo": "Draft Info2024: Rd 6, Pk 187 (ATL)"
  },
  {
    "team": "ATL",
    "number": "",
    "name": "Feleipe Franks",
    "position": "TE",
    "height": "27",
    "weight": "6' 6\"",
    "age": "228 lbs",
    "college": "5",
    "playerId": "4034948",
    "profileUrl": "https://www.espn.com/nfl/player/_/id/4034948/feleipe-franks",
    "headshot": "https://a.espncdn.com/combiner/i?img=/i/headshots/nfl/players/full/4034948.png",
    "birthdate": "Birthdate12/22/1997 (27)",
    "birthplace": null,
    "experience": "Experience5th Season",
    "draftInfo": null
  },
  {
    "team": "ATL",
    "number": "",
    "name": "Nikola Kalinic",
    "position": "TE",
    "height": "28",
    "weight": "6' 4\"",
    "age": "248 lbs",
    "college": "2",
    "playerId": "4916349",
    "profileUrl": "https://www.espn.com/nfl/player/_/id/4916349/nikola-kalinic",
    "headshot": "https://a.espncdn.com/combiner/i?img=/i/headshots/nfl/players/full/4916349.png",
    "birthdate": "Birthdate1/21/1997 (28)",
    "birthplace": "BirthplaceToronto, ON",
    "experience": "Experience2nd Season",
    "draftInfo": null
  },
  {
    "team": "ATL",
    "number": "",
    "name": "Kyle Pitts8",
    "position": "TE",
    "height": "24",
    "weight": "6' 6\"",
    "age": "246 lbs",
    "college": "4",
    "playerId": "4360248",
    "profileUrl": "https://www.espn.com/nfl/player/_/id/4360248/kyle-pitts",
    "headshot": "https://a.espncdn.com/combiner/i?img=/i/headshots/nfl/players/full/4360248.png",
    "birthdate": "Birthdate10/6/2000 (24)",
    "birthplace": null,
    "experience": null,
    "draftInfo": "Draft Info2021: Rd 1, Pk 4 (ATL)"
  },
  {
    "team": "ATL",
    "number": "",
    "name": "Teagan Quitoriano85",
    "position": "TE",
    "height": "25",
    "weight": "6' 6\"",
    "age": "259 lbs",
    "college": "3",
    "playerId": "4374045",
    "profileUrl": "https://www.espn.com/nfl/player/_/id/4374045/teagan-quitoriano",
    "headshot": "https://a.espncdn.com/combiner/i?img=/i/headshots/nfl/players/full/4374045.png",
    "birthdate": "Birthdate3/15/2000 (25)",
    "birthplace": null,
    "experience": null,
    "draftInfo": "Draft Info2022: Rd 5, Pk 170 (HOU)"
  },
  {
    "team": "ATL",
    "number": "",
    "name": "Joshua Simon",
    "position": "TE",
    "height": "--",
    "weight": "6' 4\"",
    "age": "259 lbs",
    "college": "R",
    "playerId": "4430482",
    "profileUrl": "https://www.espn.com/nfl/player/_/id/4430482/joshua-simon",
    "headshot": "https://a.espncdn.com/combiner/i?img=/i/headshots/college-football/players/full/4430482.png",
    "birthdate": null,
    "birthplace": "BirthplaceDalzell, SC",
    "experience": "ExperienceRookie",
    "draftInfo": null
  },
  {
    "team": "ATL",
    "number": "",
    "name": "Charlie Woerner89",
    "position": "TE",
    "height": "27",
    "weight": "6' 5\"",
    "age": "241 lbs",
    "college": "5",
    "playerId": "4035020",
    "profileUrl": "https://www.espn.com/nfl/player/_/id/4035020/charlie-woerner",
    "headshot": "https://a.espncdn.com/combiner/i?img=/i/headshots/nfl/players/full/4035020.png",
    "birthdate": "Birthdate10/16/1997 (27)",
    "birthplace": null,
    "experience": null,
    "draftInfo": "Draft Info2020: Rd 6, Pk 190 (SF)"
  },
  {
    "team": "ATL",
    "number": "",
    "name": "Matthew Cindric73",
    "position": "C",
    "height": "25",
    "weight": "6' 4\"",
    "age": "295 lbs",
    "college": "R",
    "playerId": "4372738",
    "profileUrl": "https://www.espn.com/nfl/player/_/id/4372738/matthew-cindric",
    "headshot": "https://a.espncdn.com/combiner/i?img=/i/headshots/college-football/players/full/4372738.png",
    "birthdate": "Birthdate8/2/1999 (25)",
    "birthplace": null,
    "experience": "ExperienceRookie",
    "draftInfo": null
  },
  {
    "team": "ATL",
    "number": "",
    "name": "Matthew Bergeron65",
    "position": "G",
    "height": "25",
    "weight": "6' 5\"",
    "age": "323 lbs",
    "college": "2",
    "playerId": "4568510",
    "profileUrl": "https://www.espn.com/nfl/player/_/id/4568510/matthew-bergeron",
    "headshot": "https://a.espncdn.com/combiner/i?img=/i/headshots/nfl/players/full/4568510.png",
    "birthdate": "Birthdate2/26/2000 (25)",
    "birthplace": null,
    "experience": null,
    "draftInfo": "Draft Info2023: Rd 2, Pk 38 (ATL)"
  },
  {
    "team": "ATL",
    "number": "",
    "name": "Michael Gonzalez",
    "position": "G",
    "height": "--",
    "weight": "6' 4\"",
    "age": "305 lbs",
    "college": "R",
    "playerId": "4431548",
    "profileUrl": "https://www.espn.com/nfl/player/_/id/4431548/michael-gonzalez",
    "headshot": "https://a.espncdn.com/combiner/i?img=/i/headshots/college-football/players/full/4431548.png",
    "birthdate": null,
    "birthplace": "BirthplaceIndian Trail, NC",
    "experience": "ExperienceRookie",
    "draftInfo": null
  },
  {
    "team": "ATL",
    "number": "",
    "name": "Joshua Gray",
    "position": "G",
    "height": "--",
    "weight": "6' 4\"",
    "age": "310 lbs",
    "college": "R",
    "playerId": "4570485",
    "profileUrl": "https://www.espn.com/nfl/player/_/id/4570485/joshua-gray",
    "headshot": "https://a.espncdn.com/combiner/i?img=/i/headshots/college-football/players/full/4570485.png",
    "birthdate": null,
    "birthplace": "BirthplaceRancho Cucamonga, CA",
    "experience": "ExperienceRookie",
    "draftInfo": null
  },
  {
    "team": "ATL",
    "number": "",
    "name": "Jovaughn Gwyn56",
    "position": "G",
    "height": "26",
    "weight": "6' 2\"",
    "age": "310 lbs",
    "college": "2",
    "playerId": "4362845",
    "profileUrl": "https://www.espn.com/nfl/player/_/id/4362845/jovaughn-gwyn",
    "headshot": "https://a.espncdn.com/combiner/i?img=/i/headshots/nfl/players/full/4362845.png",
    "birthdate": "Birthdate3/18/1999 (26)",
    "birthplace": null,
    "experience": null,
    "draftInfo": "Draft Info2023: Rd 7, Pk 225 (ATL)"
  },
  {
    "team": "ATL",
    "number": "",
    "name": "Kyle Hinton68",
    "position": "G",
    "height": "27",
    "weight": "6' 2\"",
    "age": "295 lbs",
    "college": "2",
    "playerId": "4682831",
    "profileUrl": "https://www.espn.com/nfl/player/_/id/4682831/kyle-hinton",
    "headshot": "https://a.espncdn.com/combiner/i?img=/i/headshots/nfl/players/full/4682831.png",
    "birthdate": "Birthdate2/27/1998 (27)",
    "birthplace": null,
    "experience": null,
    "draftInfo": "Draft Info2020: Rd 7, Pk 253 (MIN)"
  },
  {
    "team": "ATL",
    "number": "",
    "name": "Chris Lindstrom63",
    "position": "G",
    "height": "28",
    "weight": "6' 3\"",
    "age": "307 lbs",
    "college": "6",
    "playerId": "3672833",
    "profileUrl": "https://www.espn.com/nfl/player/_/id/3672833/chris-lindstrom",
    "headshot": "https://a.espncdn.com/combiner/i?img=/i/headshots/nfl/players/full/3672833.png",
    "birthdate": "Birthdate2/28/1997 (28)",
    "birthplace": null,
    "experience": null,
    "draftInfo": "Draft Info2019: Rd 1, Pk 14 (ATL)"
  },
  {
    "team": "ATL",
    "number": "",
    "name": "Ryan Neuzil64",
    "position": "G",
    "height": "27",
    "weight": "6' 3\"",
    "age": "301 lbs",
    "college": "3",
    "playerId": "4036444",
    "profileUrl": "https://www.espn.com/nfl/player/_/id/4036444/ryan-neuzil",
    "headshot": "https://a.espncdn.com/combiner/i?img=/i/headshots/nfl/players/full/4036444.png",
    "birthdate": "Birthdate7/31/1997 (27)",
    "birthplace": null,
    "experience": "Experience3rd Season",
    "draftInfo": null
  },
  {
    "team": "ATL",
    "number": "",
    "name": "Jake Matthews70",
    "position": "OT",
    "height": "33",
    "weight": "6' 5\"",
    "age": "309 lbs",
    "college": "11",
    "playerId": "16713",
    "profileUrl": "https://www.espn.com/nfl/player/_/id/16713/jake-matthews",
    "headshot": "https://a.espncdn.com/combiner/i?img=/i/headshots/nfl/players/full/16713.png",
    "birthdate": "Birthdate2/11/1992 (33)",
    "birthplace": null,
    "experience": null,
    "draftInfo": "Draft Info2014: Rd 1, Pk 6 (ATL)"
  },
  {
    "team": "ATL",
    "number": "",
    "name": "Kaleb McGary76",
    "position": "OT",
    "height": "30",
    "weight": "6' 6\"",
    "age": "306 lbs",
    "college": "5",
    "playerId": "3127304",
    "profileUrl": "https://www.espn.com/nfl/player/_/id/3127304/kaleb-mcgary",
    "headshot": "https://a.espncdn.com/combiner/i?img=/i/headshots/nfl/players/full/3127304.png",
    "birthdate": "Birthdate2/22/1995 (30)",
    "birthplace": null,
    "experience": null,
    "draftInfo": "Draft Info2019: Rd 1, Pk 31 (ATL)"
  },
  {
    "team": "ATL",
    "number": "",
    "name": "Jack Nelson69",
    "position": "OT",
    "height": "23",
    "weight": "6' 7\"",
    "age": "316 lbs",
    "college": "R",
    "playerId": "4693369",
    "profileUrl": "https://www.espn.com/nfl/player/_/id/4693369/jack-nelson",
    "headshot": "https://a.espncdn.com/combiner/i?img=/i/headshots/nfl/players/full/4693369.png",
    "birthdate": "Birthdate1/15/2002 (23)",
    "birthplace": null,
    "experience": null,
    "draftInfo": "Draft Info2025: Rd 7, Pk 218 (ATL)"
  },
  {
    "team": "ATL",
    "number": "",
    "name": "Storm Norton77",
    "position": "OT",
    "height": "31",
    "weight": "6' 7\"",
    "age": "317 lbs",
    "college": "5",
    "playerId": "2973014",
    "profileUrl": "https://www.espn.com/nfl/player/_/id/2973014/storm-norton",
    "headshot": "https://a.espncdn.com/combiner/i?img=/i/headshots/nfl/players/full/2973014.png",
    "birthdate": "Birthdate5/16/1994 (31)",
    "birthplace": null,
    "experience": "Experience5th Season",
    "draftInfo": null
  },
  {
    "team": "ATL",
    "number": "",
    "name": "Brandon Parker75",
    "position": "OT",
    "height": "29",
    "weight": "6' 7\"",
    "age": "305 lbs",
    "college": "7",
    "playerId": "3072292",
    "profileUrl": "https://www.espn.com/nfl/player/_/id/3072292/brandon-parker",
    "headshot": "https://a.espncdn.com/combiner/i?img=/i/headshots/nfl/players/full/3072292.png",
    "birthdate": "Birthdate10/21/1995 (29)",
    "birthplace": null,
    "experience": null,
    "draftInfo": "Draft Info2018: Rd 3, Pk 65 (OAK)"
  },
  {
    "team": "ATL",
    "number": "",
    "name": "Tyrone Wheatley Jr.74",
    "position": "OT",
    "height": "28",
    "weight": "6' 6\"",
    "age": "320 lbs",
    "college": "2",
    "playerId": "3929922",
    "profileUrl": "https://www.espn.com/nfl/player/_/id/3929922/tyrone-wheatley-jr",
    "headshot": "https://a.espncdn.com/combiner/i?img=/i/headshots/nfl/players/full/3929922.png",
    "birthdate": "Birthdate2/4/1997 (28)",
    "birthplace": null,
    "experience": "Experience2nd Season",
    "draftInfo": null
  },
  {
    "team": "ATL",
    "number": "",
    "name": "Elijah Wilkinson71",
    "position": "OT",
    "height": "30",
    "weight": "6' 4\"",
    "age": "329 lbs",
    "college": "8",
    "playerId": "3059839",
    "profileUrl": "https://www.espn.com/nfl/player/_/id/3059839/elijah-wilkinson",
    "headshot": "https://a.espncdn.com/combiner/i?img=/i/headshots/nfl/players/full/3059839.png",
    "birthdate": "Birthdate2/10/1995 (30)",
    "birthplace": null,
    "experience": "Experience8th Season",
    "draftInfo": null
  },
  {
    "team": "ATL",
    "number": "",
    "name": "Jordan Williams",
    "position": "OT",
    "height": "--",
    "weight": "6' 6\"",
    "age": "315 lbs",
    "college": "R",
    "playerId": "4432647",
    "profileUrl": "https://www.espn.com/nfl/player/_/id/4432647/jordan-williams",
    "headshot": "https://a.espncdn.com/combiner/i?img=/i/headshots/college-football/players/full/4432647.png",
    "birthdate": null,
    "birthplace": "BirthplaceGainesville, GA",
    "experience": "ExperienceRookie",
    "draftInfo": null
  },
  {
    "team": "ATL",
    "number": "",
    "name": "Kilian Zierer77",
    "position": "OT",
    "height": "27",
    "weight": "6' 7\"",
    "age": "312 lbs",
    "college": "2",
    "playerId": "4689088",
    "profileUrl": "https://www.espn.com/nfl/player/_/id/4689088/kilian-zierer",
    "headshot": "https://a.espncdn.com/combiner/i?img=/i/headshots/nfl/players/full/4689088.png",
    "birthdate": "Birthdate2/24/1998 (27)",
    "birthplace": null,
    "experience": "Experience2nd Season",
    "draftInfo": null
  },
  {
    "team": "ATL",
    "number": "",
    "name": "Simeon Barrow Jr.",
    "position": "DE",
    "height": "--",
    "weight": "6' 3\"",
    "age": "290 lbs",
    "college": "R",
    "playerId": "4578889",
    "profileUrl": "https://www.espn.com/nfl/player/_/id/4578889/simeon-barrow-jr",
    "headshot": "https://a.espncdn.com/combiner/i?img=/i/headshots/college-football/players/full/4578889.png",
    "birthdate": null,
    "birthplace": "BirthplaceGrovetown, GA",
    "experience": "ExperienceRookie",
    "draftInfo": null
  },
  {
    "team": "ATL",
    "number": "",
    "name": "Leonard Floyd",
    "position": "DE",
    "height": "32",
    "weight": "6' 3\"",
    "age": "240 lbs",
    "college": "10",
    "playerId": "3043136",
    "profileUrl": "https://www.espn.com/nfl/player/_/id/3043136/leonard-floyd",
    "headshot": "https://a.espncdn.com/combiner/i?img=/i/headshots/nfl/players/full/3043136.png",
    "birthdate": "Birthdate9/8/1992 (32)",
    "birthplace": null,
    "experience": null,
    "draftInfo": "Draft Info2016: Rd 1, Pk 9 (CHI)"
  },
  {
    "team": "ATL",
    "number": "",
    "name": "Morgan Fox",
    "position": "DE",
    "height": "30",
    "weight": "6' 3\"",
    "age": "275 lbs",
    "college": "8",
    "playerId": "3059620",
    "profileUrl": "https://www.espn.com/nfl/player/_/id/3059620/morgan-fox",
    "headshot": "https://a.espncdn.com/combiner/i?img=/i/headshots/nfl/players/full/3059620.png",
    "birthdate": "Birthdate9/12/1994 (30)",
    "birthplace": null,
    "experience": "Experience8th Season",
    "draftInfo": null
  },
  {
    "team": "ATL",
    "number": "",
    "name": "Zach Harrison96",
    "position": "DE",
    "height": "23",
    "weight": "6' 5\"",
    "age": "274 lbs",
    "college": "2",
    "playerId": "4426412",
    "profileUrl": "https://www.espn.com/nfl/player/_/id/4426412/zach-harrison",
    "headshot": "https://a.espncdn.com/combiner/i?img=/i/headshots/nfl/players/full/4426412.png",
    "birthdate": "Birthdate8/14/2001 (23)",
    "birthplace": null,
    "experience": null,
    "draftInfo": "Draft Info2023: Rd 3, Pk 75 (ATL)"
  },
  {
    "team": "ATL",
    "number": "",
    "name": "LaCale London94",
    "position": "DE",
    "height": "27",
    "weight": "6' 3\"",
    "age": "330 lbs",
    "college": "2",
    "playerId": "4376288",
    "profileUrl": "https://www.espn.com/nfl/player/_/id/4376288/lacale-london",
    "headshot": "https://a.espncdn.com/combiner/i?img=/i/headshots/nfl/players/full/4376288.png",
    "birthdate": "Birthdate8/5/1997 (27)",
    "birthplace": null,
    "experience": "Experience2nd Season",
    "draftInfo": null
  },
  {
    "team": "ATL",
    "number": "",
    "name": "Brandon Dorlus54",
    "position": "DT",
    "height": "24",
    "weight": "6' 3\"",
    "age": "290 lbs",
    "college": "R",
    "playerId": "4427090",
    "profileUrl": "https://www.espn.com/nfl/player/_/id/4427090/brandon-dorlus",
    "headshot": "https://a.espncdn.com/combiner/i?img=/i/headshots/nfl/players/full/4427090.png",
    "birthdate": "Birthdate3/22/2001 (24)",
    "birthplace": null,
    "experience": null,
    "draftInfo": "Draft Info2024: Rd 4, Pk 109 (ATL)"
  },
  {
    "team": "ATL",
    "number": "",
    "name": "Ta'Quon Graham95",
    "position": "DT",
    "height": "26",
    "weight": "6' 4\"",
    "age": "307 lbs",
    "college": "4",
    "playerId": "4262197",
    "profileUrl": "https://www.espn.com/nfl/player/_/id/4262197/taquon-graham",
    "headshot": "https://a.espncdn.com/combiner/i?img=/i/headshots/nfl/players/full/4262197.png",
    "birthdate": "Birthdate12/1/1998 (26)",
    "birthplace": null,
    "experience": null,
    "draftInfo": "Draft Info2021: Rd 5, Pk 148 (ATL)"
  },
  {
    "team": "ATL",
    "number": "",
    "name": "David Onyemata90",
    "position": "DT",
    "height": "32",
    "weight": "6' 4\"",
    "age": "300 lbs",
    "college": "9",
    "playerId": "4002046",
    "profileUrl": "https://www.espn.com/nfl/player/_/id/4002046/david-onyemata",
    "headshot": "https://a.espncdn.com/combiner/i?img=/i/headshots/nfl/players/full/4002046.png",
    "birthdate": "Birthdate11/13/1992 (32)",
    "birthplace": null,
    "experience": null,
    "draftInfo": "Draft Info2016: Rd 4, Pk 120 (NO)"
  },
  {
    "team": "ATL",
    "number": "",
    "name": "Ruke Orhorhoro98",
    "position": "DT",
    "height": "23",
    "weight": "6' 4\"",
    "age": "294 lbs",
    "college": "R",
    "playerId": "4430271",
    "profileUrl": "https://www.espn.com/nfl/player/_/id/4430271/ruke-orhorhoro",
    "headshot": "https://a.espncdn.com/combiner/i?img=/i/headshots/nfl/players/full/4430271.png",
    "birthdate": "Birthdate10/13/2001 (23)",
    "birthplace": null,
    "experience": null,
    "draftInfo": "Draft Info2024: Rd 2, Pk 35 (ATL)"
  },
  {
    "team": "ATL",
    "number": "",
    "name": "Kentavius Street93",
    "position": "DT",
    "height": "29",
    "weight": "6' 2\"",
    "age": "287 lbs",
    "college": "6",
    "playerId": "3116726",
    "profileUrl": "https://www.espn.com/nfl/player/_/id/3116726/kentavius-street",
    "headshot": "https://a.espncdn.com/combiner/i?img=/i/headshots/nfl/players/full/3116726.png",
    "birthdate": "Birthdate5/8/1996 (29)",
    "birthplace": null,
    "experience": null,
    "draftInfo": "Draft Info2018: Rd 4, Pk 128 (SF)"
  },
  {
    "team": "ATL",
    "number": "",
    "name": "Troy Andersen44",
    "position": "LB",
    "height": "26",
    "weight": "6' 4\"",
    "age": "239 lbs",
    "college": "3",
    "playerId": "4247807",
    "profileUrl": "https://www.espn.com/nfl/player/_/id/4247807/troy-andersen",
    "headshot": "https://a.espncdn.com/combiner/i?img=/i/headshots/nfl/players/full/4247807.png",
    "birthdate": "Birthdate4/23/1999 (26)",
    "birthplace": null,
    "experience": null,
    "draftInfo": "Draft Info2022: Rd 2, Pk 58 (ATL)"
  },
  {
    "team": "ATL",
    "number": "",
    "name": "JD Bertrand40",
    "position": "LB",
    "height": "25",
    "weight": "6' 1\"",
    "age": "233 lbs",
    "college": "R",
    "playerId": "4428872",
    "profileUrl": "https://www.espn.com/nfl/player/_/id/4428872/jd-bertrand",
    "headshot": "https://a.espncdn.com/combiner/i?img=/i/headshots/nfl/players/full/4428872.png",
    "birthdate": "Birthdate5/5/2000 (25)",
    "birthplace": null,
    "experience": null,
    "draftInfo": "Draft Info2024: Rd 5, Pk 143 (ATL)"
  },
  {
    "team": "ATL",
    "number": "",
    "name": "Divine Deablo",
    "position": "LB",
    "height": "26",
    "weight": "6' 3\"",
    "age": "223 lbs",
    "college": "4",
    "playerId": "4037626",
    "profileUrl": "https://www.espn.com/nfl/player/_/id/4037626/divine-deablo",
    "headshot": "https://a.espncdn.com/combiner/i?img=/i/headshots/nfl/players/full/4037626.png",
    "birthdate": "Birthdate8/17/1998 (26)",
    "birthplace": null,
    "experience": null,
    "draftInfo": "Draft Info2021: Rd 3, Pk 80 (LV)"
  },
  {
    "team": "ATL",
    "number": "",
    "name": "Arnold Ebiketie17",
    "position": "LB",
    "height": "26",
    "weight": "6' 2\"",
    "age": "250 lbs",
    "college": "3",
    "playerId": "4257591",
    "profileUrl": "https://www.espn.com/nfl/player/_/id/4257591/arnold-ebiketie",
    "headshot": "https://a.espncdn.com/combiner/i?img=/i/headshots/nfl/players/full/4257591.png",
    "birthdate": "Birthdate1/24/1999 (26)",
    "birthplace": null,
    "experience": null,
    "draftInfo": "Draft Info2022: Rd 2, Pk 38 (ATL)"
  },
  {
    "team": "ATL",
    "number": "",
    "name": "Kaden Elliss55",
    "position": "LB",
    "height": "29",
    "weight": "6' 2\"",
    "age": "238 lbs",
    "college": "6",
    "playerId": "3124890",
    "profileUrl": "https://www.espn.com/nfl/player/_/id/3124890/kaden-elliss",
    "headshot": "https://a.espncdn.com/combiner/i?img=/i/headshots/nfl/players/full/3124890.png",
    "birthdate": "Birthdate6/10/1995 (29)",
    "birthplace": null,
    "experience": null,
    "draftInfo": "Draft Info2019: Rd 7, Pk 244 (NO)"
  },
  {
    "team": "ATL",
    "number": "",
    "name": "Caleb Johnson",
    "position": "LB",
    "height": "26",
    "weight": "6' 2\"",
    "age": "220 lbs",
    "college": "4",
    "playerId": "4051069",
    "profileUrl": "https://www.espn.com/nfl/player/_/id/4051069/caleb-johnson",
    "headshot": "https://a.espncdn.com/combiner/i?img=/i/headshots/nfl/players/full/4051069.png",
    "birthdate": "Birthdate7/28/1998 (26)",
    "birthplace": null,
    "experience": "Experience4th Season",
    "draftInfo": null
  },
  {
    "team": "ATL",
    "number": "",
    "name": "Khalid Kareem92",
    "position": "LB",
    "height": "27",
    "weight": "6' 4\"",
    "age": "268 lbs",
    "college": "4",
    "playerId": "4039029",
    "profileUrl": "https://www.espn.com/nfl/player/_/id/4039029/khalid-kareem",
    "headshot": "https://a.espncdn.com/combiner/i?img=/i/headshots/nfl/players/full/4039029.png",
    "birthdate": "Birthdate4/28/1998 (27)",
    "birthplace": null,
    "experience": null,
    "draftInfo": "Draft Info2020: Rd 5, Pk 147 (CIN)"
  },
  {
    "team": "ATL",
    "number": "",
    "name": "Nick Kubitz",
    "position": "LB",
    "height": "--",
    "weight": "6' 3\"",
    "age": "229 lbs",
    "college": "R",
    "playerId": "4572538",
    "profileUrl": "https://www.espn.com/nfl/player/_/id/4572538/nick-kubitz",
    "headshot": "https://a.espncdn.com/combiner/i?img=/i/headshots/college-football/players/full/4572538.png",
    "birthdate": null,
    "birthplace": "BirthplaceDubuque, IA",
    "experience": "ExperienceRookie",
    "draftInfo": null
  },
  {
    "team": "ATL",
    "number": "",
    "name": "DeAngelo Malone51",
    "position": "LB",
    "height": "25",
    "weight": "6' 3\"",
    "age": "246 lbs",
    "college": "3",
    "playerId": "4243457",
    "profileUrl": "https://www.espn.com/nfl/player/_/id/4243457/deangelo-malone",
    "headshot": "https://a.espncdn.com/combiner/i?img=/i/headshots/nfl/players/full/4243457.png",
    "birthdate": "Birthdate7/12/1999 (25)",
    "birthplace": null,
    "experience": null,
    "draftInfo": "Draft Info2022: Rd 3, Pk 82 (ATL)"
  },
  {
    "team": "ATL",
    "number": "",
    "name": "James Pearce Jr.27",
    "position": "LB",
    "height": "21",
    "weight": "6' 5\"",
    "age": "243 lbs",
    "college": "R",
    "playerId": "5081394",
    "profileUrl": "https://www.espn.com/nfl/player/_/id/5081394/james-pearce-jr",
    "headshot": "https://a.espncdn.com/combiner/i?img=/i/headshots/nfl/players/full/5081394.png",
    "birthdate": "Birthdate10/12/2003 (21)",
    "birthplace": null,
    "experience": null,
    "draftInfo": "Draft Info2025: Rd 1, Pk 26 (ATL)"
  },
  {
    "team": "ATL",
    "number": "",
    "name": "Bralen Trice48",
    "position": "LB",
    "height": "24",
    "weight": "6' 3\"",
    "age": "245 lbs",
    "college": "R",
    "playerId": "4428713",
    "profileUrl": "https://www.espn.com/nfl/player/_/id/4428713/bralen-trice",
    "headshot": "https://a.espncdn.com/combiner/i?img=/i/headshots/nfl/players/full/4428713.png",
    "birthdate": "Birthdate2/26/2001 (24)",
    "birthplace": null,
    "experience": null,
    "draftInfo": "Draft Info2024: Rd 3, Pk 74 (ATL)"
  },
  {
    "team": "ATL",
    "number": "",
    "name": "Malik Verdon",
    "position": "LB",
    "height": "--",
    "weight": "6' 4\"",
    "age": "220 lbs",
    "college": "R",
    "playerId": "4684636",
    "profileUrl": "https://www.espn.com/nfl/player/_/id/4684636/malik-verdon",
    "headshot": "https://a.espncdn.com/combiner/i?img=/i/headshots/college-football/players/full/4684636.png",
    "birthdate": null,
    "birthplace": "BirthplaceCincinnati, OH",
    "experience": "ExperienceRookie",
    "draftInfo": null
  },
  {
    "team": "ATL",
    "number": "",
    "name": "Jalon Walker11",
    "position": "LB",
    "height": "21",
    "weight": "6' 2\"",
    "age": "245 lbs",
    "college": "R",
    "playerId": "4685597",
    "profileUrl": "https://www.espn.com/nfl/player/_/id/4685597/jalon-walker",
    "headshot": "https://a.espncdn.com/combiner/i?img=/i/headshots/nfl/players/full/4685597.png",
    "birthdate": "Birthdate2/24/2004 (21)",
    "birthplace": null,
    "experience": null,
    "draftInfo": "Draft Info2025: Rd 1, Pk 15 (ATL)"
  },
  {
    "team": "ATL",
    "number": "",
    "name": "Josh Woods42",
    "position": "LB",
    "height": "28",
    "weight": "6' 1\"",
    "age": "240 lbs",
    "college": "6",
    "playerId": "3128303",
    "profileUrl": "https://www.espn.com/nfl/player/_/id/3128303/josh-woods",
    "headshot": "https://a.espncdn.com/combiner/i?img=/i/headshots/nfl/players/full/3128303.png",
    "birthdate": "Birthdate7/1/1996 (28)",
    "birthplace": null,
    "experience": "Experience6th Season",
    "draftInfo": null
  },
  {
    "team": "ATL",
    "number": "",
    "name": "Dee Alford20",
    "position": "CB",
    "height": "27",
    "weight": "5' 11\"",
    "age": "177 lbs",
    "college": "3",
    "playerId": "4401823",
    "profileUrl": "https://www.espn.com/nfl/player/_/id/4401823/dee-alford",
    "headshot": "https://a.espncdn.com/combiner/i?img=/i/headshots/nfl/players/full/4401823.png",
    "birthdate": "Birthdate11/5/1997 (27)",
    "birthplace": null,
    "experience": "Experience3rd Season",
    "draftInfo": null
  },
  {
    "team": "ATL",
    "number": "",
    "name": "Natrone Brooks35",
    "position": "CB",
    "height": "25",
    "weight": "5' 11\"",
    "age": "175 lbs",
    "college": "1",
    "playerId": "4689989",
    "profileUrl": "https://www.espn.com/nfl/player/_/id/4689989/natrone-brooks",
    "headshot": "https://a.espncdn.com/combiner/i?img=/i/headshots/nfl/players/full/4689989.png",
    "birthdate": "Birthdate12/17/1999 (25)",
    "birthplace": null,
    "experience": "Experience1st Season",
    "draftInfo": null
  },
  {
    "team": "ATL",
    "number": "",
    "name": "Cobee Bryant",
    "position": "CB",
    "height": "--",
    "weight": "6' 0\"",
    "age": "175 lbs",
    "college": "R",
    "playerId": "4429324",
    "profileUrl": "https://www.espn.com/nfl/player/_/id/4429324/cobee-bryant",
    "headshot": "https://a.espncdn.com/combiner/i?img=/i/headshots/college-football/players/full/4429324.png",
    "birthdate": null,
    "birthplace": "BirthplaceEvergreen, AL",
    "experience": "ExperienceRookie",
    "draftInfo": null
  },
  {
    "team": "ATL",
    "number": "",
    "name": "Mike Ford Jr.",
    "position": "CB",
    "height": "29",
    "weight": "6' 0\"",
    "age": "195 lbs",
    "college": "7",
    "playerId": "3050916",
    "profileUrl": "https://www.espn.com/nfl/player/_/id/3050916/mike-ford-jr",
    "headshot": "https://a.espncdn.com/combiner/i?img=/i/headshots/nfl/players/full/3050916.png",
    "birthdate": "Birthdate8/4/1995 (29)",
    "birthplace": null,
    "experience": "Experience7th Season",
    "draftInfo": null
  },
  {
    "team": "ATL",
    "number": "",
    "name": "Mike Hughes21",
    "position": "CB",
    "height": "28",
    "weight": "5' 10\"",
    "age": "191 lbs",
    "college": "7",
    "playerId": "3895841",
    "profileUrl": "https://www.espn.com/nfl/player/_/id/3895841/mike-hughes",
    "headshot": "https://a.espncdn.com/combiner/i?img=/i/headshots/nfl/players/full/3895841.png",
    "birthdate": "Birthdate2/11/1997 (28)",
    "birthplace": null,
    "experience": null,
    "draftInfo": "Draft Info2018: Rd 1, Pk 30 (MIN)"
  },
  {
    "team": "ATL",
    "number": "",
    "name": "Lamar Jackson38",
    "position": "CB",
    "height": "27",
    "weight": "6' 2\"",
    "age": "208 lbs",
    "college": "3",
    "playerId": "4034849",
    "profileUrl": "https://www.espn.com/nfl/player/_/id/4034849/lamar-jackson",
    "headshot": "https://a.espncdn.com/combiner/i?img=/i/headshots/nfl/players/full/4034849.png",
    "birthdate": "Birthdate4/13/1998 (27)",
    "birthplace": null,
    "experience": "Experience3rd Season",
    "draftInfo": null
  },
  {
    "team": "ATL",
    "number": "",
    "name": "Kevin King32",
    "position": "CB",
    "height": "30",
    "weight": "6' 3\"",
    "age": "200 lbs",
    "college": "6",
    "playerId": "3052170",
    "profileUrl": "https://www.espn.com/nfl/player/_/id/3052170/kevin-king",
    "headshot": "https://a.espncdn.com/combiner/i?img=/i/headshots/nfl/players/full/3052170.png",
    "birthdate": "Birthdate5/5/1995 (30)",
    "birthplace": null,
    "experience": null,
    "draftInfo": "Draft Info2017: Rd 2, Pk 33 (GB)"
  },
  {
    "team": "ATL",
    "number": "",
    "name": "Dontae Manning",
    "position": "CB",
    "height": "--",
    "weight": "5' 10\"",
    "age": "190 lbs",
    "college": "R",
    "playerId": "4430805",
    "profileUrl": "https://www.espn.com/nfl/player/_/id/4430805/dontae-manning",
    "headshot": "https://a.espncdn.com/combiner/i?img=/i/headshots/college-football/players/full/4430805.png",
    "birthdate": null,
    "birthplace": "BirthplaceKansas City, MO",
    "experience": "ExperienceRookie",
    "draftInfo": null
  },
  {
    "team": "ATL",
    "number": "",
    "name": "Clark Phillips III22",
    "position": "CB",
    "height": "23",
    "weight": "5' 9\"",
    "age": "184 lbs",
    "college": "2",
    "playerId": "4429067",
    "profileUrl": "https://www.espn.com/nfl/player/_/id/4429067/clark-phillips-iii",
    "headshot": "https://a.espncdn.com/combiner/i?img=/i/headshots/nfl/players/full/4429067.png",
    "birthdate": "Birthdate12/19/2001 (23)",
    "birthplace": null,
    "experience": null,
    "draftInfo": "Draft Info2023: Rd 4, Pk 113 (ATL)"
  },
  {
    "team": "ATL",
    "number": "",
    "name": "Keith Taylor Jr.",
    "position": "CB",
    "height": "26",
    "weight": "6' 3\"",
    "age": "195 lbs",
    "college": "3",
    "playerId": "4243332",
    "profileUrl": "https://www.espn.com/nfl/player/_/id/4243332/keith-taylor-jr",
    "headshot": "https://a.espncdn.com/combiner/i?img=/i/headshots/nfl/players/full/4243332.png",
    "birthdate": "Birthdate5/3/1999 (26)",
    "birthplace": null,
    "experience": null,
    "draftInfo": "Draft Info2021: Rd 5, Pk 166 (CAR)"
  },
  {
    "team": "ATL",
    "number": "",
    "name": "A.J. Terrell24",
    "position": "CB",
    "height": "26",
    "weight": "6' 1\"",
    "age": "194 lbs",
    "college": "5",
    "playerId": "4239995",
    "profileUrl": "https://www.espn.com/nfl/player/_/id/4239995/aj-terrell",
    "headshot": "https://a.espncdn.com/combiner/i?img=/i/headshots/nfl/players/full/4239995.png",
    "birthdate": "Birthdate9/23/1998 (26)",
    "birthplace": null,
    "experience": null,
    "draftInfo": "Draft Info2020: Rd 1, Pk 16 (ATL)"
  },
  {
    "team": "ATL",
    "number": "",
    "name": "Jessie Bates III3",
    "position": "S",
    "height": "28",
    "weight": "6' 1\"",
    "age": "200 lbs",
    "college": "7",
    "playerId": "3919512",
    "profileUrl": "https://www.espn.com/nfl/player/_/id/3919512/jessie-bates-iii",
    "headshot": "https://a.espncdn.com/combiner/i?img=/i/headshots/nfl/players/full/3919512.png",
    "birthdate": "Birthdate2/26/1997 (28)",
    "birthplace": null,
    "experience": null,
    "draftInfo": "Draft Info2018: Rd 2, Pk 54 (CIN)"
  },
  {
    "team": "ATL",
    "number": "",
    "name": "Billy Bowman Jr.33",
    "position": "S",
    "height": "22",
    "weight": "5' 10\"",
    "age": "200 lbs",
    "college": "R",
    "playerId": "4431194",
    "profileUrl": "https://www.espn.com/nfl/player/_/id/4431194/billy-bowman-jr",
    "headshot": "https://a.espncdn.com/combiner/i?img=/i/headshots/nfl/players/full/4431194.png",
    "birthdate": "Birthdate1/29/2003 (22)",
    "birthplace": null,
    "experience": null,
    "draftInfo": "Draft Info2025: Rd 4, Pk 118 (ATL)"
  },
  {
    "team": "ATL",
    "number": "",
    "name": "Jordan Fuller",
    "position": "S",
    "height": "27",
    "weight": "6' 2\"",
    "age": "203 lbs",
    "college": "5",
    "playerId": "4040613",
    "profileUrl": "https://www.espn.com/nfl/player/_/id/4040613/jordan-fuller",
    "headshot": "https://a.espncdn.com/combiner/i?img=/i/headshots/nfl/players/full/4040613.png",
    "birthdate": "Birthdate3/4/1998 (27)",
    "birthplace": null,
    "experience": null,
    "draftInfo": "Draft Info2020: Rd 6, Pk 199 (LAR)"
  },
  {
    "team": "ATL",
    "number": "",
    "name": "DeMarcco Hellams23",
    "position": "S",
    "height": "24",
    "weight": "6' 1\"",
    "age": "203 lbs",
    "college": "2",
    "playerId": "4567111",
    "profileUrl": "https://www.espn.com/nfl/player/_/id/4567111/demarcco-hellams",
    "headshot": "https://a.espncdn.com/combiner/i?img=/i/headshots/nfl/players/full/4567111.png",
    "birthdate": "Birthdate6/5/2000 (24)",
    "birthplace": null,
    "experience": null,
    "draftInfo": "Draft Info2023: Rd 7, Pk 224 (ATL)"
  },
  {
    "team": "ATL",
    "number": "",
    "name": "Benny Sapp III48",
    "position": "S",
    "height": "24",
    "weight": "5' 11\"",
    "age": "200 lbs",
    "college": "2",
    "playerId": "4360944",
    "profileUrl": "https://www.espn.com/nfl/player/_/id/4360944/benny-sapp-iii",
    "headshot": "https://a.espncdn.com/combiner/i?img=/i/headshots/nfl/players/full/4360944.png",
    "birthdate": "Birthdate6/27/2000 (24)",
    "birthplace": null,
    "experience": "Experience2nd Season",
    "draftInfo": null
  },
  {
    "team": "ATL",
    "number": "",
    "name": "Xavier Watts31",
    "position": "S",
    "height": "23",
    "weight": "6' 0\"",
    "age": "203 lbs",
    "college": "R",
    "playerId": "4431005",
    "profileUrl": "https://www.espn.com/nfl/player/_/id/4431005/xavier-watts",
    "headshot": "https://a.espncdn.com/combiner/i?img=/i/headshots/nfl/players/full/4431005.png",
    "birthdate": "Birthdate11/22/2001 (23)",
    "birthplace": null,
    "experience": null,
    "draftInfo": "Draft Info2025: Rd 3, Pk 96 (ATL)"
  },
  {
    "team": "ATL",
    "number": "",
    "name": "Younghoe Koo6",
    "position": "PK",
    "height": "30",
    "weight": "5' 10\"",
    "age": "193 lbs",
    "college": "7",
    "playerId": "3049899",
    "profileUrl": "https://www.espn.com/nfl/player/_/id/3049899/younghoe-koo",
    "headshot": "https://a.espncdn.com/combiner/i?img=/i/headshots/nfl/players/full/3049899.png",
    "birthdate": "Birthdate8/3/1994 (30)",
    "birthplace": null,
    "experience": "Experience7th Season",
    "draftInfo": null
  },
  {
    "team": "ATL",
    "number": "",
    "name": "Lenny Krieg",
    "position": "PK",
    "height": "22",
    "weight": "6' 1\"",
    "age": "210 lbs",
    "college": "R",
    "playerId": "5277116",
    "profileUrl": "https://www.espn.com/nfl/player/_/id/5277116/lenny-krieg",
    "headshot": "https://a.espncdn.com/combiner/i?img=/i/teamlogos/nfl/500/atl.png",
    "birthdate": "Birthdate8/5/2002 (22)",
    "birthplace": "BirthplaceBerlin, Germany",
    "experience": "ExperienceRookie",
    "draftInfo": null
  },
  {
    "team": "ATL",
    "number": "",
    "name": "Bradley Pinion13",
    "position": "P",
    "height": "30",
    "weight": "6' 5\"",
    "age": "255 lbs",
    "college": "10",
    "playerId": "2977680",
    "profileUrl": "https://www.espn.com/nfl/player/_/id/2977680/bradley-pinion",
    "headshot": "https://a.espncdn.com/combiner/i?img=/i/headshots/nfl/players/full/2977680.png",
    "birthdate": "Birthdate6/1/1994 (30)",
    "birthplace": null,
    "experience": null,
    "draftInfo": "Draft Info2015: Rd 5, Pk 165 (SF)"
  },
  {
    "team": "ATL",
    "number": "",
    "name": "Liam McCullough49",
    "position": "LS",
    "height": "27",
    "weight": "6' 2\"",
    "age": "247 lbs",
    "college": "3",
    "playerId": "3915528",
    "profileUrl": "https://www.espn.com/nfl/player/_/id/3915528/liam-mccullough",
    "headshot": "https://a.espncdn.com/combiner/i?img=/i/headshots/nfl/players/full/3915528.png",
    "birthdate": "Birthdate6/5/1997 (27)",
    "birthplace": null,
    "experience": "Experience3rd Season",
    "draftInfo": null
  }
]