[
  {
    "team": "BAL",
    "number": "",
    "name": "Lamar Jackson8",
    "position": "QB",
    "height": "28",
    "weight": "6' 2\"",
    "age": "205 lbs",
    "college": "7",
    "playerId": "3916387",
    "profileUrl": "https://www.espn.com/nfl/player/_/id/3916387/lamar-jackson",
    "headshot": "https://a.espncdn.com/combiner/i?img=/i/headshots/nfl/players/full/3916387.png",
    "birthdate": "Birthdate1/7/1997 (28)",
    "birthplace": null,
    "experience": null,
    "draftInfo": "Draft Info2018: Rd 1, Pk 32 (BAL)"
  },
  {
    "team": "BAL",
    "number": "",
    "name": "Devin Leary13",
    "position": "QB",
    "height": "25",
    "weight": "6' 1\"",
    "age": "216 lbs",
    "college": "R",
    "playerId": "4361653",
    "profileUrl": "https://www.espn.com/nfl/player/_/id/4361653/devin-leary",
    "headshot": "https://a.espncdn.com/combiner/i?img=/i/headshots/nfl/players/full/4361653.png",
    "birthdate": "Birthdate9/10/1999 (25)",
    "birthplace": null,
    "experience": null,
    "draftInfo": "Draft Info2024: Rd 6, Pk 218 (BAL)"
  },
  {
    "team": "BAL",
    "number": "",
    "name": "Cooper Rush",
    "position": "QB",
    "height": "31",
    "weight": "6' 3\"",
    "age": "225 lbs",
    "college": "7",
    "playerId": "2972515",
    "profileUrl": "https://www.espn.com/nfl/player/_/id/2972515/cooper-rush",
    "headshot": "https://a.espncdn.com/combiner/i?img=/i/headshots/nfl/players/full/2972515.png",
    "birthdate": "Birthdate11/21/1993 (31)",
    "birthplace": null,
    "experience": "Experience7th Season",
    "draftInfo": null
  },
  {
    "team": "BAL",
    "number": "",
    "name": "Rasheen Ali26",
    "position": "RB",
    "height": "24",
    "weight": "5' 11\"",
    "age": "212 lbs",
    "college": "R",
    "playerId": "4690013",
    "profileUrl": "https://www.espn.com/nfl/player/_/id/4690013/rasheen-ali",
    "headshot": "https://a.espncdn.com/combiner/i?img=/i/headshots/nfl/players/full/4690013.png",
    "birthdate": "Birthdate2/16/2001 (24)",
    "birthplace": null,
    "experience": null,
    "draftInfo": "Draft Info2024: Rd 5, Pk 165 (BAL)"
  },
  {
    "team": "BAL",
    "number": "",
    "name": "Derrick Henry22",
    "position": "RB",
    "height": "31",
    "weight": "6' 2\"",
    "age": "247 lbs",
    "college": "9",
    "playerId": "3043078",
    "profileUrl": "https://www.espn.com/nfl/player/_/id/3043078/derrick-henry",
    "headshot": "https://a.espncdn.com/combiner/i?img=/i/headshots/nfl/players/full/3043078.png",
    "birthdate": "Birthdate1/4/1994 (31)",
    "birthplace": null,
    "experience": null,
    "draftInfo": "Draft Info2016: Rd 2, Pk 45 (TEN)"
  },
  {
    "team": "BAL",
    "number": "",
    "name": "Justice Hill43",
    "position": "RB",
    "height": "27",
    "weight": "5' 10\"",
    "age": "195 lbs",
    "college": "6",
    "playerId": "4038441",
    "profileUrl": "https://www.espn.com/nfl/player/_/id/4038441/justice-hill",
    "headshot": "https://a.espncdn.com/combiner/i?img=/i/headshots/nfl/players/full/4038441.png",
    "birthdate": "Birthdate11/14/1997 (27)",
    "birthplace": null,
    "experience": null,
    "draftInfo": "Draft Info2019: Rd 4, Pk 113 (BAL)"
  },
  {
    "team": "BAL",
    "number": "",
    "name": "Marcus Major",
    "position": "RB",
    "height": "--",
    "weight": "6' 0\"",
    "age": "220 lbs",
    "college": "R",
    "playerId": "4426484",
    "profileUrl": "https://www.espn.com/nfl/player/_/id/4426484/marcus-major",
    "headshot": "https://a.espncdn.com/combiner/i?img=/i/headshots/college-football/players/full/4426484.png",
    "birthdate": null,
    "birthplace": "BirthplaceOklahoma City, OK",
    "experience": "ExperienceRookie",
    "draftInfo": null
  },
  {
    "team": "BAL",
    "number": "",
    "name": "Keaton Mitchell34",
    "position": "RB",
    "height": "23",
    "weight": "5' 8\"",
    "age": "191 lbs",
    "college": "2",
    "playerId": "4596334",
    "profileUrl": "https://www.espn.com/nfl/player/_/id/4596334/keaton-mitchell",
    "headshot": "https://a.espncdn.com/combiner/i?img=/i/headshots/nfl/players/full/4596334.png",
    "birthdate": "Birthdate1/17/2002 (23)",
    "birthplace": null,
    "experience": "Experience2nd Season",
    "draftInfo": null
  },
  {
    "team": "BAL",
    "number": "",
    "name": "Sone Ntoh",
    "position": "RB",
    "height": "--",
    "weight": "5' 11\"",
    "age": "235 lbs",
    "college": "R",
    "playerId": "4428143",
    "profileUrl": "https://www.espn.com/nfl/player/_/id/4428143/sone-ntoh",
    "headshot": "https://a.espncdn.com/combiner/i?img=/i/headshots/college-football/players/full/4428143.png",
    "birthdate": null,
    "birthplace": "BirthplaceMacungie, PA",
    "experience": "ExperienceRookie",
    "draftInfo": null
  },
  {
    "team": "BAL",
    "number": "",
    "name": "Patrick Ricard42",
    "position": "FB",
    "height": "30",
    "weight": "6' 3\"",
    "age": "300 lbs",
    "college": "8",
    "playerId": "2975417",
    "profileUrl": "https://www.espn.com/nfl/player/_/id/2975417/patrick-ricard",
    "headshot": "https://a.espncdn.com/combiner/i?img=/i/headshots/nfl/players/full/2975417.png",
    "birthdate": "Birthdate5/27/1994 (30)",
    "birthplace": null,
    "experience": "Experience8th Season",
    "draftInfo": null
  },
  {
    "team": "BAL",
    "number": "",
    "name": "Jahmal Banks",
    "position": "WR",
    "height": "--",
    "weight": "6' 4\"",
    "age": "220 lbs",
    "college": "R",
    "playerId": "4571935",
    "profileUrl": "https://www.espn.com/nfl/player/_/id/4571935/jahmal-banks",
    "headshot": "https://a.espncdn.com/combiner/i?img=/i/headshots/college-football/players/full/4571935.png",
    "birthdate": null,
    "birthplace": "BirthplaceWashington, DC",
    "experience": "ExperienceRookie",
    "draftInfo": null
  },
  {
    "team": "BAL",
    "number": "",
    "name": "Rashod Bateman7",
    "position": "WR",
    "height": "25",
    "weight": "6' 1\"",
    "age": "195 lbs",
    "college": "4",
    "playerId": "4360939",
    "profileUrl": "https://www.espn.com/nfl/player/_/id/4360939/rashod-bateman",
    "headshot": "https://a.espncdn.com/combiner/i?img=/i/headshots/nfl/players/full/4360939.png",
    "birthdate": "Birthdate11/29/1999 (25)",
    "birthplace": null,
    "experience": null,
    "draftInfo": "Draft Info2021: Rd 1, Pk 27 (BAL)"
  },
  {
    "team": "BAL",
    "number": "",
    "name": "Malik Cunningham12",
    "position": "WR",
    "height": "26",
    "weight": "6' 1\"",
    "age": "186 lbs",
    "college": "2",
    "playerId": "4240069",
    "profileUrl": "https://www.espn.com/nfl/player/_/id/4240069/malik-cunningham",
    "headshot": "https://a.espncdn.com/combiner/i?img=/i/headshots/nfl/players/full/4240069.png",
    "birthdate": "Birthdate10/6/1998 (26)",
    "birthplace": null,
    "experience": "Experience2nd Season",
    "draftInfo": null
  },
  {
    "team": "BAL",
    "number": "",
    "name": "Zay Flowers4",
    "position": "WR",
    "height": "24",
    "weight": "5' 9\"",
    "age": "175 lbs",
    "college": "2",
    "playerId": "4429615",
    "profileUrl": "https://www.espn.com/nfl/player/_/id/4429615/zay-flowers",
    "headshot": "https://a.espncdn.com/combiner/i?img=/i/headshots/nfl/players/full/4429615.png",
    "birthdate": "Birthdate9/11/2000 (24)",
    "birthplace": null,
    "experience": null,
    "draftInfo": "Draft Info2023: Rd 1, Pk 22 (BAL)"
  },
  {
    "team": "BAL",
    "number": "",
    "name": "Xavier Guillory",
    "position": "WR",
    "height": "--",
    "weight": "6' 2\"",
    "age": "200 lbs",
    "college": "R",
    "playerId": "4695910",
    "profileUrl": "https://www.espn.com/nfl/player/_/id/4695910/xavier-guillory",
    "headshot": "https://a.espncdn.com/combiner/i?img=/i/headshots/college-football/players/full/4695910.png",
    "birthdate": null,
    "birthplace": "BirthplaceSpokane, WA",
    "experience": "ExperienceRookie",
    "draftInfo": null
  },
  {
    "team": "BAL",
    "number": "",
    "name": "DeAndre Hopkins",
    "position": "WR",
    "height": "32",
    "weight": "6' 1\"",
    "age": "218 lbs",
    "college": "12",
    "playerId": "15795",
    "profileUrl": "https://www.espn.com/nfl/player/_/id/15795/deandre-hopkins",
    "headshot": "https://a.espncdn.com/combiner/i?img=/i/headshots/nfl/players/full/15795.png",
    "birthdate": "Birthdate6/6/1992 (32)",
    "birthplace": null,
    "experience": null,
    "draftInfo": "Draft Info2013: Rd 1, Pk 27 (HOU)"
  },
  {
    "team": "BAL",
    "number": "",
    "name": "Keith Kirkwood87",
    "position": "WR",
    "height": "31",
    "weight": "6' 3\"",
    "age": "210 lbs",
    "college": "5",
    "playerId": "3046401",
    "profileUrl": "https://www.espn.com/nfl/player/_/id/3046401/keith-kirkwood",
    "headshot": "https://a.espncdn.com/combiner/i?img=/i/headshots/nfl/players/full/3046401.png",
    "birthdate": "Birthdate12/26/1993 (31)",
    "birthplace": null,
    "experience": "Experience5th Season",
    "draftInfo": null
  },
  {
    "team": "BAL",
    "number": "",
    "name": "Anthony Miller6",
    "position": "WR",
    "height": "30",
    "weight": "5' 11\"",
    "age": "190 lbs",
    "college": "6",
    "playerId": "3050487",
    "profileUrl": "https://www.espn.com/nfl/player/_/id/3050487/anthony-miller",
    "headshot": "https://a.espncdn.com/combiner/i?img=/i/headshots/nfl/players/full/3050487.png",
    "birthdate": "Birthdate10/9/1994 (30)",
    "birthplace": null,
    "experience": null,
    "draftInfo": "Draft Info2018: Rd 2, Pk 51 (CHI)"
  },
  {
    "team": "BAL",
    "number": "",
    "name": "Dayton Wade82",
    "position": "WR",
    "height": "24",
    "weight": "5' 9\"",
    "age": "184 lbs",
    "college": "R",
    "playerId": "4428763",
    "profileUrl": "https://www.espn.com/nfl/player/_/id/4428763/dayton-wade",
    "headshot": "https://a.espncdn.com/combiner/i?img=/i/headshots/nfl/players/full/4428763.png",
    "birthdate": "Birthdate9/8/2000 (24)",
    "birthplace": null,
    "experience": "ExperienceRookie",
    "draftInfo": null
  },
  {
    "team": "BAL",
    "number": "",
    "name": "Devontez Walker81",
    "position": "WR",
    "height": "23",
    "weight": "6' 1\"",
    "age": "198 lbs",
    "college": "R",
    "playerId": "4696882",
    "profileUrl": "https://www.espn.com/nfl/player/_/id/4696882/devontez-walker",
    "headshot": "https://a.espncdn.com/combiner/i?img=/i/headshots/nfl/players/full/4696882.png",
    "birthdate": "Birthdate6/19/2001 (23)",
    "birthplace": null,
    "experience": null,
    "draftInfo": "Draft Info2024: Rd 4, Pk 113 (BAL)"
  },
  {
    "team": "BAL",
    "number": "",
    "name": "Tylan Wallace16",
    "position": "WR",
    "height": "26",
    "weight": "5' 11\"",
    "age": "202 lbs",
    "college": "4",
    "playerId": "4241424",
    "profileUrl": "https://www.espn.com/nfl/player/_/id/4241424/tylan-wallace",
    "headshot": "https://a.espncdn.com/combiner/i?img=/i/headshots/nfl/players/full/4241424.png",
    "birthdate": "Birthdate5/13/1999 (26)",
    "birthplace": null,
    "experience": null,
    "draftInfo": "Draft Info2021: Rd 4, Pk 131 (BAL)"
  },
  {
    "team": "BAL",
    "number": "",
    "name": "LaJohntay Wester",
    "position": "WR",
    "height": "23",
    "weight": "5' 11\"",
    "age": "167 lbs",
    "college": "R",
    "playerId": "4690143",
    "profileUrl": "https://www.espn.com/nfl/player/_/id/4690143/lajohntay-wester",
    "headshot": "https://a.espncdn.com/combiner/i?img=/i/headshots/nfl/players/full/4690143.png",
    "birthdate": "Birthdate3/29/2002 (23)",
    "birthplace": null,
    "experience": null,
    "draftInfo": "Draft Info2025: Rd 6, Pk 203 (BAL)"
  },
  {
    "team": "BAL",
    "number": "",
    "name": "Mark Andrews89",
    "position": "TE",
    "height": "29",
    "weight": "6' 5\"",
    "age": "250 lbs",
    "college": "7",
    "playerId": "3116365",
    "profileUrl": "https://www.espn.com/nfl/player/_/id/3116365/mark-andrews",
    "headshot": "https://a.espncdn.com/combiner/i?img=/i/headshots/nfl/players/full/3116365.png",
    "birthdate": "Birthdate9/6/1995 (29)",
    "birthplace": null,
    "experience": null,
    "draftInfo": "Draft Info2018: Rd 3, Pk 86 (BAL)"
  },
  {
    "team": "BAL",
    "number": "",
    "name": "Charlie Kolar88",
    "position": "TE",
    "height": "26",
    "weight": "6' 6\"",
    "age": "267 lbs",
    "college": "3",
    "playerId": "4241263",
    "profileUrl": "https://www.espn.com/nfl/player/_/id/4241263/charlie-kolar",
    "headshot": "https://a.espncdn.com/combiner/i?img=/i/headshots/nfl/players/full/4241263.png",
    "birthdate": "Birthdate2/10/1999 (26)",
    "birthplace": null,
    "experience": null,
    "draftInfo": "Draft Info2022: Rd 4, Pk 128 (BAL)"
  },
  {
    "team": "BAL",
    "number": "",
    "name": "Isaiah Likely80",
    "position": "TE",
    "height": "25",
    "weight": "6' 4\"",
    "age": "247 lbs",
    "college": "3",
    "playerId": "4361050",
    "profileUrl": "https://www.espn.com/nfl/player/_/id/4361050/isaiah-likely",
    "headshot": "https://a.espncdn.com/combiner/i?img=/i/headshots/nfl/players/full/4361050.png",
    "birthdate": "Birthdate4/18/2000 (25)",
    "birthplace": null,
    "experience": null,
    "draftInfo": "Draft Info2022: Rd 4, Pk 139 (BAL)"
  },
  {
    "team": "BAL",
    "number": "",
    "name": "Zaire Mitchell-Paden84",
    "position": "TE",
    "height": "25",
    "weight": "6' 5\"",
    "age": "257 lbs",
    "college": "1",
    "playerId": "4876006",
    "profileUrl": "https://www.espn.com/nfl/player/_/id/4876006/zaire-mitchell-paden",
    "headshot": "https://a.espncdn.com/combiner/i?img=/i/headshots/nfl/players/full/4876006.png",
    "birthdate": "Birthdate8/20/1999 (25)",
    "birthplace": null,
    "experience": "Experience1st Season",
    "draftInfo": null
  },
  {
    "team": "BAL",
    "number": "",
    "name": "Sam Pitz",
    "position": "TE",
    "height": "--",
    "weight": "6' 6\"",
    "age": "245 lbs",
    "college": "R",
    "playerId": "5278396",
    "profileUrl": "https://www.espn.com/nfl/player/_/id/5278396/sam-pitz",
    "headshot": "https://a.espncdn.com/combiner/i?img=/i/teamlogos/nfl/500/bal.png",
    "birthdate": null,
    "birthplace": "BirthplaceAppleton, WI",
    "experience": "ExperienceRookie",
    "draftInfo": null
  },
  {
    "team": "BAL",
    "number": "",
    "name": "Tyler Linderbaum64",
    "position": "C",
    "height": "25",
    "weight": "6' 2\"",
    "age": "314 lbs",
    "college": "3",
    "playerId": "4360499",
    "profileUrl": "https://www.espn.com/nfl/player/_/id/4360499/tyler-linderbaum",
    "headshot": "https://a.espncdn.com/combiner/i?img=/i/headshots/nfl/players/full/4360499.png",
    "birthdate": "Birthdate4/7/2000 (25)",
    "birthplace": null,
    "experience": null,
    "draftInfo": "Draft Info2022: Rd 1, Pk 25 (BAL)"
  },
  {
    "team": "BAL",
    "number": "",
    "name": "Nick Samac61",
    "position": "C",
    "height": "23",
    "weight": "6' 4\"",
    "age": "314 lbs",
    "college": "R",
    "playerId": "4428421",
    "profileUrl": "https://www.espn.com/nfl/player/_/id/4428421/nick-samac",
    "headshot": "https://a.espncdn.com/combiner/i?img=/i/headshots/nfl/players/full/4428421.png",
    "birthdate": "Birthdate8/21/2001 (23)",
    "birthplace": null,
    "experience": null,
    "draftInfo": "Draft Info2024: Rd 7, Pk 228 (BAL)"
  },
  {
    "team": "BAL",
    "number": "",
    "name": "Ben Cleveland66",
    "position": "G",
    "height": "26",
    "weight": "6' 6\"",
    "age": "360 lbs",
    "college": "4",
    "playerId": "4035002",
    "profileUrl": "https://www.espn.com/nfl/player/_/id/4035002/ben-cleveland",
    "headshot": "https://a.espncdn.com/combiner/i?img=/i/headshots/nfl/players/full/4035002.png",
    "birthdate": "Birthdate8/25/1998 (26)",
    "birthplace": null,
    "experience": null,
    "draftInfo": "Draft Info2021: Rd 3, Pk 94 (BAL)"
  },
  {
    "team": "BAL",
    "number": "",
    "name": "Darrian Dalcourt76",
    "position": "G",
    "height": "24",
    "weight": "6' 3\"",
    "age": "320 lbs",
    "college": "R",
    "playerId": "4567132",
    "profileUrl": "https://www.espn.com/nfl/player/_/id/4567132/darrian-dalcourt",
    "headshot": "https://a.espncdn.com/combiner/i?img=/i/headshots/nfl/players/full/4567132.png",
    "birthdate": "Birthdate9/17/2000 (24)",
    "birthplace": null,
    "experience": "ExperienceRookie",
    "draftInfo": null
  },
  {
    "team": "BAL",
    "number": "",
    "name": "Garrett Dellinger",
    "position": "G",
    "height": "23",
    "weight": "6' 5\"",
    "age": "322 lbs",
    "college": "R",
    "playerId": "4431252",
    "profileUrl": "https://www.espn.com/nfl/player/_/id/4431252/garrett-dellinger",
    "headshot": "https://a.espncdn.com/combiner/i?img=/i/headshots/nfl/players/full/4431252.png",
    "birthdate": "Birthdate2/18/2002 (23)",
    "birthplace": null,
    "experience": null,
    "draftInfo": "Draft Info2025: Rd 7, Pk 243 (BAL)"
  },
  {
    "team": "BAL",
    "number": "",
    "name": "Andrew Vorhees72",
    "position": "G",
    "height": "26",
    "weight": "6' 6\"",
    "age": "320 lbs",
    "college": "1",
    "playerId": "4243220",
    "profileUrl": "https://www.espn.com/nfl/player/_/id/4243220/andrew-vorhees",
    "headshot": "https://a.espncdn.com/combiner/i?img=/i/headshots/nfl/players/full/4243220.png",
    "birthdate": "Birthdate1/21/1999 (26)",
    "birthplace": null,
    "experience": null,
    "draftInfo": "Draft Info2023: Rd 7, Pk 229 (BAL)"
  },
  {
    "team": "BAL",
    "number": "",
    "name": "Corey Bullock67",
    "position": "OT",
    "height": "23",
    "weight": "6' 3\"",
    "age": "314 lbs",
    "college": "R",
    "playerId": "4576075",
    "profileUrl": "https://www.espn.com/nfl/player/_/id/4576075/corey-bullock",
    "headshot": "https://a.espncdn.com/combiner/i?img=/i/headshots/nfl/players/full/4576075.png",
    "birthdate": "Birthdate12/9/2001 (23)",
    "birthplace": null,
    "experience": "ExperienceRookie",
    "draftInfo": null
  },
  {
    "team": "BAL",
    "number": "",
    "name": "Gerad Christian-Lichtenhan",
    "position": "OT",
    "height": "--",
    "weight": "6' 9\"",
    "age": "329 lbs",
    "college": "R",
    "playerId": "4686768",
    "profileUrl": "https://www.espn.com/nfl/player/_/id/4686768/gerad-christian-lichtenhan",
    "headshot": "https://a.espncdn.com/combiner/i?img=/i/headshots/college-football/players/full/4686768.png",
    "birthdate": null,
    "birthplace": "BirthplaceDavis, CA",
    "experience": "ExperienceRookie",
    "draftInfo": null
  },
  {
    "team": "BAL",
    "number": "",
    "name": "Daniel Faalele77",
    "position": "OT",
    "height": "25",
    "weight": "6' 8\"",
    "age": "380 lbs",
    "college": "3",
    "playerId": "4360964",
    "profileUrl": "https://www.espn.com/nfl/player/_/id/4360964/daniel-faalele",
    "headshot": "https://a.espncdn.com/combiner/i?img=/i/headshots/nfl/players/full/4360964.png",
    "birthdate": "Birthdate11/9/1999 (25)",
    "birthplace": null,
    "experience": null,
    "draftInfo": "Draft Info2022: Rd 4, Pk 110 (BAL)"
  },
  {
    "team": "BAL",
    "number": "",
    "name": "Reid Holskey",
    "position": "OT",
    "height": "--",
    "weight": "6' 6\"",
    "age": "306 lbs",
    "college": "R",
    "playerId": "4429951",
    "profileUrl": "https://www.espn.com/nfl/player/_/id/4429951/reid-holskey",
    "headshot": "https://a.espncdn.com/combiner/i?img=/i/headshots/college-football/players/full/4429951.png",
    "birthdate": null,
    "birthplace": "BirthplacePataskala, OH",
    "experience": "ExperienceRookie",
    "draftInfo": null
  },
  {
    "team": "BAL",
    "number": "",
    "name": "Ozzie Hutchinson",
    "position": "OT",
    "height": "--",
    "weight": "6' 4\"",
    "age": "305 lbs",
    "college": "R",
    "playerId": "4578080",
    "profileUrl": "https://www.espn.com/nfl/player/_/id/4578080/ozzie-hutchinson",
    "headshot": "https://a.espncdn.com/combiner/i?img=/i/headshots/college-football/players/full/4578080.png",
    "birthdate": null,
    "birthplace": "BirthplacePoughkeepsie, NY",
    "experience": "ExperienceRookie",
    "draftInfo": null
  },
  {
    "team": "BAL",
    "number": "",
    "name": "Emery Jones Jr.",
    "position": "OT",
    "height": "21",
    "weight": "6' 6\"",
    "age": "315 lbs",
    "college": "R",
    "playerId": "4685736",
    "profileUrl": "https://www.espn.com/nfl/player/_/id/4685736/emery-jones-jr",
    "headshot": "https://a.espncdn.com/combiner/i?img=/i/headshots/nfl/players/full/4685736.png",
    "birthdate": "Birthdate3/5/2004 (21)",
    "birthplace": null,
    "experience": null,
    "draftInfo": "Draft Info2025: Rd 3, Pk 91 (BAL)"
  },
  {
    "team": "BAL",
    "number": "",
    "name": "Joe Noteboom70",
    "position": "OT",
    "height": "29",
    "weight": "6' 5\"",
    "age": "300 lbs",
    "college": "7",
    "playerId": "3040008",
    "profileUrl": "https://www.espn.com/nfl/player/_/id/3040008/joe-noteboom",
    "headshot": "https://a.espncdn.com/combiner/i?img=/i/headshots/nfl/players/full/3040008.png",
    "birthdate": "Birthdate6/19/1995 (29)",
    "birthplace": null,
    "experience": null,
    "draftInfo": "Draft Info2018: Rd 3, Pk 89 (LAR)"
  },
  {
    "team": "BAL",
    "number": "",
    "name": "Jared Penning",
    "position": "OT",
    "height": "--",
    "weight": "6' 6\"",
    "age": "338 lbs",
    "college": "R",
    "playerId": "4428225",
    "profileUrl": "https://www.espn.com/nfl/player/_/id/4428225/jared-penning",
    "headshot": "https://a.espncdn.com/combiner/i?img=/i/teamlogos/nfl/500/bal.png",
    "birthdate": null,
    "birthplace": "BirthplaceClear Lake, IA",
    "experience": "ExperienceRookie",
    "draftInfo": null
  },
  {
    "team": "BAL",
    "number": "",
    "name": "Roger Rosengarten70",
    "position": "OT",
    "height": "22",
    "weight": "6' 5\"",
    "age": "316 lbs",
    "college": "R",
    "playerId": "4430876",
    "profileUrl": "https://www.espn.com/nfl/player/_/id/4430876/roger-rosengarten",
    "headshot": "https://a.espncdn.com/combiner/i?img=/i/headshots/nfl/players/full/4430876.png",
    "birthdate": "Birthdate6/3/2002 (22)",
    "birthplace": null,
    "experience": null,
    "draftInfo": "Draft Info2024: Rd 2, Pk 62 (BAL)"
  },
  {
    "team": "BAL",
    "number": "",
    "name": "Lucas Scott",
    "position": "OT",
    "height": "--",
    "weight": "6' 3\"",
    "age": "305 lbs",
    "college": "R",
    "playerId": "4879972",
    "profileUrl": "https://www.espn.com/nfl/player/_/id/4879972/lucas-scott",
    "headshot": "https://a.espncdn.com/combiner/i?img=/i/headshots/college-football/players/full/4879972.png",
    "birthdate": null,
    "birthplace": "BirthplaceBinghamton, NY",
    "experience": "ExperienceRookie",
    "draftInfo": null
  },
  {
    "team": "BAL",
    "number": "",
    "name": "Ronnie Stanley79",
    "position": "OT",
    "height": "31",
    "weight": "6' 6\"",
    "age": "310 lbs",
    "college": "9",
    "playerId": "2980153",
    "profileUrl": "https://www.espn.com/nfl/player/_/id/2980153/ronnie-stanley",
    "headshot": "https://a.espncdn.com/combiner/i?img=/i/headshots/nfl/players/full/2980153.png",
    "birthdate": "Birthdate3/18/1994 (31)",
    "birthplace": null,
    "experience": null,
    "draftInfo": "Draft Info2016: Rd 1, Pk 6 (BAL)"
  },
  {
    "team": "BAL",
    "number": "",
    "name": "Carson Vinson",
    "position": "OT",
    "height": "23",
    "weight": "6' 6\"",
    "age": "305 lbs",
    "college": "R",
    "playerId": "4769895",
    "profileUrl": "https://www.espn.com/nfl/player/_/id/4769895/carson-vinson",
    "headshot": "https://a.espncdn.com/combiner/i?img=/i/headshots/nfl/players/full/4769895.png",
    "birthdate": "Birthdate11/13/2001 (23)",
    "birthplace": null,
    "experience": null,
    "draftInfo": "Draft Info2025: Rd 5, Pk 141 (BAL)"
  },
  {
    "team": "BAL",
    "number": "",
    "name": "Jayson Jones",
    "position": "DL",
    "height": "--",
    "weight": "6' 6\"",
    "age": "355 lbs",
    "college": "R",
    "playerId": "4431184",
    "profileUrl": "https://www.espn.com/nfl/player/_/id/4431184/jayson-jones",
    "headshot": "https://a.espncdn.com/combiner/i?img=/i/headshots/college-football/players/full/4431184.png",
    "birthdate": null,
    "birthplace": "BirthplaceCalera, AL",
    "experience": "ExperienceRookie",
    "draftInfo": null
  },
  {
    "team": "BAL",
    "number": "",
    "name": "Adedayo Odeleye94",
    "position": "DE",
    "height": "27",
    "weight": "6' 5\"",
    "age": "271 lbs",
    "college": "1",
    "playerId": "5066095",
    "profileUrl": "https://www.espn.com/nfl/player/_/id/5066095/adedayo-odeleye",
    "headshot": "https://a.espncdn.com/combiner/i?img=/i/headshots/nfl/players/full/5066095.png",
    "birthdate": "Birthdate10/17/1997 (27)",
    "birthplace": null,
    "experience": "Experience1st Season",
    "draftInfo": null
  },
  {
    "team": "BAL",
    "number": "",
    "name": "C.J. Ravenell68",
    "position": "DE",
    "height": "24",
    "weight": "6' 5\"",
    "age": "292 lbs",
    "college": "R",
    "playerId": "4700676",
    "profileUrl": "https://www.espn.com/nfl/player/_/id/4700676/cj-ravenell",
    "headshot": "https://a.espncdn.com/combiner/i?img=/i/headshots/nfl/players/full/4700676.png",
    "birthdate": "Birthdate7/7/2000 (24)",
    "birthplace": null,
    "experience": "ExperienceRookie",
    "draftInfo": null
  },
  {
    "team": "BAL",
    "number": "",
    "name": "Kaimon Rucker",
    "position": "DE",
    "height": "--",
    "weight": "6' 2\"",
    "age": "265 lbs",
    "college": "R",
    "playerId": "4433904",
    "profileUrl": "https://www.espn.com/nfl/player/_/id/4433904/kaimon-rucker",
    "headshot": "https://a.espncdn.com/combiner/i?img=/i/headshots/college-football/players/full/4433904.png",
    "birthdate": null,
    "birthplace": "BirthplaceHartwell, GA",
    "experience": "ExperienceRookie",
    "draftInfo": null
  },
  {
    "team": "BAL",
    "number": "",
    "name": "John Jenkins",
    "position": "DT",
    "height": "35",
    "weight": "6' 3\"",
    "age": "327 lbs",
    "college": "12",
    "playerId": "15846",
    "profileUrl": "https://www.espn.com/nfl/player/_/id/15846/john-jenkins",
    "headshot": "https://a.espncdn.com/combiner/i?img=/i/headshots/nfl/players/full/15846.png",
    "birthdate": "Birthdate7/11/1989 (35)",
    "birthplace": null,
    "experience": null,
    "draftInfo": "Draft Info2013: Rd 3, Pk 82 (NO)"
  },
  {
    "team": "BAL",
    "number": "",
    "name": "Travis Jones98",
    "position": "DT",
    "height": "25",
    "weight": "6' 4\"",
    "age": "338 lbs",
    "college": "3",
    "playerId": "4362139",
    "profileUrl": "https://www.espn.com/nfl/player/_/id/4362139/travis-jones",
    "headshot": "https://a.espncdn.com/combiner/i?img=/i/headshots/nfl/players/full/4362139.png",
    "birthdate": "Birthdate10/15/1999 (25)",
    "birthplace": null,
    "experience": null,
    "draftInfo": "Draft Info2022: Rd 3, Pk 76 (BAL)"
  },
  {
    "team": "BAL",
    "number": "",
    "name": "Nnamdi Madubuike92",
    "position": "DT",
    "height": "27",
    "weight": "6' 3\"",
    "age": "305 lbs",
    "college": "5",
    "playerId": "4035245",
    "profileUrl": "https://www.espn.com/nfl/player/_/id/4035245/nnamdi-madubuike",
    "headshot": "https://a.espncdn.com/combiner/i?img=/i/headshots/nfl/players/full/4035245.png",
    "birthdate": "Birthdate11/17/1997 (27)",
    "birthplace": null,
    "experience": null,
    "draftInfo": "Draft Info2020: Rd 3, Pk 71 (BAL)"
  },
  {
    "team": "BAL",
    "number": "",
    "name": "CJ Okoye",
    "position": "DT",
    "height": "23",
    "weight": "6' 6\"",
    "age": "315 lbs",
    "college": "1",
    "playerId": "5144942",
    "profileUrl": "https://www.espn.com/nfl/player/_/id/5144942/cj-okoye",
    "headshot": "https://a.espncdn.com/combiner/i?img=/i/headshots/nfl/players/full/5144942.png",
    "birthdate": "Birthdate10/20/2001 (23)",
    "birthplace": "BirthplaceNkwere, Nigeria",
    "experience": "Experience1st Season",
    "draftInfo": null
  },
  {
    "team": "BAL",
    "number": "",
    "name": "Aeneas Peebles",
    "position": "DT",
    "height": "23",
    "weight": "6' 1\"",
    "age": "290 lbs",
    "college": "R",
    "playerId": "4565311",
    "profileUrl": "https://www.espn.com/nfl/player/_/id/4565311/aeneas-peebles",
    "headshot": "https://a.espncdn.com/combiner/i?img=/i/headshots/nfl/players/full/4565311.png",
    "birthdate": "Birthdate9/3/2001 (23)",
    "birthplace": null,
    "experience": null,
    "draftInfo": "Draft Info2025: Rd 6, Pk 210 (BAL)"
  },
  {
    "team": "BAL",
    "number": "",
    "name": "Deadrin Senat93",
    "position": "DT",
    "height": "30",
    "weight": "6' 0\"",
    "age": "328 lbs",
    "college": "6",
    "playerId": "3051376",
    "profileUrl": "https://www.espn.com/nfl/player/_/id/3051376/deadrin-senat",
    "headshot": "https://a.espncdn.com/combiner/i?img=/i/headshots/nfl/players/full/3051376.png",
    "birthdate": "Birthdate7/22/1994 (30)",
    "birthplace": null,
    "experience": null,
    "draftInfo": "Draft Info2018: Rd 3, Pk 90 (ATL)"
  },
  {
    "team": "BAL",
    "number": "",
    "name": "Broderick Washington96",
    "position": "DT",
    "height": "28",
    "weight": "6' 2\"",
    "age": "315 lbs",
    "college": "5",
    "playerId": "3915837",
    "profileUrl": "https://www.espn.com/nfl/player/_/id/3915837/broderick-washington",
    "headshot": "https://a.espncdn.com/combiner/i?img=/i/headshots/nfl/players/full/3915837.png",
    "birthdate": "Birthdate12/4/1996 (28)",
    "birthplace": null,
    "experience": null,
    "draftInfo": "Draft Info2020: Rd 5, Pk 170 (BAL)"
  },
  {
    "team": "BAL",
    "number": "",
    "name": "Diwun Black",
    "position": "LB",
    "height": "--",
    "weight": "6' 3\"",
    "age": "240 lbs",
    "college": "R",
    "playerId": "4875185",
    "profileUrl": "https://www.espn.com/nfl/player/_/id/4875185/diwun-black",
    "headshot": "https://a.espncdn.com/combiner/i?img=/i/headshots/college-football/players/full/4875185.png",
    "birthdate": null,
    "birthplace": "BirthplaceJackson, MS",
    "experience": "ExperienceRookie",
    "draftInfo": null
  },
  {
    "team": "BAL",
    "number": "",
    "name": "Teddye Buchanan",
    "position": "LB",
    "height": "22",
    "weight": "6' 2\"",
    "age": "235 lbs",
    "college": "R",
    "playerId": "4698244",
    "profileUrl": "https://www.espn.com/nfl/player/_/id/4698244/teddye-buchanan",
    "headshot": "https://a.espncdn.com/combiner/i?img=/i/headshots/nfl/players/full/4698244.png",
    "birthdate": "Birthdate10/3/2002 (22)",
    "birthplace": null,
    "experience": null,
    "draftInfo": "Draft Info2025: Rd 4, Pk 129 (BAL)"
  },
  {
    "team": "BAL",
    "number": "",
    "name": "Mike Green",
    "position": "LB",
    "height": "21",
    "weight": "6' 4\"",
    "age": "248 lbs",
    "college": "R",
    "playerId": "4683188",
    "profileUrl": "https://www.espn.com/nfl/player/_/id/4683188/mike-green",
    "headshot": "https://a.espncdn.com/combiner/i?img=/i/headshots/nfl/players/full/4683188.png",
    "birthdate": "Birthdate7/28/2003 (21)",
    "birthplace": null,
    "experience": null,
    "draftInfo": "Draft Info2025: Rd 2, Pk 59 (BAL)"
  },
  {
    "team": "BAL",
    "number": "",
    "name": "Malik Hamm59",
    "position": "LB",
    "height": "24",
    "weight": "6' 3\"",
    "age": "250 lbs",
    "college": "2",
    "playerId": "4369994",
    "profileUrl": "https://www.espn.com/nfl/player/_/id/4369994/malik-hamm",
    "headshot": "https://a.espncdn.com/combiner/i?img=/i/headshots/nfl/players/full/4369994.png",
    "birthdate": "Birthdate8/26/2000 (24)",
    "birthplace": null,
    "experience": "Experience2nd Season",
    "draftInfo": null
  },
  {
    "team": "BAL",
    "number": "",
    "name": "Jay Higgins",
    "position": "LB",
    "height": "--",
    "weight": "6' 2\"",
    "age": "232 lbs",
    "college": "R",
    "playerId": "4565350",
    "profileUrl": "https://www.espn.com/nfl/player/_/id/4565350/jay-higgins",
    "headshot": "https://a.espncdn.com/combiner/i?img=/i/headshots/college-football/players/full/4565350.png",
    "birthdate": null,
    "birthplace": "BirthplaceIndianapolis, IN",
    "experience": "ExperienceRookie",
    "draftInfo": null
  },
  {
    "team": "BAL",
    "number": "",
    "name": "Jacob Hummel",
    "position": "LB",
    "height": "26",
    "weight": "6' 1\"",
    "age": "227 lbs",
    "college": "3",
    "playerId": "4241250",
    "profileUrl": "https://www.espn.com/nfl/player/_/id/4241250/jacob-hummel",
    "headshot": "https://a.espncdn.com/combiner/i?img=/i/headshots/nfl/players/full/4241250.png",
    "birthdate": "Birthdate1/4/1999 (26)",
    "birthplace": null,
    "experience": "Experience3rd Season",
    "draftInfo": null
  },
  {
    "team": "BAL",
    "number": "",
    "name": "Adisa Isaac50",
    "position": "LB",
    "height": "23",
    "weight": "6' 4\"",
    "age": "253 lbs",
    "college": "R",
    "playerId": "4426372",
    "profileUrl": "https://www.espn.com/nfl/player/_/id/4426372/adisa-isaac",
    "headshot": "https://a.espncdn.com/combiner/i?img=/i/headshots/nfl/players/full/4426372.png",
    "birthdate": "Birthdate10/4/2001 (23)",
    "birthplace": null,
    "experience": null,
    "draftInfo": "Draft Info2024: Rd 3, Pk 93 (BAL)"
  },
  {
    "team": "BAL",
    "number": "",
    "name": "William Kwenkeu57",
    "position": "LB",
    "height": "28",
    "weight": "6' 1\"",
    "age": "235 lbs",
    "college": "3",
    "playerId": "4044132",
    "profileUrl": "https://www.espn.com/nfl/player/_/id/4044132/william-kwenkeu",
    "headshot": "https://a.espncdn.com/combiner/i?img=/i/headshots/nfl/players/full/4044132.png",
    "birthdate": "Birthdate1/8/1997 (28)",
    "birthplace": null,
    "experience": "Experience3rd Season",
    "draftInfo": null
  },
  {
    "team": "BAL",
    "number": "",
    "name": "Chandler Martin",
    "position": "LB",
    "height": "--",
    "weight": "6' 0\"",
    "age": "230 lbs",
    "college": "R",
    "playerId": "4695086",
    "profileUrl": "https://www.espn.com/nfl/player/_/id/4695086/chandler-martin",
    "headshot": "https://a.espncdn.com/combiner/i?img=/i/headshots/college-football/players/full/4695086.png",
    "birthdate": null,
    "birthplace": "BirthplaceLithonia, GA",
    "experience": "ExperienceRookie",
    "draftInfo": null
  },
  {
    "team": "BAL",
    "number": "",
    "name": "David Ojabo90",
    "position": "LB",
    "height": "25",
    "weight": "6' 4\"",
    "age": "252 lbs",
    "college": "3",
    "playerId": "4426507",
    "profileUrl": "https://www.espn.com/nfl/player/_/id/4426507/david-ojabo",
    "headshot": "https://a.espncdn.com/combiner/i?img=/i/headshots/nfl/players/full/4426507.png",
    "birthdate": "Birthdate5/17/2000 (25)",
    "birthplace": null,
    "experience": null,
    "draftInfo": "Draft Info2022: Rd 2, Pk 45 (BAL)"
  },
  {
    "team": "BAL",
    "number": "",
    "name": "Odafe Oweh99",
    "position": "LB",
    "height": "26",
    "weight": "6' 5\"",
    "age": "255 lbs",
    "college": "4",
    "playerId": "4361422",
    "profileUrl": "https://www.espn.com/nfl/player/_/id/4361422/odafe-oweh",
    "headshot": "https://a.espncdn.com/combiner/i?img=/i/headshots/nfl/players/full/4361422.png",
    "birthdate": "Birthdate12/15/1998 (26)",
    "birthplace": null,
    "experience": null,
    "draftInfo": "Draft Info2021: Rd 1, Pk 31 (BAL)"
  },
  {
    "team": "BAL",
    "number": "",
    "name": "Tavius Robinson95",
    "position": "LB",
    "height": "26",
    "weight": "6' 6\"",
    "age": "262 lbs",
    "college": "2",
    "playerId": "4690179",
    "profileUrl": "https://www.espn.com/nfl/player/_/id/4690179/tavius-robinson",
    "headshot": "https://a.espncdn.com/combiner/i?img=/i/headshots/nfl/players/full/4690179.png",
    "birthdate": "Birthdate1/3/1999 (26)",
    "birthplace": null,
    "experience": null,
    "draftInfo": "Draft Info2023: Rd 4, Pk 124 (BAL)"
  },
  {
    "team": "BAL",
    "number": "",
    "name": "Trenton Simpson23",
    "position": "LB",
    "height": "23",
    "weight": "6' 2\"",
    "age": "235 lbs",
    "college": "2",
    "playerId": "4430831",
    "profileUrl": "https://www.espn.com/nfl/player/_/id/4430831/trenton-simpson",
    "headshot": "https://a.espncdn.com/combiner/i?img=/i/headshots/nfl/players/full/4430831.png",
    "birthdate": "Birthdate6/14/2001 (23)",
    "birthplace": null,
    "experience": null,
    "draftInfo": "Draft Info2023: Rd 3, Pk 86 (BAL)"
  },
  {
    "team": "BAL",
    "number": "",
    "name": "Roquan Smith0",
    "position": "LB",
    "height": "28",
    "weight": "6' 1\"",
    "age": "230 lbs",
    "college": "7",
    "playerId": "3915189",
    "profileUrl": "https://www.espn.com/nfl/player/_/id/3915189/roquan-smith",
    "headshot": "https://a.espncdn.com/combiner/i?img=/i/headshots/nfl/players/full/3915189.png",
    "birthdate": "Birthdate4/8/1997 (28)",
    "birthplace": null,
    "experience": null,
    "draftInfo": "Draft Info2018: Rd 1, Pk 8 (CHI)"
  },
  {
    "team": "BAL",
    "number": "",
    "name": "Kyle Van Noy53",
    "position": "LB",
    "height": "34",
    "weight": "6' 3\"",
    "age": "255 lbs",
    "college": "11",
    "playerId": "16772",
    "profileUrl": "https://www.espn.com/nfl/player/_/id/16772/kyle-van-noy",
    "headshot": "https://a.espncdn.com/combiner/i?img=/i/headshots/nfl/players/full/16772.png",
    "birthdate": "Birthdate3/26/1991 (34)",
    "birthplace": null,
    "experience": null,
    "draftInfo": "Draft Info2014: Rd 2, Pk 40 (DET)"
  },
  {
    "team": "BAL",
    "number": "",
    "name": "Jalyn Armour-Davis5",
    "position": "CB",
    "height": "25",
    "weight": "6' 1\"",
    "age": "197 lbs",
    "college": "3",
    "playerId": "4372017",
    "profileUrl": "https://www.espn.com/nfl/player/_/id/4372017/jalyn-armour-davis",
    "headshot": "https://a.espncdn.com/combiner/i?img=/i/headshots/nfl/players/full/4372017.png",
    "birthdate": "Birthdate9/3/1999 (25)",
    "birthplace": null,
    "experience": null,
    "draftInfo": "Draft Info2022: Rd 4, Pk 119 (BAL)"
  },
  {
    "team": "BAL",
    "number": "",
    "name": "Chidobe Awuzie",
    "position": "CB",
    "height": "29",
    "weight": "6' 0\"",
    "age": "202 lbs",
    "college": "8",
    "playerId": "3052101",
    "profileUrl": "https://www.espn.com/nfl/player/_/id/3052101/chidobe-awuzie",
    "headshot": "https://a.espncdn.com/combiner/i?img=/i/headshots/nfl/players/full/3052101.png",
    "birthdate": "Birthdate5/24/1995 (29)",
    "birthplace": null,
    "experience": null,
    "draftInfo": "Draft Info2017: Rd 2, Pk 60 (DAL)"
  },
  {
    "team": "BAL",
    "number": "",
    "name": "Marlon Humphrey44",
    "position": "CB",
    "height": "28",
    "weight": "6' 0\"",
    "age": "203 lbs",
    "college": "8",
    "playerId": "3126356",
    "profileUrl": "https://www.espn.com/nfl/player/_/id/3126356/marlon-humphrey",
    "headshot": "https://a.espncdn.com/combiner/i?img=/i/headshots/nfl/players/full/3126356.png",
    "birthdate": "Birthdate7/8/1996 (28)",
    "birthplace": null,
    "experience": null,
    "draftInfo": "Draft Info2017: Rd 1, Pk 16 (BAL)"
  },
  {
    "team": "BAL",
    "number": "",
    "name": "Bilhal Kone",
    "position": "CB",
    "height": "23",
    "weight": "6' 2\"",
    "age": "190 lbs",
    "college": "R",
    "playerId": "5083656",
    "profileUrl": "https://www.espn.com/nfl/player/_/id/5083656/bilhal-kone",
    "headshot": "https://a.espncdn.com/combiner/i?img=/i/headshots/nfl/players/full/5083656.png",
    "birthdate": "Birthdate3/3/2002 (23)",
    "birthplace": null,
    "experience": null,
    "draftInfo": "Draft Info2025: Rd 6, Pk 178 (BAL)"
  },
  {
    "team": "BAL",
    "number": "",
    "name": "Robert Longerbeam",
    "position": "CB",
    "height": "24",
    "weight": "5' 11\"",
    "age": "178 lbs",
    "college": "R",
    "playerId": "4575860",
    "profileUrl": "https://www.espn.com/nfl/player/_/id/4575860/robert-longerbeam",
    "headshot": "https://a.espncdn.com/combiner/i?img=/i/headshots/nfl/players/full/4575860.png",
    "birthdate": "Birthdate1/18/2001 (24)",
    "birthplace": null,
    "experience": null,
    "draftInfo": "Draft Info2025: Rd 6, Pk 212 (BAL)"
  },
  {
    "team": "BAL",
    "number": "",
    "name": "Reuben Lowery III",
    "position": "CB",
    "height": "--",
    "weight": "5' 9\"",
    "age": "192 lbs",
    "college": "R",
    "playerId": "4692970",
    "profileUrl": "https://www.espn.com/nfl/player/_/id/4692970/reuben-lowery-iii",
    "headshot": "https://a.espncdn.com/combiner/i?img=/i/headshots/college-football/players/full/4692970.png",
    "birthdate": null,
    "birthplace": "BirthplacePowder Springs, GA",
    "experience": "ExperienceRookie",
    "draftInfo": null
  },
  {
    "team": "BAL",
    "number": "",
    "name": "Keyon Martin",
    "position": "CB",
    "height": "--",
    "weight": "5' 9\"",
    "age": "166 lbs",
    "college": "R",
    "playerId": "4694334",
    "profileUrl": "https://www.espn.com/nfl/player/_/id/4694334/keyon-martin",
    "headshot": "https://a.espncdn.com/combiner/i?img=/i/headshots/college-football/players/full/4694334.png",
    "birthdate": null,
    "birthplace": "BirthplaceFort Lauderdale, FL",
    "experience": "ExperienceRookie",
    "draftInfo": null
  },
  {
    "team": "BAL",
    "number": "",
    "name": "T.J. Tampa27",
    "position": "CB",
    "height": "23",
    "weight": "6' 1\"",
    "age": "194 lbs",
    "college": "R",
    "playerId": "4575483",
    "profileUrl": "https://www.espn.com/nfl/player/_/id/4575483/tj-tampa",
    "headshot": "https://a.espncdn.com/combiner/i?img=/i/headshots/nfl/players/full/4575483.png",
    "birthdate": "Birthdate3/13/2002 (23)",
    "birthplace": null,
    "experience": null,
    "draftInfo": "Draft Info2024: Rd 4, Pk 130 (BAL)"
  },
  {
    "team": "BAL",
    "number": "",
    "name": "Nate Wiggins2",
    "position": "CB",
    "height": "21",
    "weight": "6' 1\"",
    "age": "182 lbs",
    "college": "R",
    "playerId": "4601278",
    "profileUrl": "https://www.espn.com/nfl/player/_/id/4601278/nate-wiggins",
    "headshot": "https://a.espncdn.com/combiner/i?img=/i/headshots/nfl/players/full/4601278.png",
    "birthdate": "Birthdate8/28/2003 (21)",
    "birthplace": null,
    "experience": null,
    "draftInfo": "Draft Info2024: Rd 1, Pk 30 (BAL)"
  },
  {
    "team": "BAL",
    "number": "",
    "name": "Desmond Igbinosun",
    "position": "DB",
    "height": "--",
    "weight": "6' 2\"",
    "age": "213 lbs",
    "college": "R",
    "playerId": "4683464",
    "profileUrl": "https://www.espn.com/nfl/player/_/id/4683464/desmond-igbinosun",
    "headshot": "https://a.espncdn.com/combiner/i?img=/i/headshots/college-football/players/full/4683464.png",
    "birthdate": null,
    "birthplace": "BirthplaceUnion, NJ",
    "experience": "ExperienceRookie",
    "draftInfo": null
  },
  {
    "team": "BAL",
    "number": "",
    "name": "Marquise Robinson",
    "position": "DB",
    "height": "--",
    "weight": "6' 1\"",
    "age": "192 lbs",
    "college": "R",
    "playerId": "5082541",
    "profileUrl": "https://www.espn.com/nfl/player/_/id/5082541/marquise-robinson",
    "headshot": "https://a.espncdn.com/combiner/i?img=/i/headshots/college-football/players/full/5082541.png",
    "birthdate": null,
    "birthplace": "BirthplaceCrosby, MS",
    "experience": "ExperienceRookie",
    "draftInfo": null
  },
  {
    "team": "BAL",
    "number": "",
    "name": "Beau Brade24",
    "position": "S",
    "height": "23",
    "weight": "6' 0\"",
    "age": "209 lbs",
    "college": "R",
    "playerId": "4429291",
    "profileUrl": "https://www.espn.com/nfl/player/_/id/4429291/beau-brade",
    "headshot": "https://a.espncdn.com/combiner/i?img=/i/headshots/nfl/players/full/4429291.png",
    "birthdate": "Birthdate1/29/2002 (23)",
    "birthplace": null,
    "experience": "ExperienceRookie",
    "draftInfo": null
  },
  {
    "team": "BAL",
    "number": "",
    "name": "Kyle Hamilton14",
    "position": "S",
    "height": "24",
    "weight": "6' 4\"",
    "age": "224 lbs",
    "college": "3",
    "playerId": "4575517",
    "profileUrl": "https://www.espn.com/nfl/player/_/id/4575517/kyle-hamilton",
    "headshot": "https://a.espncdn.com/combiner/i?img=/i/headshots/nfl/players/full/4575517.png",
    "birthdate": "Birthdate3/16/2001 (24)",
    "birthplace": null,
    "experience": null,
    "draftInfo": "Draft Info2022: Rd 1, Pk 14 (BAL)"
  },
  {
    "team": "BAL",
    "number": "",
    "name": "Keondre Jackson",
    "position": "S",
    "height": "--",
    "weight": "6' 3\"",
    "age": "215 lbs",
    "college": "R",
    "playerId": "4878287",
    "profileUrl": "https://www.espn.com/nfl/player/_/id/4878287/keondre-jackson",
    "headshot": "https://a.espncdn.com/combiner/i?img=/i/teamlogos/nfl/500/bal.png",
    "birthdate": null,
    "birthplace": "BirthplaceFreeport, IL",
    "experience": "ExperienceRookie",
    "draftInfo": null
  },
  {
    "team": "BAL",
    "number": "",
    "name": "Sanoussi Kane28",
    "position": "S",
    "height": "23",
    "weight": "5' 11\"",
    "age": "210 lbs",
    "college": "R",
    "playerId": "4430118",
    "profileUrl": "https://www.espn.com/nfl/player/_/id/4430118/sanoussi-kane",
    "headshot": "https://a.espncdn.com/combiner/i?img=/i/headshots/nfl/players/full/4430118.png",
    "birthdate": "Birthdate10/6/2001 (23)",
    "birthplace": null,
    "experience": null,
    "draftInfo": "Draft Info2024: Rd 7, Pk 250 (BAL)"
  },
  {
    "team": "BAL",
    "number": "",
    "name": "Malaki Starks",
    "position": "S",
    "height": "21",
    "weight": "6' 1\"",
    "age": "205 lbs",
    "college": "R",
    "playerId": "4685530",
    "profileUrl": "https://www.espn.com/nfl/player/_/id/4685530/malaki-starks",
    "headshot": "https://a.espncdn.com/combiner/i?img=/i/headshots/nfl/players/full/4685530.png",
    "birthdate": "Birthdate11/13/2003 (21)",
    "birthplace": null,
    "experience": null,
    "draftInfo": "Draft Info2025: Rd 1, Pk 27 (BAL)"
  },
  {
    "team": "BAL",
    "number": "",
    "name": "Ar'Darius Washington29",
    "position": "S",
    "height": "25",
    "weight": "5' 8\"",
    "age": "180 lbs",
    "college": "3",
    "playerId": "4362492",
    "profileUrl": "https://www.espn.com/nfl/player/_/id/4362492/ardarius-washington",
    "headshot": "https://a.espncdn.com/combiner/i?img=/i/headshots/nfl/players/full/4362492.png",
    "birthdate": "Birthdate11/2/1999 (25)",
    "birthplace": null,
    "experience": "Experience3rd Season",
    "draftInfo": null
  },
  {
    "team": "BAL",
    "number": "",
    "name": "John Hoyland",
    "position": "PK",
    "height": "--",
    "weight": "5' 10\"",
    "age": "200 lbs",
    "college": "R",
    "playerId": "4699803",
    "profileUrl": "https://www.espn.com/nfl/player/_/id/4699803/john-hoyland",
    "headshot": "https://a.espncdn.com/combiner/i?img=/i/headshots/college-football/players/full/4699803.png",
    "birthdate": null,
    "birthplace": "BirthplaceBroomfield, CO",
    "experience": "ExperienceRookie",
    "draftInfo": null
  },
  {
    "team": "BAL",
    "number": "",
    "name": "Tyler Loop",
    "position": "PK",
    "height": "--",
    "weight": "6' 1\"",
    "age": "190 lbs",
    "college": "R",
    "playerId": "4697745",
    "profileUrl": "https://www.espn.com/nfl/player/_/id/4697745/tyler-loop",
    "headshot": "https://a.espncdn.com/combiner/i?img=/i/headshots/nfl/players/full/4697745.png",
    "birthdate": null,
    "birthplace": null,
    "experience": "ExperienceRookie",
    "draftInfo": "Draft Info2025: Rd 6, Pk 186 (BAL)"
  },
  {
    "team": "BAL",
    "number": "",
    "name": "Jordan Stout11",
    "position": "P",
    "height": "26",
    "weight": "6' 3\"",
    "age": "209 lbs",
    "college": "3",
    "playerId": "4260224",
    "profileUrl": "https://www.espn.com/nfl/player/_/id/4260224/jordan-stout",
    "headshot": "https://a.espncdn.com/combiner/i?img=/i/headshots/nfl/players/full/4260224.png",
    "birthdate": "Birthdate8/4/1998 (26)",
    "birthplace": null,
    "experience": null,
    "draftInfo": "Draft Info2022: Rd 4, Pk 130 (BAL)"
  },
  {
    "team": "BAL",
    "number": "",
    "name": "Nick Moore46",
    "position": "LS",
    "height": "32",
    "weight": "6' 2\"",
    "age": "260 lbs",
    "college": "3",
    "playerId": "3915184",
    "profileUrl": "https://www.espn.com/nfl/player/_/id/3915184/nick-moore",
    "headshot": "https://a.espncdn.com/combiner/i?img=/i/headshots/nfl/players/full/3915184.png",
    "birthdate": "Birthdate12/9/1992 (32)",
    "birthplace": null,
    "experience": "Experience3rd Season",
    "draftInfo": null
  }
]