[
  {
    "team": "BUF",
    "number": "",
    "name": "Josh Allen17",
    "position": "QB",
    "height": "28",
    "weight": "6' 5\"",
    "age": "237 lbs",
    "college": "7",
    "playerId": "3918298",
    "profileUrl": "https://www.espn.com/nfl/player/_/id/3918298/josh-allen",
    "headshot": "https://a.espncdn.com/combiner/i?img=/i/headshots/nfl/players/full/3918298.png",
    "birthdate": "Birthdate5/21/1996 (28)",
    "birthplace": null,
    "experience": null,
    "draftInfo": "Draft Info2018: Rd 1, Pk 7 (BUF)"
  },
  {
    "team": "BUF",
    "number": "",
    "name": "Shane Buechele6",
    "position": "QB",
    "height": "27",
    "weight": "6' 0\"",
    "age": "210 lbs",
    "college": "3",
    "playerId": "4039034",
    "profileUrl": "https://www.espn.com/nfl/player/_/id/4039034/shane-buechele",
    "headshot": "https://a.espncdn.com/combiner/i?img=/i/headshots/nfl/players/full/4039034.png",
    "birthdate": "Birthdate1/8/1998 (27)",
    "birthplace": null,
    "experience": "Experience3rd Season",
    "draftInfo": null
  },
  {
    "team": "BUF",
    "number": "",
    "name": "Mitchell Trubisky11",
    "position": "QB",
    "height": "30",
    "weight": "6' 3\"",
    "age": "222 lbs",
    "college": "8",
    "playerId": "3039707",
    "profileUrl": "https://www.espn.com/nfl/player/_/id/3039707/mitchell-trubisky",
    "headshot": "https://a.espncdn.com/combiner/i?img=/i/headshots/nfl/players/full/3039707.png",
    "birthdate": "Birthdate8/20/1994 (30)",
    "birthplace": null,
    "experience": null,
    "draftInfo": "Draft Info2017: Rd 1, Pk 2 (CHI)"
  },
  {
    "team": "BUF",
    "number": "",
    "name": "Mike White14",
    "position": "QB",
    "height": "30",
    "weight": "6' 5\"",
    "age": "220 lbs",
    "college": "6",
    "playerId": "3051381",
    "profileUrl": "https://www.espn.com/nfl/player/_/id/3051381/mike-white",
    "headshot": "https://a.espncdn.com/combiner/i?img=/i/headshots/nfl/players/full/3051381.png",
    "birthdate": "Birthdate3/25/1995 (30)",
    "birthplace": null,
    "experience": null,
    "draftInfo": "Draft Info2018: Rd 5, Pk 171 (DAL)"
  },
  {
    "team": "BUF",
    "number": "",
    "name": "James Cook4",
    "position": "RB",
    "height": "25",
    "weight": "5' 11\"",
    "age": "190 lbs",
    "college": "3",
    "playerId": "4379399",
    "profileUrl": "https://www.espn.com/nfl/player/_/id/4379399/james-cook",
    "headshot": "https://a.espncdn.com/combiner/i?img=/i/headshots/nfl/players/full/4379399.png",
    "birthdate": "Birthdate9/25/1999 (25)",
    "birthplace": null,
    "experience": null,
    "draftInfo": "Draft Info2022: Rd 2, Pk 63 (BUF)"
  },
  {
    "team": "BUF",
    "number": "",
    "name": "Ray Davis22",
    "position": "RB",
    "height": "25",
    "weight": "5' 8\"",
    "age": "220 lbs",
    "college": "R",
    "playerId": "4429501",
    "profileUrl": "https://www.espn.com/nfl/player/_/id/4429501/ray-davis",
    "headshot": "https://a.espncdn.com/combiner/i?img=/i/headshots/nfl/players/full/4429501.png",
    "birthdate": "Birthdate11/11/1999 (25)",
    "birthplace": null,
    "experience": null,
    "draftInfo": "Draft Info2024: Rd 4, Pk 128 (BUF)"
  },
  {
    "team": "BUF",
    "number": "",
    "name": "Darrynton Evans",
    "position": "RB",
    "height": "26",
    "weight": "5' 10\"",
    "age": "203 lbs",
    "college": "5",
    "playerId": "4036431",
    "profileUrl": "https://www.espn.com/nfl/player/_/id/4036431/darrynton-evans",
    "headshot": "https://a.espncdn.com/combiner/i?img=/i/headshots/nfl/players/full/4036431.png",
    "birthdate": "Birthdate7/9/1998 (26)",
    "birthplace": null,
    "experience": null,
    "draftInfo": "Draft Info2020: Rd 3, Pk 93 (TEN)"
  },
  {
    "team": "BUF",
    "number": "",
    "name": "Frank Gore Jr.20",
    "position": "RB",
    "height": "23",
    "weight": "5' 8\"",
    "age": "195 lbs",
    "college": "R",
    "playerId": "4429805",
    "profileUrl": "https://www.espn.com/nfl/player/_/id/4429805/frank-gore-jr",
    "headshot": "https://a.espncdn.com/combiner/i?img=/i/headshots/nfl/players/full/4429805.png",
    "birthdate": "Birthdate3/13/2002 (23)",
    "birthplace": null,
    "experience": "ExperienceRookie",
    "draftInfo": null
  },
  {
    "team": "BUF",
    "number": "",
    "name": "Ty Johnson26",
    "position": "RB",
    "height": "27",
    "weight": "5' 10\"",
    "age": "210 lbs",
    "college": "6",
    "playerId": "3915411",
    "profileUrl": "https://www.espn.com/nfl/player/_/id/3915411/ty-johnson",
    "headshot": "https://a.espncdn.com/combiner/i?img=/i/headshots/nfl/players/full/3915411.png",
    "birthdate": "Birthdate9/17/1997 (27)",
    "birthplace": null,
    "experience": null,
    "draftInfo": "Draft Info2019: Rd 6, Pk 186 (DET)"
  },
  {
    "team": "BUF",
    "number": "",
    "name": "Reggie Gilliam41",
    "position": "FB",
    "height": "27",
    "weight": "6' 0\"",
    "age": "244 lbs",
    "college": "5",
    "playerId": "4039505",
    "profileUrl": "https://www.espn.com/nfl/player/_/id/4039505/reggie-gilliam",
    "headshot": "https://a.espncdn.com/combiner/i?img=/i/headshots/nfl/players/full/4039505.png",
    "birthdate": "Birthdate8/20/1997 (27)",
    "birthplace": null,
    "experience": "Experience5th Season",
    "draftInfo": null
  },
  {
    "team": "BUF",
    "number": "",
    "name": "Kelly Akharaiyi",
    "position": "WR",
    "height": "--",
    "weight": "6' 1\"",
    "age": "200 lbs",
    "college": "R",
    "playerId": "5082289",
    "profileUrl": "https://www.espn.com/nfl/player/_/id/5082289/kelly-akharaiyi",
    "headshot": "https://a.espncdn.com/combiner/i?img=/i/headshots/college-football/players/full/5082289.png",
    "birthdate": null,
    "birthplace": "BirthplaceIrving, TX",
    "experience": "ExperienceRookie",
    "draftInfo": null
  },
  {
    "team": "BUF",
    "number": "",
    "name": "Keon Coleman0",
    "position": "WR",
    "height": "22",
    "weight": "6' 4\"",
    "age": "215 lbs",
    "college": "R",
    "playerId": "4635008",
    "profileUrl": "https://www.espn.com/nfl/player/_/id/4635008/keon-coleman",
    "headshot": "https://a.espncdn.com/combiner/i?img=/i/headshots/nfl/players/full/4635008.png",
    "birthdate": "Birthdate5/17/2003 (22)",
    "birthplace": null,
    "experience": null,
    "draftInfo": "Draft Info2024: Rd 2, Pk 33 (BUF)"
  },
  {
    "team": "BUF",
    "number": "",
    "name": "Stephen Gosnell",
    "position": "WR",
    "height": "--",
    "weight": "6' 2\"",
    "age": "198 lbs",
    "college": "R",
    "playerId": "4432215",
    "profileUrl": "https://www.espn.com/nfl/player/_/id/4432215/stephen-gosnell",
    "headshot": "https://a.espncdn.com/combiner/i?img=/i/headshots/college-football/players/full/4432215.png",
    "birthdate": null,
    "birthplace": "BirthplacePilot Mountain, NC",
    "experience": "ExperienceRookie",
    "draftInfo": null
  },
  {
    "team": "BUF",
    "number": "",
    "name": "KJ Hamler19",
    "position": "WR",
    "height": "25",
    "weight": "5' 9\"",
    "age": "178 lbs",
    "college": "4",
    "playerId": "4240380",
    "profileUrl": "https://www.espn.com/nfl/player/_/id/4240380/kj-hamler",
    "headshot": "https://a.espncdn.com/combiner/i?img=/i/headshots/nfl/players/full/4240380.png",
    "birthdate": "Birthdate7/8/1999 (25)",
    "birthplace": null,
    "experience": null,
    "draftInfo": "Draft Info2020: Rd 2, Pk 46 (DEN)"
  },
  {
    "team": "BUF",
    "number": "",
    "name": "Elijah Moore",
    "position": "WR",
    "height": "25",
    "weight": "5' 10\"",
    "age": "180 lbs",
    "college": "4",
    "playerId": "4372414",
    "profileUrl": "https://www.espn.com/nfl/player/_/id/4372414/elijah-moore",
    "headshot": "https://a.espncdn.com/combiner/i?img=/i/headshots/nfl/players/full/4372414.png",
    "birthdate": "Birthdate3/27/2000 (25)",
    "birthplace": null,
    "experience": null,
    "draftInfo": "Draft Info2021: Rd 2, Pk 34 (NYJ)"
  },
  {
    "team": "BUF",
    "number": "",
    "name": "Joshua Palmer5",
    "position": "WR",
    "height": "25",
    "weight": "6' 1\"",
    "age": "210 lbs",
    "college": "4",
    "playerId": "4242433",
    "profileUrl": "https://www.espn.com/nfl/player/_/id/4242433/joshua-palmer",
    "headshot": "https://a.espncdn.com/combiner/i?img=/i/headshots/nfl/players/full/4242433.png",
    "birthdate": "Birthdate9/22/1999 (25)",
    "birthplace": null,
    "experience": null,
    "draftInfo": "Draft Info2021: Rd 3, Pk 77 (LAC)"
  },
  {
    "team": "BUF",
    "number": "",
    "name": "Kaden Prather",
    "position": "WR",
    "height": "22",
    "weight": "6' 3\"",
    "age": "210 lbs",
    "college": "R",
    "playerId": "4431509",
    "profileUrl": "https://www.espn.com/nfl/player/_/id/4431509/kaden-prather",
    "headshot": "https://a.espncdn.com/combiner/i?img=/i/headshots/nfl/players/full/4431509.png",
    "birthdate": "Birthdate9/6/2002 (22)",
    "birthplace": null,
    "experience": null,
    "draftInfo": "Draft Info2025: Rd 7, Pk 240 (BUF)"
  },
  {
    "team": "BUF",
    "number": "",
    "name": "Hal Presley",
    "position": "WR",
    "height": "--",
    "weight": "6' 3\"",
    "age": "210 lbs",
    "college": "R",
    "playerId": "4879189",
    "profileUrl": "https://www.espn.com/nfl/player/_/id/4879189/hal-presley",
    "headshot": "https://a.espncdn.com/combiner/i?img=/i/headshots/college-football/players/full/4879189.png",
    "birthdate": null,
    "birthplace": "BirthplaceMansfield, TX",
    "experience": "ExperienceRookie",
    "draftInfo": null
  },
  {
    "team": "BUF",
    "number": "",
    "name": "Curtis Samuel1",
    "position": "WR",
    "height": "28",
    "weight": "5' 11\"",
    "age": "195 lbs",
    "college": "8",
    "playerId": "3121427",
    "profileUrl": "https://www.espn.com/nfl/player/_/id/3121427/curtis-samuel",
    "headshot": "https://a.espncdn.com/combiner/i?img=/i/headshots/nfl/players/full/3121427.png",
    "birthdate": "Birthdate8/11/1996 (28)",
    "birthplace": null,
    "experience": null,
    "draftInfo": "Draft Info2017: Rd 2, Pk 40 (CAR)"
  },
  {
    "team": "BUF",
    "number": "",
    "name": "Khalil Shakir10",
    "position": "WR",
    "height": "25",
    "weight": "6' 0\"",
    "age": "190 lbs",
    "college": "3",
    "playerId": "4373678",
    "profileUrl": "https://www.espn.com/nfl/player/_/id/4373678/khalil-shakir",
    "headshot": "https://a.espncdn.com/combiner/i?img=/i/headshots/nfl/players/full/4373678.png",
    "birthdate": "Birthdate2/3/2000 (25)",
    "birthplace": null,
    "experience": null,
    "draftInfo": "Draft Info2022: Rd 5, Pk 148 (BUF)"
  },
  {
    "team": "BUF",
    "number": "",
    "name": "Tyrell Shavers80",
    "position": "WR",
    "height": "25",
    "weight": "6' 4\"",
    "age": "211 lbs",
    "college": "1",
    "playerId": "4241476",
    "profileUrl": "https://www.espn.com/nfl/player/_/id/4241476/tyrell-shavers",
    "headshot": "https://a.espncdn.com/combiner/i?img=/i/headshots/nfl/players/full/4241476.png",
    "birthdate": "Birthdate8/18/1999 (25)",
    "birthplace": null,
    "experience": "Experience1st Season",
    "draftInfo": null
  },
  {
    "team": "BUF",
    "number": "",
    "name": "Laviska Shenault Jr.",
    "position": "WR",
    "height": "26",
    "weight": "6' 1\"",
    "age": "225 lbs",
    "college": "6",
    "playerId": "4243160",
    "profileUrl": "https://www.espn.com/nfl/player/_/id/4243160/laviska-shenault-jr",
    "headshot": "https://a.espncdn.com/combiner/i?img=/i/headshots/nfl/players/full/4243160.png",
    "birthdate": "Birthdate10/5/1998 (26)",
    "birthplace": null,
    "experience": null,
    "draftInfo": "Draft Info2020: Rd 2, Pk 42 (JAX)"
  },
  {
    "team": "BUF",
    "number": "",
    "name": "Jalen Virgil89",
    "position": "WR",
    "height": "26",
    "weight": "6' 1\"",
    "age": "210 lbs",
    "college": "3",
    "playerId": "4036448",
    "profileUrl": "https://www.espn.com/nfl/player/_/id/4036448/jalen-virgil",
    "headshot": "https://a.espncdn.com/combiner/i?img=/i/headshots/nfl/players/full/4036448.png",
    "birthdate": "Birthdate7/13/1998 (26)",
    "birthplace": null,
    "experience": "Experience3rd Season",
    "draftInfo": null
  },
  {
    "team": "BUF",
    "number": "",
    "name": "Zach Davidson84",
    "position": "TE",
    "height": "26",
    "weight": "6' 7\"",
    "age": "251 lbs",
    "college": "2",
    "playerId": "4746079",
    "profileUrl": "https://www.espn.com/nfl/player/_/id/4746079/zach-davidson",
    "headshot": "https://a.espncdn.com/combiner/i?img=/i/headshots/nfl/players/full/4746079.png",
    "birthdate": "Birthdate7/15/1998 (26)",
    "birthplace": null,
    "experience": null,
    "draftInfo": "Draft Info2021: Rd 5, Pk 168 (MIN)"
  },
  {
    "team": "BUF",
    "number": "",
    "name": "Jackson Hawes",
    "position": "TE",
    "height": "24",
    "weight": "6' 5\"",
    "age": "260 lbs",
    "college": "R",
    "playerId": "4573699",
    "profileUrl": "https://www.espn.com/nfl/player/_/id/4573699/jackson-hawes",
    "headshot": "https://a.espncdn.com/combiner/i?img=/i/headshots/nfl/players/full/4573699.png",
    "birthdate": "Birthdate12/6/2000 (24)",
    "birthplace": null,
    "experience": null,
    "draftInfo": "Draft Info2025: Rd 5, Pk 173 (BUF)"
  },
  {
    "team": "BUF",
    "number": "",
    "name": "Dalton Kincaid86",
    "position": "TE",
    "height": "25",
    "weight": "6' 4\"",
    "age": "240 lbs",
    "college": "2",
    "playerId": "4385690",
    "profileUrl": "https://www.espn.com/nfl/player/_/id/4385690/dalton-kincaid",
    "headshot": "https://a.espncdn.com/combiner/i?img=/i/headshots/nfl/players/full/4385690.png",
    "birthdate": "Birthdate10/18/1999 (25)",
    "birthplace": null,
    "experience": null,
    "draftInfo": "Draft Info2023: Rd 1, Pk 25 (BUF)"
  },
  {
    "team": "BUF",
    "number": "",
    "name": "Dawson Knox88",
    "position": "TE",
    "height": "28",
    "weight": "6' 4\"",
    "age": "254 lbs",
    "college": "6",
    "playerId": "3930086",
    "profileUrl": "https://www.espn.com/nfl/player/_/id/3930086/dawson-knox",
    "headshot": "https://a.espncdn.com/combiner/i?img=/i/headshots/nfl/players/full/3930086.png",
    "birthdate": "Birthdate11/14/1996 (28)",
    "birthplace": null,
    "experience": null,
    "draftInfo": "Draft Info2019: Rd 3, Pk 96 (BUF)"
  },
  {
    "team": "BUF",
    "number": "",
    "name": "Keleki Latu",
    "position": "TE",
    "height": "22",
    "weight": "6' 7\"",
    "age": "244 lbs",
    "college": "R",
    "playerId": "4688552",
    "profileUrl": "https://www.espn.com/nfl/player/_/id/4688552/keleki-latu",
    "headshot": "https://a.espncdn.com/combiner/i?img=/i/headshots/college-football/players/full/4688552.png",
    "birthdate": "Birthdate8/13/2002 (22)",
    "birthplace": null,
    "experience": "ExperienceRookie",
    "draftInfo": null
  },
  {
    "team": "BUF",
    "number": "",
    "name": "Jacob Bayer",
    "position": "C",
    "height": "22",
    "weight": "6' 3\"",
    "age": "310 lbs",
    "college": "R",
    "playerId": "4879478",
    "profileUrl": "https://www.espn.com/nfl/player/_/id/4879478/jacob-bayer",
    "headshot": "https://a.espncdn.com/combiner/i?img=/i/headshots/college-football/players/full/4879478.png",
    "birthdate": "Birthdate12/12/2002 (22)",
    "birthplace": null,
    "experience": "ExperienceRookie",
    "draftInfo": null
  },
  {
    "team": "BUF",
    "number": "",
    "name": "Sedrick Van Pran-Granger62",
    "position": "C",
    "height": "23",
    "weight": "6' 4\"",
    "age": "310 lbs",
    "college": "R",
    "playerId": "4430815",
    "profileUrl": "https://www.espn.com/nfl/player/_/id/4430815/sedrick-van-pran-granger",
    "headshot": "https://a.espncdn.com/combiner/i?img=/i/headshots/nfl/players/full/4430815.png",
    "birthdate": "Birthdate10/23/2001 (23)",
    "birthplace": null,
    "experience": null,
    "draftInfo": "Draft Info2024: Rd 5, Pk 141 (BUF)"
  },
  {
    "team": "BUF",
    "number": "",
    "name": "David Edwards76",
    "position": "G",
    "height": "28",
    "weight": "6' 6\"",
    "age": "308 lbs",
    "college": "6",
    "playerId": "3917660",
    "profileUrl": "https://www.espn.com/nfl/player/_/id/3917660/david-edwards",
    "headshot": "https://a.espncdn.com/combiner/i?img=/i/headshots/nfl/players/full/3917660.png",
    "birthdate": "Birthdate3/20/1997 (28)",
    "birthplace": null,
    "experience": null,
    "draftInfo": "Draft Info2019: Rd 5, Pk 169 (LAR)"
  },
  {
    "team": "BUF",
    "number": "",
    "name": "Kendrick Green",
    "position": "G",
    "height": "26",
    "weight": "6' 3\"",
    "age": "310 lbs",
    "college": "4",
    "playerId": "4240548",
    "profileUrl": "https://www.espn.com/nfl/player/_/id/4240548/kendrick-green",
    "headshot": "https://a.espncdn.com/combiner/i?img=/i/headshots/nfl/players/full/4240548.png",
    "birthdate": "Birthdate12/22/1998 (26)",
    "birthplace": null,
    "experience": null,
    "draftInfo": "Draft Info2021: Rd 3, Pk 87 (PIT)"
  },
  {
    "team": "BUF",
    "number": "",
    "name": "Connor McGovern66",
    "position": "G",
    "height": "27",
    "weight": "6' 5\"",
    "age": "318 lbs",
    "college": "6",
    "playerId": "4033748",
    "profileUrl": "https://www.espn.com/nfl/player/_/id/4033748/connor-mcgovern",
    "headshot": "https://a.espncdn.com/combiner/i?img=/i/headshots/nfl/players/full/4033748.png",
    "birthdate": "Birthdate11/3/1997 (27)",
    "birthplace": null,
    "experience": null,
    "draftInfo": "Draft Info2019: Rd 3, Pk 90 (DAL)"
  },
  {
    "team": "BUF",
    "number": "",
    "name": "O'Cyrus Torrence64",
    "position": "G",
    "height": "25",
    "weight": "6' 5\"",
    "age": "347 lbs",
    "college": "2",
    "playerId": "4428696",
    "profileUrl": "https://www.espn.com/nfl/player/_/id/4428696/ocyrus-torrence",
    "headshot": "https://a.espncdn.com/combiner/i?img=/i/headshots/nfl/players/full/4428696.png",
    "birthdate": "Birthdate1/20/2000 (25)",
    "birthplace": null,
    "experience": null,
    "draftInfo": "Draft Info2023: Rd 2, Pk 59 (BUF)"
  },
  {
    "team": "BUF",
    "number": "",
    "name": "Gerquan Scott",
    "position": "OL",
    "height": "--",
    "weight": "6' 3\"",
    "age": "320 lbs",
    "college": "R",
    "playerId": "4428452",
    "profileUrl": "https://www.espn.com/nfl/player/_/id/4428452/gerquan-scott",
    "headshot": "https://a.espncdn.com/combiner/i?img=/i/headshots/college-football/players/full/4428452.png",
    "birthdate": null,
    "birthplace": "BirthplaceMobile, AL",
    "experience": "ExperienceRookie",
    "draftInfo": null
  },
  {
    "team": "BUF",
    "number": "",
    "name": "Alec Anderson70",
    "position": "OT",
    "height": "25",
    "weight": "6' 5\"",
    "age": "305 lbs",
    "college": "2",
    "playerId": "4367203",
    "profileUrl": "https://www.espn.com/nfl/player/_/id/4367203/alec-anderson",
    "headshot": "https://a.espncdn.com/combiner/i?img=/i/headshots/nfl/players/full/4367203.png",
    "birthdate": "Birthdate10/3/1999 (25)",
    "birthplace": null,
    "experience": "Experience2nd Season",
    "draftInfo": null
  },
  {
    "team": "BUF",
    "number": "",
    "name": "Spencer Brown79",
    "position": "OT",
    "height": "27",
    "weight": "6' 8\"",
    "age": "311 lbs",
    "college": "4",
    "playerId": "4030899",
    "profileUrl": "https://www.espn.com/nfl/player/_/id/4030899/spencer-brown",
    "headshot": "https://a.espncdn.com/combiner/i?img=/i/headshots/nfl/players/full/4030899.png",
    "birthdate": "Birthdate2/28/1998 (27)",
    "birthplace": null,
    "experience": null,
    "draftInfo": "Draft Info2021: Rd 3, Pk 93 (BUF)"
  },
  {
    "team": "BUF",
    "number": "",
    "name": "Travis Clayton67",
    "position": "OT",
    "height": "24",
    "weight": "6' 7\"",
    "age": "301 lbs",
    "college": "R",
    "playerId": "5209587",
    "profileUrl": "https://www.espn.com/nfl/player/_/id/5209587/travis-clayton",
    "headshot": "https://a.espncdn.com/combiner/i?img=/i/headshots/nfl/players/full/5209587.png",
    "birthdate": "Birthdate2/17/2001 (24)",
    "birthplace": null,
    "experience": "ExperienceRookie",
    "draftInfo": "Draft Info2024: Rd 7, Pk 221 (BUF)"
  },
  {
    "team": "BUF",
    "number": "",
    "name": "Dion Dawkins73",
    "position": "OT",
    "height": "31",
    "weight": "6' 5\"",
    "age": "320 lbs",
    "college": "8",
    "playerId": "3051324",
    "profileUrl": "https://www.espn.com/nfl/player/_/id/3051324/dion-dawkins",
    "headshot": "https://a.espncdn.com/combiner/i?img=/i/headshots/nfl/players/full/3051324.png",
    "birthdate": "Birthdate4/26/1994 (31)",
    "birthplace": null,
    "experience": null,
    "draftInfo": "Draft Info2017: Rd 2, Pk 63 (BUF)"
  },
  {
    "team": "BUF",
    "number": "",
    "name": "Mike Edwards65",
    "position": "OT",
    "height": "26",
    "weight": "6' 5\"",
    "age": "363 lbs",
    "college": "R",
    "playerId": "4362015",
    "profileUrl": "https://www.espn.com/nfl/player/_/id/4362015/mike-edwards",
    "headshot": "https://a.espncdn.com/combiner/i?img=/i/headshots/nfl/players/full/4362015.png",
    "birthdate": "Birthdate11/10/1998 (26)",
    "birthplace": null,
    "experience": "ExperienceRookie",
    "draftInfo": null
  },
  {
    "team": "BUF",
    "number": "",
    "name": "Richard Gouraige75",
    "position": "OT",
    "height": "26",
    "weight": "6' 5\"",
    "age": "306 lbs",
    "college": "1",
    "playerId": "4360246",
    "profileUrl": "https://www.espn.com/nfl/player/_/id/4360246/richard-gouraige",
    "headshot": "https://a.espncdn.com/combiner/i?img=/i/headshots/nfl/players/full/4360246.png",
    "birthdate": "Birthdate10/15/1998 (26)",
    "birthplace": null,
    "experience": "Experience1st Season",
    "draftInfo": null
  },
  {
    "team": "BUF",
    "number": "",
    "name": "Tylan Grable68",
    "position": "OT",
    "height": "25",
    "weight": "6' 5\"",
    "age": "309 lbs",
    "college": "R",
    "playerId": "4368828",
    "profileUrl": "https://www.espn.com/nfl/player/_/id/4368828/tylan-grable",
    "headshot": "https://a.espncdn.com/combiner/i?img=/i/headshots/nfl/players/full/4368828.png",
    "birthdate": "Birthdate10/4/1999 (25)",
    "birthplace": null,
    "experience": null,
    "draftInfo": "Draft Info2024: Rd 6, Pk 204 (BUF)"
  },
  {
    "team": "BUF",
    "number": "",
    "name": "Chase Lundt",
    "position": "OT",
    "height": "24",
    "weight": "6' 8\"",
    "age": "305 lbs",
    "college": "R",
    "playerId": "4427843",
    "profileUrl": "https://www.espn.com/nfl/player/_/id/4427843/chase-lundt",
    "headshot": "https://a.espncdn.com/combiner/i?img=/i/headshots/nfl/players/full/4427843.png",
    "birthdate": "Birthdate6/16/2000 (24)",
    "birthplace": null,
    "experience": null,
    "draftInfo": "Draft Info2025: Rd 6, Pk 206 (BUF)"
  },
  {
    "team": "BUF",
    "number": "",
    "name": "Rush Reimer",
    "position": "OT",
    "height": "--",
    "weight": "6' 5\"",
    "age": "305 lbs",
    "college": "R",
    "playerId": "4775214",
    "profileUrl": "https://www.espn.com/nfl/player/_/id/4775214/rush-reimer",
    "headshot": "https://a.espncdn.com/combiner/i?img=/i/headshots/college-football/players/full/4775214.png",
    "birthdate": null,
    "birthplace": "BirthplaceCamas, WA",
    "experience": "ExperienceRookie",
    "draftInfo": null
  },
  {
    "team": "BUF",
    "number": "",
    "name": "Ryan Van Demark74",
    "position": "OT",
    "height": "27",
    "weight": "6' 6\"",
    "age": "307 lbs",
    "college": "2",
    "playerId": "4239140",
    "profileUrl": "https://www.espn.com/nfl/player/_/id/4239140/ryan-van-demark",
    "headshot": "https://a.espncdn.com/combiner/i?img=/i/headshots/nfl/players/full/4239140.png",
    "birthdate": "Birthdate3/22/1998 (27)",
    "birthplace": null,
    "experience": "Experience2nd Season",
    "draftInfo": null
  },
  {
    "team": "BUF",
    "number": "",
    "name": "AJ Epenesa57",
    "position": "DE",
    "height": "26",
    "weight": "6' 6\"",
    "age": "260 lbs",
    "college": "5",
    "playerId": "4240585",
    "profileUrl": "https://www.espn.com/nfl/player/_/id/4240585/aj-epenesa",
    "headshot": "https://a.espncdn.com/combiner/i?img=/i/headshots/nfl/players/full/4240585.png",
    "birthdate": "Birthdate9/15/1998 (26)",
    "birthplace": null,
    "experience": null,
    "draftInfo": "Draft Info2020: Rd 2, Pk 54 (BUF)"
  },
  {
    "team": "BUF",
    "number": "",
    "name": "Hayden Harris",
    "position": "DE",
    "height": "--",
    "weight": "6' 5\"",
    "age": "255 lbs",
    "college": "R",
    "playerId": "4427389",
    "profileUrl": "https://www.espn.com/nfl/player/_/id/4427389/hayden-harris",
    "headshot": "https://a.espncdn.com/combiner/i?img=/i/headshots/college-football/players/full/4427389.png",
    "birthdate": null,
    "birthplace": "BirthplaceMill Creek, WA",
    "experience": "ExperienceRookie",
    "draftInfo": null
  },
  {
    "team": "BUF",
    "number": "",
    "name": "Landon Jackson",
    "position": "DE",
    "height": "22",
    "weight": "6' 7\"",
    "age": "280 lbs",
    "college": "R",
    "playerId": "4432715",
    "profileUrl": "https://www.espn.com/nfl/player/_/id/4432715/landon-jackson",
    "headshot": "https://a.espncdn.com/combiner/i?img=/i/headshots/nfl/players/full/4432715.png",
    "birthdate": "Birthdate2/2/2003 (22)",
    "birthplace": null,
    "experience": null,
    "draftInfo": "Draft Info2025: Rd 3, Pk 72 (BUF)"
  },
  {
    "team": "BUF",
    "number": "",
    "name": "Greg Rousseau50",
    "position": "DE",
    "height": "25",
    "weight": "6' 6\"",
    "age": "266 lbs",
    "college": "4",
    "playerId": "4362506",
    "profileUrl": "https://www.espn.com/nfl/player/_/id/4362506/greg-rousseau",
    "headshot": "https://a.espncdn.com/combiner/i?img=/i/headshots/nfl/players/full/4362506.png",
    "birthdate": "Birthdate4/5/2000 (25)",
    "birthplace": null,
    "experience": null,
    "draftInfo": "Draft Info2021: Rd 1, Pk 30 (BUF)"
  },
  {
    "team": "BUF",
    "number": "",
    "name": "Paris Shand",
    "position": "DE",
    "height": "--",
    "weight": "6' 4\"",
    "age": "275 lbs",
    "college": "R",
    "playerId": "4697755",
    "profileUrl": "https://www.espn.com/nfl/player/_/id/4697755/paris-shand",
    "headshot": "https://a.espncdn.com/combiner/i?img=/i/headshots/college-football/players/full/4697755.png",
    "birthdate": null,
    "birthplace": "BirthplaceToronto, ON",
    "experience": "ExperienceRookie",
    "draftInfo": null
  },
  {
    "team": "BUF",
    "number": "",
    "name": "Javon Solomon56",
    "position": "DE",
    "height": "24",
    "weight": "6' 1\"",
    "age": "247 lbs",
    "college": "R",
    "playerId": "4428548",
    "profileUrl": "https://www.espn.com/nfl/player/_/id/4428548/javon-solomon",
    "headshot": "https://a.espncdn.com/combiner/i?img=/i/headshots/nfl/players/full/4428548.png",
    "birthdate": "Birthdate1/17/2001 (24)",
    "birthplace": null,
    "experience": null,
    "draftInfo": "Draft Info2024: Rd 5, Pk 168 (BUF)"
  },
  {
    "team": "BUF",
    "number": "",
    "name": "Devin Brandt-Epps",
    "position": "DT",
    "height": "--",
    "weight": "6' 3\"",
    "age": "303 lbs",
    "college": "R",
    "playerId": "4875878",
    "profileUrl": "https://www.espn.com/nfl/player/_/id/4875878/devin-brandt-epps",
    "headshot": "https://a.espncdn.com/combiner/i?img=/i/headshots/college-football/players/full/4875878.png",
    "birthdate": null,
    "birthplace": "BirthplaceMuskogee, OK",
    "experience": "ExperienceRookie",
    "draftInfo": null
  },
  {
    "team": "BUF",
    "number": "",
    "name": "DeWayne Carter90",
    "position": "DT",
    "height": "24",
    "weight": "6' 3\"",
    "age": "305 lbs",
    "college": "R",
    "playerId": "4426883",
    "profileUrl": "https://www.espn.com/nfl/player/_/id/4426883/dewayne-carter",
    "headshot": "https://a.espncdn.com/combiner/i?img=/i/headshots/nfl/players/full/4426883.png",
    "birthdate": "Birthdate12/10/2000 (24)",
    "birthplace": null,
    "experience": null,
    "draftInfo": "Draft Info2024: Rd 3, Pk 95 (BUF)"
  },
  {
    "team": "BUF",
    "number": "",
    "name": "DaQuan Jones92",
    "position": "DT",
    "height": "33",
    "weight": "6' 4\"",
    "age": "320 lbs",
    "college": "11",
    "playerId": "16910",
    "profileUrl": "https://www.espn.com/nfl/player/_/id/16910/daquan-jones",
    "headshot": "https://a.espncdn.com/combiner/i?img=/i/headshots/nfl/players/full/16910.png",
    "birthdate": "Birthdate12/17/1991 (33)",
    "birthplace": null,
    "experience": null,
    "draftInfo": "Draft Info2014: Rd 4, Pk 112 (TEN)"
  },
  {
    "team": "BUF",
    "number": "",
    "name": "Zion Logue93",
    "position": "DT",
    "height": "22",
    "weight": "6' 6\"",
    "age": "314 lbs",
    "college": "R",
    "playerId": "4427826",
    "profileUrl": "https://www.espn.com/nfl/player/_/id/4427826/zion-logue",
    "headshot": "https://a.espncdn.com/combiner/i?img=/i/headshots/nfl/players/full/4427826.png",
    "birthdate": "Birthdate7/13/2002 (22)",
    "birthplace": null,
    "experience": null,
    "draftInfo": "Draft Info2024: Rd 6, Pk 197 (ATL)"
  },
  {
    "team": "BUF",
    "number": "",
    "name": "Larry Ogunjobi",
    "position": "DT",
    "height": "30",
    "weight": "6' 3\"",
    "age": "305 lbs",
    "college": "8",
    "playerId": "3050122",
    "profileUrl": "https://www.espn.com/nfl/player/_/id/3050122/larry-ogunjobi",
    "headshot": "https://a.espncdn.com/combiner/i?img=/i/headshots/nfl/players/full/3050122.png",
    "birthdate": "Birthdate6/3/1994 (30)",
    "birthplace": null,
    "experience": null,
    "draftInfo": "Draft Info2017: Rd 3, Pk 65 (CLE)"
  },
  {
    "team": "BUF",
    "number": "",
    "name": "Ed Oliver91",
    "position": "DT",
    "height": "27",
    "weight": "6' 1\"",
    "age": "287 lbs",
    "college": "6",
    "playerId": "4039303",
    "profileUrl": "https://www.espn.com/nfl/player/_/id/4039303/ed-oliver",
    "headshot": "https://a.espncdn.com/combiner/i?img=/i/headshots/nfl/players/full/4039303.png",
    "birthdate": "Birthdate12/12/1997 (27)",
    "birthplace": null,
    "experience": null,
    "draftInfo": "Draft Info2019: Rd 1, Pk 9 (BUF)"
  },
  {
    "team": "BUF",
    "number": "",
    "name": "Casey Rogers",
    "position": "DT",
    "height": "26",
    "weight": "6' 5\"",
    "age": "305 lbs",
    "college": "R",
    "playerId": "4361189",
    "profileUrl": "https://www.espn.com/nfl/player/_/id/4361189/casey-rogers",
    "headshot": "https://a.espncdn.com/combiner/i?img=/i/headshots/nfl/players/full/4361189.png",
    "birthdate": "Birthdate12/18/1998 (26)",
    "birthplace": null,
    "experience": "ExperienceRookie",
    "draftInfo": null
  },
  {
    "team": "BUF",
    "number": "",
    "name": "T.J. Sanders90",
    "position": "DT",
    "height": "21",
    "weight": "6' 4\"",
    "age": "290 lbs",
    "college": "R",
    "playerId": "4684527",
    "profileUrl": "https://www.espn.com/nfl/player/_/id/4684527/tj-sanders",
    "headshot": "https://a.espncdn.com/combiner/i?img=/i/headshots/nfl/players/full/4684527.png",
    "birthdate": "Birthdate7/30/2003 (21)",
    "birthplace": null,
    "experience": null,
    "draftInfo": "Draft Info2025: Rd 2, Pk 41 (BUF)"
  },
  {
    "team": "BUF",
    "number": "",
    "name": "Deone Walker",
    "position": "DT",
    "height": "21",
    "weight": "6' 6\"",
    "age": "345 lbs",
    "college": "R",
    "playerId": "4831989",
    "profileUrl": "https://www.espn.com/nfl/player/_/id/4831989/deone-walker",
    "headshot": "https://a.espncdn.com/combiner/i?img=/i/headshots/nfl/players/full/4831989.png",
    "birthdate": "Birthdate3/11/2004 (21)",
    "birthplace": null,
    "experience": null,
    "draftInfo": "Draft Info2025: Rd 4, Pk 109 (BUF)"
  },
  {
    "team": "BUF",
    "number": "",
    "name": "Joe Andreessen44",
    "position": "LB",
    "height": "25",
    "weight": "6' 1\"",
    "age": "232 lbs",
    "college": "R",
    "playerId": "4366349",
    "profileUrl": "https://www.espn.com/nfl/player/_/id/4366349/joe-andreessen",
    "headshot": "https://a.espncdn.com/combiner/i?img=/i/headshots/nfl/players/full/4366349.png",
    "birthdate": "Birthdate2/7/2000 (25)",
    "birthplace": null,
    "experience": "ExperienceRookie",
    "draftInfo": null
  },
  {
    "team": "BUF",
    "number": "",
    "name": "Terrel Bernard43",
    "position": "LB",
    "height": "26",
    "weight": "6' 1\"",
    "age": "224 lbs",
    "college": "3",
    "playerId": "4259166",
    "profileUrl": "https://www.espn.com/nfl/player/_/id/4259166/terrel-bernard",
    "headshot": "https://a.espncdn.com/combiner/i?img=/i/headshots/nfl/players/full/4259166.png",
    "birthdate": "Birthdate5/7/1999 (26)",
    "birthplace": null,
    "experience": null,
    "draftInfo": "Draft Info2022: Rd 3, Pk 89 (BUF)"
  },
  {
    "team": "BUF",
    "number": "",
    "name": "Joey Bosa",
    "position": "LB",
    "height": "29",
    "weight": "6' 5\"",
    "age": "280 lbs",
    "college": "9",
    "playerId": "3051389",
    "profileUrl": "https://www.espn.com/nfl/player/_/id/3051389/joey-bosa",
    "headshot": "https://a.espncdn.com/combiner/i?img=/i/headshots/nfl/players/full/3051389.png",
    "birthdate": "Birthdate7/11/1995 (29)",
    "birthplace": null,
    "experience": null,
    "draftInfo": "Draft Info2016: Rd 1, Pk 3 (SD)"
  },
  {
    "team": "BUF",
    "number": "",
    "name": "Michael Hoecht",
    "position": "LB",
    "height": "27",
    "weight": "6' 4\"",
    "age": "267 lbs",
    "college": "4",
    "playerId": "4033234",
    "profileUrl": "https://www.espn.com/nfl/player/_/id/4033234/michael-hoecht",
    "headshot": "https://a.espncdn.com/combiner/i?img=/i/headshots/nfl/players/full/4033234.png",
    "birthdate": "Birthdate10/5/1997 (27)",
    "birthplace": null,
    "experience": "Experience4th Season",
    "draftInfo": null
  },
  {
    "team": "BUF",
    "number": "",
    "name": "Keonta Jenkins",
    "position": "LB",
    "height": "--",
    "weight": "6' 3\"",
    "age": "219 lbs",
    "college": "R",
    "playerId": "4577066",
    "profileUrl": "https://www.espn.com/nfl/player/_/id/4577066/keonta-jenkins",
    "headshot": "https://a.espncdn.com/combiner/i?img=/i/headshots/college-football/players/full/4577066.png",
    "birthdate": null,
    "birthplace": "BirthplaceJacksonville, FL",
    "experience": "ExperienceRookie",
    "draftInfo": null
  },
  {
    "team": "BUF",
    "number": "",
    "name": "Matt Milano58",
    "position": "LB",
    "height": "30",
    "weight": "6' 0\"",
    "age": "223 lbs",
    "college": "8",
    "playerId": "3046287",
    "profileUrl": "https://www.espn.com/nfl/player/_/id/3046287/matt-milano",
    "headshot": "https://a.espncdn.com/combiner/i?img=/i/headshots/nfl/players/full/3046287.png",
    "birthdate": "Birthdate7/28/1994 (30)",
    "birthplace": null,
    "experience": null,
    "draftInfo": "Draft Info2017: Rd 5, Pk 163 (BUF)"
  },
  {
    "team": "BUF",
    "number": "",
    "name": "Baylon Spector54",
    "position": "LB",
    "height": "26",
    "weight": "6' 0\"",
    "age": "233 lbs",
    "college": "3",
    "playerId": "4239997",
    "profileUrl": "https://www.espn.com/nfl/player/_/id/4239997/baylon-spector",
    "headshot": "https://a.espncdn.com/combiner/i?img=/i/headshots/nfl/players/full/4239997.png",
    "birthdate": "Birthdate10/20/1998 (26)",
    "birthplace": null,
    "experience": null,
    "draftInfo": "Draft Info2022: Rd 7, Pk 231 (BUF)"
  },
  {
    "team": "BUF",
    "number": "",
    "name": "Edefuan Ulofoshio48",
    "position": "LB",
    "height": "25",
    "weight": "6' 1\"",
    "age": "239 lbs",
    "college": "R",
    "playerId": "4374280",
    "profileUrl": "https://www.espn.com/nfl/player/_/id/4374280/edefuan-ulofoshio",
    "headshot": "https://a.espncdn.com/combiner/i?img=/i/headshots/nfl/players/full/4374280.png",
    "birthdate": "Birthdate1/23/2000 (25)",
    "birthplace": null,
    "experience": null,
    "draftInfo": "Draft Info2024: Rd 5, Pk 160 (BUF)"
  },
  {
    "team": "BUF",
    "number": "",
    "name": "Dorian Williams42",
    "position": "LB",
    "height": "23",
    "weight": "6' 2\"",
    "age": "230 lbs",
    "college": "2",
    "playerId": "4568624",
    "profileUrl": "https://www.espn.com/nfl/player/_/id/4568624/dorian-williams",
    "headshot": "https://a.espncdn.com/combiner/i?img=/i/headshots/nfl/players/full/4568624.png",
    "birthdate": "Birthdate6/28/2001 (23)",
    "birthplace": null,
    "experience": null,
    "draftInfo": "Draft Info2023: Rd 3, Pk 91 (BUF)"
  },
  {
    "team": "BUF",
    "number": "",
    "name": "Christian Benford47",
    "position": "CB",
    "height": "24",
    "weight": "6' 1\"",
    "age": "205 lbs",
    "college": "3",
    "playerId": "4379778",
    "profileUrl": "https://www.espn.com/nfl/player/_/id/4379778/christian-benford",
    "headshot": "https://a.espncdn.com/combiner/i?img=/i/headshots/nfl/players/full/4379778.png",
    "birthdate": "Birthdate9/21/2000 (24)",
    "birthplace": null,
    "experience": null,
    "draftInfo": "Draft Info2022: Rd 6, Pk 185 (BUF)"
  },
  {
    "team": "BUF",
    "number": "",
    "name": "Brandon Codrington29",
    "position": "CB",
    "height": "24",
    "weight": "5' 9\"",
    "age": "185 lbs",
    "college": "R",
    "playerId": "4576069",
    "profileUrl": "https://www.espn.com/nfl/player/_/id/4576069/brandon-codrington",
    "headshot": "https://a.espncdn.com/combiner/i?img=/i/headshots/nfl/players/full/4576069.png",
    "birthdate": "Birthdate11/17/2000 (24)",
    "birthplace": null,
    "experience": "ExperienceRookie",
    "draftInfo": null
  },
  {
    "team": "BUF",
    "number": "",
    "name": "Te'Cory Couch33",
    "position": "CB",
    "height": "25",
    "weight": "5' 10\"",
    "age": "175 lbs",
    "college": "R",
    "playerId": "4427348",
    "profileUrl": "https://www.espn.com/nfl/player/_/id/4427348/tecory-couch",
    "headshot": "https://a.espncdn.com/combiner/i?img=/i/headshots/nfl/players/full/4427348.png",
    "birthdate": "Birthdate9/6/1999 (25)",
    "birthplace": null,
    "experience": "ExperienceRookie",
    "draftInfo": null
  },
  {
    "team": "BUF",
    "number": "",
    "name": "Maxwell Hairston",
    "position": "CB",
    "height": "21",
    "weight": "6' 1\"",
    "age": "186 lbs",
    "college": "R",
    "playerId": "4688931",
    "profileUrl": "https://www.espn.com/nfl/player/_/id/4688931/maxwell-hairston",
    "headshot": "https://a.espncdn.com/combiner/i?img=/i/headshots/nfl/players/full/4688931.png",
    "birthdate": "Birthdate8/6/2003 (21)",
    "birthplace": null,
    "experience": null,
    "draftInfo": "Draft Info2025: Rd 1, Pk 30 (BUF)"
  },
  {
    "team": "BUF",
    "number": "",
    "name": "Jordan Hancock",
    "position": "CB",
    "height": "21",
    "weight": "6' 1\"",
    "age": "195 lbs",
    "college": "R",
    "playerId": "4596480",
    "profileUrl": "https://www.espn.com/nfl/player/_/id/4596480/jordan-hancock",
    "headshot": "https://a.espncdn.com/combiner/i?img=/i/headshots/nfl/players/full/4596480.png",
    "birthdate": "Birthdate8/12/2003 (21)",
    "birthplace": null,
    "experience": null,
    "draftInfo": "Draft Info2025: Rd 5, Pk 170 (BUF)"
  },
  {
    "team": "BUF",
    "number": "",
    "name": "Daequan Hardy25",
    "position": "CB",
    "height": "23",
    "weight": "5' 9\"",
    "age": "178 lbs",
    "college": "R",
    "playerId": "4429743",
    "profileUrl": "https://www.espn.com/nfl/player/_/id/4429743/daequan-hardy",
    "headshot": "https://a.espncdn.com/combiner/i?img=/i/headshots/nfl/players/full/4429743.png",
    "birthdate": "Birthdate6/13/2001 (23)",
    "birthplace": null,
    "experience": null,
    "draftInfo": "Draft Info2024: Rd 6, Pk 219 (BUF)"
  },
  {
    "team": "BUF",
    "number": "",
    "name": "Ja'Marcus Ingram46",
    "position": "CB",
    "height": "27",
    "weight": "6' 2\"",
    "age": "190 lbs",
    "college": "1",
    "playerId": "4240059",
    "profileUrl": "https://www.espn.com/nfl/player/_/id/4240059/jamarcus-ingram",
    "headshot": "https://a.espncdn.com/combiner/i?img=/i/headshots/nfl/players/full/4240059.png",
    "birthdate": "Birthdate9/2/1997 (27)",
    "birthplace": null,
    "experience": "Experience1st Season",
    "draftInfo": null
  },
  {
    "team": "BUF",
    "number": "",
    "name": "Dane Jackson",
    "position": "CB",
    "height": "28",
    "weight": "5' 11\"",
    "age": "180 lbs",
    "college": "5",
    "playerId": "3895791",
    "profileUrl": "https://www.espn.com/nfl/player/_/id/3895791/dane-jackson",
    "headshot": "https://a.espncdn.com/combiner/i?img=/i/headshots/nfl/players/full/3895791.png",
    "birthdate": "Birthdate11/29/1996 (28)",
    "birthplace": null,
    "experience": null,
    "draftInfo": "Draft Info2020: Rd 7, Pk 239 (BUF)"
  },
  {
    "team": "BUF",
    "number": "",
    "name": "Taron Johnson7",
    "position": "CB",
    "height": "28",
    "weight": "5' 11\"",
    "age": "192 lbs",
    "college": "7",
    "playerId": "3121003",
    "profileUrl": "https://www.espn.com/nfl/player/_/id/3121003/taron-johnson",
    "headshot": "https://a.espncdn.com/combiner/i?img=/i/headshots/nfl/players/full/3121003.png",
    "birthdate": "Birthdate7/27/1996 (28)",
    "birthplace": null,
    "experience": null,
    "draftInfo": "Draft Info2018: Rd 4, Pk 121 (BUF)"
  },
  {
    "team": "BUF",
    "number": "",
    "name": "Cam Lewis39",
    "position": "CB",
    "height": "28",
    "weight": "5' 9\"",
    "age": "183 lbs",
    "college": "5",
    "playerId": "3916577",
    "profileUrl": "https://www.espn.com/nfl/player/_/id/3916577/cam-lewis",
    "headshot": "https://a.espncdn.com/combiner/i?img=/i/headshots/nfl/players/full/3916577.png",
    "birthdate": "Birthdate4/13/1997 (28)",
    "birthplace": null,
    "experience": "Experience5th Season",
    "draftInfo": null
  },
  {
    "team": "BUF",
    "number": "",
    "name": "Daryl Porter Jr.",
    "position": "CB",
    "height": "--",
    "weight": "5' 10\"",
    "age": "185 lbs",
    "college": "R",
    "playerId": "4691005",
    "profileUrl": "https://www.espn.com/nfl/player/_/id/4691005/daryl-porter-jr",
    "headshot": "https://a.espncdn.com/combiner/i?img=/i/headshots/college-football/players/full/4691005.png",
    "birthdate": null,
    "birthplace": "BirthplaceFort Lauderdale, FL",
    "experience": "ExperienceRookie",
    "draftInfo": null
  },
  {
    "team": "BUF",
    "number": "",
    "name": "Dorian Strong",
    "position": "CB",
    "height": "23",
    "weight": "6' 1\"",
    "age": "185 lbs",
    "college": "R",
    "playerId": "4568703",
    "profileUrl": "https://www.espn.com/nfl/player/_/id/4568703/dorian-strong",
    "headshot": "https://a.espncdn.com/combiner/i?img=/i/headshots/nfl/players/full/4568703.png",
    "birthdate": "Birthdate3/14/2002 (23)",
    "birthplace": null,
    "experience": null,
    "draftInfo": "Draft Info2025: Rd 6, Pk 177 (BUF)"
  },
  {
    "team": "BUF",
    "number": "",
    "name": "Tre'Davious White",
    "position": "CB",
    "height": "30",
    "weight": "5' 11\"",
    "age": "192 lbs",
    "college": "8",
    "playerId": "3042717",
    "profileUrl": "https://www.espn.com/nfl/player/_/id/3042717/tredavious-white",
    "headshot": "https://a.espncdn.com/combiner/i?img=/i/headshots/nfl/players/full/3042717.png",
    "birthdate": "Birthdate1/16/1995 (30)",
    "birthplace": null,
    "experience": null,
    "draftInfo": "Draft Info2017: Rd 1, Pk 27 (BUF)"
  },
  {
    "team": "BUF",
    "number": "",
    "name": "Cole Bishop24",
    "position": "S",
    "height": "22",
    "weight": "6' 2\"",
    "age": "207 lbs",
    "college": "R",
    "playerId": "4676004",
    "profileUrl": "https://www.espn.com/nfl/player/_/id/4676004/cole-bishop",
    "headshot": "https://a.espncdn.com/combiner/i?img=/i/headshots/nfl/players/full/4676004.png",
    "birthdate": "Birthdate10/24/2002 (22)",
    "birthplace": null,
    "experience": null,
    "draftInfo": "Draft Info2024: Rd 2, Pk 60 (BUF)"
  },
  {
    "team": "BUF",
    "number": "",
    "name": "Darrick Forrest",
    "position": "S",
    "height": "25",
    "weight": "5' 11\"",
    "age": "200 lbs",
    "college": "4",
    "playerId": "4239088",
    "profileUrl": "https://www.espn.com/nfl/player/_/id/4239088/darrick-forrest",
    "headshot": "https://a.espncdn.com/combiner/i?img=/i/headshots/nfl/players/full/4239088.png",
    "birthdate": "Birthdate5/22/1999 (25)",
    "birthplace": null,
    "experience": null,
    "draftInfo": "Draft Info2021: Rd 5, Pk 163 (WSH)"
  },
  {
    "team": "BUF",
    "number": "",
    "name": "Damar Hamlin3",
    "position": "S",
    "height": "27",
    "weight": "6' 0\"",
    "age": "200 lbs",
    "college": "4",
    "playerId": "4036060",
    "profileUrl": "https://www.espn.com/nfl/player/_/id/4036060/damar-hamlin",
    "headshot": "https://a.espncdn.com/combiner/i?img=/i/headshots/nfl/players/full/4036060.png",
    "birthdate": "Birthdate3/24/1998 (27)",
    "birthplace": null,
    "experience": null,
    "draftInfo": "Draft Info2021: Rd 6, Pk 212 (BUF)"
  },
  {
    "team": "BUF",
    "number": "",
    "name": "Wande Owens",
    "position": "S",
    "height": "--",
    "weight": "5' 11\"",
    "age": "212 lbs",
    "college": "R",
    "playerId": "4573684",
    "profileUrl": "https://www.espn.com/nfl/player/_/id/4573684/wande-owens",
    "headshot": "https://a.espncdn.com/combiner/i?img=/i/teamlogos/nfl/500/buf.png",
    "birthdate": null,
    "birthplace": "BirthplaceCooksville, MD",
    "experience": "ExperienceRookie",
    "draftInfo": null
  },
  {
    "team": "BUF",
    "number": "",
    "name": "Taylor Rapp9",
    "position": "S",
    "height": "27",
    "weight": "6' 0\"",
    "age": "208 lbs",
    "college": "6",
    "playerId": "4039007",
    "profileUrl": "https://www.espn.com/nfl/player/_/id/4039007/taylor-rapp",
    "headshot": "https://a.espncdn.com/combiner/i?img=/i/headshots/nfl/players/full/4039007.png",
    "birthdate": "Birthdate12/22/1997 (27)",
    "birthplace": null,
    "experience": null,
    "draftInfo": "Draft Info2019: Rd 2, Pk 61 (LAR)"
  },
  {
    "team": "BUF",
    "number": "",
    "name": "Tyler Bass2",
    "position": "PK",
    "height": "28",
    "weight": "5' 10\"",
    "age": "183 lbs",
    "college": "5",
    "playerId": "3917232",
    "profileUrl": "https://www.espn.com/nfl/player/_/id/3917232/tyler-bass",
    "headshot": "https://a.espncdn.com/combiner/i?img=/i/headshots/nfl/players/full/3917232.png",
    "birthdate": "Birthdate2/14/1997 (28)",
    "birthplace": null,
    "experience": null,
    "draftInfo": "Draft Info2020: Rd 6, Pk 188 (BUF)"
  },
  {
    "team": "BUF",
    "number": "",
    "name": "Jake Camarda",
    "position": "P",
    "height": "26",
    "weight": "6' 1\"",
    "age": "193 lbs",
    "college": "3",
    "playerId": "4379396",
    "profileUrl": "https://www.espn.com/nfl/player/_/id/4379396/jake-camarda",
    "headshot": "https://a.espncdn.com/combiner/i?img=/i/headshots/nfl/players/full/4379396.png",
    "birthdate": "Birthdate4/20/1999 (26)",
    "birthplace": null,
    "experience": null,
    "draftInfo": "Draft Info2022: Rd 4, Pk 133 (TB)"
  },
  {
    "team": "BUF",
    "number": "",
    "name": "Brad Robbins",
    "position": "P",
    "height": "26",
    "weight": "6' 1\"",
    "age": "205 lbs",
    "college": "2",
    "playerId": "4258197",
    "profileUrl": "https://www.espn.com/nfl/player/_/id/4258197/brad-robbins",
    "headshot": "https://a.espncdn.com/combiner/i?img=/i/headshots/nfl/players/full/4258197.png",
    "birthdate": "Birthdate10/6/1998 (26)",
    "birthplace": null,
    "experience": null,
    "draftInfo": "Draft Info2023: Rd 6, Pk 217 (CIN)"
  },
  {
    "team": "BUF",
    "number": "",
    "name": "Reid Ferguson69",
    "position": "LS",
    "height": "31",
    "weight": "6' 2\"",
    "age": "235 lbs",
    "college": "8",
    "playerId": "2976549",
    "profileUrl": "https://www.espn.com/nfl/player/_/id/2976549/reid-ferguson",
    "headshot": "https://a.espncdn.com/combiner/i?img=/i/headshots/nfl/players/full/2976549.png",
    "birthdate": "Birthdate3/24/1994 (31)",
    "birthplace": null,
    "experience": "Experience8th Season",
    "draftInfo": null
  }
]