[
  {
    "team": "CAR",
    "number": "",
    "name": "Andy Dalton14",
    "position": "QB",
    "height": "37",
    "weight": "6' 2\"",
    "age": "220 lbs",
    "college": "14",
    "playerId": "14012",
    "profileUrl": "https://www.espn.com/nfl/player/_/id/14012/andy-dalton",
    "headshot": "https://a.espncdn.com/combiner/i?img=/i/headshots/nfl/players/full/14012.png",
    "birthdate": "Birthdate10/29/1987 (37)",
    "birthplace": null,
    "experience": null,
    "draftInfo": "Draft Info2011: Rd 2, Pk 35 (CIN)"
  },
  {
    "team": "CAR",
    "number": "",
    "name": "Ethan Garbers",
    "position": "QB",
    "height": "--",
    "weight": "6' 3\"",
    "age": "210 lbs",
    "college": "R",
    "playerId": "4429068",
    "profileUrl": "https://www.espn.com/nfl/player/_/id/4429068/ethan-garbers",
    "headshot": "https://a.espncdn.com/combiner/i?img=/i/headshots/college-football/players/full/4429068.png",
    "birthdate": null,
    "birthplace": "BirthplaceNewport Beach, CA",
    "experience": "ExperienceRookie",
    "draftInfo": null
  },
  {
    "team": "CAR",
    "number": "",
    "name": "Jack Plummer16",
    "position": "QB",
    "height": "25",
    "weight": "6' 5\"",
    "age": "215 lbs",
    "college": "R",
    "playerId": "4361493",
    "profileUrl": "https://www.espn.com/nfl/player/_/id/4361493/jack-plummer",
    "headshot": "https://a.espncdn.com/combiner/i?img=/i/headshots/nfl/players/full/4361493.png",
    "birthdate": "Birthdate10/21/1999 (25)",
    "birthplace": null,
    "experience": "ExperienceRookie",
    "draftInfo": null
  },
  {
    "team": "CAR",
    "number": "",
    "name": "Bryce Young9",
    "position": "QB",
    "height": "23",
    "weight": "5' 10\"",
    "age": "204 lbs",
    "college": "2",
    "playerId": "4685720",
    "profileUrl": "https://www.espn.com/nfl/player/_/id/4685720/bryce-young",
    "headshot": "https://a.espncdn.com/combiner/i?img=/i/headshots/nfl/players/full/4685720.png",
    "birthdate": "Birthdate7/25/2001 (23)",
    "birthplace": null,
    "experience": null,
    "draftInfo": "Draft Info2023: Rd 1, Pk 1 (CAR)"
  },
  {
    "team": "CAR",
    "number": "",
    "name": "Emani Bailey39",
    "position": "RB",
    "height": "23",
    "weight": "5' 7\"",
    "age": "202 lbs",
    "college": "R",
    "playerId": "4565761",
    "profileUrl": "https://www.espn.com/nfl/player/_/id/4565761/emani-bailey",
    "headshot": "https://a.espncdn.com/combiner/i?img=/i/headshots/nfl/players/full/4565761.png",
    "birthdate": "Birthdate11/28/2001 (23)",
    "birthplace": null,
    "experience": "ExperienceRookie",
    "draftInfo": null
  },
  {
    "team": "CAR",
    "number": "",
    "name": "Raheem Blackshear3",
    "position": "RB",
    "height": "26",
    "weight": "5' 9\"",
    "age": "190 lbs",
    "college": "3",
    "playerId": "4259308",
    "profileUrl": "https://www.espn.com/nfl/player/_/id/4259308/raheem-blackshear",
    "headshot": "https://a.espncdn.com/combiner/i?img=/i/headshots/nfl/players/full/4259308.png",
    "birthdate": "Birthdate6/5/1998 (26)",
    "birthplace": null,
    "experience": "Experience3rd Season",
    "draftInfo": null
  },
  {
    "team": "CAR",
    "number": "",
    "name": "Rico Dowdle",
    "position": "RB",
    "height": "26",
    "weight": "6' 0\"",
    "age": "215 lbs",
    "college": "5",
    "playerId": "4038815",
    "profileUrl": "https://www.espn.com/nfl/player/_/id/4038815/rico-dowdle",
    "headshot": "https://a.espncdn.com/combiner/i?img=/i/headshots/nfl/players/full/4038815.png",
    "birthdate": "Birthdate6/14/1998 (26)",
    "birthplace": null,
    "experience": "Experience5th Season",
    "draftInfo": null
  },
  {
    "team": "CAR",
    "number": "",
    "name": "Trevor Etienne",
    "position": "RB",
    "height": "20",
    "weight": "5' 9\"",
    "age": "205 lbs",
    "college": "R",
    "playerId": "4685350",
    "profileUrl": "https://www.espn.com/nfl/player/_/id/4685350/trevor-etienne",
    "headshot": "https://a.espncdn.com/combiner/i?img=/i/headshots/nfl/players/full/4685350.png",
    "birthdate": "Birthdate7/9/2004 (20)",
    "birthplace": null,
    "experience": null,
    "draftInfo": "Draft Info2025: Rd 4, Pk 114 (CAR)"
  },
  {
    "team": "CAR",
    "number": "",
    "name": "Chuba Hubbard30",
    "position": "RB",
    "height": "25",
    "weight": "6' 1\"",
    "age": "210 lbs",
    "college": "4",
    "playerId": "4241416",
    "profileUrl": "https://www.espn.com/nfl/player/_/id/4241416/chuba-hubbard",
    "headshot": "https://a.espncdn.com/combiner/i?img=/i/headshots/nfl/players/full/4241416.png",
    "birthdate": "Birthdate6/11/1999 (25)",
    "birthplace": null,
    "experience": null,
    "draftInfo": "Draft Info2021: Rd 4, Pk 126 (CAR)"
  },
  {
    "team": "CAR",
    "number": "",
    "name": "Kay'Ron Lynch-Adams",
    "position": "RB",
    "height": "--",
    "weight": "5' 10\"",
    "age": "215 lbs",
    "college": "R",
    "playerId": "4426530",
    "profileUrl": "https://www.espn.com/nfl/player/_/id/4426530/kayron-lynch-adams",
    "headshot": "https://a.espncdn.com/combiner/i?img=/i/headshots/college-football/players/full/4426530.png",
    "birthdate": null,
    "birthplace": "BirthplaceWarren, OH",
    "experience": "ExperienceRookie",
    "draftInfo": null
  },
  {
    "team": "CAR",
    "number": "",
    "name": "Dan Chisena88",
    "position": "WR",
    "height": "28",
    "weight": "6' 3\"",
    "age": "202 lbs",
    "college": "4",
    "playerId": "3929637",
    "profileUrl": "https://www.espn.com/nfl/player/_/id/3929637/dan-chisena",
    "headshot": "https://a.espncdn.com/combiner/i?img=/i/headshots/nfl/players/full/3929637.png",
    "birthdate": "Birthdate2/25/1997 (28)",
    "birthplace": null,
    "experience": "Experience4th Season",
    "draftInfo": null
  },
  {
    "team": "CAR",
    "number": "",
    "name": "Jalen Coker18",
    "position": "WR",
    "height": "23",
    "weight": "6' 3\"",
    "age": "213 lbs",
    "college": "R",
    "playerId": "4695883",
    "profileUrl": "https://www.espn.com/nfl/player/_/id/4695883/jalen-coker",
    "headshot": "https://a.espncdn.com/combiner/i?img=/i/headshots/nfl/players/full/4695883.png",
    "birthdate": "Birthdate10/30/2001 (23)",
    "birthplace": null,
    "experience": "ExperienceRookie",
    "draftInfo": null
  },
  {
    "team": "CAR",
    "number": "",
    "name": "Jacolby George",
    "position": "WR",
    "height": "22",
    "weight": "6' 0\"",
    "age": "176 lbs",
    "college": "R",
    "playerId": "4567784",
    "profileUrl": "https://www.espn.com/nfl/player/_/id/4567784/jacolby-george",
    "headshot": "https://a.espncdn.com/combiner/i?img=/i/headshots/college-football/players/full/4567784.png",
    "birthdate": "Birthdate1/25/2003 (22)",
    "birthplace": null,
    "experience": "ExperienceRookie",
    "draftInfo": null
  },
  {
    "team": "CAR",
    "number": "",
    "name": "Jimmy Horn Jr.",
    "position": "WR",
    "height": "22",
    "weight": "5' 10\"",
    "age": "170 lbs",
    "college": "R",
    "playerId": "4708486",
    "profileUrl": "https://www.espn.com/nfl/player/_/id/4708486/jimmy-horn-jr",
    "headshot": "https://a.espncdn.com/combiner/i?img=/i/headshots/nfl/players/full/4708486.png",
    "birthdate": "Birthdate9/12/2002 (22)",
    "birthplace": null,
    "experience": null,
    "draftInfo": "Draft Info2025: Rd 6, Pk 208 (CAR)"
  },
  {
    "team": "CAR",
    "number": "",
    "name": "Kobe Hudson",
    "position": "WR",
    "height": "--",
    "weight": "6' 1\"",
    "age": "200 lbs",
    "college": "R",
    "playerId": "4429056",
    "profileUrl": "https://www.espn.com/nfl/player/_/id/4429056/kobe-hudson",
    "headshot": "https://a.espncdn.com/combiner/i?img=/i/headshots/college-football/players/full/4429056.png",
    "birthdate": null,
    "birthplace": "BirthplacePine Mountain, GA",
    "experience": "ExperienceRookie",
    "draftInfo": null
  },
  {
    "team": "CAR",
    "number": "",
    "name": "Xavier Legette17",
    "position": "WR",
    "height": "24",
    "weight": "6' 3\"",
    "age": "227 lbs",
    "college": "R",
    "playerId": "4430034",
    "profileUrl": "https://www.espn.com/nfl/player/_/id/4430034/xavier-legette",
    "headshot": "https://a.espncdn.com/combiner/i?img=/i/headshots/nfl/players/full/4430034.png",
    "birthdate": "Birthdate1/29/2001 (24)",
    "birthplace": null,
    "experience": null,
    "draftInfo": "Draft Info2024: Rd 1, Pk 32 (CAR)"
  },
  {
    "team": "CAR",
    "number": "",
    "name": "Tetairoa McMillan",
    "position": "WR",
    "height": "22",
    "weight": "6' 4\"",
    "age": "212 lbs",
    "college": "R",
    "playerId": "4685472",
    "profileUrl": "https://www.espn.com/nfl/player/_/id/4685472/tetairoa-mcmillan",
    "headshot": "https://a.espncdn.com/combiner/i?img=/i/headshots/nfl/players/full/4685472.png",
    "birthdate": "Birthdate4/5/2003 (22)",
    "birthplace": null,
    "experience": null,
    "draftInfo": "Draft Info2025: Rd 1, Pk 8 (CAR)"
  },
  {
    "team": "CAR",
    "number": "",
    "name": "David Moore83",
    "position": "WR",
    "height": "30",
    "weight": "6' 0\"",
    "age": "220 lbs",
    "college": "6",
    "playerId": "4212909",
    "profileUrl": "https://www.espn.com/nfl/player/_/id/4212909/david-moore",
    "headshot": "https://a.espncdn.com/combiner/i?img=/i/headshots/nfl/players/full/4212909.png",
    "birthdate": "Birthdate1/15/1995 (30)",
    "birthplace": null,
    "experience": null,
    "draftInfo": "Draft Info2017: Rd 7, Pk 226 (SEA)"
  },
  {
    "team": "CAR",
    "number": "",
    "name": "Moose Muhammad III",
    "position": "WR",
    "height": "--",
    "weight": "6' 1\"",
    "age": "195 lbs",
    "college": "R",
    "playerId": "4685144",
    "profileUrl": "https://www.espn.com/nfl/player/_/id/4685144/moose-muhammad-iii",
    "headshot": "https://a.espncdn.com/combiner/i?img=/i/headshots/college-football/players/full/4685144.png",
    "birthdate": null,
    "birthplace": "BirthplaceCharlotte, NC",
    "experience": "ExperienceRookie",
    "draftInfo": null
  },
  {
    "team": "CAR",
    "number": "",
    "name": "Hunter Renfrow",
    "position": "WR",
    "height": "29",
    "weight": "5' 10\"",
    "age": "185 lbs",
    "college": "5",
    "playerId": "3135321",
    "profileUrl": "https://www.espn.com/nfl/player/_/id/3135321/hunter-renfrow",
    "headshot": "https://a.espncdn.com/combiner/i?img=/i/headshots/nfl/players/full/3135321.png",
    "birthdate": "Birthdate12/21/1995 (29)",
    "birthplace": null,
    "experience": null,
    "draftInfo": "Draft Info2019: Rd 5, Pk 149 (OAK)"
  },
  {
    "team": "CAR",
    "number": "",
    "name": "Adam Thielen19",
    "position": "WR",
    "height": "34",
    "weight": "6' 2\"",
    "age": "195 lbs",
    "college": "11",
    "playerId": "16460",
    "profileUrl": "https://www.espn.com/nfl/player/_/id/16460/adam-thielen",
    "headshot": "https://a.espncdn.com/combiner/i?img=/i/headshots/nfl/players/full/16460.png",
    "birthdate": "Birthdate8/22/1990 (34)",
    "birthplace": null,
    "experience": "Experience11th Season",
    "draftInfo": null
  },
  {
    "team": "CAR",
    "number": "",
    "name": "Corey Thornton",
    "position": "WR",
    "height": "--",
    "weight": "6' 1\"",
    "age": "195 lbs",
    "college": "R",
    "playerId": "4431426",
    "profileUrl": "https://www.espn.com/nfl/player/_/id/4431426/corey-thornton",
    "headshot": "https://a.espncdn.com/combiner/i?img=/i/headshots/college-football/players/full/4431426.png",
    "birthdate": null,
    "birthplace": "BirthplaceMiami, FL",
    "experience": "ExperienceRookie",
    "draftInfo": null
  },
  {
    "team": "CAR",
    "number": "",
    "name": "Brycen Tremayne",
    "position": "WR",
    "height": "25",
    "weight": "6' 4\"",
    "age": "212 lbs",
    "college": "1",
    "playerId": "4360763",
    "profileUrl": "https://www.espn.com/nfl/player/_/id/4360763/brycen-tremayne",
    "headshot": "https://a.espncdn.com/combiner/i?img=/i/headshots/nfl/players/full/4360763.png",
    "birthdate": "Birthdate11/18/1999 (25)",
    "birthplace": null,
    "experience": "Experience1st Season",
    "draftInfo": null
  },
  {
    "team": "CAR",
    "number": "",
    "name": "Dominique Dafney46",
    "position": "TE",
    "height": "27",
    "weight": "6' 3\"",
    "age": "235 lbs",
    "college": "2",
    "playerId": "4036129",
    "profileUrl": "https://www.espn.com/nfl/player/_/id/4036129/dominique-dafney",
    "headshot": "https://a.espncdn.com/combiner/i?img=/i/headshots/nfl/players/full/4036129.png",
    "birthdate": "Birthdate6/3/1997 (27)",
    "birthplace": null,
    "experience": "Experience2nd Season",
    "draftInfo": null
  },
  {
    "team": "CAR",
    "number": "",
    "name": "Mitchell Evans",
    "position": "TE",
    "height": "22",
    "weight": "6' 5\"",
    "age": "260 lbs",
    "college": "R",
    "playerId": "4683243",
    "profileUrl": "https://www.espn.com/nfl/player/_/id/4683243/mitchell-evans",
    "headshot": "https://a.espncdn.com/combiner/i?img=/i/headshots/nfl/players/full/4683243.png",
    "birthdate": "Birthdate3/18/2003 (22)",
    "birthplace": null,
    "experience": null,
    "draftInfo": "Draft Info2025: Rd 5, Pk 163 (CAR)"
  },
  {
    "team": "CAR",
    "number": "",
    "name": "James Mitchell",
    "position": "TE",
    "height": "25",
    "weight": "6' 4\"",
    "age": "249 lbs",
    "college": "3",
    "playerId": "4361988",
    "profileUrl": "https://www.espn.com/nfl/player/_/id/4361988/james-mitchell",
    "headshot": "https://a.espncdn.com/combiner/i?img=/i/headshots/nfl/players/full/4361988.png",
    "birthdate": "Birthdate8/11/1999 (25)",
    "birthplace": null,
    "experience": null,
    "draftInfo": "Draft Info2022: Rd 5, Pk 177 (DET)"
  },
  {
    "team": "CAR",
    "number": "",
    "name": "Bryce Pierre",
    "position": "TE",
    "height": "--",
    "weight": "6' 5\"",
    "age": "255 lbs",
    "college": "R",
    "playerId": "5082648",
    "profileUrl": "https://www.espn.com/nfl/player/_/id/5082648/bryce-pierre",
    "headshot": "https://a.espncdn.com/combiner/i?img=/i/headshots/college-football/players/full/5082648.png",
    "birthdate": null,
    "birthplace": "BirthplaceRancho Cucamonga, CA",
    "experience": "ExperienceRookie",
    "draftInfo": null
  },
  {
    "team": "CAR",
    "number": "",
    "name": "Ja'Tavion Sanders0",
    "position": "TE",
    "height": "22",
    "weight": "6' 4\"",
    "age": "252 lbs",
    "college": "R",
    "playerId": "4431588",
    "profileUrl": "https://www.espn.com/nfl/player/_/id/4431588/jatavion-sanders",
    "headshot": "https://a.espncdn.com/combiner/i?img=/i/headshots/nfl/players/full/4431588.png",
    "birthdate": "Birthdate3/27/2003 (22)",
    "birthplace": null,
    "experience": null,
    "draftInfo": "Draft Info2024: Rd 4, Pk 101 (CAR)"
  },
  {
    "team": "CAR",
    "number": "",
    "name": "Tommy Tremble82",
    "position": "TE",
    "height": "24",
    "weight": "6' 4\"",
    "age": "250 lbs",
    "college": "4",
    "playerId": "4372780",
    "profileUrl": "https://www.espn.com/nfl/player/_/id/4372780/tommy-tremble",
    "headshot": "https://a.espncdn.com/combiner/i?img=/i/headshots/nfl/players/full/4372780.png",
    "birthdate": "Birthdate6/2/2000 (24)",
    "birthplace": null,
    "experience": null,
    "draftInfo": "Draft Info2021: Rd 3, Pk 83 (CAR)"
  },
  {
    "team": "CAR",
    "number": "",
    "name": "Austin Corbett63",
    "position": "C",
    "height": "29",
    "weight": "6' 4\"",
    "age": "305 lbs",
    "college": "7",
    "playerId": "3056608",
    "profileUrl": "https://www.espn.com/nfl/player/_/id/3056608/austin-corbett",
    "headshot": "https://a.espncdn.com/combiner/i?img=/i/headshots/nfl/players/full/3056608.png",
    "birthdate": "Birthdate12/17/1995 (29)",
    "birthplace": null,
    "experience": null,
    "draftInfo": "Draft Info2018: Rd 2, Pk 33 (CLE)"
  },
  {
    "team": "CAR",
    "number": "",
    "name": "Ja'Tyre Carter65",
    "position": "G",
    "height": "26",
    "weight": "6' 3\"",
    "age": "311 lbs",
    "college": "3",
    "playerId": "4369950",
    "profileUrl": "https://www.espn.com/nfl/player/_/id/4369950/jatyre-carter",
    "headshot": "https://a.espncdn.com/combiner/i?img=/i/headshots/nfl/players/full/4369950.png",
    "birthdate": "Birthdate1/15/1999 (26)",
    "birthplace": null,
    "experience": null,
    "draftInfo": "Draft Info2022: Rd 7, Pk 226 (CHI)"
  },
  {
    "team": "CAR",
    "number": "",
    "name": "Brady Christensen70",
    "position": "G",
    "height": "28",
    "weight": "6' 6\"",
    "age": "300 lbs",
    "college": "4",
    "playerId": "4256062",
    "profileUrl": "https://www.espn.com/nfl/player/_/id/4256062/brady-christensen",
    "headshot": "https://a.espncdn.com/combiner/i?img=/i/headshots/nfl/players/full/4256062.png",
    "birthdate": "Birthdate9/27/1996 (28)",
    "birthplace": null,
    "experience": null,
    "draftInfo": "Draft Info2021: Rd 3, Pk 70 (CAR)"
  },
  {
    "team": "CAR",
    "number": "",
    "name": "Robert Hunt50",
    "position": "G",
    "height": "28",
    "weight": "6' 6\"",
    "age": "323 lbs",
    "college": "5",
    "playerId": "3917592",
    "profileUrl": "https://www.espn.com/nfl/player/_/id/3917592/robert-hunt",
    "headshot": "https://a.espncdn.com/combiner/i?img=/i/headshots/nfl/players/full/3917592.png",
    "birthdate": "Birthdate8/25/1996 (28)",
    "birthplace": null,
    "experience": null,
    "draftInfo": "Draft Info2020: Rd 2, Pk 39 (MIA)"
  },
  {
    "team": "CAR",
    "number": "",
    "name": "Damien Lewis68",
    "position": "G",
    "height": "28",
    "weight": "6' 2\"",
    "age": "327 lbs",
    "college": "5",
    "playerId": "4362647",
    "profileUrl": "https://www.espn.com/nfl/player/_/id/4362647/damien-lewis",
    "headshot": "https://a.espncdn.com/combiner/i?img=/i/headshots/nfl/players/full/4362647.png",
    "birthdate": "Birthdate3/21/1997 (28)",
    "birthplace": null,
    "experience": null,
    "draftInfo": "Draft Info2020: Rd 3, Pk 69 (SEA)"
  },
  {
    "team": "CAR",
    "number": "",
    "name": "Cade Mays64",
    "position": "G",
    "height": "26",
    "weight": "6' 6\"",
    "age": "325 lbs",
    "college": "3",
    "playerId": "4361788",
    "profileUrl": "https://www.espn.com/nfl/player/_/id/4361788/cade-mays",
    "headshot": "https://a.espncdn.com/combiner/i?img=/i/headshots/nfl/players/full/4361788.png",
    "birthdate": "Birthdate4/26/1999 (26)",
    "birthplace": null,
    "experience": null,
    "draftInfo": "Draft Info2022: Rd 6, Pk 199 (CAR)"
  },
  {
    "team": "CAR",
    "number": "",
    "name": "Michael Tarquin",
    "position": "G",
    "height": "--",
    "weight": "6' 6\"",
    "age": "317 lbs",
    "college": "R",
    "playerId": "4567412",
    "profileUrl": "https://www.espn.com/nfl/player/_/id/4567412/michael-tarquin",
    "headshot": "https://a.espncdn.com/combiner/i?img=/i/headshots/college-football/players/full/4567412.png",
    "birthdate": null,
    "birthplace": "BirthplaceOcala, FL",
    "experience": "ExperienceRookie",
    "draftInfo": null
  },
  {
    "team": "CAR",
    "number": "",
    "name": "Chandler Zavala62",
    "position": "G",
    "height": "26",
    "weight": "6' 3\"",
    "age": "322 lbs",
    "college": "2",
    "playerId": "4710661",
    "profileUrl": "https://www.espn.com/nfl/player/_/id/4710661/chandler-zavala",
    "headshot": "https://a.espncdn.com/combiner/i?img=/i/headshots/nfl/players/full/4710661.png",
    "birthdate": "Birthdate4/2/1999 (26)",
    "birthplace": null,
    "experience": null,
    "draftInfo": "Draft Info2023: Rd 4, Pk 114 (CAR)"
  },
  {
    "team": "CAR",
    "number": "",
    "name": "Luke Kandra",
    "position": "OL",
    "height": "--",
    "weight": "6' 4\"",
    "age": "323 lbs",
    "college": "R",
    "playerId": "4430116",
    "profileUrl": "https://www.espn.com/nfl/player/_/id/4430116/luke-kandra",
    "headshot": "https://a.espncdn.com/combiner/i?img=/i/headshots/college-football/players/full/4430116.png",
    "birthdate": null,
    "birthplace": "BirthplaceCincinnati, OH",
    "experience": "ExperienceRookie",
    "draftInfo": null
  },
  {
    "team": "CAR",
    "number": "",
    "name": "Ikem Ekwonu79",
    "position": "OT",
    "height": "24",
    "weight": "6' 4\"",
    "age": "320 lbs",
    "college": "3",
    "playerId": "4427132",
    "profileUrl": "https://www.espn.com/nfl/player/_/id/4427132/ikem-ekwonu",
    "headshot": "https://a.espncdn.com/combiner/i?img=/i/headshots/nfl/players/full/4427132.png",
    "birthdate": "Birthdate10/31/2000 (24)",
    "birthplace": null,
    "experience": null,
    "draftInfo": "Draft Info2022: Rd 1, Pk 6 (CAR)"
  },
  {
    "team": "CAR",
    "number": "",
    "name": "Jarrett Kingston61",
    "position": "OT",
    "height": "25",
    "weight": "6' 4\"",
    "age": "305 lbs",
    "college": "R",
    "playerId": "4373474",
    "profileUrl": "https://www.espn.com/nfl/player/_/id/4373474/jarrett-kingston",
    "headshot": "https://a.espncdn.com/combiner/i?img=/i/headshots/nfl/players/full/4373474.png",
    "birthdate": "Birthdate12/2/1999 (25)",
    "birthplace": null,
    "experience": null,
    "draftInfo": "Draft Info2024: Rd 6, Pk 215 (SF)"
  },
  {
    "team": "CAR",
    "number": "",
    "name": "Taylor Moton72",
    "position": "OT",
    "height": "30",
    "weight": "6' 5\"",
    "age": "325 lbs",
    "college": "8",
    "playerId": "2973051",
    "profileUrl": "https://www.espn.com/nfl/player/_/id/2973051/taylor-moton",
    "headshot": "https://a.espncdn.com/combiner/i?img=/i/headshots/nfl/players/full/2973051.png",
    "birthdate": "Birthdate8/18/1994 (30)",
    "birthplace": null,
    "experience": null,
    "draftInfo": "Draft Info2017: Rd 2, Pk 64 (CAR)"
  },
  {
    "team": "CAR",
    "number": "",
    "name": "Yosh Nijman77",
    "position": "OT",
    "height": "29",
    "weight": "6' 7\"",
    "age": "314 lbs",
    "college": "5",
    "playerId": "3871880",
    "profileUrl": "https://www.espn.com/nfl/player/_/id/3871880/yosh-nijman",
    "headshot": "https://a.espncdn.com/combiner/i?img=/i/headshots/nfl/players/full/3871880.png",
    "birthdate": "Birthdate1/2/1996 (29)",
    "birthplace": null,
    "experience": "Experience5th Season",
    "draftInfo": null
  },
  {
    "team": "CAR",
    "number": "",
    "name": "Brandon Walton73",
    "position": "OT",
    "height": "27",
    "weight": "6' 5\"",
    "age": "300 lbs",
    "college": "3",
    "playerId": "4040778",
    "profileUrl": "https://www.espn.com/nfl/player/_/id/4040778/brandon-walton",
    "headshot": "https://a.espncdn.com/combiner/i?img=/i/headshots/nfl/players/full/4040778.png",
    "birthdate": "Birthdate3/18/1998 (27)",
    "birthplace": null,
    "experience": "Experience3rd Season",
    "draftInfo": null
  },
  {
    "team": "CAR",
    "number": "",
    "name": "Boogie Basham",
    "position": "DE",
    "height": "27",
    "weight": "6' 3\"",
    "age": "274 lbs",
    "college": "4",
    "playerId": "4037239",
    "profileUrl": "https://www.espn.com/nfl/player/_/id/4037239/boogie-basham",
    "headshot": "https://a.espncdn.com/combiner/i?img=/i/headshots/nfl/players/full/4037239.png",
    "birthdate": "Birthdate12/16/1997 (27)",
    "birthplace": null,
    "experience": null,
    "draftInfo": "Draft Info2021: Rd 2, Pk 61 (BUF)"
  },
  {
    "team": "CAR",
    "number": "",
    "name": "Derrick Brown95",
    "position": "DE",
    "height": "27",
    "weight": "6' 5\"",
    "age": "320 lbs",
    "college": "5",
    "playerId": "4035495",
    "profileUrl": "https://www.espn.com/nfl/player/_/id/4035495/derrick-brown",
    "headshot": "https://a.espncdn.com/combiner/i?img=/i/headshots/nfl/players/full/4035495.png",
    "birthdate": "Birthdate4/15/1998 (27)",
    "birthplace": null,
    "experience": null,
    "draftInfo": "Draft Info2020: Rd 1, Pk 7 (CAR)"
  },
  {
    "team": "CAR",
    "number": "",
    "name": "LaBryan Ray93",
    "position": "DE",
    "height": "27",
    "weight": "6' 4\"",
    "age": "290 lbs",
    "college": "2",
    "playerId": "4241473",
    "profileUrl": "https://www.espn.com/nfl/player/_/id/4241473/labryan-ray",
    "headshot": "https://a.espncdn.com/combiner/i?img=/i/headshots/nfl/players/full/4241473.png",
    "birthdate": "Birthdate12/5/1997 (27)",
    "birthplace": null,
    "experience": "Experience2nd Season",
    "draftInfo": null
  },
  {
    "team": "CAR",
    "number": "",
    "name": "A'Shawn Robinson94",
    "position": "DE",
    "height": "30",
    "weight": "6' 3\"",
    "age": "320 lbs",
    "college": "9",
    "playerId": "3054857",
    "profileUrl": "https://www.espn.com/nfl/player/_/id/3054857/ashawn-robinson",
    "headshot": "https://a.espncdn.com/combiner/i?img=/i/headshots/nfl/players/full/3054857.png",
    "birthdate": "Birthdate3/21/1995 (30)",
    "birthplace": null,
    "experience": null,
    "draftInfo": "Draft Info2016: Rd 2, Pk 46 (DET)"
  },
  {
    "team": "CAR",
    "number": "",
    "name": "Bobby Brown III",
    "position": "DT",
    "height": "24",
    "weight": "6' 4\"",
    "age": "324 lbs",
    "college": "4",
    "playerId": "4372518",
    "profileUrl": "https://www.espn.com/nfl/player/_/id/4372518/bobby-brown-iii",
    "headshot": "https://a.espncdn.com/combiner/i?img=/i/headshots/nfl/players/full/4372518.png",
    "birthdate": "Birthdate8/7/2000 (24)",
    "birthplace": null,
    "experience": null,
    "draftInfo": "Draft Info2021: Rd 4, Pk 117 (LAR)"
  },
  {
    "team": "CAR",
    "number": "",
    "name": "Jaden Crumedy96",
    "position": "DT",
    "height": "24",
    "weight": "6' 4\"",
    "age": "309 lbs",
    "college": "R",
    "playerId": "4362910",
    "profileUrl": "https://www.espn.com/nfl/player/_/id/4362910/jaden-crumedy",
    "headshot": "https://a.espncdn.com/combiner/i?img=/i/headshots/nfl/players/full/4362910.png",
    "birthdate": "Birthdate7/30/2000 (24)",
    "birthplace": null,
    "experience": null,
    "draftInfo": "Draft Info2024: Rd 6, Pk 200 (CAR)"
  },
  {
    "team": "CAR",
    "number": "",
    "name": "Jared Harrison-Hunte",
    "position": "DT",
    "height": "--",
    "weight": "6' 4\"",
    "age": "285 lbs",
    "college": "R",
    "playerId": "4427401",
    "profileUrl": "https://www.espn.com/nfl/player/_/id/4427401/jared-harrison-hunte",
    "headshot": "https://a.espncdn.com/combiner/i?img=/i/headshots/college-football/players/full/4427401.png",
    "birthdate": null,
    "birthplace": "BirthplaceMiddle Village, NY",
    "experience": "ExperienceRookie",
    "draftInfo": null
  },
  {
    "team": "CAR",
    "number": "",
    "name": "Cam Jackson",
    "position": "DT",
    "height": "22",
    "weight": "6' 6\"",
    "age": "342 lbs",
    "college": "R",
    "playerId": "4687513",
    "profileUrl": "https://www.espn.com/nfl/player/_/id/4687513/cam-jackson",
    "headshot": "https://a.espncdn.com/combiner/i?img=/i/headshots/nfl/players/full/4687513.png",
    "birthdate": "Birthdate8/7/2002 (22)",
    "birthplace": null,
    "experience": null,
    "draftInfo": "Draft Info2025: Rd 5, Pk 140 (CAR)"
  },
  {
    "team": "CAR",
    "number": "",
    "name": "Sam Roberts74",
    "position": "DT",
    "height": "27",
    "weight": "6' 5\"",
    "age": "295 lbs",
    "college": "3",
    "playerId": "4077786",
    "profileUrl": "https://www.espn.com/nfl/player/_/id/4077786/sam-roberts",
    "headshot": "https://a.espncdn.com/combiner/i?img=/i/headshots/nfl/players/full/4077786.png",
    "birthdate": "Birthdate4/14/1998 (27)",
    "birthplace": null,
    "experience": null,
    "draftInfo": "Draft Info2022: Rd 6, Pk 200 (NE)"
  },
  {
    "team": "CAR",
    "number": "",
    "name": "Shy Tuttle99",
    "position": "DT",
    "height": "29",
    "weight": "6' 3\"",
    "age": "300 lbs",
    "college": "6",
    "playerId": "3886601",
    "profileUrl": "https://www.espn.com/nfl/player/_/id/3886601/shy-tuttle",
    "headshot": "https://a.espncdn.com/combiner/i?img=/i/headshots/nfl/players/full/3886601.png",
    "birthdate": "Birthdate10/20/1995 (29)",
    "birthplace": null,
    "experience": "Experience6th Season",
    "draftInfo": null
  },
  {
    "team": "CAR",
    "number": "",
    "name": "Tershawn Wharton",
    "position": "DT",
    "height": "26",
    "weight": "6' 1\"",
    "age": "280 lbs",
    "college": "5",
    "playerId": "4058925",
    "profileUrl": "https://www.espn.com/nfl/player/_/id/4058925/tershawn-wharton",
    "headshot": "https://a.espncdn.com/combiner/i?img=/i/headshots/nfl/players/full/4058925.png",
    "birthdate": "Birthdate6/25/1998 (26)",
    "birthplace": null,
    "experience": "Experience5th Season",
    "draftInfo": null
  },
  {
    "team": "CAR",
    "number": "",
    "name": "Amare Barno38",
    "position": "LB",
    "height": "26",
    "weight": "6' 6\"",
    "age": "245 lbs",
    "college": "3",
    "playerId": "4568439",
    "profileUrl": "https://www.espn.com/nfl/player/_/id/4568439/amare-barno",
    "headshot": "https://a.espncdn.com/combiner/i?img=/i/headshots/nfl/players/full/4568439.png",
    "birthdate": "Birthdate4/26/1999 (26)",
    "birthplace": null,
    "experience": null,
    "draftInfo": "Draft Info2022: Rd 6, Pk 189 (CAR)"
  },
  {
    "team": "CAR",
    "number": "",
    "name": "Claudin Cherelus53",
    "position": "LB",
    "height": "26",
    "weight": "6' 2\"",
    "age": "230 lbs",
    "college": "2",
    "playerId": "4256224",
    "profileUrl": "https://www.espn.com/nfl/player/_/id/4256224/claudin-cherelus",
    "headshot": "https://a.espncdn.com/combiner/i?img=/i/headshots/nfl/players/full/4256224.png",
    "birthdate": "Birthdate2/9/1999 (26)",
    "birthplace": null,
    "experience": "Experience2nd Season",
    "draftInfo": null
  },
  {
    "team": "CAR",
    "number": "",
    "name": "Thomas Incoom48",
    "position": "LB",
    "height": "26",
    "weight": "6' 2\"",
    "age": "265 lbs",
    "college": "2",
    "playerId": "4714157",
    "profileUrl": "https://www.espn.com/nfl/player/_/id/4714157/thomas-incoom",
    "headshot": "https://a.espncdn.com/combiner/i?img=/i/headshots/nfl/players/full/4714157.png",
    "birthdate": "Birthdate2/19/1999 (26)",
    "birthplace": null,
    "experience": "Experience2nd Season",
    "draftInfo": null
  },
  {
    "team": "CAR",
    "number": "",
    "name": "Josey Jewell47",
    "position": "LB",
    "height": "30",
    "weight": "6' 1\"",
    "age": "236 lbs",
    "college": "7",
    "playerId": "3040150",
    "profileUrl": "https://www.espn.com/nfl/player/_/id/3040150/josey-jewell",
    "headshot": "https://a.espncdn.com/combiner/i?img=/i/headshots/nfl/players/full/3040150.png",
    "birthdate": "Birthdate12/25/1994 (30)",
    "birthplace": null,
    "experience": null,
    "draftInfo": "Draft Info2018: Rd 4, Pk 106 (DEN)"
  },
  {
    "team": "CAR",
    "number": "",
    "name": "DJ Johnson52",
    "position": "LB",
    "height": "26",
    "weight": "6' 4\"",
    "age": "260 lbs",
    "college": "2",
    "playerId": "4240623",
    "profileUrl": "https://www.espn.com/nfl/player/_/id/4240623/dj-johnson",
    "headshot": "https://a.espncdn.com/combiner/i?img=/i/headshots/nfl/players/full/4240623.png",
    "birthdate": "Birthdate10/21/1998 (26)",
    "birthplace": null,
    "experience": null,
    "draftInfo": "Draft Info2023: Rd 3, Pk 80 (CAR)"
  },
  {
    "team": "CAR",
    "number": "",
    "name": "Pat Jones II",
    "position": "LB",
    "height": "26",
    "weight": "6' 4\"",
    "age": "264 lbs",
    "college": "4",
    "playerId": "4036063",
    "profileUrl": "https://www.espn.com/nfl/player/_/id/4036063/pat-jones-ii",
    "headshot": "https://a.espncdn.com/combiner/i?img=/i/headshots/nfl/players/full/4036063.png",
    "birthdate": "Birthdate9/29/1998 (26)",
    "birthplace": null,
    "experience": null,
    "draftInfo": "Draft Info2021: Rd 3, Pk 90 (MIN)"
  },
  {
    "team": "CAR",
    "number": "",
    "name": "Bam Martin-Scott",
    "position": "LB",
    "height": "--",
    "weight": "6' 2\"",
    "age": "241 lbs",
    "college": "R",
    "playerId": "4880613",
    "profileUrl": "https://www.espn.com/nfl/player/_/id/4880613/bam-martin-scott",
    "headshot": "https://a.espncdn.com/combiner/i?img=/i/headshots/college-football/players/full/4880613.png",
    "birthdate": null,
    "birthplace": "BirthplaceFort Wayne, IN",
    "experience": "ExperienceRookie",
    "draftInfo": null
  },
  {
    "team": "CAR",
    "number": "",
    "name": "Mapalo Mwansa",
    "position": "LB",
    "height": "--",
    "weight": "6' 2\"",
    "age": "230 lbs",
    "college": "R",
    "playerId": "5279357",
    "profileUrl": "https://www.espn.com/nfl/player/_/id/5279357/mapalo-mwansa",
    "headshot": "https://a.espncdn.com/combiner/i?img=/i/teamlogos/nfl/500/car.png",
    "birthdate": null,
    "birthplace": "BirthplacePeterborough, England",
    "experience": "ExperienceRookie",
    "draftInfo": null
  },
  {
    "team": "CAR",
    "number": "",
    "name": "Tuasivi Nomura",
    "position": "LB",
    "height": "--",
    "weight": "6' 1\"",
    "age": "221 lbs",
    "college": "R",
    "playerId": "4428132",
    "profileUrl": "https://www.espn.com/nfl/player/_/id/4428132/tuasivi-nomura",
    "headshot": "https://a.espncdn.com/combiner/i?img=/i/headshots/college-football/players/full/4428132.png",
    "birthdate": null,
    "birthplace": "BirthplaceCorona, CA",
    "experience": "ExperienceRookie",
    "draftInfo": null
  },
  {
    "team": "CAR",
    "number": "",
    "name": "Jon Rhattigan49",
    "position": "LB",
    "height": "26",
    "weight": "6' 0\"",
    "age": "236 lbs",
    "college": "4",
    "playerId": "4258485",
    "profileUrl": "https://www.espn.com/nfl/player/_/id/4258485/jon-rhattigan",
    "headshot": "https://a.espncdn.com/combiner/i?img=/i/headshots/nfl/players/full/4258485.png",
    "birthdate": "Birthdate2/2/1999 (26)",
    "birthplace": null,
    "experience": "Experience4th Season",
    "draftInfo": null
  },
  {
    "team": "CAR",
    "number": "",
    "name": "Christian Rozeboom",
    "position": "LB",
    "height": "28",
    "weight": "6' 2\"",
    "age": "237 lbs",
    "college": "4",
    "playerId": "3909013",
    "profileUrl": "https://www.espn.com/nfl/player/_/id/3909013/christian-rozeboom",
    "headshot": "https://a.espncdn.com/combiner/i?img=/i/headshots/nfl/players/full/3909013.png",
    "birthdate": "Birthdate1/30/1997 (28)",
    "birthplace": null,
    "experience": "Experience4th Season",
    "draftInfo": null
  },
  {
    "team": "CAR",
    "number": "",
    "name": "Nic Scourton",
    "position": "LB",
    "height": "20",
    "weight": "6' 4\"",
    "age": "285 lbs",
    "college": "R",
    "playerId": "4833355",
    "profileUrl": "https://www.espn.com/nfl/player/_/id/4833355/nic-scourton",
    "headshot": "https://a.espncdn.com/combiner/i?img=/i/headshots/nfl/players/full/4833355.png",
    "birthdate": "Birthdate8/25/2004 (20)",
    "birthplace": null,
    "experience": null,
    "draftInfo": "Draft Info2025: Rd 2, Pk 51 (CAR)"
  },
  {
    "team": "CAR",
    "number": "",
    "name": "Princely Umanmielen",
    "position": "LB",
    "height": "23",
    "weight": "6' 4\"",
    "age": "255 lbs",
    "college": "R",
    "playerId": "4429166",
    "profileUrl": "https://www.espn.com/nfl/player/_/id/4429166/princely-umanmielen",
    "headshot": "https://a.espncdn.com/combiner/i?img=/i/headshots/nfl/players/full/4429166.png",
    "birthdate": "Birthdate4/18/2002 (23)",
    "birthplace": null,
    "experience": null,
    "draftInfo": "Draft Info2025: Rd 3, Pk 77 (CAR)"
  },
  {
    "team": "CAR",
    "number": "",
    "name": "Trevin Wallace56",
    "position": "LB",
    "height": "22",
    "weight": "6' 1\"",
    "age": "244 lbs",
    "college": "R",
    "playerId": "4683815",
    "profileUrl": "https://www.espn.com/nfl/player/_/id/4683815/trevin-wallace",
    "headshot": "https://a.espncdn.com/combiner/i?img=/i/headshots/nfl/players/full/4683815.png",
    "birthdate": "Birthdate2/22/2003 (22)",
    "birthplace": null,
    "experience": null,
    "draftInfo": "Draft Info2024: Rd 3, Pk 72 (CAR)"
  },
  {
    "team": "CAR",
    "number": "",
    "name": "Jacoby Windmon41",
    "position": "LB",
    "height": "23",
    "weight": "6' 2\"",
    "age": "250 lbs",
    "college": "R",
    "playerId": "4428909",
    "profileUrl": "https://www.espn.com/nfl/player/_/id/4428909/jacoby-windmon",
    "headshot": "https://a.espncdn.com/combiner/i?img=/i/headshots/nfl/players/full/4428909.png",
    "birthdate": "Birthdate8/20/2001 (23)",
    "birthplace": null,
    "experience": "ExperienceRookie",
    "draftInfo": null
  },
  {
    "team": "CAR",
    "number": "",
    "name": "D.J. Wonnum98",
    "position": "LB",
    "height": "27",
    "weight": "6' 5\"",
    "age": "258 lbs",
    "college": "5",
    "playerId": "4038849",
    "profileUrl": "https://www.espn.com/nfl/player/_/id/4038849/dj-wonnum",
    "headshot": "https://a.espncdn.com/combiner/i?img=/i/headshots/nfl/players/full/4038849.png",
    "birthdate": "Birthdate10/31/1997 (27)",
    "birthplace": null,
    "experience": null,
    "draftInfo": "Draft Info2020: Rd 4, Pk 117 (MIN)"
  },
  {
    "team": "CAR",
    "number": "",
    "name": "Shemar Bartholomew27",
    "position": "CB",
    "height": "24",
    "weight": "6' 1\"",
    "age": "200 lbs",
    "college": "R",
    "playerId": "4371336",
    "profileUrl": "https://www.espn.com/nfl/player/_/id/4371336/shemar-bartholomew",
    "headshot": "https://a.espncdn.com/combiner/i?img=/i/headshots/nfl/players/full/4371336.png",
    "birthdate": "Birthdate6/6/2000 (24)",
    "birthplace": null,
    "experience": "ExperienceRookie",
    "draftInfo": null
  },
  {
    "team": "CAR",
    "number": "",
    "name": "JaTravis Broughton",
    "position": "CB",
    "height": "--",
    "weight": "5' 11\"",
    "age": "195 lbs",
    "college": "R",
    "playerId": "4427952",
    "profileUrl": "https://www.espn.com/nfl/player/_/id/4427952/jatravis-broughton",
    "headshot": "https://a.espncdn.com/combiner/i?img=/i/headshots/college-football/players/full/4427952.png",
    "birthdate": null,
    "birthplace": "BirthplaceTulsa, OK",
    "experience": "ExperienceRookie",
    "draftInfo": null
  },
  {
    "team": "CAR",
    "number": "",
    "name": "M.J. Devonshire",
    "position": "CB",
    "height": "24",
    "weight": "5' 11\"",
    "age": "186 lbs",
    "college": "R",
    "playerId": "4427068",
    "profileUrl": "https://www.espn.com/nfl/player/_/id/4427068/mj-devonshire",
    "headshot": "https://a.espncdn.com/combiner/i?img=/i/headshots/nfl/players/full/4427068.png",
    "birthdate": "Birthdate9/12/2000 (24)",
    "birthplace": null,
    "experience": null,
    "draftInfo": "Draft Info2024: Rd 7, Pk 229 (LV)"
  },
  {
    "team": "CAR",
    "number": "",
    "name": "Akayleb Evans29",
    "position": "CB",
    "height": "25",
    "weight": "6' 2\"",
    "age": "198 lbs",
    "college": "3",
    "playerId": "4244607",
    "profileUrl": "https://www.espn.com/nfl/player/_/id/4244607/akayleb-evans",
    "headshot": "https://a.espncdn.com/combiner/i?img=/i/headshots/nfl/players/full/4244607.png",
    "birthdate": "Birthdate6/22/1999 (25)",
    "birthplace": null,
    "experience": null,
    "draftInfo": "Draft Info2022: Rd 4, Pk 118 (MIN)"
  },
  {
    "team": "CAR",
    "number": "",
    "name": "Jaycee Horn8",
    "position": "CB",
    "height": "25",
    "weight": "6' 1\"",
    "age": "200 lbs",
    "college": "4",
    "playerId": "4362847",
    "profileUrl": "https://www.espn.com/nfl/player/_/id/4362847/jaycee-horn",
    "headshot": "https://a.espncdn.com/combiner/i?img=/i/headshots/nfl/players/full/4362847.png",
    "birthdate": "Birthdate11/26/1999 (25)",
    "birthplace": null,
    "experience": null,
    "draftInfo": "Draft Info2021: Rd 1, Pk 8 (CAR)"
  },
  {
    "team": "CAR",
    "number": "",
    "name": "Michael Jackson2",
    "position": "CB",
    "height": "28",
    "weight": "6' 1\"",
    "age": "210 lbs",
    "college": "4",
    "playerId": "3917853",
    "profileUrl": "https://www.espn.com/nfl/player/_/id/3917853/michael-jackson",
    "headshot": "https://a.espncdn.com/combiner/i?img=/i/headshots/nfl/players/full/3917853.png",
    "birthdate": "Birthdate1/10/1997 (28)",
    "birthplace": null,
    "experience": null,
    "draftInfo": "Draft Info2019: Rd 5, Pk 158 (DAL)"
  },
  {
    "team": "CAR",
    "number": "",
    "name": "Mike Reid",
    "position": "CB",
    "height": "--",
    "weight": "6' 2\"",
    "age": "200 lbs",
    "college": "R",
    "playerId": "4775268",
    "profileUrl": "https://www.espn.com/nfl/player/_/id/4775268/mike-reid",
    "headshot": "https://a.espncdn.com/combiner/i?img=/i/headshots/college-football/players/full/4775268.png",
    "birthdate": null,
    "birthplace": "BirthplaceOwings Mills, MD",
    "experience": "ExperienceRookie",
    "draftInfo": null
  },
  {
    "team": "CAR",
    "number": "",
    "name": "Chau Smith-Wade26",
    "position": "CB",
    "height": "22",
    "weight": "5' 11\"",
    "age": "176 lbs",
    "college": "R",
    "playerId": "4697636",
    "profileUrl": "https://www.espn.com/nfl/player/_/id/4697636/chau-smith-wade",
    "headshot": "https://a.espncdn.com/combiner/i?img=/i/headshots/nfl/players/full/4697636.png",
    "birthdate": "Birthdate9/17/2002 (22)",
    "birthplace": null,
    "experience": null,
    "draftInfo": "Draft Info2024: Rd 5, Pk 157 (CAR)"
  },
  {
    "team": "CAR",
    "number": "",
    "name": "Isaac Gifford",
    "position": "S",
    "height": "--",
    "weight": "6' 1\"",
    "age": "205 lbs",
    "college": "R",
    "playerId": "4429797",
    "profileUrl": "https://www.espn.com/nfl/player/_/id/4429797/isaac-gifford",
    "headshot": "https://a.espncdn.com/combiner/i?img=/i/headshots/college-football/players/full/4429797.png",
    "birthdate": null,
    "birthplace": "BirthplaceLincoln, NE",
    "experience": "ExperienceRookie",
    "draftInfo": null
  },
  {
    "team": "CAR",
    "number": "",
    "name": "Jack Henderson",
    "position": "S",
    "height": "--",
    "weight": "6' 2\"",
    "age": "215 lbs",
    "college": "R",
    "playerId": "4696820",
    "profileUrl": "https://www.espn.com/nfl/player/_/id/4696820/jack-henderson",
    "headshot": "https://a.espncdn.com/combiner/i?img=/i/headshots/college-football/players/full/4696820.png",
    "birthdate": null,
    "birthplace": "BirthplaceMandeville, LA",
    "experience": "ExperienceRookie",
    "draftInfo": null
  },
  {
    "team": "CAR",
    "number": "",
    "name": "Tre'von Moehrig7",
    "position": "S",
    "height": "25",
    "weight": "6' 2\"",
    "age": "202 lbs",
    "college": "4",
    "playerId": "4362487",
    "profileUrl": "https://www.espn.com/nfl/player/_/id/4362487/trevon-moehrig",
    "headshot": "https://a.espncdn.com/combiner/i?img=/i/headshots/nfl/players/full/4362487.png",
    "birthdate": "Birthdate6/16/1999 (25)",
    "birthplace": null,
    "experience": null,
    "draftInfo": "Draft Info2021: Rd 2, Pk 43 (LV)"
  },
  {
    "team": "CAR",
    "number": "",
    "name": "Lathan Ransom",
    "position": "S",
    "height": "22",
    "weight": "6' 1\"",
    "age": "210 lbs",
    "college": "R",
    "playerId": "4429110",
    "profileUrl": "https://www.espn.com/nfl/player/_/id/4429110/lathan-ransom",
    "headshot": "https://a.espncdn.com/combiner/i?img=/i/headshots/nfl/players/full/4429110.png",
    "birthdate": "Birthdate7/16/2002 (22)",
    "birthplace": null,
    "experience": null,
    "draftInfo": "Draft Info2025: Rd 4, Pk 122 (CAR)"
  },
  {
    "team": "CAR",
    "number": "",
    "name": "Demani Richardson36",
    "position": "S",
    "height": "24",
    "weight": "6' 1\"",
    "age": "215 lbs",
    "college": "R",
    "playerId": "4426926",
    "profileUrl": "https://www.espn.com/nfl/player/_/id/4426926/demani-richardson",
    "headshot": "https://a.espncdn.com/combiner/i?img=/i/headshots/nfl/players/full/4426926.png",
    "birthdate": "Birthdate10/7/2000 (24)",
    "birthplace": null,
    "experience": "ExperienceRookie",
    "draftInfo": null
  },
  {
    "team": "CAR",
    "number": "",
    "name": "Nick Scott21",
    "position": "S",
    "height": "30",
    "weight": "5' 11\"",
    "age": "200 lbs",
    "college": "6",
    "playerId": "3116179",
    "profileUrl": "https://www.espn.com/nfl/player/_/id/3116179/nick-scott",
    "headshot": "https://a.espncdn.com/combiner/i?img=/i/headshots/nfl/players/full/3116179.png",
    "birthdate": "Birthdate5/17/1995 (30)",
    "birthplace": null,
    "experience": null,
    "draftInfo": "Draft Info2019: Rd 7, Pk 243 (LAR)"
  },
  {
    "team": "CAR",
    "number": "",
    "name": "Trevian Thomas",
    "position": "S",
    "height": "--",
    "weight": "5' 11\"",
    "age": "196 lbs",
    "college": "R",
    "playerId": "4570633",
    "profileUrl": "https://www.espn.com/nfl/player/_/id/4570633/trevian-thomas",
    "headshot": "https://a.espncdn.com/combiner/i?img=/i/headshots/college-football/players/full/4570633.png",
    "birthdate": null,
    "birthplace": "BirthplaceAmericus, GA",
    "experience": "ExperienceRookie",
    "draftInfo": null
  },
  {
    "team": "CAR",
    "number": "",
    "name": "Ryan Fitzgerald",
    "position": "PK",
    "height": "--",
    "weight": "6' 1\"",
    "age": "190 lbs",
    "college": "R",
    "playerId": "4568263",
    "profileUrl": "https://www.espn.com/nfl/player/_/id/4568263/ryan-fitzgerald",
    "headshot": "https://a.espncdn.com/combiner/i?img=/i/headshots/college-football/players/full/4568263.png",
    "birthdate": null,
    "birthplace": "BirthplaceCoolidge, GA",
    "experience": "ExperienceRookie",
    "draftInfo": null
  },
  {
    "team": "CAR",
    "number": "",
    "name": "Matthew Wright",
    "position": "PK",
    "height": "29",
    "weight": "5' 11\"",
    "age": "174 lbs",
    "college": "3",
    "playerId": "3128444",
    "profileUrl": "https://www.espn.com/nfl/player/_/id/3128444/matthew-wright",
    "headshot": "https://a.espncdn.com/combiner/i?img=/i/headshots/nfl/players/full/3128444.png",
    "birthdate": "Birthdate3/22/1996 (29)",
    "birthplace": null,
    "experience": "Experience3rd Season",
    "draftInfo": null
  },
  {
    "team": "CAR",
    "number": "",
    "name": "Sam Martin",
    "position": "P",
    "height": "35",
    "weight": "6' 1\"",
    "age": "211 lbs",
    "college": "12",
    "playerId": "15928",
    "profileUrl": "https://www.espn.com/nfl/player/_/id/15928/sam-martin",
    "headshot": "https://a.espncdn.com/combiner/i?img=/i/headshots/nfl/players/full/15928.png",
    "birthdate": "Birthdate2/27/1990 (35)",
    "birthplace": null,
    "experience": null,
    "draftInfo": "Draft Info2013: Rd 5, Pk 165 (DET)"
  },
  {
    "team": "CAR",
    "number": "",
    "name": "JJ Jansen44",
    "position": "LS",
    "height": "39",
    "weight": "6' 2\"",
    "age": "235 lbs",
    "college": "17",
    "playerId": "11759",
    "profileUrl": "https://www.espn.com/nfl/player/_/id/11759/jj-jansen",
    "headshot": "https://a.espncdn.com/combiner/i?img=/i/headshots/nfl/players/full/11759.png",
    "birthdate": "Birthdate1/20/1986 (39)",
    "birthplace": null,
    "experience": "Experience17th Season",
    "draftInfo": null
  },
  {
    "team": "CAR",
    "number": "",
    "name": "Jonathon Brooks24",
    "position": "RB",
    "height": "21",
    "weight": "6' 0\"",
    "age": "207 lbs",
    "college": "R",
    "playerId": "4678008",
    "profileUrl": "https://www.espn.com/nfl/player/_/id/4678008/jonathon-brooks",
    "headshot": "https://a.espncdn.com/combiner/i?img=/i/headshots/nfl/players/full/4678008.png",
    "birthdate": "Birthdate7/21/2003 (21)",
    "birthplace": null,
    "experience": null,
    "draftInfo": "Draft Info2024: Rd 2, Pk 46 (CAR)"
  },
  {
    "team": "CAR",
    "number": "",
    "name": "Popo Aumavae78",
    "position": "DT",
    "height": "26",
    "weight": "6' 3\"",
    "age": "315 lbs",
    "college": "R",
    "playerId": "4242498",
    "profileUrl": "https://www.espn.com/nfl/player/_/id/4242498/popo-aumavae",
    "headshot": "https://a.espncdn.com/combiner/i?img=/i/headshots/nfl/players/full/4242498.png",
    "birthdate": "Birthdate1/15/1999 (26)",
    "birthplace": "BirthplaceStockton, CA",
    "experience": "ExperienceRookie",
    "draftInfo": null
  }
]