[
  {
    "team": "CHI",
    "number": "",
    "name": "Tyson Bagent17",
    "position": "QB",
    "height": "24",
    "weight": "6' 3\"",
    "age": "213 lbs",
    "college": "2",
    "playerId": "4434153",
    "profileUrl": "https://www.espn.com/nfl/player/_/id/4434153/tyson-bagent",
    "headshot": "https://a.espncdn.com/combiner/i?img=/i/headshots/nfl/players/full/4434153.png",
    "birthdate": "Birthdate6/8/2000 (24)",
    "birthplace": null,
    "experience": "Experience2nd Season",
    "draftInfo": null
  },
  {
    "team": "CHI",
    "number": "",
    "name": "Case Keenum",
    "position": "QB",
    "height": "37",
    "weight": "6' 1\"",
    "age": "215 lbs",
    "college": "13",
    "playerId": "15168",
    "profileUrl": "https://www.espn.com/nfl/player/_/id/15168/case-keenum",
    "headshot": "https://a.espncdn.com/combiner/i?img=/i/headshots/nfl/players/full/15168.png",
    "birthdate": "Birthdate2/17/1988 (37)",
    "birthplace": null,
    "experience": "Experience13th Season",
    "draftInfo": null
  },
  {
    "team": "CHI",
    "number": "",
    "name": "Austin Reed16",
    "position": "QB",
    "height": "25",
    "weight": "6' 1\"",
    "age": "220 lbs",
    "college": "R",
    "playerId": "4368343",
    "profileUrl": "https://www.espn.com/nfl/player/_/id/4368343/austin-reed",
    "headshot": "https://a.espncdn.com/combiner/i?img=/i/headshots/nfl/players/full/4368343.png",
    "birthdate": "Birthdate2/22/2000 (25)",
    "birthplace": null,
    "experience": "ExperienceRookie",
    "draftInfo": null
  },
  {
    "team": "CHI",
    "number": "",
    "name": "Caleb Williams18",
    "position": "QB",
    "height": "23",
    "weight": "6' 1\"",
    "age": "215 lbs",
    "college": "R",
    "playerId": "4431611",
    "profileUrl": "https://www.espn.com/nfl/player/_/id/4431611/caleb-williams",
    "headshot": "https://a.espncdn.com/combiner/i?img=/i/headshots/nfl/players/full/4431611.png",
    "birthdate": "Birthdate11/18/2001 (23)",
    "birthplace": null,
    "experience": null,
    "draftInfo": "Draft Info2024: Rd 1, Pk 1 (CHI)"
  },
  {
    "team": "CHI",
    "number": "",
    "name": "Deion Hankins",
    "position": "RB",
    "height": "--",
    "weight": "6' 0\"",
    "age": "225 lbs",
    "college": "R",
    "playerId": "4575667",
    "profileUrl": "https://www.espn.com/nfl/player/_/id/4575667/deion-hankins",
    "headshot": "https://a.espncdn.com/combiner/i?img=/i/headshots/college-football/players/full/4575667.png",
    "birthdate": null,
    "birthplace": "BirthplaceEl Paso, TX",
    "experience": "ExperienceRookie",
    "draftInfo": null
  },
  {
    "team": "CHI",
    "number": "",
    "name": "Travis Homer20",
    "position": "RB",
    "height": "26",
    "weight": "5' 10\"",
    "age": "202 lbs",
    "college": "6",
    "playerId": "4037457",
    "profileUrl": "https://www.espn.com/nfl/player/_/id/4037457/travis-homer",
    "headshot": "https://a.espncdn.com/combiner/i?img=/i/headshots/nfl/players/full/4037457.png",
    "birthdate": "Birthdate8/7/1998 (26)",
    "birthplace": null,
    "experience": null,
    "draftInfo": "Draft Info2019: Rd 6, Pk 204 (SEA)"
  },
  {
    "team": "CHI",
    "number": "",
    "name": "Roschon Johnson23",
    "position": "RB",
    "height": "24",
    "weight": "6' 0\"",
    "age": "225 lbs",
    "college": "2",
    "playerId": "4426386",
    "profileUrl": "https://www.espn.com/nfl/player/_/id/4426386/roschon-johnson",
    "headshot": "https://a.espncdn.com/combiner/i?img=/i/headshots/nfl/players/full/4426386.png",
    "birthdate": "Birthdate1/31/2001 (24)",
    "birthplace": null,
    "experience": null,
    "draftInfo": "Draft Info2023: Rd 4, Pk 115 (CHI)"
  },
  {
    "team": "CHI",
    "number": "",
    "name": "Kyle Monangai",
    "position": "RB",
    "height": "22",
    "weight": "5' 9\"",
    "age": "209 lbs",
    "college": "R",
    "playerId": "4608686",
    "profileUrl": "https://www.espn.com/nfl/player/_/id/4608686/kyle-monangai",
    "headshot": "https://a.espncdn.com/combiner/i?img=/i/headshots/nfl/players/full/4608686.png",
    "birthdate": "Birthdate6/6/2002 (22)",
    "birthplace": null,
    "experience": null,
    "draftInfo": "Draft Info2025: Rd 7, Pk 233 (CHI)"
  },
  {
    "team": "CHI",
    "number": "",
    "name": "D'Andre Swift4",
    "position": "RB",
    "height": "26",
    "weight": "5' 9\"",
    "age": "215 lbs",
    "college": "5",
    "playerId": "4259545",
    "profileUrl": "https://www.espn.com/nfl/player/_/id/4259545/dandre-swift",
    "headshot": "https://a.espncdn.com/combiner/i?img=/i/headshots/nfl/players/full/4259545.png",
    "birthdate": "Birthdate1/14/1999 (26)",
    "birthplace": null,
    "experience": null,
    "draftInfo": "Draft Info2020: Rd 2, Pk 35 (DET)"
  },
  {
    "team": "CHI",
    "number": "",
    "name": "Ian Wheeler33",
    "position": "RB",
    "height": "23",
    "weight": "5' 11\"",
    "age": "205 lbs",
    "college": "R",
    "playerId": "4579554",
    "profileUrl": "https://www.espn.com/nfl/player/_/id/4579554/ian-wheeler",
    "headshot": "https://a.espncdn.com/combiner/i?img=/i/headshots/nfl/players/full/4579554.png",
    "birthdate": "Birthdate9/15/2001 (23)",
    "birthplace": null,
    "experience": "ExperienceRookie",
    "draftInfo": null
  },
  {
    "team": "CHI",
    "number": "",
    "name": "Maurice Alexander1",
    "position": "WR",
    "height": "28",
    "weight": "5' 11\"",
    "age": "180 lbs",
    "college": "1",
    "playerId": "3914307",
    "profileUrl": "https://www.espn.com/nfl/player/_/id/3914307/maurice-alexander",
    "headshot": "https://a.espncdn.com/combiner/i?img=/i/headshots/nfl/players/full/3914307.png",
    "birthdate": "Birthdate1/10/1997 (28)",
    "birthplace": null,
    "experience": "Experience1st Season",
    "draftInfo": null
  },
  {
    "team": "CHI",
    "number": "",
    "name": "Miles Boykin",
    "position": "WR",
    "height": "28",
    "weight": "6' 4\"",
    "age": "222 lbs",
    "college": "7",
    "playerId": "3932423",
    "profileUrl": "https://www.espn.com/nfl/player/_/id/3932423/miles-boykin",
    "headshot": "https://a.espncdn.com/combiner/i?img=/i/headshots/nfl/players/full/3932423.png",
    "birthdate": "Birthdate10/12/1996 (28)",
    "birthplace": null,
    "experience": null,
    "draftInfo": "Draft Info2019: Rd 3, Pk 93 (BAL)"
  },
  {
    "team": "CHI",
    "number": "",
    "name": "Luther Burden III",
    "position": "WR",
    "height": "21",
    "weight": "5' 11\"",
    "age": "208 lbs",
    "college": "R",
    "playerId": "4685278",
    "profileUrl": "https://www.espn.com/nfl/player/_/id/4685278/luther-burden-iii",
    "headshot": "https://a.espncdn.com/combiner/i?img=/i/headshots/nfl/players/full/4685278.png",
    "birthdate": "Birthdate12/12/2003 (21)",
    "birthplace": null,
    "experience": null,
    "draftInfo": "Draft Info2025: Rd 2, Pk 39 (CHI)"
  },
  {
    "team": "CHI",
    "number": "",
    "name": "Devin Duvernay",
    "position": "WR",
    "height": "27",
    "weight": "5' 11\"",
    "age": "202 lbs",
    "college": "6",
    "playerId": "4039050",
    "profileUrl": "https://www.espn.com/nfl/player/_/id/4039050/devin-duvernay",
    "headshot": "https://a.espncdn.com/combiner/i?img=/i/headshots/nfl/players/full/4039050.png",
    "birthdate": "Birthdate9/12/1997 (27)",
    "birthplace": null,
    "experience": null,
    "draftInfo": "Draft Info2020: Rd 3, Pk 92 (BAL)"
  },
  {
    "team": "CHI",
    "number": "",
    "name": "John Jackson III82",
    "position": "WR",
    "height": "25",
    "weight": "6' 1\"",
    "age": "215 lbs",
    "college": "R",
    "playerId": "4569510",
    "profileUrl": "https://www.espn.com/nfl/player/_/id/4569510/john-jackson-iii",
    "headshot": "https://a.espncdn.com/combiner/i?img=/i/headshots/nfl/players/full/4569510.png",
    "birthdate": "Birthdate8/23/1999 (25)",
    "birthplace": null,
    "experience": "ExperienceRookie",
    "draftInfo": null
  },
  {
    "team": "CHI",
    "number": "",
    "name": "DJ Moore2",
    "position": "WR",
    "height": "28",
    "weight": "5' 11\"",
    "age": "210 lbs",
    "college": "7",
    "playerId": "3915416",
    "profileUrl": "https://www.espn.com/nfl/player/_/id/3915416/dj-moore",
    "headshot": "https://a.espncdn.com/combiner/i?img=/i/headshots/nfl/players/full/3915416.png",
    "birthdate": "Birthdate4/14/1997 (28)",
    "birthplace": null,
    "experience": null,
    "draftInfo": "Draft Info2018: Rd 1, Pk 24 (CAR)"
  },
  {
    "team": "CHI",
    "number": "",
    "name": "Rome Odunze15",
    "position": "WR",
    "height": "22",
    "weight": "6' 3\"",
    "age": "215 lbs",
    "college": "R",
    "playerId": "4431299",
    "profileUrl": "https://www.espn.com/nfl/player/_/id/4431299/rome-odunze",
    "headshot": "https://a.espncdn.com/combiner/i?img=/i/headshots/nfl/players/full/4431299.png",
    "birthdate": "Birthdate6/3/2002 (22)",
    "birthplace": null,
    "experience": null,
    "draftInfo": "Draft Info2024: Rd 1, Pk 9 (CHI)"
  },
  {
    "team": "CHI",
    "number": "",
    "name": "JP Richardson",
    "position": "WR",
    "height": "--",
    "weight": "6' 0\"",
    "age": "195 lbs",
    "college": "R",
    "playerId": "4685183",
    "profileUrl": "https://www.espn.com/nfl/player/_/id/4685183/jp-richardson",
    "headshot": "https://a.espncdn.com/combiner/i?img=/i/headshots/college-football/players/full/4685183.png",
    "birthdate": null,
    "birthplace": "BirthplaceMissouri City, TX",
    "experience": "ExperienceRookie",
    "draftInfo": null
  },
  {
    "team": "CHI",
    "number": "",
    "name": "Tyler Scott10",
    "position": "WR",
    "height": "23",
    "weight": "5' 11\"",
    "age": "185 lbs",
    "college": "2",
    "playerId": "4565908",
    "profileUrl": "https://www.espn.com/nfl/player/_/id/4565908/tyler-scott",
    "headshot": "https://a.espncdn.com/combiner/i?img=/i/headshots/nfl/players/full/4565908.png",
    "birthdate": "Birthdate10/12/2001 (23)",
    "birthplace": null,
    "experience": null,
    "draftInfo": "Draft Info2023: Rd 4, Pk 133 (CHI)"
  },
  {
    "team": "CHI",
    "number": "",
    "name": "Samori Toure83",
    "position": "WR",
    "height": "27",
    "weight": "6' 1\"",
    "age": "191 lbs",
    "college": "3",
    "playerId": "4027873",
    "profileUrl": "https://www.espn.com/nfl/player/_/id/4027873/samori-toure",
    "headshot": "https://a.espncdn.com/combiner/i?img=/i/headshots/nfl/players/full/4027873.png",
    "birthdate": "Birthdate3/24/1998 (27)",
    "birthplace": null,
    "experience": null,
    "draftInfo": "Draft Info2022: Rd 7, Pk 258 (GB)"
  },
  {
    "team": "CHI",
    "number": "",
    "name": "Olamide Zaccheaus",
    "position": "WR",
    "height": "27",
    "weight": "5' 8\"",
    "age": "193 lbs",
    "college": "7",
    "playerId": "3917914",
    "profileUrl": "https://www.espn.com/nfl/player/_/id/3917914/olamide-zaccheaus",
    "headshot": "https://a.espncdn.com/combiner/i?img=/i/headshots/nfl/players/full/3917914.png",
    "birthdate": "Birthdate7/23/1997 (27)",
    "birthplace": null,
    "experience": "Experience7th Season",
    "draftInfo": null
  },
  {
    "team": "CHI",
    "number": "",
    "name": "Reggie Brown",
    "position": "TE",
    "height": "--",
    "weight": "6' 3\"",
    "age": "245 lbs",
    "college": "R",
    "playerId": "4685056",
    "profileUrl": "https://www.espn.com/nfl/player/_/id/4685056/reggie-brown",
    "headshot": "https://a.espncdn.com/combiner/i?img=/i/headshots/college-football/players/full/4685056.png",
    "birthdate": null,
    "birthplace": "BirthplaceHouston, TX",
    "experience": "ExperienceRookie",
    "draftInfo": null
  },
  {
    "team": "CHI",
    "number": "",
    "name": "Stephen Carlson88",
    "position": "TE",
    "height": "28",
    "weight": "6' 4\"",
    "age": "240 lbs",
    "college": "3",
    "playerId": "3948283",
    "profileUrl": "https://www.espn.com/nfl/player/_/id/3948283/stephen-carlson",
    "headshot": "https://a.espncdn.com/combiner/i?img=/i/headshots/nfl/players/full/3948283.png",
    "birthdate": "Birthdate12/12/1996 (28)",
    "birthplace": null,
    "experience": "Experience3rd Season",
    "draftInfo": null
  },
  {
    "team": "CHI",
    "number": "",
    "name": "Cole Kmet85",
    "position": "TE",
    "height": "26",
    "weight": "6' 6\"",
    "age": "260 lbs",
    "college": "5",
    "playerId": "4258595",
    "profileUrl": "https://www.espn.com/nfl/player/_/id/4258595/cole-kmet",
    "headshot": "https://a.espncdn.com/combiner/i?img=/i/headshots/nfl/players/full/4258595.png",
    "birthdate": "Birthdate3/10/1999 (26)",
    "birthplace": null,
    "experience": null,
    "draftInfo": "Draft Info2020: Rd 2, Pk 43 (CHI)"
  },
  {
    "team": "CHI",
    "number": "",
    "name": "Colston Loveland",
    "position": "TE",
    "height": "21",
    "weight": "6' 5\"",
    "age": "245 lbs",
    "college": "R",
    "playerId": "4723086",
    "profileUrl": "https://www.espn.com/nfl/player/_/id/4723086/colston-loveland",
    "headshot": "https://a.espncdn.com/combiner/i?img=/i/headshots/nfl/players/full/4723086.png",
    "birthdate": "Birthdate4/9/2004 (21)",
    "birthplace": null,
    "experience": null,
    "draftInfo": "Draft Info2025: Rd 1, Pk 10 (CHI)"
  },
  {
    "team": "CHI",
    "number": "",
    "name": "Jordan Murray",
    "position": "TE",
    "height": "25",
    "weight": "6' 5\"",
    "age": "240 lbs",
    "college": "1",
    "playerId": "4368172",
    "profileUrl": "https://www.espn.com/nfl/player/_/id/4368172/jordan-murray",
    "headshot": "https://a.espncdn.com/combiner/i?img=/i/headshots/nfl/players/full/4368172.png",
    "birthdate": "Birthdate4/20/2000 (25)",
    "birthplace": null,
    "experience": "Experience1st Season",
    "draftInfo": null
  },
  {
    "team": "CHI",
    "number": "",
    "name": "Durham Smythe",
    "position": "TE",
    "height": "29",
    "weight": "6' 6\"",
    "age": "246 lbs",
    "college": "7",
    "playerId": "3052897",
    "profileUrl": "https://www.espn.com/nfl/player/_/id/3052897/durham-smythe",
    "headshot": "https://a.espncdn.com/combiner/i?img=/i/headshots/nfl/players/full/3052897.png",
    "birthdate": "Birthdate8/9/1995 (29)",
    "birthplace": null,
    "experience": null,
    "draftInfo": "Draft Info2018: Rd 4, Pk 123 (MIA)"
  },
  {
    "team": "CHI",
    "number": "",
    "name": "Joel Wilson86",
    "position": "TE",
    "height": "24",
    "weight": "6' 4\"",
    "age": "250 lbs",
    "college": "1",
    "playerId": "4362570",
    "profileUrl": "https://www.espn.com/nfl/player/_/id/4362570/joel-wilson",
    "headshot": "https://a.espncdn.com/combiner/i?img=/i/headshots/nfl/players/full/4362570.png",
    "birthdate": "Birthdate6/21/2000 (24)",
    "birthplace": null,
    "experience": "Experience1st Season",
    "draftInfo": null
  },
  {
    "team": "CHI",
    "number": "",
    "name": "Ryan Bates71",
    "position": "C",
    "height": "28",
    "weight": "6' 4\"",
    "age": "302 lbs",
    "college": "6",
    "playerId": "3929631",
    "profileUrl": "https://www.espn.com/nfl/player/_/id/3929631/ryan-bates",
    "headshot": "https://a.espncdn.com/combiner/i?img=/i/headshots/nfl/players/full/3929631.png",
    "birthdate": "Birthdate2/14/1997 (28)",
    "birthplace": null,
    "experience": "Experience6th Season",
    "draftInfo": null
  },
  {
    "team": "CHI",
    "number": "",
    "name": "Drew Dalman67",
    "position": "C",
    "height": "26",
    "weight": "6' 3\"",
    "age": "305 lbs",
    "college": "4",
    "playerId": "4242553",
    "profileUrl": "https://www.espn.com/nfl/player/_/id/4242553/drew-dalman",
    "headshot": "https://a.espncdn.com/combiner/i?img=/i/headshots/nfl/players/full/4242553.png",
    "birthdate": "Birthdate10/15/1998 (26)",
    "birthplace": null,
    "experience": null,
    "draftInfo": "Draft Info2021: Rd 4, Pk 114 (ATL)"
  },
  {
    "team": "CHI",
    "number": "",
    "name": "Doug Kramer Jr.68",
    "position": "C",
    "height": "26",
    "weight": "6' 2\"",
    "age": "300 lbs",
    "college": "3",
    "playerId": "4047178",
    "profileUrl": "https://www.espn.com/nfl/player/_/id/4047178/doug-kramer-jr",
    "headshot": "https://a.espncdn.com/combiner/i?img=/i/headshots/nfl/players/full/4047178.png",
    "birthdate": "Birthdate6/4/1998 (26)",
    "birthplace": null,
    "experience": null,
    "draftInfo": "Draft Info2022: Rd 6, Pk 207 (CHI)"
  },
  {
    "team": "CHI",
    "number": "",
    "name": "Ricky Stromberg67",
    "position": "C",
    "height": "24",
    "weight": "6' 4\"",
    "age": "313 lbs",
    "college": "2",
    "playerId": "4567173",
    "profileUrl": "https://www.espn.com/nfl/player/_/id/4567173/ricky-stromberg",
    "headshot": "https://a.espncdn.com/combiner/i?img=/i/headshots/nfl/players/full/4567173.png",
    "birthdate": "Birthdate11/10/2000 (24)",
    "birthplace": null,
    "experience": null,
    "draftInfo": "Draft Info2023: Rd 3, Pk 97 (WSH)"
  },
  {
    "team": "CHI",
    "number": "",
    "name": "Theo Benedet62",
    "position": "G",
    "height": "23",
    "weight": "6' 7\"",
    "age": "305 lbs",
    "college": "R",
    "playerId": "5125873",
    "profileUrl": "https://www.espn.com/nfl/player/_/id/5125873/theo-benedet",
    "headshot": "https://a.espncdn.com/combiner/i?img=/i/headshots/nfl/players/full/5125873.png",
    "birthdate": "Birthdate12/10/2001 (23)",
    "birthplace": null,
    "experience": "ExperienceRookie",
    "draftInfo": null
  },
  {
    "team": "CHI",
    "number": "",
    "name": "Chris Glaser63",
    "position": "G",
    "height": "25",
    "weight": "6' 4\"",
    "age": "300 lbs",
    "college": "2",
    "playerId": "4240836",
    "profileUrl": "https://www.espn.com/nfl/player/_/id/4240836/chris-glaser",
    "headshot": "https://a.espncdn.com/combiner/i?img=/i/headshots/nfl/players/full/4240836.png",
    "birthdate": "Birthdate10/1/1999 (25)",
    "birthplace": null,
    "experience": "Experience2nd Season",
    "draftInfo": null
  },
  {
    "team": "CHI",
    "number": "",
    "name": "Jonah Jackson",
    "position": "G",
    "height": "28",
    "weight": "6' 4\"",
    "age": "315 lbs",
    "college": "5",
    "playerId": "3930040",
    "profileUrl": "https://www.espn.com/nfl/player/_/id/3930040/jonah-jackson",
    "headshot": "https://a.espncdn.com/combiner/i?img=/i/headshots/nfl/players/full/3930040.png",
    "birthdate": "Birthdate2/5/1997 (28)",
    "birthplace": null,
    "experience": null,
    "draftInfo": "Draft Info2020: Rd 3, Pk 75 (DET)"
  },
  {
    "team": "CHI",
    "number": "",
    "name": "Jordan McFadden71",
    "position": "G",
    "height": "25",
    "weight": "6' 2\"",
    "age": "303 lbs",
    "college": "2",
    "playerId": "4360319",
    "profileUrl": "https://www.espn.com/nfl/player/_/id/4360319/jordan-mcfadden",
    "headshot": "https://a.espncdn.com/combiner/i?img=/i/headshots/nfl/players/full/4360319.png",
    "birthdate": "Birthdate11/16/1999 (25)",
    "birthplace": null,
    "experience": null,
    "draftInfo": "Draft Info2023: Rd 5, Pk 156 (LAC)"
  },
  {
    "team": "CHI",
    "number": "",
    "name": "Bill Murray60",
    "position": "G",
    "height": "27",
    "weight": "6' 4\"",
    "age": "307 lbs",
    "college": "1",
    "playerId": "3912189",
    "profileUrl": "https://www.espn.com/nfl/player/_/id/3912189/bill-murray",
    "headshot": "https://a.espncdn.com/combiner/i?img=/i/headshots/nfl/players/full/3912189.png",
    "birthdate": "Birthdate7/3/1997 (27)",
    "birthplace": null,
    "experience": "Experience1st Season",
    "draftInfo": null
  },
  {
    "team": "CHI",
    "number": "",
    "name": "Joe Thuney",
    "position": "G",
    "height": "32",
    "weight": "6' 5\"",
    "age": "304 lbs",
    "college": "9",
    "playerId": "2577773",
    "profileUrl": "https://www.espn.com/nfl/player/_/id/2577773/joe-thuney",
    "headshot": "https://a.espncdn.com/combiner/i?img=/i/headshots/nfl/players/full/2577773.png",
    "birthdate": "Birthdate11/18/1992 (32)",
    "birthplace": null,
    "experience": null,
    "draftInfo": "Draft Info2016: Rd 3, Pk 78 (NE)"
  },
  {
    "team": "CHI",
    "number": "",
    "name": "Kiran Amegadjie72",
    "position": "OT",
    "height": "23",
    "weight": "6' 5\"",
    "age": "326 lbs",
    "college": "R",
    "playerId": "4883090",
    "profileUrl": "https://www.espn.com/nfl/player/_/id/4883090/kiran-amegadjie",
    "headshot": "https://a.espncdn.com/combiner/i?img=/i/headshots/nfl/players/full/4883090.png",
    "birthdate": "Birthdate2/1/2002 (23)",
    "birthplace": null,
    "experience": null,
    "draftInfo": "Draft Info2024: Rd 3, Pk 75 (CHI)"
  },
  {
    "team": "CHI",
    "number": "",
    "name": "Braxton Jones70",
    "position": "OT",
    "height": "26",
    "weight": "6' 5\"",
    "age": "310 lbs",
    "college": "3",
    "playerId": "4251007",
    "profileUrl": "https://www.espn.com/nfl/player/_/id/4251007/braxton-jones",
    "headshot": "https://a.espncdn.com/combiner/i?img=/i/headshots/nfl/players/full/4251007.png",
    "birthdate": "Birthdate3/27/1999 (26)",
    "birthplace": null,
    "experience": null,
    "draftInfo": "Draft Info2022: Rd 5, Pk 168 (CHI)"
  },
  {
    "team": "CHI",
    "number": "",
    "name": "Joshua Miles",
    "position": "OT",
    "height": "29",
    "weight": "6' 5\"",
    "age": "325 lbs",
    "college": "4",
    "playerId": "3120434",
    "profileUrl": "https://www.espn.com/nfl/player/_/id/3120434/joshua-miles",
    "headshot": "https://a.espncdn.com/combiner/i?img=/i/headshots/nfl/players/full/3120434.png",
    "birthdate": "Birthdate1/4/1996 (29)",
    "birthplace": null,
    "experience": null,
    "draftInfo": "Draft Info2019: Rd 7, Pk 248 (ARI)"
  },
  {
    "team": "CHI",
    "number": "",
    "name": "Luke Newman",
    "position": "OT",
    "height": "23",
    "weight": "6' 4\"",
    "age": "315 lbs",
    "college": "R",
    "playerId": "4695895",
    "profileUrl": "https://www.espn.com/nfl/player/_/id/4695895/luke-newman",
    "headshot": "https://a.espncdn.com/combiner/i?img=/i/headshots/nfl/players/full/4695895.png",
    "birthdate": "Birthdate3/31/2002 (23)",
    "birthplace": null,
    "experience": null,
    "draftInfo": "Draft Info2025: Rd 6, Pk 195 (CHI)"
  },
  {
    "team": "CHI",
    "number": "",
    "name": "Ozzy Trapilo",
    "position": "OT",
    "height": "23",
    "weight": "6' 8\"",
    "age": "309 lbs",
    "college": "R",
    "playerId": "4432595",
    "profileUrl": "https://www.espn.com/nfl/player/_/id/4432595/ozzy-trapilo",
    "headshot": "https://a.espncdn.com/combiner/i?img=/i/headshots/nfl/players/full/4432595.png",
    "birthdate": "Birthdate10/17/2001 (23)",
    "birthplace": null,
    "experience": null,
    "draftInfo": "Draft Info2025: Rd 2, Pk 56 (CHI)"
  },
  {
    "team": "CHI",
    "number": "",
    "name": "Darnell Wright58",
    "position": "OT",
    "height": "23",
    "weight": "6' 6\"",
    "age": "333 lbs",
    "college": "2",
    "playerId": "4426358",
    "profileUrl": "https://www.espn.com/nfl/player/_/id/4426358/darnell-wright",
    "headshot": "https://a.espncdn.com/combiner/i?img=/i/headshots/nfl/players/full/4426358.png",
    "birthdate": "Birthdate8/10/2001 (23)",
    "birthplace": null,
    "experience": null,
    "draftInfo": "Draft Info2023: Rd 1, Pk 10 (CHI)"
  },
  {
    "team": "CHI",
    "number": "",
    "name": "Xavier Carlton",
    "position": "EDGE",
    "height": "--",
    "weight": "6' 6\"",
    "age": "275 lbs",
    "college": "R",
    "playerId": "4429189",
    "profileUrl": "https://www.espn.com/nfl/player/_/id/4429189/xavier-carlton",
    "headshot": "https://a.espncdn.com/combiner/i?img=/i/headshots/college-football/players/full/4429189.png",
    "birthdate": null,
    "birthplace": "BirthplaceModesto, CA",
    "experience": "ExperienceRookie",
    "draftInfo": null
  },
  {
    "team": "CHI",
    "number": "",
    "name": "Austin Booker94",
    "position": "DE",
    "height": "22",
    "weight": "6' 6\"",
    "age": "245 lbs",
    "college": "R",
    "playerId": "4683553",
    "profileUrl": "https://www.espn.com/nfl/player/_/id/4683553/austin-booker",
    "headshot": "https://a.espncdn.com/combiner/i?img=/i/headshots/nfl/players/full/4683553.png",
    "birthdate": "Birthdate12/14/2002 (22)",
    "birthplace": null,
    "experience": null,
    "draftInfo": "Draft Info2024: Rd 5, Pk 144 (CHI)"
  },
  {
    "team": "CHI",
    "number": "",
    "name": "Daniel Hardy92",
    "position": "DE",
    "height": "26",
    "weight": "6' 3\"",
    "age": "240 lbs",
    "college": "2",
    "playerId": "4365629",
    "profileUrl": "https://www.espn.com/nfl/player/_/id/4365629/daniel-hardy",
    "headshot": "https://a.espncdn.com/combiner/i?img=/i/headshots/nfl/players/full/4365629.png",
    "birthdate": "Birthdate12/15/1998 (26)",
    "birthplace": null,
    "experience": null,
    "draftInfo": "Draft Info2022: Rd 7, Pk 235 (LAR)"
  },
  {
    "team": "CHI",
    "number": "",
    "name": "Grady Jarrett97",
    "position": "DE",
    "height": "32",
    "weight": "6' 0\"",
    "age": "288 lbs",
    "college": "10",
    "playerId": "2576492",
    "profileUrl": "https://www.espn.com/nfl/player/_/id/2576492/grady-jarrett",
    "headshot": "https://a.espncdn.com/combiner/i?img=/i/headshots/nfl/players/full/2576492.png",
    "birthdate": "Birthdate4/28/1993 (32)",
    "birthplace": null,
    "experience": null,
    "draftInfo": "Draft Info2015: Rd 5, Pk 137 (ATL)"
  },
  {
    "team": "CHI",
    "number": "",
    "name": "Jamree Kromah59",
    "position": "DE",
    "height": "24",
    "weight": "6' 4\"",
    "age": "275 lbs",
    "college": "R",
    "playerId": "4372463",
    "profileUrl": "https://www.espn.com/nfl/player/_/id/4372463/jamree-kromah",
    "headshot": "https://a.espncdn.com/combiner/i?img=/i/headshots/nfl/players/full/4372463.png",
    "birthdate": "Birthdate6/14/2000 (24)",
    "birthplace": null,
    "experience": "ExperienceRookie",
    "draftInfo": null
  },
  {
    "team": "CHI",
    "number": "",
    "name": "Dayo Odeyingbo54",
    "position": "DE",
    "height": "25",
    "weight": "6' 6\"",
    "age": "286 lbs",
    "college": "4",
    "playerId": "4242659",
    "profileUrl": "https://www.espn.com/nfl/player/_/id/4242659/dayo-odeyingbo",
    "headshot": "https://a.espncdn.com/combiner/i?img=/i/headshots/nfl/players/full/4242659.png",
    "birthdate": "Birthdate9/24/1999 (25)",
    "birthplace": null,
    "experience": null,
    "draftInfo": "Draft Info2021: Rd 2, Pk 54 (IND)"
  },
  {
    "team": "CHI",
    "number": "",
    "name": "Dominique Robinson90",
    "position": "DE",
    "height": "26",
    "weight": "6' 5\"",
    "age": "253 lbs",
    "college": "3",
    "playerId": "4244300",
    "profileUrl": "https://www.espn.com/nfl/player/_/id/4244300/dominique-robinson",
    "headshot": "https://a.espncdn.com/combiner/i?img=/i/headshots/nfl/players/full/4244300.png",
    "birthdate": "Birthdate7/2/1998 (26)",
    "birthplace": null,
    "experience": null,
    "draftInfo": "Draft Info2022: Rd 5, Pk 174 (CHI)"
  },
  {
    "team": "CHI",
    "number": "",
    "name": "Jereme Robinson",
    "position": "DE",
    "height": "--",
    "weight": "6' 3\"",
    "age": "255 lbs",
    "college": "R",
    "playerId": "4686388",
    "profileUrl": "https://www.espn.com/nfl/player/_/id/4686388/jereme-robinson",
    "headshot": "https://a.espncdn.com/combiner/i?img=/i/headshots/college-football/players/full/4686388.png",
    "birthdate": null,
    "birthplace": "BirthplaceMontgomery, AL",
    "experience": "ExperienceRookie",
    "draftInfo": null
  },
  {
    "team": "CHI",
    "number": "",
    "name": "Montez Sweat98",
    "position": "DE",
    "height": "28",
    "weight": "6' 6\"",
    "age": "262 lbs",
    "college": "6",
    "playerId": "3134690",
    "profileUrl": "https://www.espn.com/nfl/player/_/id/3134690/montez-sweat",
    "headshot": "https://a.espncdn.com/combiner/i?img=/i/headshots/nfl/players/full/3134690.png",
    "birthdate": "Birthdate9/4/1996 (28)",
    "birthplace": null,
    "experience": null,
    "draftInfo": "Draft Info2019: Rd 1, Pk 26 (WSH)"
  },
  {
    "team": "CHI",
    "number": "",
    "name": "Andrew Billings97",
    "position": "DT",
    "height": "30",
    "weight": "6' 1\"",
    "age": "311 lbs",
    "college": "8",
    "playerId": "3051775",
    "profileUrl": "https://www.espn.com/nfl/player/_/id/3051775/andrew-billings",
    "headshot": "https://a.espncdn.com/combiner/i?img=/i/headshots/nfl/players/full/3051775.png",
    "birthdate": "Birthdate3/6/1995 (30)",
    "birthplace": null,
    "experience": null,
    "draftInfo": "Draft Info2016: Rd 4, Pk 122 (CIN)"
  },
  {
    "team": "CHI",
    "number": "",
    "name": "Gervon Dexter Sr.99",
    "position": "DT",
    "height": "23",
    "weight": "6' 6\"",
    "age": "312 lbs",
    "college": "2",
    "playerId": "4429014",
    "profileUrl": "https://www.espn.com/nfl/player/_/id/4429014/gervon-dexter-sr",
    "headshot": "https://a.espncdn.com/combiner/i?img=/i/headshots/nfl/players/full/4429014.png",
    "birthdate": "Birthdate10/5/2001 (23)",
    "birthplace": null,
    "experience": null,
    "draftInfo": "Draft Info2023: Rd 2, Pk 53 (CHI)"
  },
  {
    "team": "CHI",
    "number": "",
    "name": "Jonathan Ford64",
    "position": "DT",
    "height": "26",
    "weight": "6' 5\"",
    "age": "338 lbs",
    "college": "2",
    "playerId": "4259762",
    "profileUrl": "https://www.espn.com/nfl/player/_/id/4259762/jonathan-ford",
    "headshot": "https://a.espncdn.com/combiner/i?img=/i/headshots/nfl/players/full/4259762.png",
    "birthdate": "Birthdate9/29/1998 (26)",
    "birthplace": null,
    "experience": null,
    "draftInfo": "Draft Info2022: Rd 7, Pk 234 (GB)"
  },
  {
    "team": "CHI",
    "number": "",
    "name": "Zacch Pickens96",
    "position": "DT",
    "height": "25",
    "weight": "6' 4\"",
    "age": "300 lbs",
    "college": "2",
    "playerId": "4426332",
    "profileUrl": "https://www.espn.com/nfl/player/_/id/4426332/zacch-pickens",
    "headshot": "https://a.espncdn.com/combiner/i?img=/i/headshots/nfl/players/full/4426332.png",
    "birthdate": "Birthdate3/6/2000 (25)",
    "birthplace": null,
    "experience": null,
    "draftInfo": "Draft Info2023: Rd 3, Pk 64 (CHI)"
  },
  {
    "team": "CHI",
    "number": "",
    "name": "Shemar Turner",
    "position": "DT",
    "height": "22",
    "weight": "6' 4\"",
    "age": "300 lbs",
    "college": "R",
    "playerId": "4432804",
    "profileUrl": "https://www.espn.com/nfl/player/_/id/4432804/shemar-turner",
    "headshot": "https://a.espncdn.com/combiner/i?img=/i/headshots/nfl/players/full/4432804.png",
    "birthdate": "Birthdate1/14/2003 (22)",
    "birthplace": null,
    "experience": null,
    "draftInfo": "Draft Info2025: Rd 2, Pk 62 (CHI)"
  },
  {
    "team": "CHI",
    "number": "",
    "name": "Chris Williams91",
    "position": "DT",
    "height": "26",
    "weight": "6' 2\"",
    "age": "302 lbs",
    "college": "3",
    "playerId": "4034530",
    "profileUrl": "https://www.espn.com/nfl/player/_/id/4034530/chris-williams",
    "headshot": "https://a.espncdn.com/combiner/i?img=/i/headshots/nfl/players/full/4034530.png",
    "birthdate": "Birthdate6/16/1998 (26)",
    "birthplace": null,
    "experience": "Experience3rd Season",
    "draftInfo": null
  },
  {
    "team": "CHI",
    "number": "",
    "name": "Swayze Bozeman",
    "position": "LB",
    "height": "26",
    "weight": "6' 1\"",
    "age": "224 lbs",
    "college": "R",
    "playerId": "4570546",
    "profileUrl": "https://www.espn.com/nfl/player/_/id/4570546/swayze-bozeman",
    "headshot": "https://a.espncdn.com/combiner/i?img=/i/headshots/nfl/players/full/4570546.png",
    "birthdate": "Birthdate11/2/1998 (26)",
    "birthplace": null,
    "experience": "ExperienceRookie",
    "draftInfo": null
  },
  {
    "team": "CHI",
    "number": "",
    "name": "Power Echols",
    "position": "LB",
    "height": "22",
    "weight": "6' 0\"",
    "age": "225 lbs",
    "college": "R",
    "playerId": "4432695",
    "profileUrl": "https://www.espn.com/nfl/player/_/id/4432695/power-echols",
    "headshot": "https://a.espncdn.com/combiner/i?img=/i/headshots/college-football/players/full/4432695.png",
    "birthdate": "Birthdate1/20/2003 (22)",
    "birthplace": null,
    "experience": "ExperienceRookie",
    "draftInfo": null
  },
  {
    "team": "CHI",
    "number": "",
    "name": "Tremaine Edmunds49",
    "position": "LB",
    "height": "27",
    "weight": "6' 5\"",
    "age": "250 lbs",
    "college": "7",
    "playerId": "3929950",
    "profileUrl": "https://www.espn.com/nfl/player/_/id/3929950/tremaine-edmunds",
    "headshot": "https://a.espncdn.com/combiner/i?img=/i/headshots/nfl/players/full/3929950.png",
    "birthdate": "Birthdate5/2/1998 (27)",
    "birthplace": null,
    "experience": null,
    "draftInfo": "Draft Info2018: Rd 1, Pk 16 (BUF)"
  },
  {
    "team": "CHI",
    "number": "",
    "name": "T.J. Edwards53",
    "position": "LB",
    "height": "28",
    "weight": "6' 1\"",
    "age": "242 lbs",
    "college": "6",
    "playerId": "3121544",
    "profileUrl": "https://www.espn.com/nfl/player/_/id/3121544/tj-edwards",
    "headshot": "https://a.espncdn.com/combiner/i?img=/i/headshots/nfl/players/full/3121544.png",
    "birthdate": "Birthdate8/12/1996 (28)",
    "birthplace": null,
    "experience": "Experience6th Season",
    "draftInfo": null
  },
  {
    "team": "CHI",
    "number": "",
    "name": "Ruben Hyppolite II",
    "position": "LB",
    "height": "--",
    "weight": "6' 0\"",
    "age": "232 lbs",
    "college": "R",
    "playerId": "4429970",
    "profileUrl": "https://www.espn.com/nfl/player/_/id/4429970/ruben-hyppolite-ii",
    "headshot": "https://a.espncdn.com/combiner/i?img=/i/headshots/nfl/players/full/4429970.png",
    "birthdate": null,
    "birthplace": null,
    "experience": "ExperienceRookie",
    "draftInfo": "Draft Info2025: Rd 4, Pk 132 (CHI)"
  },
  {
    "team": "CHI",
    "number": "",
    "name": "Carl Jones Jr.50",
    "position": "LB",
    "height": "23",
    "weight": "6' 2\"",
    "age": "230 lbs",
    "college": "R",
    "playerId": "4569428",
    "profileUrl": "https://www.espn.com/nfl/player/_/id/4569428/carl-jones-jr",
    "headshot": "https://a.espncdn.com/combiner/i?img=/i/headshots/nfl/players/full/4569428.png",
    "birthdate": "Birthdate8/8/2001 (23)",
    "birthplace": null,
    "experience": "ExperienceRookie",
    "draftInfo": null
  },
  {
    "team": "CHI",
    "number": "",
    "name": "Amen Ogbongbemiga45",
    "position": "LB",
    "height": "26",
    "weight": "6' 0\"",
    "age": "231 lbs",
    "college": "4",
    "playerId": "4038432",
    "profileUrl": "https://www.espn.com/nfl/player/_/id/4038432/amen-ogbongbemiga",
    "headshot": "https://a.espncdn.com/combiner/i?img=/i/headshots/nfl/players/full/4038432.png",
    "birthdate": "Birthdate9/4/1998 (26)",
    "birthplace": null,
    "experience": "Experience4th Season",
    "draftInfo": null
  },
  {
    "team": "CHI",
    "number": "",
    "name": "Noah Sewell44",
    "position": "LB",
    "height": "24",
    "weight": "6' 2\"",
    "age": "253 lbs",
    "college": "2",
    "playerId": "4430822",
    "profileUrl": "https://www.espn.com/nfl/player/_/id/4430822/noah-sewell",
    "headshot": "https://a.espncdn.com/combiner/i?img=/i/headshots/nfl/players/full/4430822.png",
    "birthdate": "Birthdate4/26/2001 (24)",
    "birthplace": null,
    "experience": null,
    "draftInfo": "Draft Info2023: Rd 5, Pk 148 (CHI)"
  },
  {
    "team": "CHI",
    "number": "",
    "name": "Josh Blackwell39",
    "position": "CB",
    "height": "26",
    "weight": "5' 11\"",
    "age": "180 lbs",
    "college": "3",
    "playerId": "4240459",
    "profileUrl": "https://www.espn.com/nfl/player/_/id/4240459/josh-blackwell",
    "headshot": "https://a.espncdn.com/combiner/i?img=/i/headshots/nfl/players/full/4240459.png",
    "birthdate": "Birthdate4/5/1999 (26)",
    "birthplace": null,
    "experience": "Experience3rd Season",
    "draftInfo": null
  },
  {
    "team": "CHI",
    "number": "",
    "name": "Zah Frazier",
    "position": "CB",
    "height": "24",
    "weight": "6' 3\"",
    "age": "185 lbs",
    "college": "R",
    "playerId": "4572685",
    "profileUrl": "https://www.espn.com/nfl/player/_/id/4572685/zah-frazier",
    "headshot": "https://a.espncdn.com/combiner/i?img=/i/headshots/nfl/players/full/4572685.png",
    "birthdate": "Birthdate10/5/2000 (24)",
    "birthplace": null,
    "experience": null,
    "draftInfo": "Draft Info2025: Rd 5, Pk 169 (CHI)"
  },
  {
    "team": "CHI",
    "number": "",
    "name": "Kyler Gordon6",
    "position": "CB",
    "height": "25",
    "weight": "6' 0\"",
    "age": "200 lbs",
    "college": "3",
    "playerId": "4361093",
    "profileUrl": "https://www.espn.com/nfl/player/_/id/4361093/kyler-gordon",
    "headshot": "https://a.espncdn.com/combiner/i?img=/i/headshots/nfl/players/full/4361093.png",
    "birthdate": "Birthdate12/17/1999 (25)",
    "birthplace": null,
    "experience": null,
    "draftInfo": "Draft Info2022: Rd 2, Pk 39 (CHI)"
  },
  {
    "team": "CHI",
    "number": "",
    "name": "Jaylon Johnson1",
    "position": "CB",
    "height": "26",
    "weight": "6' 0\"",
    "age": "196 lbs",
    "college": "5",
    "playerId": "4243253",
    "profileUrl": "https://www.espn.com/nfl/player/_/id/4243253/jaylon-johnson",
    "headshot": "https://a.espncdn.com/combiner/i?img=/i/headshots/nfl/players/full/4243253.png",
    "birthdate": "Birthdate4/19/1999 (26)",
    "birthplace": null,
    "experience": null,
    "draftInfo": "Draft Info2020: Rd 2, Pk 50 (CHI)"
  },
  {
    "team": "CHI",
    "number": "",
    "name": "Nick McCloud35",
    "position": "CB",
    "height": "26",
    "weight": "6' 1\"",
    "age": "193 lbs",
    "college": "4",
    "playerId": "4036169",
    "profileUrl": "https://www.espn.com/nfl/player/_/id/4036169/nick-mccloud",
    "headshot": "https://a.espncdn.com/combiner/i?img=/i/headshots/nfl/players/full/4036169.png",
    "birthdate": "Birthdate7/9/1998 (26)",
    "birthplace": null,
    "experience": "Experience4th Season",
    "draftInfo": null
  },
  {
    "team": "CHI",
    "number": "",
    "name": "Terell Smith32",
    "position": "CB",
    "height": "25",
    "weight": "6' 0\"",
    "age": "207 lbs",
    "college": "2",
    "playerId": "4360935",
    "profileUrl": "https://www.espn.com/nfl/player/_/id/4360935/terell-smith",
    "headshot": "https://a.espncdn.com/combiner/i?img=/i/headshots/nfl/players/full/4360935.png",
    "birthdate": "Birthdate7/27/1999 (25)",
    "birthplace": null,
    "experience": null,
    "draftInfo": "Draft Info2023: Rd 5, Pk 165 (CHI)"
  },
  {
    "team": "CHI",
    "number": "",
    "name": "Ameer Speed38",
    "position": "CB",
    "height": "25",
    "weight": "6' 3\"",
    "age": "215 lbs",
    "college": "2",
    "playerId": "4259546",
    "profileUrl": "https://www.espn.com/nfl/player/_/id/4259546/ameer-speed",
    "headshot": "https://a.espncdn.com/combiner/i?img=/i/headshots/nfl/players/full/4259546.png",
    "birthdate": "Birthdate10/13/1999 (25)",
    "birthplace": null,
    "experience": null,
    "draftInfo": "Draft Info2023: Rd 6, Pk 214 (NE)"
  },
  {
    "team": "CHI",
    "number": "",
    "name": "Tyrique Stevenson29",
    "position": "CB",
    "height": "24",
    "weight": "6' 0\"",
    "age": "204 lbs",
    "college": "2",
    "playerId": "4426374",
    "profileUrl": "https://www.espn.com/nfl/player/_/id/4426374/tyrique-stevenson",
    "headshot": "https://a.espncdn.com/combiner/i?img=/i/headshots/nfl/players/full/4426374.png",
    "birthdate": "Birthdate5/26/2000 (24)",
    "birthplace": null,
    "experience": null,
    "draftInfo": "Draft Info2023: Rd 2, Pk 56 (CHI)"
  },
  {
    "team": "CHI",
    "number": "",
    "name": "Shaun Wade",
    "position": "CB",
    "height": "26",
    "weight": "6' 1\"",
    "age": "191 lbs",
    "college": "5",
    "playerId": "4241995",
    "profileUrl": "https://www.espn.com/nfl/player/_/id/4241995/shaun-wade",
    "headshot": "https://a.espncdn.com/combiner/i?img=/i/headshots/nfl/players/full/4241995.png",
    "birthdate": "Birthdate9/16/1998 (26)",
    "birthplace": null,
    "experience": null,
    "draftInfo": "Draft Info2021: Rd 5, Pk 160 (BAL)"
  },
  {
    "team": "CHI",
    "number": "",
    "name": "Jeremiah Walker",
    "position": "CB",
    "height": "--",
    "weight": "6' 0\"",
    "age": "200 lbs",
    "college": "R",
    "playerId": "4691085",
    "profileUrl": "https://www.espn.com/nfl/player/_/id/4691085/jeremiah-walker",
    "headshot": "https://a.espncdn.com/combiner/i?img=/i/headshots/college-football/players/full/4691085.png",
    "birthdate": null,
    "birthplace": "BirthplaceHouston, TX",
    "experience": "ExperienceRookie",
    "draftInfo": null
  },
  {
    "team": "CHI",
    "number": "",
    "name": "Nahshon Wright",
    "position": "CB",
    "height": "26",
    "weight": "6' 4\"",
    "age": "200 lbs",
    "college": "6",
    "playerId": "4570470",
    "profileUrl": "https://www.espn.com/nfl/player/_/id/4570470/nahshon-wright",
    "headshot": "https://a.espncdn.com/combiner/i?img=/i/headshots/nfl/players/full/4570470.png",
    "birthdate": "Birthdate9/23/1998 (26)",
    "birthplace": null,
    "experience": null,
    "draftInfo": "Draft Info2021: Rd 3, Pk 99 (DAL)"
  },
  {
    "team": "CHI",
    "number": "",
    "name": "Tysheem Johnson",
    "position": "DB",
    "height": "--",
    "weight": "5' 10\"",
    "age": "200 lbs",
    "college": "R",
    "playerId": "4431405",
    "profileUrl": "https://www.espn.com/nfl/player/_/id/4431405/tysheem-johnson",
    "headshot": "https://a.espncdn.com/combiner/i?img=/i/headshots/college-football/players/full/4431405.png",
    "birthdate": null,
    "birthplace": "BirthplacePhiladelphia, PA",
    "experience": "ExperienceRookie",
    "draftInfo": null
  },
  {
    "team": "CHI",
    "number": "",
    "name": "Jaquan Brisker9",
    "position": "S",
    "height": "26",
    "weight": "6' 1\"",
    "age": "200 lbs",
    "college": "3",
    "playerId": "4570044",
    "profileUrl": "https://www.espn.com/nfl/player/_/id/4570044/jaquan-brisker",
    "headshot": "https://a.espncdn.com/combiner/i?img=/i/headshots/nfl/players/full/4570044.png",
    "birthdate": "Birthdate4/20/1999 (26)",
    "birthplace": null,
    "experience": null,
    "draftInfo": "Draft Info2022: Rd 2, Pk 48 (CHI)"
  },
  {
    "team": "CHI",
    "number": "",
    "name": "Major Burns",
    "position": "S",
    "height": "--",
    "weight": "6' 2\"",
    "age": "200 lbs",
    "college": "R",
    "playerId": "4429036",
    "profileUrl": "https://www.espn.com/nfl/player/_/id/4429036/major-burns",
    "headshot": "https://a.espncdn.com/combiner/i?img=/i/headshots/college-football/players/full/4429036.png",
    "birthdate": null,
    "birthplace": "BirthplaceBaton Rouge, LA",
    "experience": "ExperienceRookie",
    "draftInfo": null
  },
  {
    "team": "CHI",
    "number": "",
    "name": "Kevin Byard III31",
    "position": "S",
    "height": "31",
    "weight": "5' 11\"",
    "age": "212 lbs",
    "college": "9",
    "playerId": "2574056",
    "profileUrl": "https://www.espn.com/nfl/player/_/id/2574056/kevin-byard-iii",
    "headshot": "https://a.espncdn.com/combiner/i?img=/i/headshots/nfl/players/full/2574056.png",
    "birthdate": "Birthdate8/17/1993 (31)",
    "birthplace": null,
    "experience": null,
    "draftInfo": "Draft Info2016: Rd 3, Pk 64 (TEN)"
  },
  {
    "team": "CHI",
    "number": "",
    "name": "Alex Cook",
    "position": "S",
    "height": "25",
    "weight": "6' 1\"",
    "age": "196 lbs",
    "college": "2",
    "playerId": "4243320",
    "profileUrl": "https://www.espn.com/nfl/player/_/id/4243320/alex-cook",
    "headshot": "https://a.espncdn.com/combiner/i?img=/i/headshots/nfl/players/full/4243320.png",
    "birthdate": "Birthdate5/21/1999 (25)",
    "birthplace": null,
    "experience": "Experience2nd Season",
    "draftInfo": null
  },
  {
    "team": "CHI",
    "number": "",
    "name": "Elijah Hicks22",
    "position": "S",
    "height": "25",
    "weight": "5' 11\"",
    "age": "200 lbs",
    "college": "3",
    "playerId": "4242402",
    "profileUrl": "https://www.espn.com/nfl/player/_/id/4242402/elijah-hicks",
    "headshot": "https://a.espncdn.com/combiner/i?img=/i/headshots/nfl/players/full/4242402.png",
    "birthdate": "Birthdate10/16/1999 (25)",
    "birthplace": null,
    "experience": null,
    "draftInfo": "Draft Info2022: Rd 7, Pk 254 (CHI)"
  },
  {
    "team": "CHI",
    "number": "",
    "name": "Tarvarius Moore30",
    "position": "S",
    "height": "28",
    "weight": "6' 2\"",
    "age": "200 lbs",
    "college": "5",
    "playerId": "4039278",
    "profileUrl": "https://www.espn.com/nfl/player/_/id/4039278/tarvarius-moore",
    "headshot": "https://a.espncdn.com/combiner/i?img=/i/headshots/nfl/players/full/4039278.png",
    "birthdate": "Birthdate8/16/1996 (28)",
    "birthplace": null,
    "experience": null,
    "draftInfo": "Draft Info2018: Rd 3, Pk 95 (SF)"
  },
  {
    "team": "CHI",
    "number": "",
    "name": "Jonathan Owens36",
    "position": "S",
    "height": "29",
    "weight": "5' 11\"",
    "age": "210 lbs",
    "college": "6",
    "playerId": "4331768",
    "profileUrl": "https://www.espn.com/nfl/player/_/id/4331768/jonathan-owens",
    "headshot": "https://a.espncdn.com/combiner/i?img=/i/headshots/nfl/players/full/4331768.png",
    "birthdate": "Birthdate7/22/1995 (29)",
    "birthplace": null,
    "experience": "Experience6th Season",
    "draftInfo": null
  },
  {
    "team": "CHI",
    "number": "",
    "name": "Jonathan Kim",
    "position": "PK",
    "height": "--",
    "weight": "6' 0\"",
    "age": "227 lbs",
    "college": "R",
    "playerId": "4568671",
    "profileUrl": "https://www.espn.com/nfl/player/_/id/4568671/jonathan-kim",
    "headshot": "https://a.espncdn.com/combiner/i?img=/i/headshots/college-football/players/full/4568671.png",
    "birthdate": null,
    "birthplace": "BirthplaceFredericksburg, VA",
    "experience": "ExperienceRookie",
    "draftInfo": null
  },
  {
    "team": "CHI",
    "number": "",
    "name": "Cairo Santos8",
    "position": "PK",
    "height": "33",
    "weight": "5' 8\"",
    "age": "175 lbs",
    "college": "11",
    "playerId": "17427",
    "profileUrl": "https://www.espn.com/nfl/player/_/id/17427/cairo-santos",
    "headshot": "https://a.espncdn.com/combiner/i?img=/i/headshots/nfl/players/full/17427.png",
    "birthdate": "Birthdate11/12/1991 (33)",
    "birthplace": null,
    "experience": "Experience11th Season",
    "draftInfo": null
  },
  {
    "team": "CHI",
    "number": "",
    "name": "Tory Taylor19",
    "position": "P",
    "height": "27",
    "weight": "6' 4\"",
    "age": "223 lbs",
    "college": "R",
    "playerId": "4686889",
    "profileUrl": "https://www.espn.com/nfl/player/_/id/4686889/tory-taylor",
    "headshot": "https://a.espncdn.com/combiner/i?img=/i/headshots/nfl/players/full/4686889.png",
    "birthdate": "Birthdate7/10/1997 (27)",
    "birthplace": null,
    "experience": null,
    "draftInfo": "Draft Info2024: Rd 4, Pk 122 (CHI)"
  },
  {
    "team": "CHI",
    "number": "",
    "name": "Scott Daly46",
    "position": "LS",
    "height": "31",
    "weight": "6' 1\"",
    "age": "245 lbs",
    "college": "4",
    "playerId": "2980138",
    "profileUrl": "https://www.espn.com/nfl/player/_/id/2980138/scott-daly",
    "headshot": "https://a.espncdn.com/combiner/i?img=/i/headshots/nfl/players/full/2980138.png",
    "birthdate": "Birthdate2/7/1994 (31)",
    "birthplace": null,
    "experience": "Experience4th Season",
    "draftInfo": null
  },
  {
    "team": "CHI",
    "number": "",
    "name": "Luke Elkin",
    "position": "LS",
    "height": "--",
    "weight": "6' 1\"",
    "age": "228 lbs",
    "college": "R",
    "playerId": "4873482",
    "profileUrl": "https://www.espn.com/nfl/player/_/id/4873482/luke-elkin",
    "headshot": "https://a.espncdn.com/combiner/i?img=/i/headshots/college-football/players/full/4873482.png",
    "birthdate": null,
    "birthplace": "BirthplaceNeenah, WI",
    "experience": "ExperienceRookie",
    "draftInfo": null
  }
]