[
  {
    "team": "CIN",
    "number": "",
    "name": "Jake Browning6",
    "position": "QB",
    "height": "29",
    "weight": "6' 2\"",
    "age": "209 lbs",
    "college": "2",
    "playerId": "3886812",
    "profileUrl": "https://www.espn.com/nfl/player/_/id/3886812/jake-browning",
    "headshot": "https://a.espncdn.com/combiner/i?img=/i/headshots/nfl/players/full/3886812.png",
    "birthdate": "Birthdate4/11/1996 (29)",
    "birthplace": null,
    "experience": "Experience2nd Season",
    "draftInfo": null
  },
  {
    "team": "CIN",
    "number": "",
    "name": "Joe Burrow9",
    "position": "QB",
    "height": "28",
    "weight": "6' 4\"",
    "age": "215 lbs",
    "college": "5",
    "playerId": "3915511",
    "profileUrl": "https://www.espn.com/nfl/player/_/id/3915511/joe-burrow",
    "headshot": "https://a.espncdn.com/combiner/i?img=/i/headshots/nfl/players/full/3915511.png",
    "birthdate": "Birthdate12/10/1996 (28)",
    "birthplace": null,
    "experience": null,
    "draftInfo": "Draft Info2020: Rd 1, Pk 1 (CIN)"
  },
  {
    "team": "CIN",
    "number": "",
    "name": "Payton Thorne",
    "position": "QB",
    "height": "23",
    "weight": "6' 2\"",
    "age": "203 lbs",
    "college": "R",
    "playerId": "4430590",
    "profileUrl": "https://www.espn.com/nfl/player/_/id/4430590/payton-thorne",
    "headshot": "https://a.espncdn.com/combiner/i?img=/i/headshots/college-football/players/full/4430590.png",
    "birthdate": "Birthdate6/26/2001 (23)",
    "birthplace": null,
    "experience": "ExperienceRookie",
    "draftInfo": null
  },
  {
    "team": "CIN",
    "number": "",
    "name": "Logan Woodside",
    "position": "QB",
    "height": "30",
    "weight": "6' 1\"",
    "age": "210 lbs",
    "college": "5",
    "playerId": "3042749",
    "profileUrl": "https://www.espn.com/nfl/player/_/id/3042749/logan-woodside",
    "headshot": "https://a.espncdn.com/combiner/i?img=/i/headshots/nfl/players/full/3042749.png",
    "birthdate": "Birthdate1/27/1995 (30)",
    "birthplace": null,
    "experience": null,
    "draftInfo": "Draft Info2018: Rd 7, Pk 249 (CIN)"
  },
  {
    "team": "CIN",
    "number": "",
    "name": "Gary Brightwell44",
    "position": "RB",
    "height": "27",
    "weight": "6' 1\"",
    "age": "218 lbs",
    "college": "4",
    "playerId": "4245645",
    "profileUrl": "https://www.espn.com/nfl/player/_/id/4245645/gary-brightwell",
    "headshot": "https://a.espncdn.com/combiner/i?img=/i/headshots/nfl/players/full/4245645.png",
    "birthdate": "Birthdate2/28/1998 (27)",
    "birthplace": null,
    "experience": null,
    "draftInfo": "Draft Info2021: Rd 6, Pk 196 (NYG)"
  },
  {
    "team": "CIN",
    "number": "",
    "name": "Tahj Brooks",
    "position": "RB",
    "height": "23",
    "weight": "5' 10\"",
    "age": "230 lbs",
    "college": "R",
    "playerId": "4429299",
    "profileUrl": "https://www.espn.com/nfl/player/_/id/4429299/tahj-brooks",
    "headshot": "https://a.espncdn.com/combiner/i?img=/i/headshots/nfl/players/full/4429299.png",
    "birthdate": "Birthdate5/13/2002 (23)",
    "birthplace": null,
    "experience": null,
    "draftInfo": "Draft Info2025: Rd 6, Pk 193 (CIN)"
  },
  {
    "team": "CIN",
    "number": "",
    "name": "Chase Brown30",
    "position": "RB",
    "height": "25",
    "weight": "5' 10\"",
    "age": "211 lbs",
    "college": "2",
    "playerId": "4362238",
    "profileUrl": "https://www.espn.com/nfl/player/_/id/4362238/chase-brown",
    "headshot": "https://a.espncdn.com/combiner/i?img=/i/headshots/nfl/players/full/4362238.png",
    "birthdate": "Birthdate3/21/2000 (25)",
    "birthplace": null,
    "experience": null,
    "draftInfo": "Draft Info2023: Rd 5, Pk 163 (CIN)"
  },
  {
    "team": "CIN",
    "number": "",
    "name": "Quali Conley",
    "position": "RB",
    "height": "--",
    "weight": "5' 10\"",
    "age": "209 lbs",
    "college": "R",
    "playerId": "4694583",
    "profileUrl": "https://www.espn.com/nfl/player/_/id/4694583/quali-conley",
    "headshot": "https://a.espncdn.com/combiner/i?img=/i/headshots/college-football/players/full/4694583.png",
    "birthdate": null,
    "birthplace": "BirthplaceFresno, CA",
    "experience": "ExperienceRookie",
    "draftInfo": null
  },
  {
    "team": "CIN",
    "number": "",
    "name": "Kendall Milton36",
    "position": "RB",
    "height": "23",
    "weight": "6' 1\"",
    "age": "230 lbs",
    "college": "R",
    "playerId": "4429012",
    "profileUrl": "https://www.espn.com/nfl/player/_/id/4429012/kendall-milton",
    "headshot": "https://a.espncdn.com/combiner/i?img=/i/headshots/nfl/players/full/4429012.png",
    "birthdate": "Birthdate2/10/2002 (23)",
    "birthplace": null,
    "experience": "ExperienceRookie",
    "draftInfo": null
  },
  {
    "team": "CIN",
    "number": "",
    "name": "Zack Moss31",
    "position": "RB",
    "height": "27",
    "weight": "5' 10\"",
    "age": "215 lbs",
    "college": "5",
    "playerId": "4035676",
    "profileUrl": "https://www.espn.com/nfl/player/_/id/4035676/zack-moss",
    "headshot": "https://a.espncdn.com/combiner/i?img=/i/headshots/nfl/players/full/4035676.png",
    "birthdate": "Birthdate12/15/1997 (27)",
    "birthplace": null,
    "experience": null,
    "draftInfo": "Draft Info2020: Rd 3, Pk 86 (BUF)"
  },
  {
    "team": "CIN",
    "number": "",
    "name": "Samaje Perine",
    "position": "RB",
    "height": "29",
    "weight": "5' 10\"",
    "age": "236 lbs",
    "college": "8",
    "playerId": "3116389",
    "profileUrl": "https://www.espn.com/nfl/player/_/id/3116389/samaje-perine",
    "headshot": "https://a.espncdn.com/combiner/i?img=/i/headshots/nfl/players/full/3116389.png",
    "birthdate": "Birthdate9/16/1995 (29)",
    "birthplace": null,
    "experience": null,
    "draftInfo": "Draft Info2017: Rd 4, Pk 114 (WSH)"
  },
  {
    "team": "CIN",
    "number": "",
    "name": "Cole Burgess17",
    "position": "WR",
    "height": "25",
    "weight": "6' 1\"",
    "age": "198 lbs",
    "college": "R",
    "playerId": "5192448",
    "profileUrl": "https://www.espn.com/nfl/player/_/id/5192448/cole-burgess",
    "headshot": "https://a.espncdn.com/combiner/i?img=/i/headshots/nfl/players/full/5192448.png",
    "birthdate": "Birthdate2/11/2000 (25)",
    "birthplace": null,
    "experience": "ExperienceRookie",
    "draftInfo": null
  },
  {
    "team": "CIN",
    "number": "",
    "name": "Jermaine Burton81",
    "position": "WR",
    "height": "23",
    "weight": "6' 0\"",
    "age": "200 lbs",
    "college": "R",
    "playerId": "4429033",
    "profileUrl": "https://www.espn.com/nfl/player/_/id/4429033/jermaine-burton",
    "headshot": "https://a.espncdn.com/combiner/i?img=/i/headshots/nfl/players/full/4429033.png",
    "birthdate": "Birthdate6/28/2001 (23)",
    "birthplace": null,
    "experience": null,
    "draftInfo": "Draft Info2024: Rd 3, Pk 80 (CIN)"
  },
  {
    "team": "CIN",
    "number": "",
    "name": "Ja'Marr Chase1",
    "position": "WR",
    "height": "25",
    "weight": "6' 0\"",
    "age": "201 lbs",
    "college": "4",
    "playerId": "4362628",
    "profileUrl": "https://www.espn.com/nfl/player/_/id/4362628/jamarr-chase",
    "headshot": "https://a.espncdn.com/combiner/i?img=/i/headshots/nfl/players/full/4362628.png",
    "birthdate": "Birthdate3/1/2000 (25)",
    "birthplace": null,
    "experience": null,
    "draftInfo": "Draft Info2021: Rd 1, Pk 5 (CIN)"
  },
  {
    "team": "CIN",
    "number": "",
    "name": "Tee Higgins5",
    "position": "WR",
    "height": "26",
    "weight": "6' 4\"",
    "age": "219 lbs",
    "college": "5",
    "playerId": "4239993",
    "profileUrl": "https://www.espn.com/nfl/player/_/id/4239993/tee-higgins",
    "headshot": "https://a.espncdn.com/combiner/i?img=/i/headshots/nfl/players/full/4239993.png",
    "birthdate": "Birthdate1/18/1999 (26)",
    "birthplace": null,
    "experience": null,
    "draftInfo": "Draft Info2020: Rd 2, Pk 33 (CIN)"
  },
  {
    "team": "CIN",
    "number": "",
    "name": "Andrei Iosivas80",
    "position": "WR",
    "height": "25",
    "weight": "6' 3\"",
    "age": "205 lbs",
    "college": "2",
    "playerId": "4368003",
    "profileUrl": "https://www.espn.com/nfl/player/_/id/4368003/andrei-iosivas",
    "headshot": "https://a.espncdn.com/combiner/i?img=/i/headshots/nfl/players/full/4368003.png",
    "birthdate": "Birthdate10/15/1999 (25)",
    "birthplace": null,
    "experience": null,
    "draftInfo": "Draft Info2023: Rd 6, Pk 206 (CIN)"
  },
  {
    "team": "CIN",
    "number": "",
    "name": "Charlie Jones15",
    "position": "WR",
    "height": "26",
    "weight": "6' 0\"",
    "age": "183 lbs",
    "college": "2",
    "playerId": "4257188",
    "profileUrl": "https://www.espn.com/nfl/player/_/id/4257188/charlie-jones",
    "headshot": "https://a.espncdn.com/combiner/i?img=/i/headshots/nfl/players/full/4257188.png",
    "birthdate": "Birthdate10/29/1998 (26)",
    "birthplace": null,
    "experience": null,
    "draftInfo": "Draft Info2023: Rd 4, Pk 131 (CIN)"
  },
  {
    "team": "CIN",
    "number": "",
    "name": "Jamoi Mayes",
    "position": "WR",
    "height": "--",
    "weight": "5' 11\"",
    "age": "205 lbs",
    "college": "R",
    "playerId": "4692972",
    "profileUrl": "https://www.espn.com/nfl/player/_/id/4692972/jamoi-mayes",
    "headshot": "https://a.espncdn.com/combiner/i?img=/i/headshots/college-football/players/full/4692972.png",
    "birthdate": null,
    "birthplace": "BirthplaceGriffin, GA",
    "experience": "ExperienceRookie",
    "draftInfo": null
  },
  {
    "team": "CIN",
    "number": "",
    "name": "Jordan Moore",
    "position": "WR",
    "height": "23",
    "weight": "6' 0\"",
    "age": "195 lbs",
    "college": "R",
    "playerId": "4594444",
    "profileUrl": "https://www.espn.com/nfl/player/_/id/4594444/jordan-moore",
    "headshot": "https://a.espncdn.com/combiner/i?img=/i/headshots/college-football/players/full/4594444.png",
    "birthdate": "Birthdate4/18/2002 (23)",
    "birthplace": null,
    "experience": "ExperienceRookie",
    "draftInfo": null
  },
  {
    "team": "CIN",
    "number": "",
    "name": "Rashod Owens",
    "position": "WR",
    "height": "--",
    "weight": "6' 2\"",
    "age": "230 lbs",
    "college": "R",
    "playerId": "4430577",
    "profileUrl": "https://www.espn.com/nfl/player/_/id/4430577/rashod-owens",
    "headshot": "https://a.espncdn.com/combiner/i?img=/i/headshots/college-football/players/full/4430577.png",
    "birthdate": null,
    "birthplace": "BirthplaceSan Antonio, TX",
    "experience": "ExperienceRookie",
    "draftInfo": null
  },
  {
    "team": "CIN",
    "number": "",
    "name": "Kendric Pryor19",
    "position": "WR",
    "height": "27",
    "weight": "5' 11\"",
    "age": "189 lbs",
    "college": "2",
    "playerId": "4035776",
    "profileUrl": "https://www.espn.com/nfl/player/_/id/4035776/kendric-pryor",
    "headshot": "https://a.espncdn.com/combiner/i?img=/i/headshots/nfl/players/full/4035776.png",
    "birthdate": "Birthdate1/6/1998 (27)",
    "birthplace": null,
    "experience": "Experience2nd Season",
    "draftInfo": null
  },
  {
    "team": "CIN",
    "number": "",
    "name": "Mitchell Tinsley",
    "position": "WR",
    "height": "25",
    "weight": "6' 1\"",
    "age": "205 lbs",
    "college": "2",
    "playerId": "4690070",
    "profileUrl": "https://www.espn.com/nfl/player/_/id/4690070/mitchell-tinsley",
    "headshot": "https://a.espncdn.com/combiner/i?img=/i/headshots/nfl/players/full/4690070.png",
    "birthdate": "Birthdate9/15/1999 (25)",
    "birthplace": null,
    "experience": "Experience2nd Season",
    "draftInfo": null
  },
  {
    "team": "CIN",
    "number": "",
    "name": "Isaiah Williams18",
    "position": "WR",
    "height": "24",
    "weight": "5' 10\"",
    "age": "185 lbs",
    "college": "R",
    "playerId": "4569371",
    "profileUrl": "https://www.espn.com/nfl/player/_/id/4569371/isaiah-williams",
    "headshot": "https://a.espncdn.com/combiner/i?img=/i/headshots/nfl/players/full/4569371.png",
    "birthdate": "Birthdate1/29/2001 (24)",
    "birthplace": null,
    "experience": "ExperienceRookie",
    "draftInfo": null
  },
  {
    "team": "CIN",
    "number": "",
    "name": "Erick All Jr.83",
    "position": "TE",
    "height": "24",
    "weight": "6' 5\"",
    "age": "253 lbs",
    "college": "R",
    "playerId": "4427834",
    "profileUrl": "https://www.espn.com/nfl/player/_/id/4427834/erick-all-jr",
    "headshot": "https://a.espncdn.com/combiner/i?img=/i/headshots/nfl/players/full/4427834.png",
    "birthdate": "Birthdate9/13/2000 (24)",
    "birthplace": null,
    "experience": null,
    "draftInfo": "Draft Info2024: Rd 4, Pk 115 (CIN)"
  },
  {
    "team": "CIN",
    "number": "",
    "name": "Mike Gesicki88",
    "position": "TE",
    "height": "29",
    "weight": "6' 6\"",
    "age": "252 lbs",
    "college": "7",
    "playerId": "3116164",
    "profileUrl": "https://www.espn.com/nfl/player/_/id/3116164/mike-gesicki",
    "headshot": "https://a.espncdn.com/combiner/i?img=/i/headshots/nfl/players/full/3116164.png",
    "birthdate": "Birthdate10/3/1995 (29)",
    "birthplace": null,
    "experience": null,
    "draftInfo": "Draft Info2018: Rd 2, Pk 42 (MIA)"
  },
  {
    "team": "CIN",
    "number": "",
    "name": "Cam Grandy85",
    "position": "TE",
    "height": "25",
    "weight": "6' 5\"",
    "age": "253 lbs",
    "college": "R",
    "playerId": "4700712",
    "profileUrl": "https://www.espn.com/nfl/player/_/id/4700712/cam-grandy",
    "headshot": "https://a.espncdn.com/combiner/i?img=/i/headshots/nfl/players/full/4700712.png",
    "birthdate": "Birthdate11/19/1999 (25)",
    "birthplace": null,
    "experience": "ExperienceRookie",
    "draftInfo": null
  },
  {
    "team": "CIN",
    "number": "",
    "name": "Tanner Hudson87",
    "position": "TE",
    "height": "30",
    "weight": "6' 5\"",
    "age": "239 lbs",
    "college": "5",
    "playerId": "3050481",
    "profileUrl": "https://www.espn.com/nfl/player/_/id/3050481/tanner-hudson",
    "headshot": "https://a.espncdn.com/combiner/i?img=/i/headshots/nfl/players/full/3050481.png",
    "birthdate": "Birthdate11/12/1994 (30)",
    "birthplace": null,
    "experience": "Experience5th Season",
    "draftInfo": null
  },
  {
    "team": "CIN",
    "number": "",
    "name": "Tanner McLachlan84",
    "position": "TE",
    "height": "26",
    "weight": "6' 5\"",
    "age": "244 lbs",
    "college": "R",
    "playerId": "4384171",
    "profileUrl": "https://www.espn.com/nfl/player/_/id/4384171/tanner-mclachlan",
    "headshot": "https://a.espncdn.com/combiner/i?img=/i/headshots/nfl/players/full/4384171.png",
    "birthdate": "Birthdate3/15/1999 (26)",
    "birthplace": null,
    "experience": null,
    "draftInfo": "Draft Info2024: Rd 6, Pk 194 (CIN)"
  },
  {
    "team": "CIN",
    "number": "",
    "name": "Drew Sample89",
    "position": "TE",
    "height": "29",
    "weight": "6' 5\"",
    "age": "255 lbs",
    "college": "6",
    "playerId": "3127310",
    "profileUrl": "https://www.espn.com/nfl/player/_/id/3127310/drew-sample",
    "headshot": "https://a.espncdn.com/combiner/i?img=/i/headshots/nfl/players/full/3127310.png",
    "birthdate": "Birthdate4/16/1996 (29)",
    "birthplace": null,
    "experience": null,
    "draftInfo": "Draft Info2019: Rd 2, Pk 52 (CIN)"
  },
  {
    "team": "CIN",
    "number": "",
    "name": "Kole Taylor",
    "position": "TE",
    "height": "--",
    "weight": "6' 7\"",
    "age": "255 lbs",
    "college": "R",
    "playerId": "4433921",
    "profileUrl": "https://www.espn.com/nfl/player/_/id/4433921/kole-taylor",
    "headshot": "https://a.espncdn.com/combiner/i?img=/i/headshots/college-football/players/full/4433921.png",
    "birthdate": null,
    "birthplace": "BirthplaceGrand Junction, CO",
    "experience": "ExperienceRookie",
    "draftInfo": null
  },
  {
    "team": "CIN",
    "number": "",
    "name": "Ted Karras64",
    "position": "C",
    "height": "32",
    "weight": "6' 4\"",
    "age": "310 lbs",
    "college": "9",
    "playerId": "2576188",
    "profileUrl": "https://www.espn.com/nfl/player/_/id/2576188/ted-karras",
    "headshot": "https://a.espncdn.com/combiner/i?img=/i/headshots/nfl/players/full/2576188.png",
    "birthdate": "Birthdate3/15/1993 (32)",
    "birthplace": null,
    "experience": null,
    "draftInfo": "Draft Info2016: Rd 6, Pk 221 (NE)"
  },
  {
    "team": "CIN",
    "number": "",
    "name": "Matt Lee62",
    "position": "C",
    "height": "23",
    "weight": "6' 4\"",
    "age": "301 lbs",
    "college": "R",
    "playerId": "4568986",
    "profileUrl": "https://www.espn.com/nfl/player/_/id/4568986/matt-lee",
    "headshot": "https://a.espncdn.com/combiner/i?img=/i/headshots/nfl/players/full/4568986.png",
    "birthdate": "Birthdate6/6/2001 (23)",
    "birthplace": null,
    "experience": null,
    "draftInfo": "Draft Info2024: Rd 7, Pk 237 (CIN)"
  },
  {
    "team": "CIN",
    "number": "",
    "name": "Seth McLaughlin",
    "position": "C",
    "height": "--",
    "weight": "6' 4\"",
    "age": "305 lbs",
    "college": "R",
    "playerId": "4429187",
    "profileUrl": "https://www.espn.com/nfl/player/_/id/4429187/seth-mclaughlin",
    "headshot": "https://a.espncdn.com/combiner/i?img=/i/headshots/college-football/players/full/4429187.png",
    "birthdate": null,
    "birthplace": "BirthplaceBuford, GA",
    "experience": "ExperienceRookie",
    "draftInfo": null
  },
  {
    "team": "CIN",
    "number": "",
    "name": "Dylan Fairchild",
    "position": "G",
    "height": "22",
    "weight": "6' 5\"",
    "age": "315 lbs",
    "college": "R",
    "playerId": "4646773",
    "profileUrl": "https://www.espn.com/nfl/player/_/id/4646773/dylan-fairchild",
    "headshot": "https://a.espncdn.com/combiner/i?img=/i/headshots/nfl/players/full/4646773.png",
    "birthdate": "Birthdate5/8/2003 (22)",
    "birthplace": null,
    "experience": null,
    "draftInfo": "Draft Info2025: Rd 3, Pk 81 (CIN)"
  },
  {
    "team": "CIN",
    "number": "",
    "name": "Cody Ford61",
    "position": "G",
    "height": "28",
    "weight": "6' 3\"",
    "age": "329 lbs",
    "college": "6",
    "playerId": "3707061",
    "profileUrl": "https://www.espn.com/nfl/player/_/id/3707061/cody-ford",
    "headshot": "https://a.espncdn.com/combiner/i?img=/i/headshots/nfl/players/full/3707061.png",
    "birthdate": "Birthdate12/28/1996 (28)",
    "birthplace": null,
    "experience": null,
    "draftInfo": "Draft Info2019: Rd 2, Pk 38 (BUF)"
  },
  {
    "team": "CIN",
    "number": "",
    "name": "Jaxson Kirkland60",
    "position": "G",
    "height": "26",
    "weight": "6' 7\"",
    "age": "328 lbs",
    "college": "1",
    "playerId": "4243324",
    "profileUrl": "https://www.espn.com/nfl/player/_/id/4243324/jaxson-kirkland",
    "headshot": "https://a.espncdn.com/combiner/i?img=/i/headshots/nfl/players/full/4243324.png",
    "birthdate": "Birthdate7/30/1998 (26)",
    "birthplace": null,
    "experience": "Experience1st Season",
    "draftInfo": null
  },
  {
    "team": "CIN",
    "number": "",
    "name": "Tashawn Manning66",
    "position": "G",
    "height": "26",
    "weight": "6' 4\"",
    "age": "340 lbs",
    "college": "1",
    "playerId": "4242529",
    "profileUrl": "https://www.espn.com/nfl/player/_/id/4242529/tashawn-manning",
    "headshot": "https://a.espncdn.com/combiner/i?img=/i/headshots/nfl/players/full/4242529.png",
    "birthdate": "Birthdate5/23/1998 (26)",
    "birthplace": null,
    "experience": "Experience1st Season",
    "draftInfo": null
  },
  {
    "team": "CIN",
    "number": "",
    "name": "Lucas Patrick",
    "position": "G",
    "height": "31",
    "weight": "6' 3\"",
    "age": "313 lbs",
    "college": "8",
    "playerId": "2576736",
    "profileUrl": "https://www.espn.com/nfl/player/_/id/2576736/lucas-patrick",
    "headshot": "https://a.espncdn.com/combiner/i?img=/i/headshots/nfl/players/full/2576736.png",
    "birthdate": "Birthdate7/30/1993 (31)",
    "birthplace": null,
    "experience": "Experience8th Season",
    "draftInfo": null
  },
  {
    "team": "CIN",
    "number": "",
    "name": "Jalen Rivers",
    "position": "G",
    "height": "22",
    "weight": "6' 5\"",
    "age": "325 lbs",
    "college": "R",
    "playerId": "4429010",
    "profileUrl": "https://www.espn.com/nfl/player/_/id/4429010/jalen-rivers",
    "headshot": "https://a.espncdn.com/combiner/i?img=/i/headshots/nfl/players/full/4429010.png",
    "birthdate": "Birthdate9/12/2002 (22)",
    "birthplace": null,
    "experience": null,
    "draftInfo": "Draft Info2025: Rd 5, Pk 153 (CIN)"
  },
  {
    "team": "CIN",
    "number": "",
    "name": "Cordell Volson67",
    "position": "G",
    "height": "26",
    "weight": "6' 6\"",
    "age": "315 lbs",
    "college": "3",
    "playerId": "4040950",
    "profileUrl": "https://www.espn.com/nfl/player/_/id/4040950/cordell-volson",
    "headshot": "https://a.espncdn.com/combiner/i?img=/i/headshots/nfl/players/full/4040950.png",
    "birthdate": "Birthdate7/20/1998 (26)",
    "birthplace": null,
    "experience": null,
    "draftInfo": "Draft Info2022: Rd 4, Pk 136 (CIN)"
  },
  {
    "team": "CIN",
    "number": "",
    "name": "Orlando Brown Jr.75",
    "position": "OT",
    "height": "29",
    "weight": "6' 8\"",
    "age": "345 lbs",
    "college": "7",
    "playerId": "3116370",
    "profileUrl": "https://www.espn.com/nfl/player/_/id/3116370/orlando-brown-jr",
    "headshot": "https://a.espncdn.com/combiner/i?img=/i/headshots/nfl/players/full/3116370.png",
    "birthdate": "Birthdate5/2/1996 (29)",
    "birthplace": null,
    "experience": null,
    "draftInfo": "Draft Info2018: Rd 3, Pk 83 (BAL)"
  },
  {
    "team": "CIN",
    "number": "",
    "name": "Devin Cochran76",
    "position": "OT",
    "height": "26",
    "weight": "6' 7\"",
    "age": "330 lbs",
    "college": "2",
    "playerId": "4035270",
    "profileUrl": "https://www.espn.com/nfl/player/_/id/4035270/devin-cochran",
    "headshot": "https://a.espncdn.com/combiner/i?img=/i/headshots/nfl/players/full/4035270.png",
    "birthdate": "Birthdate7/17/1998 (26)",
    "birthplace": null,
    "experience": "Experience2nd Season",
    "draftInfo": null
  },
  {
    "team": "CIN",
    "number": "",
    "name": "Andrew Coker79",
    "position": "OT",
    "height": "24",
    "weight": "6' 7\"",
    "age": "315 lbs",
    "college": "R",
    "playerId": "4429430",
    "profileUrl": "https://www.espn.com/nfl/player/_/id/4429430/andrew-coker",
    "headshot": "https://a.espncdn.com/combiner/i?img=/i/headshots/nfl/players/full/4429430.png",
    "birthdate": "Birthdate3/23/2001 (24)",
    "birthplace": null,
    "experience": "ExperienceRookie",
    "draftInfo": null
  },
  {
    "team": "CIN",
    "number": "",
    "name": "Caleb Etienne",
    "position": "OT",
    "height": "--",
    "weight": "6' 8\"",
    "age": "320 lbs",
    "college": "R",
    "playerId": "4880297",
    "profileUrl": "https://www.espn.com/nfl/player/_/id/4880297/caleb-etienne",
    "headshot": "https://a.espncdn.com/combiner/i?img=/i/headshots/college-football/players/full/4880297.png",
    "birthdate": null,
    "birthplace": "BirthplaceNew Orleans, LA",
    "experience": "ExperienceRookie",
    "draftInfo": null
  },
  {
    "team": "CIN",
    "number": "",
    "name": "Amarius Mims71",
    "position": "OT",
    "height": "22",
    "weight": "6' 8\"",
    "age": "340 lbs",
    "college": "R",
    "playerId": "4431571",
    "profileUrl": "https://www.espn.com/nfl/player/_/id/4431571/amarius-mims",
    "headshot": "https://a.espncdn.com/combiner/i?img=/i/headshots/nfl/players/full/4431571.png",
    "birthdate": "Birthdate10/14/2002 (22)",
    "birthplace": null,
    "experience": null,
    "draftInfo": "Draft Info2024: Rd 1, Pk 18 (CIN)"
  },
  {
    "team": "CIN",
    "number": "",
    "name": "Andrew Stueber73",
    "position": "OT",
    "height": "25",
    "weight": "6' 7\"",
    "age": "338 lbs",
    "college": "1",
    "playerId": "4258207",
    "profileUrl": "https://www.espn.com/nfl/player/_/id/4258207/andrew-stueber",
    "headshot": "https://a.espncdn.com/combiner/i?img=/i/headshots/nfl/players/full/4258207.png",
    "birthdate": "Birthdate7/1/1999 (25)",
    "birthplace": null,
    "experience": null,
    "draftInfo": "Draft Info2022: Rd 7, Pk 245 (NE)"
  },
  {
    "team": "CIN",
    "number": "",
    "name": "Trey Hendrickson91",
    "position": "DE",
    "height": "30",
    "weight": "6' 4\"",
    "age": "270 lbs",
    "college": "8",
    "playerId": "3052743",
    "profileUrl": "https://www.espn.com/nfl/player/_/id/3052743/trey-hendrickson",
    "headshot": "https://a.espncdn.com/combiner/i?img=/i/headshots/nfl/players/full/3052743.png",
    "birthdate": "Birthdate12/5/1994 (30)",
    "birthplace": null,
    "experience": null,
    "draftInfo": "Draft Info2017: Rd 3, Pk 103 (NO)"
  },
  {
    "team": "CIN",
    "number": "",
    "name": "Cedric Johnson52",
    "position": "DE",
    "height": "22",
    "weight": "6' 3\"",
    "age": "260 lbs",
    "college": "R",
    "playerId": "4430065",
    "profileUrl": "https://www.espn.com/nfl/player/_/id/4430065/cedric-johnson",
    "headshot": "https://a.espncdn.com/combiner/i?img=/i/headshots/nfl/players/full/4430065.png",
    "birthdate": "Birthdate9/6/2002 (22)",
    "birthplace": null,
    "experience": null,
    "draftInfo": "Draft Info2024: Rd 6, Pk 214 (CIN)"
  },
  {
    "team": "CIN",
    "number": "",
    "name": "Raymond Johnson III56",
    "position": "DE",
    "height": "26",
    "weight": "6' 3\"",
    "age": "270 lbs",
    "college": "2",
    "playerId": "4241135",
    "profileUrl": "https://www.espn.com/nfl/player/_/id/4241135/raymond-johnson-iii",
    "headshot": "https://a.espncdn.com/combiner/i?img=/i/headshots/nfl/players/full/4241135.png",
    "birthdate": "Birthdate10/21/1998 (26)",
    "birthplace": null,
    "experience": "Experience2nd Season",
    "draftInfo": null
  },
  {
    "team": "CIN",
    "number": "",
    "name": "Myles Murphy99",
    "position": "DE",
    "height": "23",
    "weight": "6' 5\"",
    "age": "270 lbs",
    "college": "2",
    "playerId": "4428985",
    "profileUrl": "https://www.espn.com/nfl/player/_/id/4428985/myles-murphy",
    "headshot": "https://a.espncdn.com/combiner/i?img=/i/headshots/nfl/players/full/4428985.png",
    "birthdate": "Birthdate1/3/2002 (23)",
    "birthplace": null,
    "experience": null,
    "draftInfo": "Draft Info2023: Rd 1, Pk 28 (CIN)"
  },
  {
    "team": "CIN",
    "number": "",
    "name": "Joseph Ossai58",
    "position": "DE",
    "height": "25",
    "weight": "6' 4\"",
    "age": "263 lbs",
    "college": "4",
    "playerId": "4362094",
    "profileUrl": "https://www.espn.com/nfl/player/_/id/4362094/joseph-ossai",
    "headshot": "https://a.espncdn.com/combiner/i?img=/i/headshots/nfl/players/full/4362094.png",
    "birthdate": "Birthdate4/12/2000 (25)",
    "birthplace": null,
    "experience": null,
    "draftInfo": "Draft Info2021: Rd 3, Pk 69 (CIN)"
  },
  {
    "team": "CIN",
    "number": "",
    "name": "Cam Sample96",
    "position": "DE",
    "height": "25",
    "weight": "6' 3\"",
    "age": "272 lbs",
    "college": "4",
    "playerId": "4243923",
    "profileUrl": "https://www.espn.com/nfl/player/_/id/4243923/cam-sample",
    "headshot": "https://a.espncdn.com/combiner/i?img=/i/headshots/nfl/players/full/4243923.png",
    "birthdate": "Birthdate9/20/1999 (25)",
    "birthplace": null,
    "experience": null,
    "draftInfo": "Draft Info2021: Rd 4, Pk 111 (CIN)"
  },
  {
    "team": "CIN",
    "number": "",
    "name": "Shemar Stewart97",
    "position": "DE",
    "height": "21",
    "weight": "6' 6\"",
    "age": "290 lbs",
    "college": "R",
    "playerId": "4685562",
    "profileUrl": "https://www.espn.com/nfl/player/_/id/4685562/shemar-stewart",
    "headshot": "https://a.espncdn.com/combiner/i?img=/i/headshots/nfl/players/full/4685562.png",
    "birthdate": "Birthdate11/12/2003 (21)",
    "birthplace": null,
    "experience": null,
    "draftInfo": "Draft Info2025: Rd 1, Pk 17 (CIN)"
  },
  {
    "team": "CIN",
    "number": "",
    "name": "Isaiah Thomas51",
    "position": "DE",
    "height": "26",
    "weight": "6' 5\"",
    "age": "272 lbs",
    "college": "2",
    "playerId": "4241404",
    "profileUrl": "https://www.espn.com/nfl/player/_/id/4241404/isaiah-thomas",
    "headshot": "https://a.espncdn.com/combiner/i?img=/i/headshots/nfl/players/full/4241404.png",
    "birthdate": "Birthdate12/3/1998 (26)",
    "birthplace": null,
    "experience": null,
    "draftInfo": "Draft Info2022: Rd 7, Pk 223 (CLE)"
  },
  {
    "team": "CIN",
    "number": "",
    "name": "Dante Barnett",
    "position": "DT",
    "height": "--",
    "weight": "6' 1\"",
    "age": "275 lbs",
    "college": "R",
    "playerId": "5278715",
    "profileUrl": "https://www.espn.com/nfl/player/_/id/5278715/dante-barnett",
    "headshot": "https://a.espncdn.com/combiner/i?img=/i/teamlogos/nfl/500/cin.png",
    "birthdate": null,
    "birthplace": "BirthplaceBirmingham, England",
    "experience": "ExperienceRookie",
    "draftInfo": null
  },
  {
    "team": "CIN",
    "number": "",
    "name": "Howard Cross III",
    "position": "DT",
    "height": "23",
    "weight": "6' 1\"",
    "age": "288 lbs",
    "college": "R",
    "playerId": "4426992",
    "profileUrl": "https://www.espn.com/nfl/player/_/id/4426992/howard-cross-iii",
    "headshot": "https://a.espncdn.com/combiner/i?img=/i/headshots/college-football/players/full/4426992.png",
    "birthdate": "Birthdate7/31/2001 (23)",
    "birthplace": null,
    "experience": "ExperienceRookie",
    "draftInfo": null
  },
  {
    "team": "CIN",
    "number": "",
    "name": "Eric Gregory",
    "position": "DT",
    "height": "24",
    "weight": "6' 4\"",
    "age": "320 lbs",
    "college": "R",
    "playerId": "4567171",
    "profileUrl": "https://www.espn.com/nfl/player/_/id/4567171/eric-gregory",
    "headshot": "https://a.espncdn.com/combiner/i?img=/i/headshots/college-football/players/full/4567171.png",
    "birthdate": "Birthdate9/13/2000 (24)",
    "birthplace": null,
    "experience": "ExperienceRookie",
    "draftInfo": null
  },
  {
    "team": "CIN",
    "number": "",
    "name": "B.J. Hill92",
    "position": "DT",
    "height": "30",
    "weight": "6' 3\"",
    "age": "311 lbs",
    "college": "7",
    "playerId": "3116748",
    "profileUrl": "https://www.espn.com/nfl/player/_/id/3116748/bj-hill",
    "headshot": "https://a.espncdn.com/combiner/i?img=/i/headshots/nfl/players/full/3116748.png",
    "birthdate": "Birthdate4/20/1995 (30)",
    "birthplace": null,
    "experience": null,
    "draftInfo": "Draft Info2018: Rd 3, Pk 69 (NYG)"
  },
  {
    "team": "CIN",
    "number": "",
    "name": "McKinnley Jackson93",
    "position": "DT",
    "height": "23",
    "weight": "6' 2\"",
    "age": "326 lbs",
    "college": "R",
    "playerId": "4692680",
    "profileUrl": "https://www.espn.com/nfl/player/_/id/4692680/mckinnley-jackson",
    "headshot": "https://a.espncdn.com/combiner/i?img=/i/headshots/nfl/players/full/4692680.png",
    "birthdate": "Birthdate12/26/2001 (23)",
    "birthplace": null,
    "experience": null,
    "draftInfo": "Draft Info2024: Rd 3, Pk 97 (CIN)"
  },
  {
    "team": "CIN",
    "number": "",
    "name": "Kris Jenkins Jr.90",
    "position": "DT",
    "height": "23",
    "weight": "6' 3\"",
    "age": "305 lbs",
    "college": "R",
    "playerId": "4432301",
    "profileUrl": "https://www.espn.com/nfl/player/_/id/4432301/kris-jenkins-jr",
    "headshot": "https://a.espncdn.com/combiner/i?img=/i/headshots/nfl/players/full/4432301.png",
    "birthdate": "Birthdate10/10/2001 (23)",
    "birthplace": null,
    "experience": null,
    "draftInfo": "Draft Info2024: Rd 2, Pk 49 (CIN)"
  },
  {
    "team": "CIN",
    "number": "",
    "name": "T.J. Slaton",
    "position": "DT",
    "height": "27",
    "weight": "6' 4\"",
    "age": "330 lbs",
    "college": "4",
    "playerId": "4240612",
    "profileUrl": "https://www.espn.com/nfl/player/_/id/4240612/tj-slaton",
    "headshot": "https://a.espncdn.com/combiner/i?img=/i/headshots/nfl/players/full/4240612.png",
    "birthdate": "Birthdate10/3/1997 (27)",
    "birthplace": null,
    "experience": null,
    "draftInfo": "Draft Info2021: Rd 5, Pk 173 (GB)"
  },
  {
    "team": "CIN",
    "number": "",
    "name": "Oren Burks42",
    "position": "LB",
    "height": "30",
    "weight": "6' 3\"",
    "age": "233 lbs",
    "college": "7",
    "playerId": "3051746",
    "profileUrl": "https://www.espn.com/nfl/player/_/id/3051746/oren-burks",
    "headshot": "https://a.espncdn.com/combiner/i?img=/i/headshots/nfl/players/full/3051746.png",
    "birthdate": "Birthdate3/21/1995 (30)",
    "birthplace": null,
    "experience": null,
    "draftInfo": "Draft Info2018: Rd 3, Pk 88 (GB)"
  },
  {
    "team": "CIN",
    "number": "",
    "name": "Barrett Carter",
    "position": "LB",
    "height": "22",
    "weight": "6' 1\"",
    "age": "230 lbs",
    "college": "R",
    "playerId": "4431519",
    "profileUrl": "https://www.espn.com/nfl/player/_/id/4431519/barrett-carter",
    "headshot": "https://a.espncdn.com/combiner/i?img=/i/headshots/nfl/players/full/4431519.png",
    "birthdate": "Birthdate10/23/2002 (22)",
    "birthplace": null,
    "experience": null,
    "draftInfo": "Draft Info2025: Rd 4, Pk 119 (CIN)"
  },
  {
    "team": "CIN",
    "number": "",
    "name": "Joe Giles-Harris",
    "position": "LB",
    "height": "28",
    "weight": "6' 2\"",
    "age": "234 lbs",
    "college": "2",
    "playerId": "3917797",
    "profileUrl": "https://www.espn.com/nfl/player/_/id/3917797/joe-giles-harris",
    "headshot": "https://a.espncdn.com/combiner/i?img=/i/headshots/nfl/players/full/3917797.png",
    "birthdate": "Birthdate4/1/1997 (28)",
    "birthplace": null,
    "experience": "Experience2nd Season",
    "draftInfo": null
  },
  {
    "team": "CIN",
    "number": "",
    "name": "Shaka Heyward50",
    "position": "LB",
    "height": "25",
    "weight": "6' 3\"",
    "age": "238 lbs",
    "college": "1",
    "playerId": "4360413",
    "profileUrl": "https://www.espn.com/nfl/player/_/id/4360413/shaka-heyward",
    "headshot": "https://a.espncdn.com/combiner/i?img=/i/headshots/nfl/players/full/4360413.png",
    "birthdate": "Birthdate4/19/2000 (25)",
    "birthplace": null,
    "experience": "Experience1st Season",
    "draftInfo": null
  },
  {
    "team": "CIN",
    "number": "",
    "name": "Demetrius Knight Jr.",
    "position": "LB",
    "height": "24",
    "weight": "6' 2\"",
    "age": "245 lbs",
    "college": "R",
    "playerId": "4427729",
    "profileUrl": "https://www.espn.com/nfl/player/_/id/4427729/demetrius-knight-jr",
    "headshot": "https://a.espncdn.com/combiner/i?img=/i/headshots/nfl/players/full/4427729.png",
    "birthdate": "Birthdate7/21/2000 (24)",
    "birthplace": null,
    "experience": null,
    "draftInfo": "Draft Info2025: Rd 2, Pk 49 (CIN)"
  },
  {
    "team": "CIN",
    "number": "",
    "name": "Maema Njongmeta45",
    "position": "LB",
    "height": "24",
    "weight": "6' 0\"",
    "age": "230 lbs",
    "college": "R",
    "playerId": "4428125",
    "profileUrl": "https://www.espn.com/nfl/player/_/id/4428125/maema-njongmeta",
    "headshot": "https://a.espncdn.com/combiner/i?img=/i/headshots/nfl/players/full/4428125.png",
    "birthdate": "Birthdate3/9/2001 (24)",
    "birthplace": null,
    "experience": "ExperienceRookie",
    "draftInfo": null
  },
  {
    "team": "CIN",
    "number": "",
    "name": "Germaine Pratt57",
    "position": "LB",
    "height": "28",
    "weight": "6' 3\"",
    "age": "250 lbs",
    "college": "6",
    "playerId": "3116724",
    "profileUrl": "https://www.espn.com/nfl/player/_/id/3116724/germaine-pratt",
    "headshot": "https://a.espncdn.com/combiner/i?img=/i/headshots/nfl/players/full/3116724.png",
    "birthdate": "Birthdate5/21/1996 (28)",
    "birthplace": null,
    "experience": null,
    "draftInfo": "Draft Info2019: Rd 3, Pk 72 (CIN)"
  },
  {
    "team": "CIN",
    "number": "",
    "name": "Logan Wilson55",
    "position": "LB",
    "height": "28",
    "weight": "6' 2\"",
    "age": "245 lbs",
    "college": "5",
    "playerId": "3918330",
    "profileUrl": "https://www.espn.com/nfl/player/_/id/3918330/logan-wilson",
    "headshot": "https://a.espncdn.com/combiner/i?img=/i/headshots/nfl/players/full/3918330.png",
    "birthdate": "Birthdate7/8/1996 (28)",
    "birthplace": null,
    "experience": null,
    "draftInfo": "Draft Info2020: Rd 3, Pk 65 (CIN)"
  },
  {
    "team": "CIN",
    "number": "",
    "name": "Craig Young47",
    "position": "LB",
    "height": "24",
    "weight": "6' 3\"",
    "age": "225 lbs",
    "college": "R",
    "playerId": "4428962",
    "profileUrl": "https://www.espn.com/nfl/player/_/id/4428962/craig-young",
    "headshot": "https://a.espncdn.com/combiner/i?img=/i/headshots/nfl/players/full/4428962.png",
    "birthdate": "Birthdate3/13/2001 (24)",
    "birthplace": null,
    "experience": "ExperienceRookie",
    "draftInfo": null
  },
  {
    "team": "CIN",
    "number": "",
    "name": "Nate Brooks41",
    "position": "CB",
    "height": "28",
    "weight": "6' 0\"",
    "age": "198 lbs",
    "college": "1",
    "playerId": "3914477",
    "profileUrl": "https://www.espn.com/nfl/player/_/id/3914477/nate-brooks",
    "headshot": "https://a.espncdn.com/combiner/i?img=/i/headshots/nfl/players/full/3914477.png",
    "birthdate": "Birthdate9/5/1996 (28)",
    "birthplace": null,
    "experience": "Experience1st Season",
    "draftInfo": null
  },
  {
    "team": "CIN",
    "number": "",
    "name": "Jalen Davis35",
    "position": "CB",
    "height": "29",
    "weight": "5' 10\"",
    "age": "186 lbs",
    "college": "5",
    "playerId": "3125356",
    "profileUrl": "https://www.espn.com/nfl/player/_/id/3125356/jalen-davis",
    "headshot": "https://a.espncdn.com/combiner/i?img=/i/headshots/nfl/players/full/3125356.png",
    "birthdate": "Birthdate2/2/1996 (29)",
    "birthplace": null,
    "experience": "Experience5th Season",
    "draftInfo": null
  },
  {
    "team": "CIN",
    "number": "",
    "name": "Dax Hill23",
    "position": "CB",
    "height": "24",
    "weight": "6' 0\"",
    "age": "191 lbs",
    "college": "3",
    "playerId": "4426422",
    "profileUrl": "https://www.espn.com/nfl/player/_/id/4426422/dax-hill",
    "headshot": "https://a.espncdn.com/combiner/i?img=/i/headshots/nfl/players/full/4426422.png",
    "birthdate": "Birthdate9/29/2000 (24)",
    "birthplace": null,
    "experience": null,
    "draftInfo": "Draft Info2022: Rd 1, Pk 31 (CIN)"
  },
  {
    "team": "CIN",
    "number": "",
    "name": "DJ Ivey38",
    "position": "CB",
    "height": "25",
    "weight": "6' 1\"",
    "age": "192 lbs",
    "college": "2",
    "playerId": "4362502",
    "profileUrl": "https://www.espn.com/nfl/player/_/id/4362502/dj-ivey",
    "headshot": "https://a.espncdn.com/combiner/i?img=/i/headshots/nfl/players/full/4362502.png",
    "birthdate": "Birthdate2/25/2000 (25)",
    "birthplace": null,
    "experience": null,
    "draftInfo": "Draft Info2023: Rd 7, Pk 246 (CIN)"
  },
  {
    "team": "CIN",
    "number": "",
    "name": "Josh Newton28",
    "position": "CB",
    "height": "24",
    "weight": "5' 11\"",
    "age": "190 lbs",
    "college": "R",
    "playerId": "4365319",
    "profileUrl": "https://www.espn.com/nfl/player/_/id/4365319/josh-newton",
    "headshot": "https://a.espncdn.com/combiner/i?img=/i/headshots/nfl/players/full/4365319.png",
    "birthdate": "Birthdate9/14/2000 (24)",
    "birthplace": null,
    "experience": null,
    "draftInfo": "Draft Info2024: Rd 5, Pk 149 (CIN)"
  },
  {
    "team": "CIN",
    "number": "",
    "name": "Lance Robinson39",
    "position": "CB",
    "height": "25",
    "weight": "5' 10\"",
    "age": "185 lbs",
    "college": "R",
    "playerId": "4373087",
    "profileUrl": "https://www.espn.com/nfl/player/_/id/4373087/lance-robinson",
    "headshot": "https://a.espncdn.com/combiner/i?img=/i/headshots/nfl/players/full/4373087.png",
    "birthdate": "Birthdate3/20/2000 (25)",
    "birthplace": null,
    "experience": "ExperienceRookie",
    "draftInfo": null
  },
  {
    "team": "CIN",
    "number": "",
    "name": "Cam Taylor-Britt29",
    "position": "CB",
    "height": "25",
    "weight": "5' 11\"",
    "age": "202 lbs",
    "college": "3",
    "playerId": "4361196",
    "profileUrl": "https://www.espn.com/nfl/player/_/id/4361196/cam-taylor-britt",
    "headshot": "https://a.espncdn.com/combiner/i?img=/i/headshots/nfl/players/full/4361196.png",
    "birthdate": "Birthdate10/15/1999 (25)",
    "birthplace": null,
    "experience": null,
    "draftInfo": "Draft Info2022: Rd 2, Pk 60 (CIN)"
  },
  {
    "team": "CIN",
    "number": "",
    "name": "DJ Turner II20",
    "position": "CB",
    "height": "24",
    "weight": "5' 11\"",
    "age": "185 lbs",
    "college": "2",
    "playerId": "4572036",
    "profileUrl": "https://www.espn.com/nfl/player/_/id/4572036/dj-turner-ii",
    "headshot": "https://a.espncdn.com/combiner/i?img=/i/headshots/nfl/players/full/4572036.png",
    "birthdate": "Birthdate11/9/2000 (24)",
    "birthplace": null,
    "experience": null,
    "draftInfo": "Draft Info2023: Rd 2, Pk 60 (CIN)"
  },
  {
    "team": "CIN",
    "number": "",
    "name": "Marco Wilson42",
    "position": "CB",
    "height": "26",
    "weight": "5' 11\"",
    "age": "191 lbs",
    "college": "4",
    "playerId": "4240595",
    "profileUrl": "https://www.espn.com/nfl/player/_/id/4240595/marco-wilson",
    "headshot": "https://a.espncdn.com/combiner/i?img=/i/headshots/nfl/players/full/4240595.png",
    "birthdate": "Birthdate3/3/1999 (26)",
    "birthplace": null,
    "experience": null,
    "draftInfo": "Draft Info2021: Rd 4, Pk 136 (ARI)"
  },
  {
    "team": "CIN",
    "number": "",
    "name": "Bralyn Lux",
    "position": "DB",
    "height": "--",
    "weight": "5' 11\"",
    "age": "185 lbs",
    "college": "R",
    "playerId": "4575559",
    "profileUrl": "https://www.espn.com/nfl/player/_/id/4575559/bralyn-lux",
    "headshot": "https://a.espncdn.com/combiner/i?img=/i/headshots/college-football/players/full/4575559.png",
    "birthdate": null,
    "birthplace": "BirthplaceSan Jose, CA",
    "experience": "ExperienceRookie",
    "draftInfo": null
  },
  {
    "team": "CIN",
    "number": "",
    "name": "Tycen Anderson26",
    "position": "S",
    "height": "25",
    "weight": "6' 2\"",
    "age": "209 lbs",
    "college": "3",
    "playerId": "4257240",
    "profileUrl": "https://www.espn.com/nfl/player/_/id/4257240/tycen-anderson",
    "headshot": "https://a.espncdn.com/combiner/i?img=/i/headshots/nfl/players/full/4257240.png",
    "birthdate": "Birthdate6/13/1999 (25)",
    "birthplace": null,
    "experience": null,
    "draftInfo": "Draft Info2022: Rd 5, Pk 166 (CIN)"
  },
  {
    "team": "CIN",
    "number": "",
    "name": "Daijahn Anthony33",
    "position": "S",
    "height": "24",
    "weight": "6' 0\"",
    "age": "195 lbs",
    "college": "R",
    "playerId": "4874448",
    "profileUrl": "https://www.espn.com/nfl/player/_/id/4874448/daijahn-anthony",
    "headshot": "https://a.espncdn.com/combiner/i?img=/i/headshots/nfl/players/full/4874448.png",
    "birthdate": "Birthdate9/9/2000 (24)",
    "birthplace": null,
    "experience": null,
    "draftInfo": "Draft Info2024: Rd 7, Pk 224 (CIN)"
  },
  {
    "team": "CIN",
    "number": "",
    "name": "Jordan Battle27",
    "position": "S",
    "height": "24",
    "weight": "6' 1\"",
    "age": "210 lbs",
    "college": "2",
    "playerId": "4567098",
    "profileUrl": "https://www.espn.com/nfl/player/_/id/4567098/jordan-battle",
    "headshot": "https://a.espncdn.com/combiner/i?img=/i/headshots/nfl/players/full/4567098.png",
    "birthdate": "Birthdate12/14/2000 (24)",
    "birthplace": null,
    "experience": null,
    "draftInfo": "Draft Info2023: Rd 3, Pk 95 (CIN)"
  },
  {
    "team": "CIN",
    "number": "",
    "name": "PJ Jules37",
    "position": "S",
    "height": "24",
    "weight": "6' 0\"",
    "age": "203 lbs",
    "college": "R",
    "playerId": "4429946",
    "profileUrl": "https://www.espn.com/nfl/player/_/id/4429946/pj-jules",
    "headshot": "https://a.espncdn.com/combiner/i?img=/i/headshots/nfl/players/full/4429946.png",
    "birthdate": "Birthdate5/14/2001 (24)",
    "birthplace": null,
    "experience": "ExperienceRookie",
    "draftInfo": null
  },
  {
    "team": "CIN",
    "number": "",
    "name": "Jaylen Key43",
    "position": "S",
    "height": "25",
    "weight": "6' 2\"",
    "age": "210 lbs",
    "college": "R",
    "playerId": "4363417",
    "profileUrl": "https://www.espn.com/nfl/player/_/id/4363417/jaylen-key",
    "headshot": "https://a.espncdn.com/combiner/i?img=/i/headshots/nfl/players/full/4363417.png",
    "birthdate": "Birthdate2/29/2000 (25)",
    "birthplace": null,
    "experience": null,
    "draftInfo": "Draft Info2024: Rd 7, Pk 257 (NYJ)"
  },
  {
    "team": "CIN",
    "number": "",
    "name": "Shaquan Loyal",
    "position": "S",
    "height": "--",
    "weight": "6' 0\"",
    "age": "204 lbs",
    "college": "R",
    "playerId": "4682634",
    "profileUrl": "https://www.espn.com/nfl/player/_/id/4682634/shaquan-loyal",
    "headshot": "https://a.espncdn.com/combiner/i?img=/i/headshots/college-football/players/full/4682634.png",
    "birthdate": null,
    "birthplace": "BirthplaceNewark, NJ",
    "experience": "ExperienceRookie",
    "draftInfo": null
  },
  {
    "team": "CIN",
    "number": "",
    "name": "Geno Stone22",
    "position": "S",
    "height": "26",
    "weight": "5' 11\"",
    "age": "210 lbs",
    "college": "5",
    "playerId": "4240575",
    "profileUrl": "https://www.espn.com/nfl/player/_/id/4240575/geno-stone",
    "headshot": "https://a.espncdn.com/combiner/i?img=/i/headshots/nfl/players/full/4240575.png",
    "birthdate": "Birthdate4/19/1999 (26)",
    "birthplace": null,
    "experience": null,
    "draftInfo": "Draft Info2020: Rd 7, Pk 219 (BAL)"
  },
  {
    "team": "CIN",
    "number": "",
    "name": "Evan McPherson2",
    "position": "PK",
    "height": "25",
    "weight": "5' 11\"",
    "age": "185 lbs",
    "college": "4",
    "playerId": "4360234",
    "profileUrl": "https://www.espn.com/nfl/player/_/id/4360234/evan-mcpherson",
    "headshot": "https://a.espncdn.com/combiner/i?img=/i/headshots/nfl/players/full/4360234.png",
    "birthdate": "Birthdate7/21/1999 (25)",
    "birthplace": null,
    "experience": null,
    "draftInfo": "Draft Info2021: Rd 5, Pk 149 (CIN)"
  },
  {
    "team": "CIN",
    "number": "",
    "name": "Ryan Rehkow8",
    "position": "P",
    "height": "26",
    "weight": "6' 5\"",
    "age": "235 lbs",
    "college": "R",
    "playerId": "4608820",
    "profileUrl": "https://www.espn.com/nfl/player/_/id/4608820/ryan-rehkow",
    "headshot": "https://a.espncdn.com/combiner/i?img=/i/headshots/nfl/players/full/4608820.png",
    "birthdate": "Birthdate9/11/1998 (26)",
    "birthplace": null,
    "experience": "ExperienceRookie",
    "draftInfo": null
  },
  {
    "team": "CIN",
    "number": "",
    "name": "Cal Adomitis48",
    "position": "LS",
    "height": "26",
    "weight": "6' 2\"",
    "age": "238 lbs",
    "college": "3",
    "playerId": "4240719",
    "profileUrl": "https://www.espn.com/nfl/player/_/id/4240719/cal-adomitis",
    "headshot": "https://a.espncdn.com/combiner/i?img=/i/headshots/nfl/players/full/4240719.png",
    "birthdate": "Birthdate7/9/1998 (26)",
    "birthplace": null,
    "experience": "Experience3rd Season",
    "draftInfo": null
  },
  {
    "team": "CIN",
    "number": "",
    "name": "William Wagner",
    "position": "LS",
    "height": "--",
    "weight": "6' 2\"",
    "age": "245 lbs",
    "college": "R",
    "playerId": "4572051",
    "profileUrl": "https://www.espn.com/nfl/player/_/id/4572051/william-wagner",
    "headshot": "https://a.espncdn.com/combiner/i?img=/i/headshots/college-football/players/full/4572051.png",
    "birthdate": null,
    "birthplace": "BirthplaceAlpharetta, GA",
    "experience": "ExperienceRookie",
    "draftInfo": null
  }
]