[
  {
    "team": "CLE",
    "number": "",
    "name": "Joe Flacco15",
    "position": "QB",
    "height": "40",
    "weight": "6' 6\"",
    "age": "230 lbs",
    "college": "16",
    "playerId": "11252",
    "profileUrl": "https://www.espn.com/nfl/player/_/id/11252/joe-flacco",
    "headshot": "https://a.espncdn.com/combiner/i?img=/i/headshots/nfl/players/full/11252.png",
    "birthdate": "Birthdate1/16/1985 (40)",
    "birthplace": null,
    "experience": null,
    "draftInfo": "Draft Info2008: Rd 1, Pk 18 (BAL)"
  },
  {
    "team": "CLE",
    "number": "",
    "name": "Dillon Gabriel5",
    "position": "QB",
    "height": "24",
    "weight": "6' 0\"",
    "age": "200 lbs",
    "college": "R",
    "playerId": "4427238",
    "profileUrl": "https://www.espn.com/nfl/player/_/id/4427238/dillon-gabriel",
    "headshot": "https://a.espncdn.com/combiner/i?img=/i/headshots/nfl/players/full/4427238.png",
    "birthdate": "Birthdate12/28/2000 (24)",
    "birthplace": null,
    "experience": null,
    "draftInfo": "Draft Info2025: Rd 3, Pk 94 (CLE)"
  },
  {
    "team": "CLE",
    "number": "",
    "name": "Kenny Pickett",
    "position": "QB",
    "height": "26",
    "weight": "6' 3\"",
    "age": "220 lbs",
    "college": "3",
    "playerId": "4240703",
    "profileUrl": "https://www.espn.com/nfl/player/_/id/4240703/kenny-pickett",
    "headshot": "https://a.espncdn.com/combiner/i?img=/i/headshots/nfl/players/full/4240703.png",
    "birthdate": "Birthdate6/6/1998 (26)",
    "birthplace": null,
    "experience": null,
    "draftInfo": "Draft Info2022: Rd 1, Pk 20 (PIT)"
  },
  {
    "team": "CLE",
    "number": "",
    "name": "Shedeur Sanders12",
    "position": "QB",
    "height": "23",
    "weight": "6' 2\"",
    "age": "215 lbs",
    "college": "R",
    "playerId": "4432762",
    "profileUrl": "https://www.espn.com/nfl/player/_/id/4432762/shedeur-sanders",
    "headshot": "https://a.espncdn.com/combiner/i?img=/i/headshots/nfl/players/full/4432762.png",
    "birthdate": "Birthdate2/7/2002 (23)",
    "birthplace": null,
    "experience": null,
    "draftInfo": "Draft Info2025: Rd 5, Pk 144 (CLE)"
  },
  {
    "team": "CLE",
    "number": "",
    "name": "Deshaun Watson4",
    "position": "QB",
    "height": "29",
    "weight": "6' 3\"",
    "age": "223 lbs",
    "college": "8",
    "playerId": "3122840",
    "profileUrl": "https://www.espn.com/nfl/player/_/id/3122840/deshaun-watson",
    "headshot": "https://a.espncdn.com/combiner/i?img=/i/headshots/nfl/players/full/3122840.png",
    "birthdate": "Birthdate9/14/1995 (29)",
    "birthplace": null,
    "experience": null,
    "draftInfo": "Draft Info2017: Rd 1, Pk 12 (HOU)"
  },
  {
    "team": "CLE",
    "number": "",
    "name": "Jerome Ford34",
    "position": "RB",
    "height": "25",
    "weight": "5' 10\"",
    "age": "210 lbs",
    "college": "3",
    "playerId": "4372019",
    "profileUrl": "https://www.espn.com/nfl/player/_/id/4372019/jerome-ford",
    "headshot": "https://a.espncdn.com/combiner/i?img=/i/headshots/nfl/players/full/4372019.png",
    "birthdate": "Birthdate9/12/1999 (25)",
    "birthplace": null,
    "experience": null,
    "draftInfo": "Draft Info2022: Rd 5, Pk 156 (CLE)"
  },
  {
    "team": "CLE",
    "number": "",
    "name": "Quinshon Judkins10",
    "position": "RB",
    "height": "21",
    "weight": "6' 0\"",
    "age": "219 lbs",
    "college": "R",
    "playerId": "4685702",
    "profileUrl": "https://www.espn.com/nfl/player/_/id/4685702/quinshon-judkins",
    "headshot": "https://a.espncdn.com/combiner/i?img=/i/headshots/nfl/players/full/4685702.png",
    "birthdate": "Birthdate10/29/2003 (21)",
    "birthplace": null,
    "experience": null,
    "draftInfo": "Draft Info2025: Rd 2, Pk 36 (CLE)"
  },
  {
    "team": "CLE",
    "number": "",
    "name": "Ahmani Marshall",
    "position": "RB",
    "height": "--",
    "weight": "6' 2\"",
    "age": "225 lbs",
    "college": "R",
    "playerId": "4432374",
    "profileUrl": "https://www.espn.com/nfl/player/_/id/4432374/ahmani-marshall",
    "headshot": "https://a.espncdn.com/combiner/i?img=/i/headshots/college-football/players/full/4432374.png",
    "birthdate": null,
    "birthplace": "BirthplaceWinston-Salem, NC",
    "experience": "ExperienceRookie",
    "draftInfo": null
  },
  {
    "team": "CLE",
    "number": "",
    "name": "Dylan Sampson22",
    "position": "RB",
    "height": "20",
    "weight": "5' 11\"",
    "age": "201 lbs",
    "college": "R",
    "playerId": "5081397",
    "profileUrl": "https://www.espn.com/nfl/player/_/id/5081397/dylan-sampson",
    "headshot": "https://a.espncdn.com/combiner/i?img=/i/headshots/nfl/players/full/5081397.png",
    "birthdate": "Birthdate9/14/2004 (20)",
    "birthplace": null,
    "experience": null,
    "draftInfo": "Draft Info2025: Rd 4, Pk 126 (CLE)"
  },
  {
    "team": "CLE",
    "number": "",
    "name": "Pierre Strong Jr.20",
    "position": "RB",
    "height": "26",
    "weight": "5' 11\"",
    "age": "215 lbs",
    "college": "3",
    "playerId": "4249836",
    "profileUrl": "https://www.espn.com/nfl/player/_/id/4249836/pierre-strong-jr",
    "headshot": "https://a.espncdn.com/combiner/i?img=/i/headshots/nfl/players/full/4249836.png",
    "birthdate": "Birthdate12/10/1998 (26)",
    "birthplace": null,
    "experience": null,
    "draftInfo": "Draft Info2022: Rd 4, Pk 127 (NE)"
  },
  {
    "team": "CLE",
    "number": "",
    "name": "Troy Hairston36",
    "position": "FB",
    "height": "26",
    "weight": "5' 11\"",
    "age": "245 lbs",
    "college": "3",
    "playerId": "4274040",
    "profileUrl": "https://www.espn.com/nfl/player/_/id/4274040/troy-hairston",
    "headshot": "https://a.espncdn.com/combiner/i?img=/i/headshots/nfl/players/full/4274040.png",
    "birthdate": "Birthdate12/8/1998 (26)",
    "birthplace": null,
    "experience": "Experience3rd Season",
    "draftInfo": null
  },
  {
    "team": "CLE",
    "number": "",
    "name": "David Bell18",
    "position": "WR",
    "height": "24",
    "weight": "6' 1\"",
    "age": "212 lbs",
    "college": "3",
    "playerId": "4570409",
    "profileUrl": "https://www.espn.com/nfl/player/_/id/4570409/david-bell",
    "headshot": "https://a.espncdn.com/combiner/i?img=/i/headshots/nfl/players/full/4570409.png",
    "birthdate": "Birthdate12/14/2000 (24)",
    "birthplace": null,
    "experience": null,
    "draftInfo": "Draft Info2022: Rd 3, Pk 99 (CLE)"
  },
  {
    "team": "CLE",
    "number": "",
    "name": "DeAndre Carter",
    "position": "WR",
    "height": "32",
    "weight": "5' 8\"",
    "age": "190 lbs",
    "college": "7",
    "playerId": "2580216",
    "profileUrl": "https://www.espn.com/nfl/player/_/id/2580216/deandre-carter",
    "headshot": "https://a.espncdn.com/combiner/i?img=/i/headshots/nfl/players/full/2580216.png",
    "birthdate": "Birthdate4/10/1993 (32)",
    "birthplace": null,
    "experience": "Experience7th Season",
    "draftInfo": null
  },
  {
    "team": "CLE",
    "number": "",
    "name": "Kaden Davis89",
    "position": "WR",
    "height": "26",
    "weight": "6' 1\"",
    "age": "193 lbs",
    "college": "1",
    "playerId": "5065495",
    "profileUrl": "https://www.espn.com/nfl/player/_/id/5065495/kaden-davis",
    "headshot": "https://a.espncdn.com/combiner/i?img=/i/headshots/nfl/players/full/5065495.png",
    "birthdate": "Birthdate9/25/1998 (26)",
    "birthplace": null,
    "experience": "Experience1st Season",
    "draftInfo": null
  },
  {
    "team": "CLE",
    "number": "",
    "name": "Luke Floriea",
    "position": "WR",
    "height": "--",
    "weight": "5' 10\"",
    "age": "173 lbs",
    "college": "R",
    "playerId": "4566157",
    "profileUrl": "https://www.espn.com/nfl/player/_/id/4566157/luke-floriea",
    "headshot": "https://a.espncdn.com/combiner/i?img=/i/headshots/college-football/players/full/4566157.png",
    "birthdate": null,
    "birthplace": "BirthplaceMentor, OH",
    "experience": "ExperienceRookie",
    "draftInfo": null
  },
  {
    "team": "CLE",
    "number": "",
    "name": "Jerry Jeudy3",
    "position": "WR",
    "height": "26",
    "weight": "6' 1\"",
    "age": "195 lbs",
    "college": "5",
    "playerId": "4241463",
    "profileUrl": "https://www.espn.com/nfl/player/_/id/4241463/jerry-jeudy",
    "headshot": "https://a.espncdn.com/combiner/i?img=/i/headshots/nfl/players/full/4241463.png",
    "birthdate": "Birthdate4/24/1999 (26)",
    "birthplace": null,
    "experience": null,
    "draftInfo": "Draft Info2020: Rd 1, Pk 15 (DEN)"
  },
  {
    "team": "CLE",
    "number": "",
    "name": "Diontae Johnson",
    "position": "WR",
    "height": "28",
    "weight": "5' 10\"",
    "age": "183 lbs",
    "college": "6",
    "playerId": "3932905",
    "profileUrl": "https://www.espn.com/nfl/player/_/id/3932905/diontae-johnson",
    "headshot": "https://a.espncdn.com/combiner/i?img=/i/headshots/nfl/players/full/3932905.png",
    "birthdate": "Birthdate7/5/1996 (28)",
    "birthplace": null,
    "experience": null,
    "draftInfo": "Draft Info2019: Rd 3, Pk 66 (PIT)"
  },
  {
    "team": "CLE",
    "number": "",
    "name": "Kisean Johnson",
    "position": "WR",
    "height": "--",
    "weight": "6' 1\"",
    "age": "216 lbs",
    "college": "R",
    "playerId": "4693881",
    "profileUrl": "https://www.espn.com/nfl/player/_/id/4693881/kisean-johnson",
    "headshot": "https://a.espncdn.com/combiner/i?img=/i/headshots/college-football/players/full/4693881.png",
    "birthdate": null,
    "birthplace": "BirthplaceBirmingham, AL",
    "experience": "ExperienceRookie",
    "draftInfo": null
  },
  {
    "team": "CLE",
    "number": "",
    "name": "Gage Larvadain",
    "position": "WR",
    "height": "--",
    "weight": "5' 9\"",
    "age": "180 lbs",
    "college": "R",
    "playerId": "4877203",
    "profileUrl": "https://www.espn.com/nfl/player/_/id/4877203/gage-larvadain",
    "headshot": "https://a.espncdn.com/combiner/i?img=/i/headshots/college-football/players/full/4877203.png",
    "birthdate": null,
    "birthplace": "BirthplaceDonaldsonville, LA",
    "experience": "ExperienceRookie",
    "draftInfo": null
  },
  {
    "team": "CLE",
    "number": "",
    "name": "Cade McDonald",
    "position": "WR",
    "height": "--",
    "weight": "5' 11\"",
    "age": "200 lbs",
    "college": "R",
    "playerId": "4569507",
    "profileUrl": "https://www.espn.com/nfl/player/_/id/4569507/cade-mcdonald",
    "headshot": "https://a.espncdn.com/combiner/i?img=/i/headshots/college-football/players/full/4569507.png",
    "birthdate": null,
    "birthplace": "BirthplaceNaperville, IL",
    "experience": "ExperienceRookie",
    "draftInfo": null
  },
  {
    "team": "CLE",
    "number": "",
    "name": "Jamari Thrash80",
    "position": "WR",
    "height": "24",
    "weight": "6' 0\"",
    "age": "190 lbs",
    "college": "R",
    "playerId": "4428678",
    "profileUrl": "https://www.espn.com/nfl/player/_/id/4428678/jamari-thrash",
    "headshot": "https://a.espncdn.com/combiner/i?img=/i/headshots/nfl/players/full/4428678.png",
    "birthdate": "Birthdate12/19/2000 (24)",
    "birthplace": null,
    "experience": null,
    "draftInfo": "Draft Info2024: Rd 5, Pk 156 (CLE)"
  },
  {
    "team": "CLE",
    "number": "",
    "name": "Cedric Tillman19",
    "position": "WR",
    "height": "25",
    "weight": "6' 3\"",
    "age": "215 lbs",
    "college": "2",
    "playerId": "4369863",
    "profileUrl": "https://www.espn.com/nfl/player/_/id/4369863/cedric-tillman",
    "headshot": "https://a.espncdn.com/combiner/i?img=/i/headshots/nfl/players/full/4369863.png",
    "birthdate": "Birthdate4/19/2000 (25)",
    "birthplace": null,
    "experience": null,
    "draftInfo": "Draft Info2023: Rd 3, Pk 74 (CLE)"
  },
  {
    "team": "CLE",
    "number": "",
    "name": "Michael Woods II81",
    "position": "WR",
    "height": "25",
    "weight": "6' 1\"",
    "age": "204 lbs",
    "college": "2",
    "playerId": "4360174",
    "profileUrl": "https://www.espn.com/nfl/player/_/id/4360174/michael-woods-ii",
    "headshot": "https://a.espncdn.com/combiner/i?img=/i/headshots/nfl/players/full/4360174.png",
    "birthdate": "Birthdate3/19/2000 (25)",
    "birthplace": null,
    "experience": null,
    "draftInfo": "Draft Info2022: Rd 6, Pk 202 (CLE)"
  },
  {
    "team": "CLE",
    "number": "",
    "name": "Brenden Bates82",
    "position": "TE",
    "height": "25",
    "weight": "6' 5\"",
    "age": "255 lbs",
    "college": "R",
    "playerId": "4362603",
    "profileUrl": "https://www.espn.com/nfl/player/_/id/4362603/brenden-bates",
    "headshot": "https://a.espncdn.com/combiner/i?img=/i/headshots/nfl/players/full/4362603.png",
    "birthdate": "Birthdate10/16/1999 (25)",
    "birthplace": null,
    "experience": "ExperienceRookie",
    "draftInfo": null
  },
  {
    "team": "CLE",
    "number": "",
    "name": "Harold Fannin Jr.88",
    "position": "TE",
    "height": "20",
    "weight": "6' 4\"",
    "age": "230 lbs",
    "college": "R",
    "playerId": "5083076",
    "profileUrl": "https://www.espn.com/nfl/player/_/id/5083076/harold-fannin-jr",
    "headshot": "https://a.espncdn.com/combiner/i?img=/i/headshots/nfl/players/full/5083076.png",
    "birthdate": "Birthdate7/20/2004 (20)",
    "birthplace": null,
    "experience": null,
    "draftInfo": "Draft Info2025: Rd 3, Pk 67 (CLE)"
  },
  {
    "team": "CLE",
    "number": "",
    "name": "Tre' McKitty87",
    "position": "TE",
    "height": "26",
    "weight": "6' 4\"",
    "age": "246 lbs",
    "college": "4",
    "playerId": "4240023",
    "profileUrl": "https://www.espn.com/nfl/player/_/id/4240023/tre-mckitty",
    "headshot": "https://a.espncdn.com/combiner/i?img=/i/headshots/nfl/players/full/4240023.png",
    "birthdate": "Birthdate1/12/1999 (26)",
    "birthplace": null,
    "experience": null,
    "draftInfo": "Draft Info2021: Rd 3, Pk 97 (LAC)"
  },
  {
    "team": "CLE",
    "number": "",
    "name": "David Njoku85",
    "position": "TE",
    "height": "28",
    "weight": "6' 4\"",
    "age": "246 lbs",
    "college": "8",
    "playerId": "3123076",
    "profileUrl": "https://www.espn.com/nfl/player/_/id/3123076/david-njoku",
    "headshot": "https://a.espncdn.com/combiner/i?img=/i/headshots/nfl/players/full/3123076.png",
    "birthdate": "Birthdate7/10/1996 (28)",
    "birthplace": null,
    "experience": null,
    "draftInfo": "Draft Info2017: Rd 1, Pk 29 (CLE)"
  },
  {
    "team": "CLE",
    "number": "",
    "name": "Blake Whiteheart86",
    "position": "TE",
    "height": "25",
    "weight": "6' 4\"",
    "age": "250 lbs",
    "college": "2",
    "playerId": "4362018",
    "profileUrl": "https://www.espn.com/nfl/player/_/id/4362018/blake-whiteheart",
    "headshot": "https://a.espncdn.com/combiner/i?img=/i/headshots/nfl/players/full/4362018.png",
    "birthdate": "Birthdate3/22/2000 (25)",
    "birthplace": null,
    "experience": "Experience2nd Season",
    "draftInfo": null
  },
  {
    "team": "CLE",
    "number": "",
    "name": "Ethan Pocic55",
    "position": "C",
    "height": "29",
    "weight": "6' 6\"",
    "age": "320 lbs",
    "college": "8",
    "playerId": "3042738",
    "profileUrl": "https://www.espn.com/nfl/player/_/id/3042738/ethan-pocic",
    "headshot": "https://a.espncdn.com/combiner/i?img=/i/headshots/nfl/players/full/3042738.png",
    "birthdate": "Birthdate8/5/1995 (29)",
    "birthplace": null,
    "experience": null,
    "draftInfo": "Draft Info2017: Rd 2, Pk 58 (SEA)"
  },
  {
    "team": "CLE",
    "number": "",
    "name": "Luke Wypler56",
    "position": "C",
    "height": "24",
    "weight": "6' 3\"",
    "age": "303 lbs",
    "college": "2",
    "playerId": "4430806",
    "profileUrl": "https://www.espn.com/nfl/player/_/id/4430806/luke-wypler",
    "headshot": "https://a.espncdn.com/combiner/i?img=/i/headshots/nfl/players/full/4430806.png",
    "birthdate": "Birthdate5/3/2001 (24)",
    "birthplace": null,
    "experience": null,
    "draftInfo": "Draft Info2023: Rd 6, Pk 190 (CLE)"
  },
  {
    "team": "CLE",
    "number": "",
    "name": "Joel Bitonio75",
    "position": "G",
    "height": "33",
    "weight": "6' 4\"",
    "age": "320 lbs",
    "college": "11",
    "playerId": "16740",
    "profileUrl": "https://www.espn.com/nfl/player/_/id/16740/joel-bitonio",
    "headshot": "https://a.espncdn.com/combiner/i?img=/i/headshots/nfl/players/full/16740.png",
    "birthdate": "Birthdate10/11/1991 (33)",
    "birthplace": null,
    "experience": null,
    "draftInfo": "Draft Info2014: Rd 2, Pk 35 (CLE)"
  },
  {
    "team": "CLE",
    "number": "",
    "name": "Javion Cohen67",
    "position": "G",
    "height": "22",
    "weight": "6' 4\"",
    "age": "322 lbs",
    "college": "R",
    "playerId": "4692037",
    "profileUrl": "https://www.espn.com/nfl/player/_/id/4692037/javion-cohen",
    "headshot": "https://a.espncdn.com/combiner/i?img=/i/headshots/nfl/players/full/4692037.png",
    "birthdate": "Birthdate8/8/2002 (22)",
    "birthplace": null,
    "experience": "ExperienceRookie",
    "draftInfo": null
  },
  {
    "team": "CLE",
    "number": "",
    "name": "Teven Jenkins",
    "position": "G",
    "height": "27",
    "weight": "6' 6\"",
    "age": "321 lbs",
    "college": "4",
    "playerId": "4038457",
    "profileUrl": "https://www.espn.com/nfl/player/_/id/4038457/teven-jenkins",
    "headshot": "https://a.espncdn.com/combiner/i?img=/i/headshots/nfl/players/full/4038457.png",
    "birthdate": "Birthdate3/3/1998 (27)",
    "birthplace": null,
    "experience": null,
    "draftInfo": "Draft Info2021: Rd 2, Pk 39 (CHI)"
  },
  {
    "team": "CLE",
    "number": "",
    "name": "Brady Latham",
    "position": "G",
    "height": "24",
    "weight": "6' 5\"",
    "age": "312 lbs",
    "college": "R",
    "playerId": "4567178",
    "profileUrl": "https://www.espn.com/nfl/player/_/id/4567178/brady-latham",
    "headshot": "https://a.espncdn.com/combiner/i?img=/i/headshots/nfl/players/full/4567178.png",
    "birthdate": "Birthdate9/30/2000 (24)",
    "birthplace": null,
    "experience": "ExperienceRookie",
    "draftInfo": null
  },
  {
    "team": "CLE",
    "number": "",
    "name": "Wyatt Teller77",
    "position": "G",
    "height": "30",
    "weight": "6' 4\"",
    "age": "315 lbs",
    "college": "7",
    "playerId": "3045474",
    "profileUrl": "https://www.espn.com/nfl/player/_/id/3045474/wyatt-teller",
    "headshot": "https://a.espncdn.com/combiner/i?img=/i/headshots/nfl/players/full/3045474.png",
    "birthdate": "Birthdate11/21/1994 (30)",
    "birthplace": null,
    "experience": null,
    "draftInfo": "Draft Info2018: Rd 5, Pk 166 (BUF)"
  },
  {
    "team": "CLE",
    "number": "",
    "name": "Zak Zinter70",
    "position": "G",
    "height": "24",
    "weight": "6' 6\"",
    "age": "310 lbs",
    "college": "R",
    "playerId": "4433963",
    "profileUrl": "https://www.espn.com/nfl/player/_/id/4433963/zak-zinter",
    "headshot": "https://a.espncdn.com/combiner/i?img=/i/headshots/nfl/players/full/4433963.png",
    "birthdate": "Birthdate4/17/2001 (24)",
    "birthplace": null,
    "experience": null,
    "draftInfo": "Draft Info2024: Rd 3, Pk 85 (CLE)"
  },
  {
    "team": "CLE",
    "number": "",
    "name": "Jason Ivey",
    "position": "OL",
    "height": "--",
    "weight": "6' 5\"",
    "age": "285 lbs",
    "college": "R",
    "playerId": "4882116",
    "profileUrl": "https://www.espn.com/nfl/player/_/id/4882116/jason-ivey",
    "headshot": "https://a.espncdn.com/combiner/i?img=/i/headshots/college-football/players/full/4882116.png",
    "birthdate": null,
    "birthplace": "BirthplaceCharlotte, NC",
    "experience": "ExperienceRookie",
    "draftInfo": null
  },
  {
    "team": "CLE",
    "number": "",
    "name": "Jack Conklin78",
    "position": "OT",
    "height": "30",
    "weight": "6' 6\"",
    "age": "308 lbs",
    "college": "9",
    "playerId": "2979534",
    "profileUrl": "https://www.espn.com/nfl/player/_/id/2979534/jack-conklin",
    "headshot": "https://a.espncdn.com/combiner/i?img=/i/headshots/nfl/players/full/2979534.png",
    "birthdate": "Birthdate8/17/1994 (30)",
    "birthplace": null,
    "experience": null,
    "draftInfo": "Draft Info2016: Rd 1, Pk 8 (TEN)"
  },
  {
    "team": "CLE",
    "number": "",
    "name": "Dawand Jones79",
    "position": "OT",
    "height": "23",
    "weight": "6' 8\"",
    "age": "374 lbs",
    "college": "2",
    "playerId": "4427637",
    "profileUrl": "https://www.espn.com/nfl/player/_/id/4427637/dawand-jones",
    "headshot": "https://a.espncdn.com/combiner/i?img=/i/headshots/nfl/players/full/4427637.png",
    "birthdate": "Birthdate8/6/2001 (23)",
    "birthplace": null,
    "experience": null,
    "draftInfo": "Draft Info2023: Rd 4, Pk 111 (CLE)"
  },
  {
    "team": "CLE",
    "number": "",
    "name": "Cornelius Lucas",
    "position": "OT",
    "height": "33",
    "weight": "6' 8\"",
    "age": "327 lbs",
    "college": "10",
    "playerId": "17202",
    "profileUrl": "https://www.espn.com/nfl/player/_/id/17202/cornelius-lucas",
    "headshot": "https://a.espncdn.com/combiner/i?img=/i/headshots/nfl/players/full/17202.png",
    "birthdate": "Birthdate7/18/1991 (33)",
    "birthplace": null,
    "experience": "Experience10th Season",
    "draftInfo": null
  },
  {
    "team": "CLE",
    "number": "",
    "name": "Roy Mbaeteka61",
    "position": "OT",
    "height": "25",
    "weight": "6' 8\"",
    "age": "330 lbs",
    "college": "1",
    "playerId": "5024661",
    "profileUrl": "https://www.espn.com/nfl/player/_/id/5024661/roy-mbaeteka",
    "headshot": "https://a.espncdn.com/combiner/i?img=/i/headshots/nfl/players/full/5024661.png",
    "birthdate": "Birthdate2/13/2000 (25)",
    "birthplace": "BirthplaceBenin City, Nigeria",
    "experience": "Experience1st Season",
    "draftInfo": null
  },
  {
    "team": "CLE",
    "number": "",
    "name": "Justin Osborne",
    "position": "OT",
    "height": "--",
    "weight": "6' 5\"",
    "age": "299 lbs",
    "college": "R",
    "playerId": "4567230",
    "profileUrl": "https://www.espn.com/nfl/player/_/id/4567230/justin-osborne",
    "headshot": "https://a.espncdn.com/combiner/i?img=/i/headshots/college-football/players/full/4567230.png",
    "birthdate": null,
    "birthplace": "BirthplaceFlower Mound, TX",
    "experience": "ExperienceRookie",
    "draftInfo": null
  },
  {
    "team": "CLE",
    "number": "",
    "name": "Julian Pearl60",
    "position": "OT",
    "height": "25",
    "weight": "6' 6\"",
    "age": "325 lbs",
    "college": "R",
    "playerId": "4360391",
    "profileUrl": "https://www.espn.com/nfl/player/_/id/4360391/julian-pearl",
    "headshot": "https://a.espncdn.com/combiner/i?img=/i/headshots/nfl/players/full/4360391.png",
    "birthdate": "Birthdate10/6/1999 (25)",
    "birthplace": null,
    "experience": "ExperienceRookie",
    "draftInfo": null
  },
  {
    "team": "CLE",
    "number": "",
    "name": "Lorenzo Thompson69",
    "position": "OT",
    "height": "24",
    "weight": "6' 6\"",
    "age": "305 lbs",
    "college": "R",
    "playerId": "4367040",
    "profileUrl": "https://www.espn.com/nfl/player/_/id/4367040/lorenzo-thompson",
    "headshot": "https://a.espncdn.com/combiner/i?img=/i/headshots/nfl/players/full/4367040.png",
    "birthdate": "Birthdate6/21/2000 (24)",
    "birthplace": null,
    "experience": "ExperienceRookie",
    "draftInfo": null
  },
  {
    "team": "CLE",
    "number": "",
    "name": "Dartanyan Tinsley",
    "position": "OT",
    "height": "--",
    "weight": "6' 4\"",
    "age": "320 lbs",
    "college": "R",
    "playerId": "4585283",
    "profileUrl": "https://www.espn.com/nfl/player/_/id/4585283/dartanyan-tinsley",
    "headshot": "https://a.espncdn.com/combiner/i?img=/i/headshots/college-football/players/full/4585283.png",
    "birthdate": null,
    "birthplace": "BirthplaceOwensboro, KY",
    "experience": "ExperienceRookie",
    "draftInfo": null
  },
  {
    "team": "CLE",
    "number": "",
    "name": "Myles Garrett95",
    "position": "DE",
    "height": "29",
    "weight": "6' 4\"",
    "age": "272 lbs",
    "college": "8",
    "playerId": "3122132",
    "profileUrl": "https://www.espn.com/nfl/player/_/id/3122132/myles-garrett",
    "headshot": "https://a.espncdn.com/combiner/i?img=/i/headshots/nfl/players/full/3122132.png",
    "birthdate": "Birthdate12/29/1995 (29)",
    "birthplace": null,
    "experience": null,
    "draftInfo": "Draft Info2017: Rd 1, Pk 1 (CLE)"
  },
  {
    "team": "CLE",
    "number": "",
    "name": "Adin Huntington",
    "position": "DE",
    "height": "--",
    "weight": "6' 1\"",
    "age": "281 lbs",
    "college": "R",
    "playerId": "4605792",
    "profileUrl": "https://www.espn.com/nfl/player/_/id/4605792/adin-huntington",
    "headshot": "https://a.espncdn.com/combiner/i?img=/i/headshots/college-football/players/full/4605792.png",
    "birthdate": null,
    "birthplace": "BirthplaceStafford, VA",
    "experience": "ExperienceRookie",
    "draftInfo": null
  },
  {
    "team": "CLE",
    "number": "",
    "name": "Sam Kamara92",
    "position": "DE",
    "height": "27",
    "weight": "6' 0\"",
    "age": "272 lbs",
    "college": "2",
    "playerId": "4033855",
    "profileUrl": "https://www.espn.com/nfl/player/_/id/4033855/sam-kamara",
    "headshot": "https://a.espncdn.com/combiner/i?img=/i/headshots/nfl/players/full/4033855.png",
    "birthdate": "Birthdate12/21/1997 (27)",
    "birthplace": null,
    "experience": "Experience2nd Season",
    "draftInfo": null
  },
  {
    "team": "CLE",
    "number": "",
    "name": "Isaiah McGuire57",
    "position": "DE",
    "height": "23",
    "weight": "6' 4\"",
    "age": "268 lbs",
    "college": "2",
    "playerId": "4427963",
    "profileUrl": "https://www.espn.com/nfl/player/_/id/4427963/isaiah-mcguire",
    "headshot": "https://a.espncdn.com/combiner/i?img=/i/headshots/nfl/players/full/4427963.png",
    "birthdate": "Birthdate7/27/2001 (23)",
    "birthplace": null,
    "experience": null,
    "draftInfo": "Draft Info2023: Rd 4, Pk 126 (CLE)"
  },
  {
    "team": "CLE",
    "number": "",
    "name": "Ogbo Okoronkwo54",
    "position": "DE",
    "height": "30",
    "weight": "6' 2\"",
    "age": "250 lbs",
    "college": "7",
    "playerId": "3052667",
    "profileUrl": "https://www.espn.com/nfl/player/_/id/3052667/ogbo-okoronkwo",
    "headshot": "https://a.espncdn.com/combiner/i?img=/i/headshots/nfl/players/full/3052667.png",
    "birthdate": "Birthdate4/24/1995 (30)",
    "birthplace": null,
    "experience": null,
    "draftInfo": "Draft Info2018: Rd 5, Pk 160 (LAR)"
  },
  {
    "team": "CLE",
    "number": "",
    "name": "Cameron Thomas99",
    "position": "DE",
    "height": "25",
    "weight": "6' 4\"",
    "age": "265 lbs",
    "college": "3",
    "playerId": "4361510",
    "profileUrl": "https://www.espn.com/nfl/player/_/id/4361510/cameron-thomas",
    "headshot": "https://a.espncdn.com/combiner/i?img=/i/headshots/nfl/players/full/4361510.png",
    "birthdate": "Birthdate1/7/2000 (25)",
    "birthplace": null,
    "experience": null,
    "draftInfo": "Draft Info2022: Rd 3, Pk 87 (ARI)"
  },
  {
    "team": "CLE",
    "number": "",
    "name": "Alex Wright91",
    "position": "DE",
    "height": "24",
    "weight": "6' 5\"",
    "age": "267 lbs",
    "college": "3",
    "playerId": "4570119",
    "profileUrl": "https://www.espn.com/nfl/player/_/id/4570119/alex-wright",
    "headshot": "https://a.espncdn.com/combiner/i?img=/i/headshots/nfl/players/full/4570119.png",
    "birthdate": "Birthdate9/5/2000 (24)",
    "birthplace": null,
    "experience": null,
    "draftInfo": "Draft Info2022: Rd 3, Pk 78 (CLE)"
  },
  {
    "team": "CLE",
    "number": "",
    "name": "Jowon Briggs97",
    "position": "DT",
    "height": "23",
    "weight": "6' 1\"",
    "age": "313 lbs",
    "college": "R",
    "playerId": "4426676",
    "profileUrl": "https://www.espn.com/nfl/player/_/id/4426676/jowon-briggs",
    "headshot": "https://a.espncdn.com/combiner/i?img=/i/headshots/nfl/players/full/4426676.png",
    "birthdate": "Birthdate9/1/2001 (23)",
    "birthplace": null,
    "experience": null,
    "draftInfo": "Draft Info2024: Rd 7, Pk 243 (CLE)"
  },
  {
    "team": "CLE",
    "number": "",
    "name": "Maliek Collins",
    "position": "DT",
    "height": "30",
    "weight": "6' 2\"",
    "age": "310 lbs",
    "college": "9",
    "playerId": "3040471",
    "profileUrl": "https://www.espn.com/nfl/player/_/id/3040471/maliek-collins",
    "headshot": "https://a.espncdn.com/combiner/i?img=/i/headshots/nfl/players/full/3040471.png",
    "birthdate": "Birthdate4/8/1995 (30)",
    "birthplace": null,
    "experience": null,
    "draftInfo": "Draft Info2016: Rd 3, Pk 67 (DAL)"
  },
  {
    "team": "CLE",
    "number": "",
    "name": "Mason Graham94",
    "position": "DT",
    "height": "21",
    "weight": "6' 3\"",
    "age": "320 lbs",
    "college": "R",
    "playerId": "4873232",
    "profileUrl": "https://www.espn.com/nfl/player/_/id/4873232/mason-graham",
    "headshot": "https://a.espncdn.com/combiner/i?img=/i/headshots/nfl/players/full/4873232.png",
    "birthdate": "Birthdate9/2/2003 (21)",
    "birthplace": null,
    "experience": null,
    "draftInfo": "Draft Info2025: Rd 1, Pk 5 (CLE)"
  },
  {
    "team": "CLE",
    "number": "",
    "name": "Mike Hall Jr.51",
    "position": "DT",
    "height": "21",
    "weight": "6' 3\"",
    "age": "300 lbs",
    "college": "R",
    "playerId": "4600415",
    "profileUrl": "https://www.espn.com/nfl/player/_/id/4600415/mike-hall-jr",
    "headshot": "https://a.espncdn.com/combiner/i?img=/i/headshots/nfl/players/full/4600415.png",
    "birthdate": "Birthdate6/13/2003 (21)",
    "birthplace": null,
    "experience": null,
    "draftInfo": "Draft Info2024: Rd 2, Pk 54 (CLE)"
  },
  {
    "team": "CLE",
    "number": "",
    "name": "Shelby Harris93",
    "position": "DT",
    "height": "33",
    "weight": "6' 2\"",
    "age": "288 lbs",
    "college": "10",
    "playerId": "16837",
    "profileUrl": "https://www.espn.com/nfl/player/_/id/16837/shelby-harris",
    "headshot": "https://a.espncdn.com/combiner/i?img=/i/headshots/nfl/players/full/16837.png",
    "birthdate": "Birthdate8/11/1991 (33)",
    "birthplace": null,
    "experience": null,
    "draftInfo": "Draft Info2014: Rd 7, Pk 235 (OAK)"
  },
  {
    "team": "CLE",
    "number": "",
    "name": "Ralph Holley",
    "position": "DT",
    "height": "26",
    "weight": "6' 0\"",
    "age": "285 lbs",
    "college": "R",
    "playerId": "4240164",
    "profileUrl": "https://www.espn.com/nfl/player/_/id/4240164/ralph-holley",
    "headshot": "https://a.espncdn.com/combiner/i?img=/i/headshots/college-football/players/full/4240164.png",
    "birthdate": "Birthdate1/22/1999 (26)",
    "birthplace": null,
    "experience": "ExperienceRookie",
    "draftInfo": null
  },
  {
    "team": "CLE",
    "number": "",
    "name": "Jerome Baker",
    "position": "LB",
    "height": "28",
    "weight": "6' 2\"",
    "age": "232 lbs",
    "college": "7",
    "playerId": "3915507",
    "profileUrl": "https://www.espn.com/nfl/player/_/id/3915507/jerome-baker",
    "headshot": "https://a.espncdn.com/combiner/i?img=/i/headshots/nfl/players/full/3915507.png",
    "birthdate": "Birthdate12/25/1996 (28)",
    "birthplace": null,
    "experience": null,
    "draftInfo": "Draft Info2018: Rd 3, Pk 73 (MIA)"
  },
  {
    "team": "CLE",
    "number": "",
    "name": "Devin Bush30",
    "position": "LB",
    "height": "26",
    "weight": "5' 11\"",
    "age": "235 lbs",
    "college": "6",
    "playerId": "4036261",
    "profileUrl": "https://www.espn.com/nfl/player/_/id/4036261/devin-bush",
    "headshot": "https://a.espncdn.com/combiner/i?img=/i/headshots/nfl/players/full/4036261.png",
    "birthdate": "Birthdate7/18/1998 (26)",
    "birthplace": null,
    "experience": null,
    "draftInfo": "Draft Info2019: Rd 1, Pk 10 (PIT)"
  },
  {
    "team": "CLE",
    "number": "",
    "name": "Mohamoud Diabate43",
    "position": "LB",
    "height": "24",
    "weight": "6' 4\"",
    "age": "225 lbs",
    "college": "2",
    "playerId": "4567403",
    "profileUrl": "https://www.espn.com/nfl/player/_/id/4567403/mohamoud-diabate",
    "headshot": "https://a.espncdn.com/combiner/i?img=/i/headshots/nfl/players/full/4567403.png",
    "birthdate": "Birthdate5/18/2001 (24)",
    "birthplace": null,
    "experience": "Experience2nd Season",
    "draftInfo": null
  },
  {
    "team": "CLE",
    "number": "",
    "name": "Jordan Hicks58",
    "position": "LB",
    "height": "32",
    "weight": "6' 1\"",
    "age": "235 lbs",
    "college": "10",
    "playerId": "2514270",
    "profileUrl": "https://www.espn.com/nfl/player/_/id/2514270/jordan-hicks",
    "headshot": "https://a.espncdn.com/combiner/i?img=/i/headshots/nfl/players/full/2514270.png",
    "birthdate": "Birthdate6/27/1992 (32)",
    "birthplace": null,
    "experience": null,
    "draftInfo": "Draft Info2015: Rd 3, Pk 84 (PHI)"
  },
  {
    "team": "CLE",
    "number": "",
    "name": "Khaleke Hudson39",
    "position": "LB",
    "height": "27",
    "weight": "6' 0\"",
    "age": "220 lbs",
    "college": "5",
    "playerId": "4046525",
    "profileUrl": "https://www.espn.com/nfl/player/_/id/4046525/khaleke-hudson",
    "headshot": "https://a.espncdn.com/combiner/i?img=/i/headshots/nfl/players/full/4046525.png",
    "birthdate": "Birthdate12/6/1997 (27)",
    "birthplace": null,
    "experience": null,
    "draftInfo": "Draft Info2020: Rd 5, Pk 162 (WSH)"
  },
  {
    "team": "CLE",
    "number": "",
    "name": "Easton Mascarenas-Arnold",
    "position": "LB",
    "height": "--",
    "weight": "6' 0\"",
    "age": "231 lbs",
    "college": "R",
    "playerId": "5085888",
    "profileUrl": "https://www.espn.com/nfl/player/_/id/5085888/easton-mascarenas-arnold",
    "headshot": "https://a.espncdn.com/combiner/i?img=/i/headshots/college-football/players/full/5085888.png",
    "birthdate": null,
    "birthplace": "BirthplaceMission Viejo, CA",
    "experience": "ExperienceRookie",
    "draftInfo": null
  },
  {
    "team": "CLE",
    "number": "",
    "name": "Julian Okwara",
    "position": "LB",
    "height": "27",
    "weight": "6' 4\"",
    "age": "250 lbs",
    "college": "6",
    "playerId": "4046690",
    "profileUrl": "https://www.espn.com/nfl/player/_/id/4046690/julian-okwara",
    "headshot": "https://a.espncdn.com/combiner/i?img=/i/headshots/nfl/players/full/4046690.png",
    "birthdate": "Birthdate12/27/1997 (27)",
    "birthplace": null,
    "experience": null,
    "draftInfo": "Draft Info2020: Rd 3, Pk 67 (DET)"
  },
  {
    "team": "CLE",
    "number": "",
    "name": "Winston Reid59",
    "position": "LB",
    "height": "25",
    "weight": "6' 0\"",
    "age": "225 lbs",
    "college": "R",
    "playerId": "4251125",
    "profileUrl": "https://www.espn.com/nfl/player/_/id/4251125/winston-reid",
    "headshot": "https://a.espncdn.com/combiner/i?img=/i/headshots/nfl/players/full/4251125.png",
    "birthdate": "Birthdate8/3/1999 (25)",
    "birthplace": null,
    "experience": "ExperienceRookie",
    "draftInfo": null
  },
  {
    "team": "CLE",
    "number": "",
    "name": "Carson Schwesinger49",
    "position": "LB",
    "height": "22",
    "weight": "6' 2\"",
    "age": "225 lbs",
    "college": "R",
    "playerId": "4876017",
    "profileUrl": "https://www.espn.com/nfl/player/_/id/4876017/carson-schwesinger",
    "headshot": "https://a.espncdn.com/combiner/i?img=/i/headshots/nfl/players/full/4876017.png",
    "birthdate": "Birthdate2/24/2003 (22)",
    "birthplace": null,
    "experience": null,
    "draftInfo": "Draft Info2025: Rd 2, Pk 33 (CLE)"
  },
  {
    "team": "CLE",
    "number": "",
    "name": "Elerson G. Smith52",
    "position": "LB",
    "height": "26",
    "weight": "6' 7\"",
    "age": "245 lbs",
    "college": "3",
    "playerId": "4030924",
    "profileUrl": "https://www.espn.com/nfl/player/_/id/4030924/elerson-g-smith",
    "headshot": "https://a.espncdn.com/combiner/i?img=/i/headshots/nfl/players/full/4030924.png",
    "birthdate": "Birthdate7/17/1998 (26)",
    "birthplace": null,
    "experience": null,
    "draftInfo": "Draft Info2021: Rd 4, Pk 116 (NYG)"
  },
  {
    "team": "CLE",
    "number": "",
    "name": "Joe Tryon-Shoyinka",
    "position": "LB",
    "height": "26",
    "weight": "6' 5\"",
    "age": "259 lbs",
    "college": "4",
    "playerId": "4243333",
    "profileUrl": "https://www.espn.com/nfl/player/_/id/4243333/joe-tryon-shoyinka",
    "headshot": "https://a.espncdn.com/combiner/i?img=/i/headshots/nfl/players/full/4243333.png",
    "birthdate": "Birthdate4/30/1999 (26)",
    "birthplace": null,
    "experience": null,
    "draftInfo": "Draft Info2021: Rd 1, Pk 32 (TB)"
  },
  {
    "team": "CLE",
    "number": "",
    "name": "Nathaniel Watson40",
    "position": "LB",
    "height": "24",
    "weight": "6' 0\"",
    "age": "233 lbs",
    "college": "R",
    "playerId": "4362895",
    "profileUrl": "https://www.espn.com/nfl/player/_/id/4362895/nathaniel-watson",
    "headshot": "https://a.espncdn.com/combiner/i?img=/i/headshots/nfl/players/full/4362895.png",
    "birthdate": "Birthdate9/1/2000 (24)",
    "birthplace": null,
    "experience": null,
    "draftInfo": "Draft Info2024: Rd 6, Pk 206 (CLE)"
  },
  {
    "team": "CLE",
    "number": "",
    "name": "Chigozie Anusiem35",
    "position": "CB",
    "height": "24",
    "weight": "6' 1\"",
    "age": "200 lbs",
    "college": "R",
    "playerId": "4360475",
    "profileUrl": "https://www.espn.com/nfl/player/_/id/4360475/chigozie-anusiem",
    "headshot": "https://a.espncdn.com/combiner/i?img=/i/headshots/nfl/players/full/4360475.png",
    "birthdate": "Birthdate11/5/2000 (24)",
    "birthplace": null,
    "experience": "ExperienceRookie",
    "draftInfo": null
  },
  {
    "team": "CLE",
    "number": "",
    "name": "Tony Brown II38",
    "position": "CB",
    "height": "29",
    "weight": "6' 0\"",
    "age": "200 lbs",
    "college": "6",
    "playerId": "3115308",
    "profileUrl": "https://www.espn.com/nfl/player/_/id/3115308/tony-brown-ii",
    "headshot": "https://a.espncdn.com/combiner/i?img=/i/headshots/nfl/players/full/3115308.png",
    "birthdate": "Birthdate7/13/1995 (29)",
    "birthplace": null,
    "experience": "Experience6th Season",
    "draftInfo": null
  },
  {
    "team": "CLE",
    "number": "",
    "name": "Martin Emerson Jr.23",
    "position": "CB",
    "height": "24",
    "weight": "6' 2\"",
    "age": "201 lbs",
    "college": "3",
    "playerId": "4429568",
    "profileUrl": "https://www.espn.com/nfl/player/_/id/4429568/martin-emerson-jr",
    "headshot": "https://a.espncdn.com/combiner/i?img=/i/headshots/nfl/players/full/4429568.png",
    "birthdate": "Birthdate9/27/2000 (24)",
    "birthplace": null,
    "experience": null,
    "draftInfo": "Draft Info2022: Rd 3, Pk 68 (CLE)"
  },
  {
    "team": "CLE",
    "number": "",
    "name": "Myles Harden26",
    "position": "CB",
    "height": "23",
    "weight": "5' 11\"",
    "age": "195 lbs",
    "college": "R",
    "playerId": "4695783",
    "profileUrl": "https://www.espn.com/nfl/player/_/id/4695783/myles-harden",
    "headshot": "https://a.espncdn.com/combiner/i?img=/i/headshots/nfl/players/full/4695783.png",
    "birthdate": "Birthdate12/13/2001 (23)",
    "birthplace": null,
    "experience": null,
    "draftInfo": "Draft Info2024: Rd 7, Pk 227 (CLE)"
  },
  {
    "team": "CLE",
    "number": "",
    "name": "LaMareon James",
    "position": "CB",
    "height": "--",
    "weight": "5' 10\"",
    "age": "190 lbs",
    "college": "R",
    "playerId": "4430010",
    "profileUrl": "https://www.espn.com/nfl/player/_/id/4430010/lamareon-james",
    "headshot": "https://a.espncdn.com/combiner/i?img=/i/headshots/college-football/players/full/4430010.png",
    "birthdate": null,
    "birthplace": "BirthplaceNorfolk, VA",
    "experience": "ExperienceRookie",
    "draftInfo": null
  },
  {
    "team": "CLE",
    "number": "",
    "name": "Dom Jones",
    "position": "CB",
    "height": "--",
    "weight": "6' 3\"",
    "age": "195 lbs",
    "college": "R",
    "playerId": "4572519",
    "profileUrl": "https://www.espn.com/nfl/player/_/id/4572519/dom-jones",
    "headshot": "https://a.espncdn.com/combiner/i?img=/i/headshots/college-football/players/full/4572519.png",
    "birthdate": null,
    "birthplace": "BirthplaceDuluth, GA",
    "experience": "ExperienceRookie",
    "draftInfo": null
  },
  {
    "team": "CLE",
    "number": "",
    "name": "Anthony Kendall44",
    "position": "CB",
    "height": "25",
    "weight": "5' 10\"",
    "age": "177 lbs",
    "college": "2",
    "playerId": "5143279",
    "profileUrl": "https://www.espn.com/nfl/player/_/id/5143279/anthony-kendall",
    "headshot": "https://a.espncdn.com/combiner/i?img=/i/headshots/nfl/players/full/5143279.png",
    "birthdate": "Birthdate12/17/1999 (25)",
    "birthplace": null,
    "experience": "Experience2nd Season",
    "draftInfo": null
  },
  {
    "team": "CLE",
    "number": "",
    "name": "Cameron Mitchell29",
    "position": "CB",
    "height": "23",
    "weight": "5' 11\"",
    "age": "191 lbs",
    "college": "2",
    "playerId": "4569607",
    "profileUrl": "https://www.espn.com/nfl/player/_/id/4569607/cameron-mitchell",
    "headshot": "https://a.espncdn.com/combiner/i?img=/i/headshots/nfl/players/full/4569607.png",
    "birthdate": "Birthdate9/8/2001 (23)",
    "birthplace": null,
    "experience": null,
    "draftInfo": "Draft Info2023: Rd 5, Pk 142 (CLE)"
  },
  {
    "team": "CLE",
    "number": "",
    "name": "Nik Needham",
    "position": "CB",
    "height": "28",
    "weight": "6' 1\"",
    "age": "196 lbs",
    "college": "7",
    "playerId": "3124702",
    "profileUrl": "https://www.espn.com/nfl/player/_/id/3124702/nik-needham",
    "headshot": "https://a.espncdn.com/combiner/i?img=/i/headshots/nfl/players/full/3124702.png",
    "birthdate": "Birthdate11/4/1996 (28)",
    "birthplace": null,
    "experience": "Experience7th Season",
    "draftInfo": null
  },
  {
    "team": "CLE",
    "number": "",
    "name": "Greg Newsome II0",
    "position": "CB",
    "height": "24",
    "weight": "6' 0\"",
    "age": "192 lbs",
    "college": "4",
    "playerId": "4361266",
    "profileUrl": "https://www.espn.com/nfl/player/_/id/4361266/greg-newsome-ii",
    "headshot": "https://a.espncdn.com/combiner/i?img=/i/headshots/nfl/players/full/4361266.png",
    "birthdate": "Birthdate5/18/2000 (24)",
    "birthplace": null,
    "experience": null,
    "draftInfo": "Draft Info2021: Rd 1, Pk 26 (CLE)"
  },
  {
    "team": "CLE",
    "number": "",
    "name": "Denzel Ward21",
    "position": "CB",
    "height": "28",
    "weight": "5' 11\"",
    "age": "190 lbs",
    "college": "7",
    "playerId": "3915535",
    "profileUrl": "https://www.espn.com/nfl/player/_/id/3915535/denzel-ward",
    "headshot": "https://a.espncdn.com/combiner/i?img=/i/headshots/nfl/players/full/3915535.png",
    "birthdate": "Birthdate4/28/1997 (28)",
    "birthplace": null,
    "experience": null,
    "draftInfo": "Draft Info2018: Rd 1, Pk 4 (CLE)"
  },
  {
    "team": "CLE",
    "number": "",
    "name": "Grant Delpit9",
    "position": "S",
    "height": "26",
    "weight": "6' 3\"",
    "age": "208 lbs",
    "college": "5",
    "playerId": "4242208",
    "profileUrl": "https://www.espn.com/nfl/player/_/id/4242208/grant-delpit",
    "headshot": "https://a.espncdn.com/combiner/i?img=/i/headshots/nfl/players/full/4242208.png",
    "birthdate": "Birthdate9/20/1998 (26)",
    "birthplace": null,
    "experience": null,
    "draftInfo": "Draft Info2020: Rd 2, Pk 44 (CLE)"
  },
  {
    "team": "CLE",
    "number": "",
    "name": "Chris Edmonds41",
    "position": "S",
    "height": "23",
    "weight": "6' 2\"",
    "age": "210 lbs",
    "college": "R",
    "playerId": "4572922",
    "profileUrl": "https://www.espn.com/nfl/player/_/id/4572922/chris-edmonds",
    "headshot": "https://a.espncdn.com/combiner/i?img=/i/headshots/nfl/players/full/4572922.png",
    "birthdate": "Birthdate7/16/2001 (23)",
    "birthplace": null,
    "experience": "ExperienceRookie",
    "draftInfo": null
  },
  {
    "team": "CLE",
    "number": "",
    "name": "Ronnie Hickman33",
    "position": "S",
    "height": "23",
    "weight": "6' 1\"",
    "age": "209 lbs",
    "college": "2",
    "playerId": "4569620",
    "profileUrl": "https://www.espn.com/nfl/player/_/id/4569620/ronnie-hickman",
    "headshot": "https://a.espncdn.com/combiner/i?img=/i/headshots/nfl/players/full/4569620.png",
    "birthdate": "Birthdate10/11/2001 (23)",
    "birthplace": null,
    "experience": "Experience2nd Season",
    "draftInfo": null
  },
  {
    "team": "CLE",
    "number": "",
    "name": "Rayshawn Jenkins",
    "position": "S",
    "height": "31",
    "weight": "6' 1\"",
    "age": "220 lbs",
    "college": "8",
    "playerId": "2969961",
    "profileUrl": "https://www.espn.com/nfl/player/_/id/2969961/rayshawn-jenkins",
    "headshot": "https://a.espncdn.com/combiner/i?img=/i/headshots/nfl/players/full/2969961.png",
    "birthdate": "Birthdate1/25/1994 (31)",
    "birthplace": null,
    "experience": null,
    "draftInfo": "Draft Info2017: Rd 4, Pk 113 (LAC)"
  },
  {
    "team": "CLE",
    "number": "",
    "name": "Damontae Kazee",
    "position": "S",
    "height": "31",
    "weight": "5' 11\"",
    "age": "174 lbs",
    "college": "8",
    "playerId": "2976099",
    "profileUrl": "https://www.espn.com/nfl/player/_/id/2976099/damontae-kazee",
    "headshot": "https://a.espncdn.com/combiner/i?img=/i/headshots/nfl/players/full/2976099.png",
    "birthdate": "Birthdate6/5/1993 (31)",
    "birthplace": null,
    "experience": null,
    "draftInfo": "Draft Info2017: Rd 5, Pk 149 (ATL)"
  },
  {
    "team": "CLE",
    "number": "",
    "name": "Donovan McMillon",
    "position": "S",
    "height": "--",
    "weight": "6' 2\"",
    "age": "205 lbs",
    "college": "R",
    "playerId": "4686027",
    "profileUrl": "https://www.espn.com/nfl/player/_/id/4686027/donovan-mcmillon",
    "headshot": "https://a.espncdn.com/combiner/i?img=/i/headshots/college-football/players/full/4686027.png",
    "birthdate": null,
    "birthplace": "BirthplaceMcmurray, PA",
    "experience": "ExperienceRookie",
    "draftInfo": null
  },
  {
    "team": "CLE",
    "number": "",
    "name": "Dustin Hopkins7",
    "position": "PK",
    "height": "34",
    "weight": "6' 2\"",
    "age": "210 lbs",
    "college": "11",
    "playerId": "15965",
    "profileUrl": "https://www.espn.com/nfl/player/_/id/15965/dustin-hopkins",
    "headshot": "https://a.espncdn.com/combiner/i?img=/i/headshots/nfl/players/full/15965.png",
    "birthdate": "Birthdate10/1/1990 (34)",
    "birthplace": null,
    "experience": null,
    "draftInfo": "Draft Info2013: Rd 6, Pk 177 (BUF)"
  },
  {
    "team": "CLE",
    "number": "",
    "name": "Andre Szmyt10",
    "position": "PK",
    "height": "26",
    "weight": "6' 0\"",
    "age": "200 lbs",
    "college": "1",
    "playerId": "4258620",
    "profileUrl": "https://www.espn.com/nfl/player/_/id/4258620/andre-szmyt",
    "headshot": "https://a.espncdn.com/combiner/i?img=/i/headshots/nfl/players/full/4258620.png",
    "birthdate": "Birthdate9/26/1998 (26)",
    "birthplace": null,
    "experience": "Experience1st Season",
    "draftInfo": null
  },
  {
    "team": "CLE",
    "number": "",
    "name": "Corey Bojorquez13",
    "position": "P",
    "height": "28",
    "weight": "6' 0\"",
    "age": "217 lbs",
    "college": "7",
    "playerId": "4039396",
    "profileUrl": "https://www.espn.com/nfl/player/_/id/4039396/corey-bojorquez",
    "headshot": "https://a.espncdn.com/combiner/i?img=/i/headshots/nfl/players/full/4039396.png",
    "birthdate": "Birthdate9/13/1996 (28)",
    "birthplace": null,
    "experience": "Experience7th Season",
    "draftInfo": null
  },
  {
    "team": "CLE",
    "number": "",
    "name": "Rex Sunahara50",
    "position": "LS",
    "height": "28",
    "weight": "6' 6\"",
    "age": "242 lbs",
    "college": "1",
    "playerId": "3913293",
    "profileUrl": "https://www.espn.com/nfl/player/_/id/3913293/rex-sunahara",
    "headshot": "https://a.espncdn.com/combiner/i?img=/i/headshots/nfl/players/full/3913293.png",
    "birthdate": "Birthdate10/9/1996 (28)",
    "birthplace": null,
    "experience": "Experience1st Season",
    "draftInfo": null
  },
  {
    "team": "CLE",
    "number": "",
    "name": "Ja'seem Reed",
    "position": "WR",
    "height": "--",
    "weight": "6' 2\"",
    "age": "230 lbs",
    "college": "R",
    "playerId": "4876995",
    "profileUrl": "https://www.espn.com/nfl/player/_/id/4876995/jaseem-reed",
    "headshot": "https://a.espncdn.com/combiner/i?img=/i/teamlogos/nfl/500/cle.png",
    "birthdate": null,
    "birthplace": "BirthplaceThousand Oaks, CA",
    "experience": "ExperienceRookie",
    "draftInfo": null
  },
  {
    "team": "CLE",
    "number": "",
    "name": "Jeremiah Owusu-Koramoah6",
    "position": "LB",
    "height": "25",
    "weight": "6' 2\"",
    "age": "221 lbs",
    "college": "4",
    "playerId": "4258599",
    "profileUrl": "https://www.espn.com/nfl/player/_/id/4258599/jeremiah-owusu-koramoah",
    "headshot": "https://a.espncdn.com/combiner/i?img=/i/headshots/nfl/players/full/4258599.png",
    "birthdate": "Birthdate11/4/1999 (25)",
    "birthplace": null,
    "experience": null,
    "draftInfo": "Draft Info2021: Rd 2, Pk 52 (CLE)"
  }
]