[
  {
    "team": "DAL",
    "number": "",
    "name": "Will Grier16",
    "position": "QB",
    "height": "30",
    "weight": "6' 1\"",
    "age": "220 lbs",
    "college": "6",
    "playerId": "3115252",
    "profileUrl": "https://www.espn.com/nfl/player/_/id/3115252/will-grier",
    "headshot": "https://a.espncdn.com/combiner/i?img=/i/headshots/nfl/players/full/3115252.png",
    "birthdate": "Birthdate4/3/1995 (30)",
    "birthplace": null,
    "experience": null,
    "draftInfo": "Draft Info2019: Rd 3, Pk 100 (CAR)"
  },
  {
    "team": "DAL",
    "number": "",
    "name": "Joe Milton III",
    "position": "QB",
    "height": "25",
    "weight": "6' 5\"",
    "age": "246 lbs",
    "college": "R",
    "playerId": "4360698",
    "profileUrl": "https://www.espn.com/nfl/player/_/id/4360698/joe-milton-iii",
    "headshot": "https://a.espncdn.com/combiner/i?img=/i/headshots/nfl/players/full/4360698.png",
    "birthdate": "Birthdate3/6/2000 (25)",
    "birthplace": null,
    "experience": null,
    "draftInfo": "Draft Info2024: Rd 6, Pk 193 (NE)"
  },
  {
    "team": "DAL",
    "number": "",
    "name": "Dak Prescott4",
    "position": "QB",
    "height": "31",
    "weight": "6' 2\"",
    "age": "238 lbs",
    "college": "9",
    "playerId": "2577417",
    "profileUrl": "https://www.espn.com/nfl/player/_/id/2577417/dak-prescott",
    "headshot": "https://a.espncdn.com/combiner/i?img=/i/headshots/nfl/players/full/2577417.png",
    "birthdate": "Birthdate7/29/1993 (31)",
    "birthplace": null,
    "experience": null,
    "draftInfo": "Draft Info2016: Rd 4, Pk 135 (DAL)"
  },
  {
    "team": "DAL",
    "number": "",
    "name": "Jaydon Blue",
    "position": "RB",
    "height": "21",
    "weight": "6' 0\"",
    "age": "200 lbs",
    "college": "R",
    "playerId": "4685279",
    "profileUrl": "https://www.espn.com/nfl/player/_/id/4685279/jaydon-blue",
    "headshot": "https://a.espncdn.com/combiner/i?img=/i/headshots/nfl/players/full/4685279.png",
    "birthdate": "Birthdate1/8/2004 (21)",
    "birthplace": null,
    "experience": null,
    "draftInfo": "Draft Info2025: Rd 5, Pk 149 (DAL)"
  },
  {
    "team": "DAL",
    "number": "",
    "name": "Hunter Luepke40",
    "position": "RB",
    "height": "25",
    "weight": "6' 1\"",
    "age": "238 lbs",
    "college": "2",
    "playerId": "4383396",
    "profileUrl": "https://www.espn.com/nfl/player/_/id/4383396/hunter-luepke",
    "headshot": "https://a.espncdn.com/combiner/i?img=/i/headshots/nfl/players/full/4383396.png",
    "birthdate": "Birthdate2/28/2000 (25)",
    "birthplace": null,
    "experience": "Experience2nd Season",
    "draftInfo": null
  },
  {
    "team": "DAL",
    "number": "",
    "name": "Phil Mafah",
    "position": "RB",
    "height": "22",
    "weight": "6' 1\"",
    "age": "230 lbs",
    "college": "R",
    "playerId": "4431562",
    "profileUrl": "https://www.espn.com/nfl/player/_/id/4431562/phil-mafah",
    "headshot": "https://a.espncdn.com/combiner/i?img=/i/headshots/nfl/players/full/4431562.png",
    "birthdate": "Birthdate10/24/2002 (22)",
    "birthplace": null,
    "experience": null,
    "draftInfo": "Draft Info2025: Rd 7, Pk 239 (DAL)"
  },
  {
    "team": "DAL",
    "number": "",
    "name": "Miles Sanders6",
    "position": "RB",
    "height": "28",
    "weight": "5' 11\"",
    "age": "210 lbs",
    "college": "6",
    "playerId": "4045163",
    "profileUrl": "https://www.espn.com/nfl/player/_/id/4045163/miles-sanders",
    "headshot": "https://a.espncdn.com/combiner/i?img=/i/headshots/nfl/players/full/4045163.png",
    "birthdate": "Birthdate5/1/1997 (28)",
    "birthplace": null,
    "experience": null,
    "draftInfo": "Draft Info2019: Rd 2, Pk 53 (PHI)"
  },
  {
    "team": "DAL",
    "number": "",
    "name": "Deuce Vaughn42",
    "position": "RB",
    "height": "23",
    "weight": "5' 6\"",
    "age": "176 lbs",
    "college": "2",
    "playerId": "4431453",
    "profileUrl": "https://www.espn.com/nfl/player/_/id/4431453/deuce-vaughn",
    "headshot": "https://a.espncdn.com/combiner/i?img=/i/headshots/nfl/players/full/4431453.png",
    "birthdate": "Birthdate11/2/2001 (23)",
    "birthplace": null,
    "experience": null,
    "draftInfo": "Draft Info2023: Rd 6, Pk 212 (DAL)"
  },
  {
    "team": "DAL",
    "number": "",
    "name": "Javonte Williams",
    "position": "RB",
    "height": "25",
    "weight": "5' 10\"",
    "age": "220 lbs",
    "college": "4",
    "playerId": "4361579",
    "profileUrl": "https://www.espn.com/nfl/player/_/id/4361579/javonte-williams",
    "headshot": "https://a.espncdn.com/combiner/i?img=/i/headshots/nfl/players/full/4361579.png",
    "birthdate": "Birthdate4/25/2000 (25)",
    "birthplace": null,
    "experience": null,
    "draftInfo": "Draft Info2021: Rd 2, Pk 35 (DEN)"
  },
  {
    "team": "DAL",
    "number": "",
    "name": "Jalen Brooks83",
    "position": "WR",
    "height": "25",
    "weight": "6' 2\"",
    "age": "205 lbs",
    "college": "2",
    "playerId": "4692835",
    "profileUrl": "https://www.espn.com/nfl/player/_/id/4692835/jalen-brooks",
    "headshot": "https://a.espncdn.com/combiner/i?img=/i/headshots/nfl/players/full/4692835.png",
    "birthdate": "Birthdate5/7/2000 (25)",
    "birthplace": null,
    "experience": null,
    "draftInfo": "Draft Info2023: Rd 7, Pk 244 (DAL)"
  },
  {
    "team": "DAL",
    "number": "",
    "name": "Parris Campbell",
    "position": "WR",
    "height": "27",
    "weight": "6' 0\"",
    "age": "208 lbs",
    "college": "7",
    "playerId": "3121410",
    "profileUrl": "https://www.espn.com/nfl/player/_/id/3121410/parris-campbell",
    "headshot": "https://a.espncdn.com/combiner/i?img=/i/headshots/nfl/players/full/3121410.png",
    "birthdate": "Birthdate7/16/1997 (27)",
    "birthplace": null,
    "experience": null,
    "draftInfo": "Draft Info2019: Rd 2, Pk 59 (IND)"
  },
  {
    "team": "DAL",
    "number": "",
    "name": "Ryan Flournoy80",
    "position": "WR",
    "height": "25",
    "weight": "6' 1\"",
    "age": "200 lbs",
    "college": "R",
    "playerId": "5083754",
    "profileUrl": "https://www.espn.com/nfl/player/_/id/5083754/ryan-flournoy",
    "headshot": "https://a.espncdn.com/combiner/i?img=/i/headshots/nfl/players/full/5083754.png",
    "birthdate": "Birthdate10/27/1999 (25)",
    "birthplace": null,
    "experience": null,
    "draftInfo": "Draft Info2024: Rd 6, Pk 216 (DAL)"
  },
  {
    "team": "DAL",
    "number": "",
    "name": "Kelvin Harmon84",
    "position": "WR",
    "height": "28",
    "weight": "6' 2\"",
    "age": "215 lbs",
    "college": "2",
    "playerId": "4036163",
    "profileUrl": "https://www.espn.com/nfl/player/_/id/4036163/kelvin-harmon",
    "headshot": "https://a.espncdn.com/combiner/i?img=/i/headshots/nfl/players/full/4036163.png",
    "birthdate": "Birthdate12/15/1996 (28)",
    "birthplace": null,
    "experience": null,
    "draftInfo": "Draft Info2019: Rd 6, Pk 206 (WSH)"
  },
  {
    "team": "DAL",
    "number": "",
    "name": "Traeshon Holden",
    "position": "WR",
    "height": "--",
    "weight": "6' 3\"",
    "age": "205 lbs",
    "college": "R",
    "playerId": "4429172",
    "profileUrl": "https://www.espn.com/nfl/player/_/id/4429172/traeshon-holden",
    "headshot": "https://a.espncdn.com/combiner/i?img=/i/headshots/college-football/players/full/4429172.png",
    "birthdate": null,
    "birthplace": "BirthplaceKissimmee, FL",
    "experience": "ExperienceRookie",
    "draftInfo": null
  },
  {
    "team": "DAL",
    "number": "",
    "name": "Josh Kelly",
    "position": "WR",
    "height": "--",
    "weight": "6' 1\"",
    "age": "195 lbs",
    "college": "R",
    "playerId": "4575558",
    "profileUrl": "https://www.espn.com/nfl/player/_/id/4575558/josh-kelly",
    "headshot": "https://a.espncdn.com/combiner/i?img=/i/headshots/college-football/players/full/4575558.png",
    "birthdate": null,
    "birthplace": "BirthplaceFresno, CA",
    "experience": "ExperienceRookie",
    "draftInfo": null
  },
  {
    "team": "DAL",
    "number": "",
    "name": "CeeDee Lamb88",
    "position": "WR",
    "height": "26",
    "weight": "6' 2\"",
    "age": "200 lbs",
    "college": "5",
    "playerId": "4241389",
    "profileUrl": "https://www.espn.com/nfl/player/_/id/4241389/ceedee-lamb",
    "headshot": "https://a.espncdn.com/combiner/i?img=/i/headshots/nfl/players/full/4241389.png",
    "birthdate": "Birthdate4/8/1999 (26)",
    "birthplace": null,
    "experience": null,
    "draftInfo": "Draft Info2020: Rd 1, Pk 17 (DAL)"
  },
  {
    "team": "DAL",
    "number": "",
    "name": "Jonathan Mingo81",
    "position": "WR",
    "height": "24",
    "weight": "6' 2\"",
    "age": "220 lbs",
    "college": "2",
    "playerId": "4426485",
    "profileUrl": "https://www.espn.com/nfl/player/_/id/4426485/jonathan-mingo",
    "headshot": "https://a.espncdn.com/combiner/i?img=/i/headshots/nfl/players/full/4426485.png",
    "birthdate": "Birthdate4/20/2001 (24)",
    "birthplace": null,
    "experience": null,
    "draftInfo": "Draft Info2023: Rd 2, Pk 39 (CAR)"
  },
  {
    "team": "DAL",
    "number": "",
    "name": "Jalen Moreno-Cropper16",
    "position": "WR",
    "height": "24",
    "weight": "6' 0\"",
    "age": "172 lbs",
    "college": "1",
    "playerId": "4426990",
    "profileUrl": "https://www.espn.com/nfl/player/_/id/4426990/jalen-moreno-cropper",
    "headshot": "https://a.espncdn.com/combiner/i?img=/i/headshots/nfl/players/full/4426990.png",
    "birthdate": "Birthdate5/3/2001 (24)",
    "birthplace": null,
    "experience": "Experience1st Season",
    "draftInfo": null
  },
  {
    "team": "DAL",
    "number": "",
    "name": "George Pickens",
    "position": "WR",
    "height": "24",
    "weight": "6' 3\"",
    "age": "200 lbs",
    "college": "3",
    "playerId": "4426354",
    "profileUrl": "https://www.espn.com/nfl/player/_/id/4426354/george-pickens",
    "headshot": "https://a.espncdn.com/combiner/i?img=/i/headshots/nfl/players/full/4426354.png",
    "birthdate": "Birthdate3/4/2001 (24)",
    "birthplace": null,
    "experience": null,
    "draftInfo": "Draft Info2022: Rd 2, Pk 52 (PIT)"
  },
  {
    "team": "DAL",
    "number": "",
    "name": "Jalen Tolbert1",
    "position": "WR",
    "height": "26",
    "weight": "6' 1\"",
    "age": "195 lbs",
    "college": "3",
    "playerId": "4249417",
    "profileUrl": "https://www.espn.com/nfl/player/_/id/4249417/jalen-tolbert",
    "headshot": "https://a.espncdn.com/combiner/i?img=/i/headshots/nfl/players/full/4249417.png",
    "birthdate": "Birthdate2/27/1999 (26)",
    "birthplace": null,
    "experience": null,
    "draftInfo": "Draft Info2022: Rd 3, Pk 88 (DAL)"
  },
  {
    "team": "DAL",
    "number": "",
    "name": "KaVontae Turpin9",
    "position": "WR",
    "height": "28",
    "weight": "5' 9\"",
    "age": "153 lbs",
    "college": "3",
    "playerId": "3676833",
    "profileUrl": "https://www.espn.com/nfl/player/_/id/3676833/kavontae-turpin",
    "headshot": "https://a.espncdn.com/combiner/i?img=/i/headshots/nfl/players/full/3676833.png",
    "birthdate": "Birthdate8/2/1996 (28)",
    "birthplace": null,
    "experience": "Experience3rd Season",
    "draftInfo": null
  },
  {
    "team": "DAL",
    "number": "",
    "name": "Rivaldo Fairweather",
    "position": "TE",
    "height": "--",
    "weight": "6' 4\"",
    "age": "252 lbs",
    "college": "R",
    "playerId": "4605858",
    "profileUrl": "https://www.espn.com/nfl/player/_/id/4605858/rivaldo-fairweather",
    "headshot": "https://a.espncdn.com/combiner/i?img=/i/headshots/college-football/players/full/4605858.png",
    "birthdate": null,
    "birthplace": "BirthplaceLauderhill, FL",
    "experience": "ExperienceRookie",
    "draftInfo": null
  },
  {
    "team": "DAL",
    "number": "",
    "name": "Princeton Fant85",
    "position": "TE",
    "height": "26",
    "weight": "6' 2\"",
    "age": "235 lbs",
    "college": "1",
    "playerId": "4242442",
    "profileUrl": "https://www.espn.com/nfl/player/_/id/4242442/princeton-fant",
    "headshot": "https://a.espncdn.com/combiner/i?img=/i/headshots/nfl/players/full/4242442.png",
    "birthdate": "Birthdate3/11/1999 (26)",
    "birthplace": null,
    "experience": "Experience1st Season",
    "draftInfo": null
  },
  {
    "team": "DAL",
    "number": "",
    "name": "Jake Ferguson87",
    "position": "TE",
    "height": "26",
    "weight": "6' 5\"",
    "age": "244 lbs",
    "college": "3",
    "playerId": "4242355",
    "profileUrl": "https://www.espn.com/nfl/player/_/id/4242355/jake-ferguson",
    "headshot": "https://a.espncdn.com/combiner/i?img=/i/headshots/nfl/players/full/4242355.png",
    "birthdate": "Birthdate1/18/1999 (26)",
    "birthplace": null,
    "experience": null,
    "draftInfo": "Draft Info2022: Rd 4, Pk 129 (DAL)"
  },
  {
    "team": "DAL",
    "number": "",
    "name": "Tyler Neville",
    "position": "TE",
    "height": "--",
    "weight": "6' 4\"",
    "age": "248 lbs",
    "college": "R",
    "playerId": "4695765",
    "profileUrl": "https://www.espn.com/nfl/player/_/id/4695765/tyler-neville",
    "headshot": "https://a.espncdn.com/combiner/i?img=/i/headshots/college-football/players/full/4695765.png",
    "birthdate": null,
    "birthplace": "BirthplaceWilliamsburg, VA",
    "experience": "ExperienceRookie",
    "draftInfo": null
  },
  {
    "team": "DAL",
    "number": "",
    "name": "Luke Schoonmaker86",
    "position": "TE",
    "height": "26",
    "weight": "6' 5\"",
    "age": "250 lbs",
    "college": "2",
    "playerId": "4372096",
    "profileUrl": "https://www.espn.com/nfl/player/_/id/4372096/luke-schoonmaker",
    "headshot": "https://a.espncdn.com/combiner/i?img=/i/headshots/nfl/players/full/4372096.png",
    "birthdate": "Birthdate9/28/1998 (26)",
    "birthplace": null,
    "experience": null,
    "draftInfo": "Draft Info2023: Rd 2, Pk 58 (DAL)"
  },
  {
    "team": "DAL",
    "number": "",
    "name": "Brevyn Spann-Ford89",
    "position": "TE",
    "height": "25",
    "weight": "6' 7\"",
    "age": "270 lbs",
    "college": "R",
    "playerId": "4360967",
    "profileUrl": "https://www.espn.com/nfl/player/_/id/4360967/brevyn-spann-ford",
    "headshot": "https://a.espncdn.com/combiner/i?img=/i/headshots/nfl/players/full/4360967.png",
    "birthdate": "Birthdate12/27/1999 (25)",
    "birthplace": null,
    "experience": "ExperienceRookie",
    "draftInfo": null
  },
  {
    "team": "DAL",
    "number": "",
    "name": "John Stephens Jr.81",
    "position": "TE",
    "height": "25",
    "weight": "6' 5\"",
    "age": "221 lbs",
    "college": "2",
    "playerId": "4362489",
    "profileUrl": "https://www.espn.com/nfl/player/_/id/4362489/john-stephens-jr",
    "headshot": "https://a.espncdn.com/combiner/i?img=/i/headshots/nfl/players/full/4362489.png",
    "birthdate": "Birthdate9/23/1999 (25)",
    "birthplace": null,
    "experience": "Experience2nd Season",
    "draftInfo": null
  },
  {
    "team": "DAL",
    "number": "",
    "name": "Brock Hoffman67",
    "position": "C",
    "height": "25",
    "weight": "6' 4\"",
    "age": "302 lbs",
    "college": "2",
    "playerId": "4241087",
    "profileUrl": "https://www.espn.com/nfl/player/_/id/4241087/brock-hoffman",
    "headshot": "https://a.espncdn.com/combiner/i?img=/i/headshots/nfl/players/full/4241087.png",
    "birthdate": "Birthdate7/2/1999 (25)",
    "birthplace": null,
    "experience": "Experience2nd Season",
    "draftInfo": null
  },
  {
    "team": "DAL",
    "number": "",
    "name": "T.J. Bass66",
    "position": "G",
    "height": "26",
    "weight": "6' 4\"",
    "age": "325 lbs",
    "college": "2",
    "playerId": "4685120",
    "profileUrl": "https://www.espn.com/nfl/player/_/id/4685120/tj-bass",
    "headshot": "https://a.espncdn.com/combiner/i?img=/i/headshots/nfl/players/full/4685120.png",
    "birthdate": "Birthdate3/31/1999 (26)",
    "birthplace": null,
    "experience": "Experience2nd Season",
    "draftInfo": null
  },
  {
    "team": "DAL",
    "number": "",
    "name": "Cooper Beebe56",
    "position": "G",
    "height": "23",
    "weight": "6' 4\"",
    "age": "335 lbs",
    "college": "R",
    "playerId": "4426663",
    "profileUrl": "https://www.espn.com/nfl/player/_/id/4426663/cooper-beebe",
    "headshot": "https://a.espncdn.com/combiner/i?img=/i/headshots/nfl/players/full/4426663.png",
    "birthdate": "Birthdate5/19/2001 (23)",
    "birthplace": null,
    "experience": null,
    "draftInfo": "Draft Info2024: Rd 3, Pk 73 (DAL)"
  },
  {
    "team": "DAL",
    "number": "",
    "name": "Tyler Booker",
    "position": "G",
    "height": "21",
    "weight": "6' 5\"",
    "age": "325 lbs",
    "college": "R",
    "playerId": "4685263",
    "profileUrl": "https://www.espn.com/nfl/player/_/id/4685263/tyler-booker",
    "headshot": "https://a.espncdn.com/combiner/i?img=/i/headshots/nfl/players/full/4685263.png",
    "birthdate": "Birthdate4/12/2004 (21)",
    "birthplace": null,
    "experience": null,
    "draftInfo": "Draft Info2025: Rd 1, Pk 12 (DAL)"
  },
  {
    "team": "DAL",
    "number": "",
    "name": "Saahdiq Charles",
    "position": "G",
    "height": "25",
    "weight": "6' 4\"",
    "age": "321 lbs",
    "college": "5",
    "playerId": "4242230",
    "profileUrl": "https://www.espn.com/nfl/player/_/id/4242230/saahdiq-charles",
    "headshot": "https://a.espncdn.com/combiner/i?img=/i/headshots/nfl/players/full/4242230.png",
    "birthdate": "Birthdate7/26/1999 (25)",
    "birthplace": null,
    "experience": null,
    "draftInfo": "Draft Info2020: Rd 4, Pk 108 (WSH)"
  },
  {
    "team": "DAL",
    "number": "",
    "name": "Robert Jones",
    "position": "G",
    "height": "26",
    "weight": "6' 4\"",
    "age": "325 lbs",
    "college": "4",
    "playerId": "4570495",
    "profileUrl": "https://www.espn.com/nfl/player/_/id/4570495/robert-jones",
    "headshot": "https://a.espncdn.com/combiner/i?img=/i/headshots/nfl/players/full/4570495.png",
    "birthdate": "Birthdate1/28/1999 (26)",
    "birthplace": null,
    "experience": "Experience4th Season",
    "draftInfo": null
  },
  {
    "team": "DAL",
    "number": "",
    "name": "Tyler Smith73",
    "position": "G",
    "height": "24",
    "weight": "6' 6\"",
    "age": "332 lbs",
    "college": "3",
    "playerId": "4568652",
    "profileUrl": "https://www.espn.com/nfl/player/_/id/4568652/tyler-smith",
    "headshot": "https://a.espncdn.com/combiner/i?img=/i/headshots/nfl/players/full/4568652.png",
    "birthdate": "Birthdate4/3/2001 (24)",
    "birthplace": null,
    "experience": null,
    "draftInfo": "Draft Info2022: Rd 1, Pk 24 (DAL)"
  },
  {
    "team": "DAL",
    "number": "",
    "name": "Hakeem Adeniji",
    "position": "OT",
    "height": "27",
    "weight": "6' 4\"",
    "age": "315 lbs",
    "college": "5",
    "playerId": "4046557",
    "profileUrl": "https://www.espn.com/nfl/player/_/id/4046557/hakeem-adeniji",
    "headshot": "https://a.espncdn.com/combiner/i?img=/i/headshots/nfl/players/full/4046557.png",
    "birthdate": "Birthdate12/8/1997 (27)",
    "birthplace": null,
    "experience": null,
    "draftInfo": "Draft Info2020: Rd 6, Pk 180 (CIN)"
  },
  {
    "team": "DAL",
    "number": "",
    "name": "Ajani Cornelius",
    "position": "OT",
    "height": "22",
    "weight": "6' 5\"",
    "age": "315 lbs",
    "college": "R",
    "playerId": "4696203",
    "profileUrl": "https://www.espn.com/nfl/player/_/id/4696203/ajani-cornelius",
    "headshot": "https://a.espncdn.com/combiner/i?img=/i/headshots/nfl/players/full/4696203.png",
    "birthdate": "Birthdate5/21/2002 (22)",
    "birthplace": null,
    "experience": null,
    "draftInfo": "Draft Info2025: Rd 6, Pk 204 (DAL)"
  },
  {
    "team": "DAL",
    "number": "",
    "name": "Tyler Guyton60",
    "position": "OT",
    "height": "23",
    "weight": "6' 7\"",
    "age": "322 lbs",
    "college": "R",
    "playerId": "4609048",
    "profileUrl": "https://www.espn.com/nfl/player/_/id/4609048/tyler-guyton",
    "headshot": "https://a.espncdn.com/combiner/i?img=/i/headshots/nfl/players/full/4609048.png",
    "birthdate": "Birthdate6/11/2001 (23)",
    "birthplace": null,
    "experience": null,
    "draftInfo": "Draft Info2024: Rd 1, Pk 29 (DAL)"
  },
  {
    "team": "DAL",
    "number": "",
    "name": "Asim Richards76",
    "position": "OT",
    "height": "24",
    "weight": "6' 4\"",
    "age": "307 lbs",
    "college": "2",
    "playerId": "4430379",
    "profileUrl": "https://www.espn.com/nfl/player/_/id/4430379/asim-richards",
    "headshot": "https://a.espncdn.com/combiner/i?img=/i/headshots/nfl/players/full/4430379.png",
    "birthdate": "Birthdate10/2/2000 (24)",
    "birthplace": null,
    "experience": null,
    "draftInfo": "Draft Info2023: Rd 5, Pk 169 (DAL)"
  },
  {
    "team": "DAL",
    "number": "",
    "name": "Dakoda Shepley65",
    "position": "OT",
    "height": "30",
    "weight": "6' 5\"",
    "age": "290 lbs",
    "college": "2",
    "playerId": "4335942",
    "profileUrl": "https://www.espn.com/nfl/player/_/id/4335942/dakoda-shepley",
    "headshot": "https://a.espncdn.com/combiner/i?img=/i/headshots/nfl/players/full/4335942.png",
    "birthdate": "Birthdate12/27/1994 (30)",
    "birthplace": null,
    "experience": "Experience2nd Season",
    "draftInfo": null
  },
  {
    "team": "DAL",
    "number": "",
    "name": "Terence Steele78",
    "position": "OT",
    "height": "27",
    "weight": "6' 6\"",
    "age": "310 lbs",
    "college": "5",
    "playerId": "3915834",
    "profileUrl": "https://www.espn.com/nfl/player/_/id/3915834/terence-steele",
    "headshot": "https://a.espncdn.com/combiner/i?img=/i/headshots/nfl/players/full/3915834.png",
    "birthdate": "Birthdate6/4/1997 (27)",
    "birthplace": null,
    "experience": "Experience5th Season",
    "draftInfo": null
  },
  {
    "team": "DAL",
    "number": "",
    "name": "Nathan Thomas62",
    "position": "OT",
    "height": "23",
    "weight": "6' 4\"",
    "age": "331 lbs",
    "college": "R",
    "playerId": "4428656",
    "profileUrl": "https://www.espn.com/nfl/player/_/id/4428656/nathan-thomas",
    "headshot": "https://a.espncdn.com/combiner/i?img=/i/headshots/nfl/players/full/4428656.png",
    "birthdate": "Birthdate8/22/2001 (23)",
    "birthplace": null,
    "experience": null,
    "draftInfo": "Draft Info2024: Rd 7, Pk 233 (DAL)"
  },
  {
    "team": "DAL",
    "number": "",
    "name": "Matt Waletzko79",
    "position": "OT",
    "height": "25",
    "weight": "6' 8\"",
    "age": "305 lbs",
    "college": "3",
    "playerId": "4370876",
    "profileUrl": "https://www.espn.com/nfl/player/_/id/4370876/matt-waletzko",
    "headshot": "https://a.espncdn.com/combiner/i?img=/i/headshots/nfl/players/full/4370876.png",
    "birthdate": "Birthdate12/15/1999 (25)",
    "birthplace": null,
    "experience": null,
    "draftInfo": "Draft Info2022: Rd 5, Pk 155 (DAL)"
  },
  {
    "team": "DAL",
    "number": "",
    "name": "Earnest Brown IV51",
    "position": "DE",
    "height": "26",
    "weight": "6' 5\"",
    "age": "300 lbs",
    "college": "3",
    "playerId": "4242292",
    "profileUrl": "https://www.espn.com/nfl/player/_/id/4242292/earnest-brown-iv",
    "headshot": "https://a.espncdn.com/combiner/i?img=/i/headshots/nfl/players/full/4242292.png",
    "birthdate": "Birthdate1/8/1999 (26)",
    "birthplace": null,
    "experience": null,
    "draftInfo": "Draft Info2021: Rd 5, Pk 174 (LAR)"
  },
  {
    "team": "DAL",
    "number": "",
    "name": "Donovan Ezeiruaku",
    "position": "DE",
    "height": "21",
    "weight": "6' 2\"",
    "age": "247 lbs",
    "college": "R",
    "playerId": "4683848",
    "profileUrl": "https://www.espn.com/nfl/player/_/id/4683848/donovan-ezeiruaku",
    "headshot": "https://a.espncdn.com/combiner/i?img=/i/headshots/nfl/players/full/4683848.png",
    "birthdate": "Birthdate9/25/2003 (21)",
    "birthplace": null,
    "experience": null,
    "draftInfo": "Draft Info2025: Rd 2, Pk 44 (DAL)"
  },
  {
    "team": "DAL",
    "number": "",
    "name": "Marshawn Kneeland94",
    "position": "DE",
    "height": "23",
    "weight": "6' 3\"",
    "age": "268 lbs",
    "college": "R",
    "playerId": "4429996",
    "profileUrl": "https://www.espn.com/nfl/player/_/id/4429996/marshawn-kneeland",
    "headshot": "https://a.espncdn.com/combiner/i?img=/i/headshots/nfl/players/full/4429996.png",
    "birthdate": "Birthdate7/8/2001 (23)",
    "birthplace": null,
    "experience": null,
    "draftInfo": "Draft Info2024: Rd 2, Pk 56 (DAL)"
  },
  {
    "team": "DAL",
    "number": "",
    "name": "Solomon Thomas",
    "position": "DE",
    "height": "29",
    "weight": "6' 3\"",
    "age": "295 lbs",
    "college": "8",
    "playerId": "3117258",
    "profileUrl": "https://www.espn.com/nfl/player/_/id/3117258/solomon-thomas",
    "headshot": "https://a.espncdn.com/combiner/i?img=/i/headshots/nfl/players/full/3117258.png",
    "birthdate": "Birthdate12/20/1995 (29)",
    "birthplace": null,
    "experience": null,
    "draftInfo": "Draft Info2017: Rd 1, Pk 3 (SF)"
  },
  {
    "team": "DAL",
    "number": "",
    "name": "Payton Turner",
    "position": "DE",
    "height": "26",
    "weight": "6' 6\"",
    "age": "270 lbs",
    "college": "4",
    "playerId": "4240269",
    "profileUrl": "https://www.espn.com/nfl/player/_/id/4240269/payton-turner",
    "headshot": "https://a.espncdn.com/combiner/i?img=/i/headshots/nfl/players/full/4240269.png",
    "birthdate": "Birthdate1/7/1999 (26)",
    "birthplace": null,
    "experience": null,
    "draftInfo": "Draft Info2021: Rd 1, Pk 28 (NO)"
  },
  {
    "team": "DAL",
    "number": "",
    "name": "Luiji Vilain53",
    "position": "DE",
    "height": "27",
    "weight": "6' 4\"",
    "age": "252 lbs",
    "college": "3",
    "playerId": "4258210",
    "profileUrl": "https://www.espn.com/nfl/player/_/id/4258210/luiji-vilain",
    "headshot": "https://a.espncdn.com/combiner/i?img=/i/headshots/nfl/players/full/4258210.png",
    "birthdate": "Birthdate3/10/1998 (27)",
    "birthplace": null,
    "experience": "Experience3rd Season",
    "draftInfo": null
  },
  {
    "team": "DAL",
    "number": "",
    "name": "Tyrus Wheat91",
    "position": "DE",
    "height": "25",
    "weight": "6' 2\"",
    "age": "260 lbs",
    "college": "2",
    "playerId": "4689333",
    "profileUrl": "https://www.espn.com/nfl/player/_/id/4689333/tyrus-wheat",
    "headshot": "https://a.espncdn.com/combiner/i?img=/i/headshots/nfl/players/full/4689333.png",
    "birthdate": "Birthdate12/8/1999 (25)",
    "birthplace": null,
    "experience": "Experience2nd Season",
    "draftInfo": null
  },
  {
    "team": "DAL",
    "number": "",
    "name": "Sam Williams54",
    "position": "DE",
    "height": "26",
    "weight": "6' 4\"",
    "age": "261 lbs",
    "college": "3",
    "playerId": "4567242",
    "profileUrl": "https://www.espn.com/nfl/player/_/id/4567242/sam-williams",
    "headshot": "https://a.espncdn.com/combiner/i?img=/i/headshots/nfl/players/full/4567242.png",
    "birthdate": "Birthdate3/31/1999 (26)",
    "birthplace": null,
    "experience": null,
    "draftInfo": "Draft Info2022: Rd 2, Pk 56 (DAL)"
  },
  {
    "team": "DAL",
    "number": "",
    "name": "Tommy Akingbesote",
    "position": "DT",
    "height": "--",
    "weight": "6' 4\"",
    "age": "320 lbs",
    "college": "R",
    "playerId": "4683450",
    "profileUrl": "https://www.espn.com/nfl/player/_/id/4683450/tommy-akingbesote",
    "headshot": "https://a.espncdn.com/combiner/i?img=/i/headshots/nfl/players/full/4683450.png",
    "birthdate": null,
    "birthplace": null,
    "experience": "ExperienceRookie",
    "draftInfo": "Draft Info2025: Rd 7, Pk 247 (DAL)"
  },
  {
    "team": "DAL",
    "number": "",
    "name": "Denzel Daxon95",
    "position": "DT",
    "height": "26",
    "weight": "6' 2\"",
    "age": "304 lbs",
    "college": "R",
    "playerId": "4577735",
    "profileUrl": "https://www.espn.com/nfl/player/_/id/4577735/denzel-daxon",
    "headshot": "https://a.espncdn.com/combiner/i?img=/i/headshots/nfl/players/full/4577735.png",
    "birthdate": "Birthdate3/27/1999 (26)",
    "birthplace": null,
    "experience": "ExperienceRookie",
    "draftInfo": null
  },
  {
    "team": "DAL",
    "number": "",
    "name": "Osa Odighizuwa97",
    "position": "DT",
    "height": "26",
    "weight": "6' 2\"",
    "age": "280 lbs",
    "college": "4",
    "playerId": "4035840",
    "profileUrl": "https://www.espn.com/nfl/player/_/id/4035840/osa-odighizuwa",
    "headshot": "https://a.espncdn.com/combiner/i?img=/i/headshots/nfl/players/full/4035840.png",
    "birthdate": "Birthdate8/13/1998 (26)",
    "birthplace": null,
    "experience": null,
    "draftInfo": "Draft Info2021: Rd 3, Pk 75 (DAL)"
  },
  {
    "team": "DAL",
    "number": "",
    "name": "Justin Rogers96",
    "position": "DT",
    "height": "24",
    "weight": "6' 3\"",
    "age": "346 lbs",
    "college": "R",
    "playerId": "4692185",
    "profileUrl": "https://www.espn.com/nfl/player/_/id/4692185/justin-rogers",
    "headshot": "https://a.espncdn.com/combiner/i?img=/i/headshots/nfl/players/full/4692185.png",
    "birthdate": "Birthdate9/12/2000 (24)",
    "birthplace": null,
    "experience": null,
    "draftInfo": "Draft Info2024: Rd 7, Pk 244 (DAL)"
  },
  {
    "team": "DAL",
    "number": "",
    "name": "Mazi Smith58",
    "position": "DT",
    "height": "23",
    "weight": "6' 3\"",
    "age": "337 lbs",
    "college": "2",
    "playerId": "4426347",
    "profileUrl": "https://www.espn.com/nfl/player/_/id/4426347/mazi-smith",
    "headshot": "https://a.espncdn.com/combiner/i?img=/i/headshots/nfl/players/full/4426347.png",
    "birthdate": "Birthdate6/16/2001 (23)",
    "birthplace": null,
    "experience": null,
    "draftInfo": "Draft Info2023: Rd 1, Pk 26 (DAL)"
  },
  {
    "team": "DAL",
    "number": "",
    "name": "Jay Toia",
    "position": "DT",
    "height": "21",
    "weight": "6' 3\"",
    "age": "325 lbs",
    "college": "R",
    "playerId": "4431603",
    "profileUrl": "https://www.espn.com/nfl/player/_/id/4431603/jay-toia",
    "headshot": "https://a.espncdn.com/combiner/i?img=/i/headshots/nfl/players/full/4431603.png",
    "birthdate": "Birthdate7/16/2003 (21)",
    "birthplace": null,
    "experience": null,
    "draftInfo": "Draft Info2025: Rd 7, Pk 217 (DAL)"
  },
  {
    "team": "DAL",
    "number": "",
    "name": "Justin Barron",
    "position": "LB",
    "height": "--",
    "weight": "6' 4\"",
    "age": "225 lbs",
    "college": "R",
    "playerId": "4429249",
    "profileUrl": "https://www.espn.com/nfl/player/_/id/4429249/justin-barron",
    "headshot": "https://a.espncdn.com/combiner/i?img=/i/headshots/college-football/players/full/4429249.png",
    "birthdate": null,
    "birthplace": "BirthplaceRocky Hill, CT",
    "experience": "ExperienceRookie",
    "draftInfo": null
  },
  {
    "team": "DAL",
    "number": "",
    "name": "Damone Clark18",
    "position": "LB",
    "height": "24",
    "weight": "6' 3\"",
    "age": "240 lbs",
    "college": "3",
    "playerId": "4362636",
    "profileUrl": "https://www.espn.com/nfl/player/_/id/4362636/damone-clark",
    "headshot": "https://a.espncdn.com/combiner/i?img=/i/headshots/nfl/players/full/4362636.png",
    "birthdate": "Birthdate6/28/2000 (24)",
    "birthplace": null,
    "experience": null,
    "draftInfo": "Draft Info2022: Rd 5, Pk 176 (DAL)"
  },
  {
    "team": "DAL",
    "number": "",
    "name": "Dante Fowler Jr.6",
    "position": "LB",
    "height": "30",
    "weight": "6' 3\"",
    "age": "261 lbs",
    "college": "10",
    "playerId": "2980100",
    "profileUrl": "https://www.espn.com/nfl/player/_/id/2980100/dante-fowler-jr",
    "headshot": "https://a.espncdn.com/combiner/i?img=/i/headshots/nfl/players/full/2980100.png",
    "birthdate": "Birthdate8/3/1994 (30)",
    "birthplace": null,
    "experience": null,
    "draftInfo": "Draft Info2015: Rd 1, Pk 3 (JAX)"
  },
  {
    "team": "DAL",
    "number": "",
    "name": "Darius Harris47",
    "position": "LB",
    "height": "29",
    "weight": "6' 2\"",
    "age": "238 lbs",
    "college": "5",
    "playerId": "3122906",
    "profileUrl": "https://www.espn.com/nfl/player/_/id/3122906/darius-harris",
    "headshot": "https://a.espncdn.com/combiner/i?img=/i/headshots/nfl/players/full/3122906.png",
    "birthdate": "Birthdate1/17/1996 (29)",
    "birthplace": null,
    "experience": "Experience5th Season",
    "draftInfo": null
  },
  {
    "team": "DAL",
    "number": "",
    "name": "Shemar James",
    "position": "LB",
    "height": "20",
    "weight": "6' 1\"",
    "age": "229 lbs",
    "college": "R",
    "playerId": "4685400",
    "profileUrl": "https://www.espn.com/nfl/player/_/id/4685400/shemar-james",
    "headshot": "https://a.espncdn.com/combiner/i?img=/i/headshots/nfl/players/full/4685400.png",
    "birthdate": "Birthdate6/24/2004 (20)",
    "birthplace": null,
    "experience": null,
    "draftInfo": "Draft Info2025: Rd 5, Pk 152 (DAL)"
  },
  {
    "team": "DAL",
    "number": "",
    "name": "Buddy Johnson57",
    "position": "LB",
    "height": "26",
    "weight": "6' 2\"",
    "age": "240 lbs",
    "college": "3",
    "playerId": "4240900",
    "profileUrl": "https://www.espn.com/nfl/player/_/id/4240900/buddy-johnson",
    "headshot": "https://a.espncdn.com/combiner/i?img=/i/headshots/nfl/players/full/4240900.png",
    "birthdate": "Birthdate2/27/1999 (26)",
    "birthplace": null,
    "experience": null,
    "draftInfo": "Draft Info2021: Rd 4, Pk 140 (PIT)"
  },
  {
    "team": "DAL",
    "number": "",
    "name": "Marist Liufau35",
    "position": "LB",
    "height": "24",
    "weight": "6' 2\"",
    "age": "239 lbs",
    "college": "R",
    "playerId": "4427816",
    "profileUrl": "https://www.espn.com/nfl/player/_/id/4427816/marist-liufau",
    "headshot": "https://a.espncdn.com/combiner/i?img=/i/headshots/nfl/players/full/4427816.png",
    "birthdate": "Birthdate2/9/2001 (24)",
    "birthplace": null,
    "experience": null,
    "draftInfo": "Draft Info2024: Rd 3, Pk 87 (DAL)"
  },
  {
    "team": "DAL",
    "number": "",
    "name": "Kenneth Murray Jr.",
    "position": "LB",
    "height": "26",
    "weight": "6' 2\"",
    "age": "241 lbs",
    "college": "5",
    "playerId": "4241394",
    "profileUrl": "https://www.espn.com/nfl/player/_/id/4241394/kenneth-murray-jr",
    "headshot": "https://a.espncdn.com/combiner/i?img=/i/headshots/nfl/players/full/4241394.png",
    "birthdate": "Birthdate11/16/1998 (26)",
    "birthplace": null,
    "experience": null,
    "draftInfo": "Draft Info2020: Rd 1, Pk 23 (LAC)"
  },
  {
    "team": "DAL",
    "number": "",
    "name": "DeMarvion Overshown13",
    "position": "LB",
    "height": "24",
    "weight": "6' 2\"",
    "age": "220 lbs",
    "college": "2",
    "playerId": "4362088",
    "profileUrl": "https://www.espn.com/nfl/player/_/id/4362088/demarvion-overshown",
    "headshot": "https://a.espncdn.com/combiner/i?img=/i/headshots/nfl/players/full/4362088.png",
    "birthdate": "Birthdate8/13/2000 (24)",
    "birthplace": null,
    "experience": null,
    "draftInfo": "Draft Info2023: Rd 3, Pk 90 (DAL)"
  },
  {
    "team": "DAL",
    "number": "",
    "name": "Micah Parsons11",
    "position": "LB",
    "height": "25",
    "weight": "6' 3\"",
    "age": "245 lbs",
    "college": "4",
    "playerId": "4361423",
    "profileUrl": "https://www.espn.com/nfl/player/_/id/4361423/micah-parsons",
    "headshot": "https://a.espncdn.com/combiner/i?img=/i/headshots/nfl/players/full/4361423.png",
    "birthdate": "Birthdate5/26/1999 (25)",
    "birthplace": null,
    "experience": null,
    "draftInfo": "Draft Info2021: Rd 1, Pk 12 (DAL)"
  },
  {
    "team": "DAL",
    "number": "",
    "name": "Jack Sanborn57",
    "position": "LB",
    "height": "24",
    "weight": "6' 2\"",
    "age": "234 lbs",
    "college": "3",
    "playerId": "4372576",
    "profileUrl": "https://www.espn.com/nfl/player/_/id/4372576/jack-sanborn",
    "headshot": "https://a.espncdn.com/combiner/i?img=/i/headshots/nfl/players/full/4372576.png",
    "birthdate": "Birthdate7/29/2000 (24)",
    "birthplace": null,
    "experience": "Experience3rd Season",
    "draftInfo": null
  },
  {
    "team": "DAL",
    "number": "",
    "name": "Luq Barcoo",
    "position": "CB",
    "height": "26",
    "weight": "6' 1\"",
    "age": "180 lbs",
    "college": "2",
    "playerId": "4361499",
    "profileUrl": "https://www.espn.com/nfl/player/_/id/4361499/luq-barcoo",
    "headshot": "https://a.espncdn.com/combiner/i?img=/i/headshots/nfl/players/full/4361499.png",
    "birthdate": "Birthdate7/27/1998 (26)",
    "birthplace": null,
    "experience": "Experience2nd Season",
    "draftInfo": null
  },
  {
    "team": "DAL",
    "number": "",
    "name": "DaRon Bland26",
    "position": "CB",
    "height": "25",
    "weight": "6' 0\"",
    "age": "197 lbs",
    "college": "3",
    "playerId": "4248911",
    "profileUrl": "https://www.espn.com/nfl/player/_/id/4248911/daron-bland",
    "headshot": "https://a.espncdn.com/combiner/i?img=/i/headshots/nfl/players/full/4248911.png",
    "birthdate": "Birthdate7/12/1999 (25)",
    "birthplace": null,
    "experience": null,
    "draftInfo": "Draft Info2022: Rd 5, Pk 167 (DAL)"
  },
  {
    "team": "DAL",
    "number": "",
    "name": "Andrew Booth Jr.25",
    "position": "CB",
    "height": "24",
    "weight": "6' 0\"",
    "age": "194 lbs",
    "college": "3",
    "playerId": "4426344",
    "profileUrl": "https://www.espn.com/nfl/player/_/id/4426344/andrew-booth-jr",
    "headshot": "https://a.espncdn.com/combiner/i?img=/i/headshots/nfl/players/full/4426344.png",
    "birthdate": "Birthdate9/28/2000 (24)",
    "birthplace": null,
    "experience": null,
    "draftInfo": "Draft Info2022: Rd 2, Pk 42 (MIN)"
  },
  {
    "team": "DAL",
    "number": "",
    "name": "Josh Butler31",
    "position": "CB",
    "height": "28",
    "weight": "6' 0\"",
    "age": "182 lbs",
    "college": "1",
    "playerId": "3929814",
    "profileUrl": "https://www.espn.com/nfl/player/_/id/3929814/josh-butler",
    "headshot": "https://a.espncdn.com/combiner/i?img=/i/headshots/nfl/players/full/3929814.png",
    "birthdate": "Birthdate11/25/1996 (28)",
    "birthplace": null,
    "experience": "Experience1st Season",
    "draftInfo": null
  },
  {
    "team": "DAL",
    "number": "",
    "name": "Caelen Carson21",
    "position": "CB",
    "height": "23",
    "weight": "6' 0\"",
    "age": "195 lbs",
    "college": "R",
    "playerId": "4431006",
    "profileUrl": "https://www.espn.com/nfl/player/_/id/4431006/caelen-carson",
    "headshot": "https://a.espncdn.com/combiner/i?img=/i/headshots/nfl/players/full/4431006.png",
    "birthdate": "Birthdate3/3/2002 (23)",
    "birthplace": null,
    "experience": null,
    "draftInfo": "Draft Info2024: Rd 5, Pk 174 (DAL)"
  },
  {
    "team": "DAL",
    "number": "",
    "name": "Trevon Diggs7",
    "position": "CB",
    "height": "26",
    "weight": "6' 2\"",
    "age": "195 lbs",
    "college": "5",
    "playerId": "4040966",
    "profileUrl": "https://www.espn.com/nfl/player/_/id/4040966/trevon-diggs",
    "headshot": "https://a.espncdn.com/combiner/i?img=/i/headshots/nfl/players/full/4040966.png",
    "birthdate": "Birthdate9/20/1998 (26)",
    "birthplace": null,
    "experience": null,
    "draftInfo": "Draft Info2020: Rd 2, Pk 51 (DAL)"
  },
  {
    "team": "DAL",
    "number": "",
    "name": "Kaiir Elam",
    "position": "CB",
    "height": "24",
    "weight": "6' 1\"",
    "age": "191 lbs",
    "college": "3",
    "playerId": "4567399",
    "profileUrl": "https://www.espn.com/nfl/player/_/id/4567399/kaiir-elam",
    "headshot": "https://a.espncdn.com/combiner/i?img=/i/headshots/nfl/players/full/4567399.png",
    "birthdate": "Birthdate5/5/2001 (24)",
    "birthplace": null,
    "experience": null,
    "draftInfo": "Draft Info2022: Rd 1, Pk 23 (BUF)"
  },
  {
    "team": "DAL",
    "number": "",
    "name": "C.J. Goodwin29",
    "position": "CB",
    "height": "35",
    "weight": "6' 3\"",
    "age": "190 lbs",
    "college": "9",
    "playerId": "17474",
    "profileUrl": "https://www.espn.com/nfl/player/_/id/17474/cj-goodwin",
    "headshot": "https://a.espncdn.com/combiner/i?img=/i/headshots/nfl/players/full/17474.png",
    "birthdate": "Birthdate2/4/1990 (35)",
    "birthplace": null,
    "experience": "Experience9th Season",
    "draftInfo": null
  },
  {
    "team": "DAL",
    "number": "",
    "name": "Kemon Hall43",
    "position": "CB",
    "height": "27",
    "weight": "5' 11\"",
    "age": "190 lbs",
    "college": "3",
    "playerId": "4243831",
    "profileUrl": "https://www.espn.com/nfl/player/_/id/4243831/kemon-hall",
    "headshot": "https://a.espncdn.com/combiner/i?img=/i/headshots/nfl/players/full/4243831.png",
    "birthdate": "Birthdate6/2/1997 (27)",
    "birthplace": null,
    "experience": "Experience3rd Season",
    "draftInfo": null
  },
  {
    "team": "DAL",
    "number": "",
    "name": "Bruce Harmon",
    "position": "CB",
    "height": "--",
    "weight": "6' 0\"",
    "age": "200 lbs",
    "college": "R",
    "playerId": "4578857",
    "profileUrl": "https://www.espn.com/nfl/player/_/id/4578857/bruce-harmon",
    "headshot": "https://a.espncdn.com/combiner/i?img=/i/headshots/college-football/players/full/4578857.png",
    "birthdate": null,
    "birthplace": "BirthplaceRockwall, TX",
    "experience": "ExperienceRookie",
    "draftInfo": null
  },
  {
    "team": "DAL",
    "number": "",
    "name": "Troy Pride Jr.32",
    "position": "CB",
    "height": "27",
    "weight": "5' 11\"",
    "age": "195 lbs",
    "college": "3",
    "playerId": "4046679",
    "profileUrl": "https://www.espn.com/nfl/player/_/id/4046679/troy-pride-jr",
    "headshot": "https://a.espncdn.com/combiner/i?img=/i/headshots/nfl/players/full/4046679.png",
    "birthdate": "Birthdate1/19/1998 (27)",
    "birthplace": null,
    "experience": null,
    "draftInfo": "Draft Info2020: Rd 4, Pk 113 (CAR)"
  },
  {
    "team": "DAL",
    "number": "",
    "name": "Shavon Revel Jr.",
    "position": "CB",
    "height": "24",
    "weight": "6' 3\"",
    "age": "193 lbs",
    "college": "R",
    "playerId": "5095865",
    "profileUrl": "https://www.espn.com/nfl/player/_/id/5095865/shavon-revel-jr",
    "headshot": "https://a.espncdn.com/combiner/i?img=/i/headshots/nfl/players/full/5095865.png",
    "birthdate": "Birthdate4/8/2001 (24)",
    "birthplace": null,
    "experience": null,
    "draftInfo": "Draft Info2025: Rd 3, Pk 76 (DAL)"
  },
  {
    "team": "DAL",
    "number": "",
    "name": "Zion Childress",
    "position": "DB",
    "height": "--",
    "weight": "6' 0\"",
    "age": "195 lbs",
    "college": "R",
    "playerId": "4685841",
    "profileUrl": "https://www.espn.com/nfl/player/_/id/4685841/zion-childress",
    "headshot": "https://a.espncdn.com/combiner/i?img=/i/headshots/college-football/players/full/4685841.png",
    "birthdate": null,
    "birthplace": "BirthplaceHouston, TX",
    "experience": "ExperienceRookie",
    "draftInfo": null
  },
  {
    "team": "DAL",
    "number": "",
    "name": "Mike Smith Jr.",
    "position": "DB",
    "height": "--",
    "weight": "6' 1\"",
    "age": "206 lbs",
    "college": "R",
    "playerId": "4686238",
    "profileUrl": "https://www.espn.com/nfl/player/_/id/4686238/mike-smith-jr",
    "headshot": "https://a.espncdn.com/combiner/i?img=/i/headshots/college-football/players/full/4686238.png",
    "birthdate": null,
    "birthplace": "BirthplaceJacksonville, FL",
    "experience": "ExperienceRookie",
    "draftInfo": null
  },
  {
    "team": "DAL",
    "number": "",
    "name": "Markquese Bell14",
    "position": "S",
    "height": "26",
    "weight": "6' 3\"",
    "age": "205 lbs",
    "college": "3",
    "playerId": "4241921",
    "profileUrl": "https://www.espn.com/nfl/player/_/id/4241921/markquese-bell",
    "headshot": "https://a.espncdn.com/combiner/i?img=/i/headshots/nfl/players/full/4241921.png",
    "birthdate": "Birthdate1/6/1999 (26)",
    "birthplace": null,
    "experience": "Experience3rd Season",
    "draftInfo": null
  },
  {
    "team": "DAL",
    "number": "",
    "name": "Alijah Clark",
    "position": "S",
    "height": "--",
    "weight": "6' 1\"",
    "age": "187 lbs",
    "college": "R",
    "playerId": "4595352",
    "profileUrl": "https://www.espn.com/nfl/player/_/id/4595352/alijah-clark",
    "headshot": "https://a.espncdn.com/combiner/i?img=/i/headshots/college-football/players/full/4595352.png",
    "birthdate": null,
    "birthplace": "BirthplaceCamden, NJ",
    "experience": "ExperienceRookie",
    "draftInfo": null
  },
  {
    "team": "DAL",
    "number": "",
    "name": "Malik Hooker28",
    "position": "S",
    "height": "29",
    "weight": "6' 2\"",
    "age": "212 lbs",
    "college": "8",
    "playerId": "3121415",
    "profileUrl": "https://www.espn.com/nfl/player/_/id/3121415/malik-hooker",
    "headshot": "https://a.espncdn.com/combiner/i?img=/i/headshots/nfl/players/full/3121415.png",
    "birthdate": "Birthdate4/2/1996 (29)",
    "birthplace": null,
    "experience": null,
    "draftInfo": "Draft Info2017: Rd 1, Pk 15 (IND)"
  },
  {
    "team": "DAL",
    "number": "",
    "name": "Israel Mukuamu24",
    "position": "S",
    "height": "25",
    "weight": "6' 4\"",
    "age": "205 lbs",
    "college": "4",
    "playerId": "4362855",
    "profileUrl": "https://www.espn.com/nfl/player/_/id/4362855/israel-mukuamu",
    "headshot": "https://a.espncdn.com/combiner/i?img=/i/headshots/nfl/players/full/4362855.png",
    "birthdate": "Birthdate11/28/1999 (25)",
    "birthplace": null,
    "experience": null,
    "draftInfo": "Draft Info2021: Rd 6, Pk 227 (DAL)"
  },
  {
    "team": "DAL",
    "number": "",
    "name": "Juanyeh Thomas30",
    "position": "S",
    "height": "24",
    "weight": "6' 3\"",
    "age": "217 lbs",
    "college": "2",
    "playerId": "4360590",
    "profileUrl": "https://www.espn.com/nfl/player/_/id/4360590/juanyeh-thomas",
    "headshot": "https://a.espncdn.com/combiner/i?img=/i/headshots/nfl/players/full/4360590.png",
    "birthdate": "Birthdate6/24/2000 (24)",
    "birthplace": null,
    "experience": "Experience2nd Season",
    "draftInfo": null
  },
  {
    "team": "DAL",
    "number": "",
    "name": "Donovan Wilson6",
    "position": "S",
    "height": "30",
    "weight": "6' 0\"",
    "age": "204 lbs",
    "college": "6",
    "playerId": "3122135",
    "profileUrl": "https://www.espn.com/nfl/player/_/id/3122135/donovan-wilson",
    "headshot": "https://a.espncdn.com/combiner/i?img=/i/headshots/nfl/players/full/3122135.png",
    "birthdate": "Birthdate2/21/1995 (30)",
    "birthplace": null,
    "experience": null,
    "draftInfo": "Draft Info2019: Rd 6, Pk 213 (DAL)"
  },
  {
    "team": "DAL",
    "number": "",
    "name": "Brandon Aubrey17",
    "position": "PK",
    "height": "30",
    "weight": "6' 3\"",
    "age": "218 lbs",
    "college": "2",
    "playerId": "3953687",
    "profileUrl": "https://www.espn.com/nfl/player/_/id/3953687/brandon-aubrey",
    "headshot": "https://a.espncdn.com/combiner/i?img=/i/headshots/nfl/players/full/3953687.png",
    "birthdate": "Birthdate3/14/1995 (30)",
    "birthplace": null,
    "experience": "Experience2nd Season",
    "draftInfo": null
  },
  {
    "team": "DAL",
    "number": "",
    "name": "Bryan Anger5",
    "position": "P",
    "height": "36",
    "weight": "6' 3\"",
    "age": "202 lbs",
    "college": "13",
    "playerId": "14950",
    "profileUrl": "https://www.espn.com/nfl/player/_/id/14950/bryan-anger",
    "headshot": "https://a.espncdn.com/combiner/i?img=/i/headshots/nfl/players/full/14950.png",
    "birthdate": "Birthdate10/6/1988 (36)",
    "birthplace": null,
    "experience": null,
    "draftInfo": "Draft Info2012: Rd 3, Pk 70 (JAX)"
  },
  {
    "team": "DAL",
    "number": "",
    "name": "Trent Sieg44",
    "position": "LS",
    "height": "29",
    "weight": "6' 3\"",
    "age": "240 lbs",
    "college": "7",
    "playerId": "3052357",
    "profileUrl": "https://www.espn.com/nfl/player/_/id/3052357/trent-sieg",
    "headshot": "https://a.espncdn.com/combiner/i?img=/i/headshots/nfl/players/full/3052357.png",
    "birthdate": "Birthdate5/19/1995 (29)",
    "birthplace": null,
    "experience": "Experience7th Season",
    "draftInfo": null
  }
]