[
  {
    "team": "DEN",
    "number": "",
    "name": "Sam Ehlinger",
    "position": "QB",
    "height": "26",
    "weight": "6' 2\"",
    "age": "225 lbs",
    "college": "4",
    "playerId": "4241820",
    "profileUrl": "https://www.espn.com/nfl/player/_/id/4241820/sam-ehlinger",
    "headshot": "https://a.espncdn.com/combiner/i?img=/i/headshots/nfl/players/full/4241820.png",
    "birthdate": "Birthdate9/30/1998 (26)",
    "birthplace": null,
    "experience": null,
    "draftInfo": "Draft Info2021: Rd 6, Pk 218 (IND)"
  },
  {
    "team": "DEN",
    "number": "",
    "name": "Bo Nix10",
    "position": "QB",
    "height": "25",
    "weight": "6' 2\"",
    "age": "217 lbs",
    "college": "R",
    "playerId": "4426338",
    "profileUrl": "https://www.espn.com/nfl/player/_/id/4426338/bo-nix",
    "headshot": "https://a.espncdn.com/combiner/i?img=/i/headshots/nfl/players/full/4426338.png",
    "birthdate": "Birthdate2/25/2000 (25)",
    "birthplace": null,
    "experience": null,
    "draftInfo": "Draft Info2024: Rd 1, Pk 12 (DEN)"
  },
  {
    "team": "DEN",
    "number": "",
    "name": "Jarrett Stidham8",
    "position": "QB",
    "height": "28",
    "weight": "6' 3\"",
    "age": "215 lbs",
    "college": "5",
    "playerId": "3892775",
    "profileUrl": "https://www.espn.com/nfl/player/_/id/3892775/jarrett-stidham",
    "headshot": "https://a.espncdn.com/combiner/i?img=/i/headshots/nfl/players/full/3892775.png",
    "birthdate": "Birthdate8/8/1996 (28)",
    "birthplace": null,
    "experience": null,
    "draftInfo": "Draft Info2019: Rd 4, Pk 133 (NE)"
  },
  {
    "team": "DEN",
    "number": "",
    "name": "Tyler Badie28",
    "position": "RB",
    "height": "25",
    "weight": "5' 8\"",
    "age": "197 lbs",
    "college": "1",
    "playerId": "4362748",
    "profileUrl": "https://www.espn.com/nfl/player/_/id/4362748/tyler-badie",
    "headshot": "https://a.espncdn.com/combiner/i?img=/i/headshots/nfl/players/full/4362748.png",
    "birthdate": "Birthdate2/7/2000 (25)",
    "birthplace": null,
    "experience": null,
    "draftInfo": "Draft Info2022: Rd 6, Pk 196 (BAL)"
  },
  {
    "team": "DEN",
    "number": "",
    "name": "Audric Estime23",
    "position": "RB",
    "height": "21",
    "weight": "5' 11\"",
    "age": "227 lbs",
    "college": "R",
    "playerId": "4569682",
    "profileUrl": "https://www.espn.com/nfl/player/_/id/4569682/audric-estime",
    "headshot": "https://a.espncdn.com/combiner/i?img=/i/headshots/nfl/players/full/4569682.png",
    "birthdate": "Birthdate9/6/2003 (21)",
    "birthplace": null,
    "experience": null,
    "draftInfo": "Draft Info2024: Rd 5, Pk 147 (DEN)"
  },
  {
    "team": "DEN",
    "number": "",
    "name": "RJ Harvey",
    "position": "RB",
    "height": "24",
    "weight": "5' 9\"",
    "age": "208 lbs",
    "college": "R",
    "playerId": "4568490",
    "profileUrl": "https://www.espn.com/nfl/player/_/id/4568490/rj-harvey",
    "headshot": "https://a.espncdn.com/combiner/i?img=/i/headshots/nfl/players/full/4568490.png",
    "birthdate": "Birthdate2/4/2001 (24)",
    "birthplace": null,
    "experience": null,
    "draftInfo": "Draft Info2025: Rd 2, Pk 60 (DEN)"
  },
  {
    "team": "DEN",
    "number": "",
    "name": "Jaleel McLaughlin38",
    "position": "RB",
    "height": "24",
    "weight": "5' 7\"",
    "age": "187 lbs",
    "college": "2",
    "playerId": "4722893",
    "profileUrl": "https://www.espn.com/nfl/player/_/id/4722893/jaleel-mclaughlin",
    "headshot": "https://a.espncdn.com/combiner/i?img=/i/headshots/nfl/players/full/4722893.png",
    "birthdate": "Birthdate9/13/2000 (24)",
    "birthplace": null,
    "experience": "Experience2nd Season",
    "draftInfo": null
  },
  {
    "team": "DEN",
    "number": "",
    "name": "Blake Watson25",
    "position": "RB",
    "height": "25",
    "weight": "5' 9\"",
    "age": "195 lbs",
    "college": "R",
    "playerId": "4361604",
    "profileUrl": "https://www.espn.com/nfl/player/_/id/4361604/blake-watson",
    "headshot": "https://a.espncdn.com/combiner/i?img=/i/headshots/nfl/players/full/4361604.png",
    "birthdate": "Birthdate10/14/1999 (25)",
    "birthplace": null,
    "experience": "ExperienceRookie",
    "draftInfo": null
  },
  {
    "team": "DEN",
    "number": "",
    "name": "Michael Burton20",
    "position": "FB",
    "height": "33",
    "weight": "6' 0\"",
    "age": "247 lbs",
    "college": "10",
    "playerId": "2515270",
    "profileUrl": "https://www.espn.com/nfl/player/_/id/2515270/michael-burton",
    "headshot": "https://a.espncdn.com/combiner/i?img=/i/headshots/nfl/players/full/2515270.png",
    "birthdate": "Birthdate2/1/1992 (33)",
    "birthplace": null,
    "experience": null,
    "draftInfo": "Draft Info2015: Rd 5, Pk 168 (DET)"
  },
  {
    "team": "DEN",
    "number": "",
    "name": "Michael Bandy83",
    "position": "WR",
    "height": "27",
    "weight": "5' 10\"",
    "age": "190 lbs",
    "college": "3",
    "playerId": "4034704",
    "profileUrl": "https://www.espn.com/nfl/player/_/id/4034704/michael-bandy",
    "headshot": "https://a.espncdn.com/combiner/i?img=/i/headshots/nfl/players/full/4034704.png",
    "birthdate": "Birthdate12/5/1997 (27)",
    "birthplace": null,
    "experience": "Experience3rd Season",
    "draftInfo": null
  },
  {
    "team": "DEN",
    "number": "",
    "name": "Pat Bryant",
    "position": "WR",
    "height": "22",
    "weight": "6' 3\"",
    "age": "200 lbs",
    "college": "R",
    "playerId": "4600981",
    "profileUrl": "https://www.espn.com/nfl/player/_/id/4600981/pat-bryant",
    "headshot": "https://a.espncdn.com/combiner/i?img=/i/headshots/nfl/players/full/4600981.png",
    "birthdate": "Birthdate12/10/2002 (22)",
    "birthplace": null,
    "experience": null,
    "draftInfo": "Draft Info2025: Rd 3, Pk 74 (DEN)"
  },
  {
    "team": "DEN",
    "number": "",
    "name": "Joaquin Davis",
    "position": "WR",
    "height": "--",
    "weight": "6' 4\"",
    "age": "195 lbs",
    "college": "R",
    "playerId": "4696907",
    "profileUrl": "https://www.espn.com/nfl/player/_/id/4696907/joaquin-davis",
    "headshot": "https://a.espncdn.com/combiner/i?img=/i/headshots/college-football/players/full/4696907.png",
    "birthdate": null,
    "birthplace": "BirthplaceDurham, NC",
    "experience": "ExperienceRookie",
    "draftInfo": null
  },
  {
    "team": "DEN",
    "number": "",
    "name": "Troy Franklin16",
    "position": "WR",
    "height": "22",
    "weight": "6' 3\"",
    "age": "180 lbs",
    "college": "R",
    "playerId": "4431280",
    "profileUrl": "https://www.espn.com/nfl/player/_/id/4431280/troy-franklin",
    "headshot": "https://a.espncdn.com/combiner/i?img=/i/headshots/nfl/players/full/4431280.png",
    "birthdate": "Birthdate2/6/2003 (22)",
    "birthplace": null,
    "experience": null,
    "draftInfo": "Draft Info2024: Rd 4, Pk 102 (DEN)"
  },
  {
    "team": "DEN",
    "number": "",
    "name": "Courtney Jackson",
    "position": "WR",
    "height": "--",
    "weight": "5' 11\"",
    "age": "189 lbs",
    "college": "R",
    "playerId": "4565172",
    "profileUrl": "https://www.espn.com/nfl/player/_/id/4565172/courtney-jackson",
    "headshot": "https://a.espncdn.com/combiner/i?img=/i/headshots/college-football/players/full/4565172.png",
    "birthdate": null,
    "birthplace": "BirthplaceMonroeville, PA",
    "experience": "ExperienceRookie",
    "draftInfo": null
  },
  {
    "team": "DEN",
    "number": "",
    "name": "Marvin Mims Jr.19",
    "position": "WR",
    "height": "23",
    "weight": "5' 11\"",
    "age": "182 lbs",
    "college": "2",
    "playerId": "4686472",
    "profileUrl": "https://www.espn.com/nfl/player/_/id/4686472/marvin-mims-jr",
    "headshot": "https://a.espncdn.com/combiner/i?img=/i/headshots/nfl/players/full/4686472.png",
    "birthdate": "Birthdate3/19/2002 (23)",
    "birthplace": null,
    "experience": null,
    "draftInfo": "Draft Info2023: Rd 2, Pk 63 (DEN)"
  },
  {
    "team": "DEN",
    "number": "",
    "name": "Jerjuan Newton",
    "position": "WR",
    "height": "--",
    "weight": "5' 11\"",
    "age": "192 lbs",
    "college": "R",
    "playerId": "4430254",
    "profileUrl": "https://www.espn.com/nfl/player/_/id/4430254/jerjuan-newton",
    "headshot": "https://a.espncdn.com/combiner/i?img=/i/headshots/college-football/players/full/4430254.png",
    "birthdate": null,
    "birthplace": "BirthplaceSt. Petersburg, FL",
    "experience": "ExperienceRookie",
    "draftInfo": null
  },
  {
    "team": "DEN",
    "number": "",
    "name": "A.T. Perry87",
    "position": "WR",
    "height": "25",
    "weight": "6' 5\"",
    "age": "205 lbs",
    "college": "2",
    "playerId": "4362019",
    "profileUrl": "https://www.espn.com/nfl/player/_/id/4362019/at-perry",
    "headshot": "https://a.espncdn.com/combiner/i?img=/i/headshots/nfl/players/full/4362019.png",
    "birthdate": "Birthdate10/26/1999 (25)",
    "birthplace": null,
    "experience": null,
    "draftInfo": "Draft Info2023: Rd 6, Pk 195 (NO)"
  },
  {
    "team": "DEN",
    "number": "",
    "name": "Trent Sherfield Sr.11",
    "position": "WR",
    "height": "29",
    "weight": "6' 1\"",
    "age": "206 lbs",
    "college": "7",
    "playerId": "3122168",
    "profileUrl": "https://www.espn.com/nfl/player/_/id/3122168/trent-sherfield-sr",
    "headshot": "https://a.espncdn.com/combiner/i?img=/i/headshots/nfl/players/full/3122168.png",
    "birthdate": "Birthdate2/25/1996 (29)",
    "birthplace": null,
    "experience": "Experience7th Season",
    "draftInfo": null
  },
  {
    "team": "DEN",
    "number": "",
    "name": "Courtland Sutton14",
    "position": "WR",
    "height": "29",
    "weight": "6' 4\"",
    "age": "216 lbs",
    "college": "7",
    "playerId": "3128429",
    "profileUrl": "https://www.espn.com/nfl/player/_/id/3128429/courtland-sutton",
    "headshot": "https://a.espncdn.com/combiner/i?img=/i/headshots/nfl/players/full/3128429.png",
    "birthdate": "Birthdate10/10/1995 (29)",
    "birthplace": null,
    "experience": null,
    "draftInfo": "Draft Info2018: Rd 2, Pk 40 (DEN)"
  },
  {
    "team": "DEN",
    "number": "",
    "name": "Devaughn Vele17",
    "position": "WR",
    "height": "27",
    "weight": "6' 5\"",
    "age": "210 lbs",
    "college": "R",
    "playerId": "4569559",
    "profileUrl": "https://www.espn.com/nfl/player/_/id/4569559/devaughn-vele",
    "headshot": "https://a.espncdn.com/combiner/i?img=/i/headshots/nfl/players/full/4569559.png",
    "birthdate": "Birthdate12/12/1997 (27)",
    "birthplace": null,
    "experience": null,
    "draftInfo": "Draft Info2024: Rd 7, Pk 235 (DEN)"
  },
  {
    "team": "DEN",
    "number": "",
    "name": "Kyrese White",
    "position": "WR",
    "height": "--",
    "weight": "5' 10\"",
    "age": "185 lbs",
    "college": "R",
    "playerId": "4574860",
    "profileUrl": "https://www.espn.com/nfl/player/_/id/4574860/kyrese-white",
    "headshot": "https://a.espncdn.com/combiner/i?img=/i/headshots/college-football/players/full/4574860.png",
    "birthdate": null,
    "birthplace": "BirthplaceOgden, UT",
    "experience": "ExperienceRookie",
    "draftInfo": null
  },
  {
    "team": "DEN",
    "number": "",
    "name": "Nate Adkins45",
    "position": "TE",
    "height": "25",
    "weight": "6' 3\"",
    "age": "252 lbs",
    "college": "2",
    "playerId": "4383440",
    "profileUrl": "https://www.espn.com/nfl/player/_/id/4383440/nate-adkins",
    "headshot": "https://a.espncdn.com/combiner/i?img=/i/headshots/nfl/players/full/4383440.png",
    "birthdate": "Birthdate7/9/1999 (25)",
    "birthplace": null,
    "experience": "Experience2nd Season",
    "draftInfo": null
  },
  {
    "team": "DEN",
    "number": "",
    "name": "Evan Engram",
    "position": "TE",
    "height": "30",
    "weight": "6' 3\"",
    "age": "240 lbs",
    "college": "8",
    "playerId": "3051876",
    "profileUrl": "https://www.espn.com/nfl/player/_/id/3051876/evan-engram",
    "headshot": "https://a.espncdn.com/combiner/i?img=/i/headshots/nfl/players/full/3051876.png",
    "birthdate": "Birthdate9/2/1994 (30)",
    "birthplace": null,
    "experience": null,
    "draftInfo": "Draft Info2017: Rd 1, Pk 23 (NYG)"
  },
  {
    "team": "DEN",
    "number": "",
    "name": "Cole Fotheringham",
    "position": "TE",
    "height": "27",
    "weight": "6' 4\"",
    "age": "243 lbs",
    "college": "4",
    "playerId": "4361008",
    "profileUrl": "https://www.espn.com/nfl/player/_/id/4361008/cole-fotheringham",
    "headshot": "https://a.espncdn.com/combiner/i?img=/i/headshots/nfl/players/full/4361008.png",
    "birthdate": "Birthdate10/11/1997 (27)",
    "birthplace": null,
    "experience": "Experience4th Season",
    "draftInfo": null
  },
  {
    "team": "DEN",
    "number": "",
    "name": "Lucas Krull85",
    "position": "TE",
    "height": "26",
    "weight": "6' 6\"",
    "age": "260 lbs",
    "college": "2",
    "playerId": "4360231",
    "profileUrl": "https://www.espn.com/nfl/player/_/id/4360231/lucas-krull",
    "headshot": "https://a.espncdn.com/combiner/i?img=/i/headshots/nfl/players/full/4360231.png",
    "birthdate": "Birthdate7/11/1998 (26)",
    "birthplace": null,
    "experience": "Experience2nd Season",
    "draftInfo": null
  },
  {
    "team": "DEN",
    "number": "",
    "name": "Caleb Lohner",
    "position": "TE",
    "height": "24",
    "weight": "6' 7\"",
    "age": "250 lbs",
    "college": "R",
    "playerId": "4432208",
    "profileUrl": "https://www.espn.com/nfl/player/_/id/4432208/caleb-lohner",
    "headshot": "https://a.espncdn.com/combiner/i?img=/i/headshots/nfl/players/full/4432208.png",
    "birthdate": "Birthdate1/1/2001 (24)",
    "birthplace": null,
    "experience": null,
    "draftInfo": "Draft Info2025: Rd 7, Pk 241 (DEN)"
  },
  {
    "team": "DEN",
    "number": "",
    "name": "Adam Trautman82",
    "position": "TE",
    "height": "28",
    "weight": "6' 5\"",
    "age": "253 lbs",
    "college": "5",
    "playerId": "3911853",
    "profileUrl": "https://www.espn.com/nfl/player/_/id/3911853/adam-trautman",
    "headshot": "https://a.espncdn.com/combiner/i?img=/i/headshots/nfl/players/full/3911853.png",
    "birthdate": "Birthdate2/5/1997 (28)",
    "birthplace": null,
    "experience": null,
    "draftInfo": "Draft Info2020: Rd 3, Pk 105 (NO)"
  },
  {
    "team": "DEN",
    "number": "",
    "name": "Alex Forsyth54",
    "position": "C",
    "height": "26",
    "weight": "6' 4\"",
    "age": "312 lbs",
    "college": "2",
    "playerId": "4242503",
    "profileUrl": "https://www.espn.com/nfl/player/_/id/4242503/alex-forsyth",
    "headshot": "https://a.espncdn.com/combiner/i?img=/i/headshots/nfl/players/full/4242503.png",
    "birthdate": "Birthdate2/13/1999 (26)",
    "birthplace": null,
    "experience": null,
    "draftInfo": "Draft Info2023: Rd 7, Pk 257 (DEN)"
  },
  {
    "team": "DEN",
    "number": "",
    "name": "Joe Michalski",
    "position": "C",
    "height": "--",
    "weight": "6' 5\"",
    "age": "305 lbs",
    "college": "R",
    "playerId": "4427998",
    "profileUrl": "https://www.espn.com/nfl/player/_/id/4427998/joe-michalski",
    "headshot": "https://a.espncdn.com/combiner/i?img=/i/headshots/college-football/players/full/4427998.png",
    "birthdate": null,
    "birthplace": "BirthplaceKansas City, KS",
    "experience": "ExperienceRookie",
    "draftInfo": null
  },
  {
    "team": "DEN",
    "number": "",
    "name": "Luke Wattenberg60",
    "position": "C",
    "height": "27",
    "weight": "6' 5\"",
    "age": "300 lbs",
    "college": "3",
    "playerId": "4039018",
    "profileUrl": "https://www.espn.com/nfl/player/_/id/4039018/luke-wattenberg",
    "headshot": "https://a.espncdn.com/combiner/i?img=/i/headshots/nfl/players/full/4039018.png",
    "birthdate": "Birthdate9/10/1997 (27)",
    "birthplace": null,
    "experience": null,
    "draftInfo": "Draft Info2022: Rd 5, Pk 171 (DEN)"
  },
  {
    "team": "DEN",
    "number": "",
    "name": "Clay Webb",
    "position": "C",
    "height": "25",
    "weight": "6' 3\"",
    "age": "310 lbs",
    "college": "R",
    "playerId": "4426336",
    "profileUrl": "https://www.espn.com/nfl/player/_/id/4426336/clay-webb",
    "headshot": "https://a.espncdn.com/combiner/i?img=/i/headshots/college-football/players/full/4426336.png",
    "birthdate": "Birthdate3/28/2000 (25)",
    "birthplace": null,
    "experience": "ExperienceRookie",
    "draftInfo": null
  },
  {
    "team": "DEN",
    "number": "",
    "name": "Nick Gargiulo66",
    "position": "G",
    "height": "24",
    "weight": "6' 5\"",
    "age": "310 lbs",
    "college": "R",
    "playerId": "4368033",
    "profileUrl": "https://www.espn.com/nfl/player/_/id/4368033/nick-gargiulo",
    "headshot": "https://a.espncdn.com/combiner/i?img=/i/headshots/nfl/players/full/4368033.png",
    "birthdate": "Birthdate7/19/2000 (24)",
    "birthplace": null,
    "experience": null,
    "draftInfo": "Draft Info2024: Rd 7, Pk 256 (DEN)"
  },
  {
    "team": "DEN",
    "number": "",
    "name": "Quinn Meinerz77",
    "position": "G",
    "height": "26",
    "weight": "6' 3\"",
    "age": "320 lbs",
    "college": "4",
    "playerId": "4608138",
    "profileUrl": "https://www.espn.com/nfl/player/_/id/4608138/quinn-meinerz",
    "headshot": "https://a.espncdn.com/combiner/i?img=/i/headshots/nfl/players/full/4608138.png",
    "birthdate": "Birthdate11/15/1998 (26)",
    "birthplace": null,
    "experience": null,
    "draftInfo": "Draft Info2021: Rd 3, Pk 98 (DEN)"
  },
  {
    "team": "DEN",
    "number": "",
    "name": "Ben Powers74",
    "position": "G",
    "height": "28",
    "weight": "6' 4\"",
    "age": "310 lbs",
    "college": "6",
    "playerId": "4037650",
    "profileUrl": "https://www.espn.com/nfl/player/_/id/4037650/ben-powers",
    "headshot": "https://a.espncdn.com/combiner/i?img=/i/headshots/nfl/players/full/4037650.png",
    "birthdate": "Birthdate10/29/1996 (28)",
    "birthplace": null,
    "experience": null,
    "draftInfo": "Draft Info2019: Rd 4, Pk 123 (BAL)"
  },
  {
    "team": "DEN",
    "number": "",
    "name": "Calvin Throckmorton76",
    "position": "G",
    "height": "28",
    "weight": "6' 5\"",
    "age": "311 lbs",
    "college": "4",
    "playerId": "3915147",
    "profileUrl": "https://www.espn.com/nfl/player/_/id/3915147/calvin-throckmorton",
    "headshot": "https://a.espncdn.com/combiner/i?img=/i/headshots/nfl/players/full/3915147.png",
    "birthdate": "Birthdate8/16/1996 (28)",
    "birthplace": null,
    "experience": "Experience4th Season",
    "draftInfo": null
  },
  {
    "team": "DEN",
    "number": "",
    "name": "Xavier Truss",
    "position": "G",
    "height": "--",
    "weight": "6' 7\"",
    "age": "320 lbs",
    "college": "R",
    "playerId": "4427080",
    "profileUrl": "https://www.espn.com/nfl/player/_/id/4427080/xavier-truss",
    "headshot": "https://a.espncdn.com/combiner/i?img=/i/headshots/college-football/players/full/4427080.png",
    "birthdate": null,
    "birthplace": "BirthplaceWest Warwick, RI",
    "experience": "ExperienceRookie",
    "draftInfo": null
  },
  {
    "team": "DEN",
    "number": "",
    "name": "Garett Bolles72",
    "position": "OT",
    "height": "32",
    "weight": "6' 5\"",
    "age": "300 lbs",
    "college": "8",
    "playerId": "4035662",
    "profileUrl": "https://www.espn.com/nfl/player/_/id/4035662/garett-bolles",
    "headshot": "https://a.espncdn.com/combiner/i?img=/i/headshots/nfl/players/full/4035662.png",
    "birthdate": "Birthdate5/27/1992 (32)",
    "birthplace": null,
    "experience": null,
    "draftInfo": "Draft Info2017: Rd 1, Pk 20 (DEN)"
  },
  {
    "team": "DEN",
    "number": "",
    "name": "Marques Cox",
    "position": "OT",
    "height": "--",
    "weight": "6' 5\"",
    "age": "318 lbs",
    "college": "R",
    "playerId": "4374089",
    "profileUrl": "https://www.espn.com/nfl/player/_/id/4374089/marques-cox",
    "headshot": "https://a.espncdn.com/combiner/i?img=/i/headshots/college-football/players/full/4374089.png",
    "birthdate": null,
    "birthplace": "BirthplacePeoria, IL",
    "experience": "ExperienceRookie",
    "draftInfo": null
  },
  {
    "team": "DEN",
    "number": "",
    "name": "Frank Crum73",
    "position": "OT",
    "height": "25",
    "weight": "6' 7\"",
    "age": "315 lbs",
    "college": "R",
    "playerId": "4361691",
    "profileUrl": "https://www.espn.com/nfl/player/_/id/4361691/frank-crum",
    "headshot": "https://a.espncdn.com/combiner/i?img=/i/headshots/nfl/players/full/4361691.png",
    "birthdate": "Birthdate5/14/2000 (25)",
    "birthplace": null,
    "experience": "ExperienceRookie",
    "draftInfo": null
  },
  {
    "team": "DEN",
    "number": "",
    "name": "Mike McGlinchey69",
    "position": "OT",
    "height": "30",
    "weight": "6' 8\"",
    "age": "315 lbs",
    "college": "7",
    "playerId": "3052885",
    "profileUrl": "https://www.espn.com/nfl/player/_/id/3052885/mike-mcglinchey",
    "headshot": "https://a.espncdn.com/combiner/i?img=/i/headshots/nfl/players/full/3052885.png",
    "birthdate": "Birthdate1/12/1995 (30)",
    "birthplace": null,
    "experience": null,
    "draftInfo": "Draft Info2018: Rd 1, Pk 9 (SF)"
  },
  {
    "team": "DEN",
    "number": "",
    "name": "Alex Palczewski63",
    "position": "OT",
    "height": "25",
    "weight": "6' 6\"",
    "age": "314 lbs",
    "college": "2",
    "playerId": "4240551",
    "profileUrl": "https://www.espn.com/nfl/player/_/id/4240551/alex-palczewski",
    "headshot": "https://a.espncdn.com/combiner/i?img=/i/headshots/nfl/players/full/4240551.png",
    "birthdate": "Birthdate8/3/1999 (25)",
    "birthplace": null,
    "experience": "Experience2nd Season",
    "draftInfo": null
  },
  {
    "team": "DEN",
    "number": "",
    "name": "Matt Peart79",
    "position": "OT",
    "height": "27",
    "weight": "6' 7\"",
    "age": "318 lbs",
    "college": "5",
    "playerId": "3921936",
    "profileUrl": "https://www.espn.com/nfl/player/_/id/3921936/matt-peart",
    "headshot": "https://a.espncdn.com/combiner/i?img=/i/headshots/nfl/players/full/3921936.png",
    "birthdate": "Birthdate6/11/1997 (27)",
    "birthplace": null,
    "experience": null,
    "draftInfo": "Draft Info2020: Rd 3, Pk 99 (NYG)"
  },
  {
    "team": "DEN",
    "number": "",
    "name": "Will Sherman",
    "position": "OT",
    "height": "25",
    "weight": "6' 4\"",
    "age": "300 lbs",
    "college": "1",
    "playerId": "4243186",
    "profileUrl": "https://www.espn.com/nfl/player/_/id/4243186/will-sherman",
    "headshot": "https://a.espncdn.com/combiner/i?img=/i/headshots/nfl/players/full/4243186.png",
    "birthdate": "Birthdate5/27/1999 (25)",
    "birthplace": null,
    "experience": null,
    "draftInfo": "Draft Info2021: Rd 6, Pk 197 (NE)"
  },
  {
    "team": "DEN",
    "number": "",
    "name": "Zach Allen99",
    "position": "DE",
    "height": "27",
    "weight": "6' 5\"",
    "age": "285 lbs",
    "college": "6",
    "playerId": "3915282",
    "profileUrl": "https://www.espn.com/nfl/player/_/id/3915282/zach-allen",
    "headshot": "https://a.espncdn.com/combiner/i?img=/i/headshots/nfl/players/full/3915282.png",
    "birthdate": "Birthdate8/20/1997 (27)",
    "birthplace": null,
    "experience": null,
    "draftInfo": "Draft Info2019: Rd 3, Pk 65 (ARI)"
  },
  {
    "team": "DEN",
    "number": "",
    "name": "John Franklin-Myers98",
    "position": "DE",
    "height": "28",
    "weight": "6' 4\"",
    "age": "288 lbs",
    "college": "7",
    "playerId": "3120464",
    "profileUrl": "https://www.espn.com/nfl/player/_/id/3120464/john-franklin-myers",
    "headshot": "https://a.espncdn.com/combiner/i?img=/i/headshots/nfl/players/full/3120464.png",
    "birthdate": "Birthdate9/26/1996 (28)",
    "birthplace": null,
    "experience": null,
    "draftInfo": "Draft Info2018: Rd 4, Pk 135 (LAR)"
  },
  {
    "team": "DEN",
    "number": "",
    "name": "Matt Henningsen91",
    "position": "DE",
    "height": "25",
    "weight": "6' 3\"",
    "age": "291 lbs",
    "college": "3",
    "playerId": "4242358",
    "profileUrl": "https://www.espn.com/nfl/player/_/id/4242358/matt-henningsen",
    "headshot": "https://a.espncdn.com/combiner/i?img=/i/headshots/nfl/players/full/4242358.png",
    "birthdate": "Birthdate7/9/1999 (25)",
    "birthplace": null,
    "experience": null,
    "draftInfo": "Draft Info2022: Rd 6, Pk 206 (DEN)"
  },
  {
    "team": "DEN",
    "number": "",
    "name": "Sai'vion Jones",
    "position": "DE",
    "height": "21",
    "weight": "6' 6\"",
    "age": "280 lbs",
    "college": "R",
    "playerId": "4603189",
    "profileUrl": "https://www.espn.com/nfl/player/_/id/4603189/saivion-jones",
    "headshot": "https://a.espncdn.com/combiner/i?img=/i/headshots/nfl/players/full/4603189.png",
    "birthdate": "Birthdate7/3/2003 (21)",
    "birthplace": null,
    "experience": null,
    "draftInfo": "Draft Info2025: Rd 3, Pk 101 (DEN)"
  },
  {
    "team": "DEN",
    "number": "",
    "name": "Eyioma Uwazurike96",
    "position": "DE",
    "height": "27",
    "weight": "6' 6\"",
    "age": "320 lbs",
    "college": "2",
    "playerId": "4066109",
    "profileUrl": "https://www.espn.com/nfl/player/_/id/4066109/eyioma-uwazurike",
    "headshot": "https://a.espncdn.com/combiner/i?img=/i/headshots/nfl/players/full/4066109.png",
    "birthdate": "Birthdate5/6/1998 (27)",
    "birthplace": null,
    "experience": null,
    "draftInfo": "Draft Info2022: Rd 4, Pk 116 (DEN)"
  },
  {
    "team": "DEN",
    "number": "",
    "name": "Johnny Walker Jr.",
    "position": "DE",
    "height": "--",
    "weight": "6' 3\"",
    "age": "255 lbs",
    "college": "R",
    "playerId": "4430973",
    "profileUrl": "https://www.espn.com/nfl/player/_/id/4430973/johnny-walker-jr",
    "headshot": "https://a.espncdn.com/combiner/i?img=/i/headshots/college-football/players/full/4430973.png",
    "birthdate": null,
    "birthplace": "BirthplaceTampa, FL",
    "experience": "ExperienceRookie",
    "draftInfo": null
  },
  {
    "team": "DEN",
    "number": "",
    "name": "Kristian Williams",
    "position": "DE",
    "height": "--",
    "weight": "6' 2\"",
    "age": "314 lbs",
    "college": "R",
    "playerId": "4428886",
    "profileUrl": "https://www.espn.com/nfl/player/_/id/4428886/kristian-williams",
    "headshot": "https://a.espncdn.com/combiner/i?img=/i/headshots/college-football/players/full/4428886.png",
    "birthdate": null,
    "birthplace": "BirthplaceMemphis, TN",
    "experience": "ExperienceRookie",
    "draftInfo": null
  },
  {
    "team": "DEN",
    "number": "",
    "name": "Jordan Jackson94",
    "position": "DT",
    "height": "27",
    "weight": "6' 4\"",
    "age": "294 lbs",
    "college": "1",
    "playerId": "4261090",
    "profileUrl": "https://www.espn.com/nfl/player/_/id/4261090/jordan-jackson",
    "headshot": "https://a.espncdn.com/combiner/i?img=/i/headshots/nfl/players/full/4261090.png",
    "birthdate": "Birthdate1/30/1998 (27)",
    "birthplace": null,
    "experience": null,
    "draftInfo": "Draft Info2022: Rd 6, Pk 194 (NO)"
  },
  {
    "team": "DEN",
    "number": "",
    "name": "D.J. Jones93",
    "position": "DT",
    "height": "30",
    "weight": "6' 0\"",
    "age": "305 lbs",
    "college": "8",
    "playerId": "3894915",
    "profileUrl": "https://www.espn.com/nfl/player/_/id/3894915/dj-jones",
    "headshot": "https://a.espncdn.com/combiner/i?img=/i/headshots/nfl/players/full/3894915.png",
    "birthdate": "Birthdate1/19/1995 (30)",
    "birthplace": null,
    "experience": null,
    "draftInfo": "Draft Info2017: Rd 6, Pk 198 (SF)"
  },
  {
    "team": "DEN",
    "number": "",
    "name": "Jordan Miller90",
    "position": "DT",
    "height": "25",
    "weight": "6' 3\"",
    "age": "307 lbs",
    "college": "R",
    "playerId": "4362524",
    "profileUrl": "https://www.espn.com/nfl/player/_/id/4362524/jordan-miller",
    "headshot": "https://a.espncdn.com/combiner/i?img=/i/headshots/nfl/players/full/4362524.png",
    "birthdate": "Birthdate1/20/2000 (25)",
    "birthplace": null,
    "experience": "ExperienceRookie",
    "draftInfo": null
  },
  {
    "team": "DEN",
    "number": "",
    "name": "Malcolm Roach97",
    "position": "DT",
    "height": "26",
    "weight": "6' 3\"",
    "age": "290 lbs",
    "college": "5",
    "playerId": "4039064",
    "profileUrl": "https://www.espn.com/nfl/player/_/id/4039064/malcolm-roach",
    "headshot": "https://a.espncdn.com/combiner/i?img=/i/headshots/nfl/players/full/4039064.png",
    "birthdate": "Birthdate6/9/1998 (26)",
    "birthplace": null,
    "experience": "Experience5th Season",
    "draftInfo": null
  },
  {
    "team": "DEN",
    "number": "",
    "name": "Levelle Bailey56",
    "position": "LB",
    "height": "24",
    "weight": "6' 2\"",
    "age": "225 lbs",
    "college": "R",
    "playerId": "4428241",
    "profileUrl": "https://www.espn.com/nfl/player/_/id/4428241/levelle-bailey",
    "headshot": "https://a.espncdn.com/combiner/i?img=/i/headshots/nfl/players/full/4428241.png",
    "birthdate": "Birthdate12/4/2000 (24)",
    "birthplace": null,
    "experience": "ExperienceRookie",
    "draftInfo": null
  },
  {
    "team": "DEN",
    "number": "",
    "name": "Nik Bonitto15",
    "position": "LB",
    "height": "25",
    "weight": "6' 3\"",
    "age": "240 lbs",
    "college": "3",
    "playerId": "4360259",
    "profileUrl": "https://www.espn.com/nfl/player/_/id/4360259/nik-bonitto",
    "headshot": "https://a.espncdn.com/combiner/i?img=/i/headshots/nfl/players/full/4360259.png",
    "birthdate": "Birthdate9/26/1999 (25)",
    "birthplace": null,
    "experience": null,
    "draftInfo": "Draft Info2022: Rd 2, Pk 64 (DEN)"
  },
  {
    "team": "DEN",
    "number": "",
    "name": "JB Brown",
    "position": "LB",
    "height": "--",
    "weight": "6' 2\"",
    "age": "230 lbs",
    "college": "R",
    "playerId": "4695679",
    "profileUrl": "https://www.espn.com/nfl/player/_/id/4695679/jb-brown",
    "headshot": "https://a.espncdn.com/combiner/i?img=/i/headshots/college-football/players/full/4695679.png",
    "birthdate": null,
    "birthplace": "BirthplaceHughes, AR",
    "experience": "ExperienceRookie",
    "draftInfo": null
  },
  {
    "team": "DEN",
    "number": "",
    "name": "Jonathon Cooper0",
    "position": "LB",
    "height": "27",
    "weight": "6' 4\"",
    "age": "257 lbs",
    "college": "4",
    "playerId": "4040608",
    "profileUrl": "https://www.espn.com/nfl/player/_/id/4040608/jonathon-cooper",
    "headshot": "https://a.espncdn.com/combiner/i?img=/i/headshots/nfl/players/full/4040608.png",
    "birthdate": "Birthdate1/8/1998 (27)",
    "birthplace": null,
    "experience": null,
    "draftInfo": "Draft Info2021: Rd 7, Pk 239 (DEN)"
  },
  {
    "team": "DEN",
    "number": "",
    "name": "Jonah Elliss52",
    "position": "LB",
    "height": "22",
    "weight": "6' 2\"",
    "age": "246 lbs",
    "college": "R",
    "playerId": "4687592",
    "profileUrl": "https://www.espn.com/nfl/player/_/id/4687592/jonah-elliss",
    "headshot": "https://a.espncdn.com/combiner/i?img=/i/headshots/nfl/players/full/4687592.png",
    "birthdate": "Birthdate4/3/2003 (22)",
    "birthplace": null,
    "experience": null,
    "draftInfo": "Draft Info2024: Rd 3, Pk 76 (DEN)"
  },
  {
    "team": "DEN",
    "number": "",
    "name": "Andrew Farmer53",
    "position": "LB",
    "height": "25",
    "weight": "6' 4\"",
    "age": "250 lbs",
    "college": "2",
    "playerId": "4394894",
    "profileUrl": "https://www.espn.com/nfl/player/_/id/4394894/andrew-farmer",
    "headshot": "https://a.espncdn.com/combiner/i?img=/i/headshots/nfl/players/full/4394894.png",
    "birthdate": "Birthdate4/19/2000 (25)",
    "birthplace": null,
    "experience": "Experience2nd Season",
    "draftInfo": null
  },
  {
    "team": "DEN",
    "number": "",
    "name": "Dre Greenlaw",
    "position": "LB",
    "height": "27",
    "weight": "6' 0\"",
    "age": "230 lbs",
    "college": "6",
    "playerId": "3916903",
    "profileUrl": "https://www.espn.com/nfl/player/_/id/3916903/dre-greenlaw",
    "headshot": "https://a.espncdn.com/combiner/i?img=/i/headshots/nfl/players/full/3916903.png",
    "birthdate": "Birthdate5/25/1997 (27)",
    "birthplace": null,
    "experience": null,
    "draftInfo": "Draft Info2019: Rd 5, Pk 148 (SF)"
  },
  {
    "team": "DEN",
    "number": "",
    "name": "Karene Reid",
    "position": "LB",
    "height": "--",
    "weight": "6' 0\"",
    "age": "226 lbs",
    "college": "R",
    "playerId": "4875336",
    "profileUrl": "https://www.espn.com/nfl/player/_/id/4875336/karene-reid",
    "headshot": "https://a.espncdn.com/combiner/i?img=/i/headshots/college-football/players/full/4875336.png",
    "birthdate": null,
    "birthplace": "BirthplaceAmerican Fork, UT",
    "experience": "ExperienceRookie",
    "draftInfo": null
  },
  {
    "team": "DEN",
    "number": "",
    "name": "Que Robinson",
    "position": "LB",
    "height": "24",
    "weight": "6' 5\"",
    "age": "241 lbs",
    "college": "R",
    "playerId": "4692048",
    "profileUrl": "https://www.espn.com/nfl/player/_/id/4692048/que-robinson",
    "headshot": "https://a.espncdn.com/combiner/i?img=/i/headshots/nfl/players/full/4692048.png",
    "birthdate": "Birthdate5/12/2001 (24)",
    "birthplace": null,
    "experience": null,
    "draftInfo": "Draft Info2025: Rd 4, Pk 134 (DEN)"
  },
  {
    "team": "DEN",
    "number": "",
    "name": "Drew Sanders41",
    "position": "LB",
    "height": "23",
    "weight": "6' 5\"",
    "age": "233 lbs",
    "college": "2",
    "playerId": "4685721",
    "profileUrl": "https://www.espn.com/nfl/player/_/id/4685721/drew-sanders",
    "headshot": "https://a.espncdn.com/combiner/i?img=/i/headshots/nfl/players/full/4685721.png",
    "birthdate": "Birthdate12/31/2001 (23)",
    "birthplace": null,
    "experience": null,
    "draftInfo": "Draft Info2023: Rd 3, Pk 67 (DEN)"
  },
  {
    "team": "DEN",
    "number": "",
    "name": "Alex Singleton49",
    "position": "LB",
    "height": "31",
    "weight": "6' 2\"",
    "age": "240 lbs",
    "college": "6",
    "playerId": "2612151",
    "profileUrl": "https://www.espn.com/nfl/player/_/id/2612151/alex-singleton",
    "headshot": "https://a.espncdn.com/combiner/i?img=/i/headshots/nfl/players/full/2612151.png",
    "birthdate": "Birthdate12/7/1993 (31)",
    "birthplace": null,
    "experience": "Experience6th Season",
    "draftInfo": null
  },
  {
    "team": "DEN",
    "number": "",
    "name": "Justin Strnad40",
    "position": "LB",
    "height": "28",
    "weight": "6' 3\"",
    "age": "235 lbs",
    "college": "5",
    "playerId": "3919548",
    "profileUrl": "https://www.espn.com/nfl/player/_/id/3919548/justin-strnad",
    "headshot": "https://a.espncdn.com/combiner/i?img=/i/headshots/nfl/players/full/3919548.png",
    "birthdate": "Birthdate8/21/1996 (28)",
    "birthplace": null,
    "experience": null,
    "draftInfo": "Draft Info2020: Rd 5, Pk 178 (DEN)"
  },
  {
    "team": "DEN",
    "number": "",
    "name": "Dondrea Tillman92",
    "position": "LB",
    "height": "27",
    "weight": "6' 3\"",
    "age": "270 lbs",
    "college": "1",
    "playerId": "5216101",
    "profileUrl": "https://www.espn.com/nfl/player/_/id/5216101/dondrea-tillman",
    "headshot": "https://a.espncdn.com/combiner/i?img=/i/headshots/nfl/players/full/5216101.png",
    "birthdate": "Birthdate4/30/1998 (27)",
    "birthplace": null,
    "experience": "Experience1st Season",
    "draftInfo": null
  },
  {
    "team": "DEN",
    "number": "",
    "name": "Jordan Turner",
    "position": "LB",
    "height": "--",
    "weight": "6' 1\"",
    "age": "231 lbs",
    "college": "R",
    "playerId": "4693373",
    "profileUrl": "https://www.espn.com/nfl/player/_/id/4693373/jordan-turner",
    "headshot": "https://a.espncdn.com/combiner/i?img=/i/headshots/college-football/players/full/4693373.png",
    "birthdate": null,
    "birthplace": "BirthplaceFarmington Hills, MI",
    "experience": "ExperienceRookie",
    "draftInfo": null
  },
  {
    "team": "DEN",
    "number": "",
    "name": "Kris Abrams-Draine31",
    "position": "CB",
    "height": "23",
    "weight": "5' 11\"",
    "age": "178 lbs",
    "college": "R",
    "playerId": "4429193",
    "profileUrl": "https://www.espn.com/nfl/player/_/id/4429193/kris-abrams-draine",
    "headshot": "https://a.espncdn.com/combiner/i?img=/i/headshots/nfl/players/full/4429193.png",
    "birthdate": "Birthdate10/4/2001 (23)",
    "birthplace": null,
    "experience": null,
    "draftInfo": "Draft Info2024: Rd 5, Pk 145 (DEN)"
  },
  {
    "team": "DEN",
    "number": "",
    "name": "Jahdae Barron",
    "position": "CB",
    "height": "23",
    "weight": "5' 11\"",
    "age": "200 lbs",
    "college": "R",
    "playerId": "4430925",
    "profileUrl": "https://www.espn.com/nfl/player/_/id/4430925/jahdae-barron",
    "headshot": "https://a.espncdn.com/combiner/i?img=/i/headshots/nfl/players/full/4430925.png",
    "birthdate": "Birthdate12/4/2001 (23)",
    "birthplace": null,
    "experience": null,
    "draftInfo": "Draft Info2025: Rd 1, Pk 20 (DEN)"
  },
  {
    "team": "DEN",
    "number": "",
    "name": "Damarri Mathis27",
    "position": "CB",
    "height": "26",
    "weight": "5' 11\"",
    "age": "195 lbs",
    "college": "3",
    "playerId": "4240707",
    "profileUrl": "https://www.espn.com/nfl/player/_/id/4240707/damarri-mathis",
    "headshot": "https://a.espncdn.com/combiner/i?img=/i/headshots/nfl/players/full/4240707.png",
    "birthdate": "Birthdate4/12/1999 (26)",
    "birthplace": null,
    "experience": null,
    "draftInfo": "Draft Info2022: Rd 4, Pk 115 (DEN)"
  },
  {
    "team": "DEN",
    "number": "",
    "name": "Ja'Quan McMillian29",
    "position": "CB",
    "height": "24",
    "weight": "5' 10\"",
    "age": "183 lbs",
    "college": "2",
    "playerId": "4567462",
    "profileUrl": "https://www.espn.com/nfl/player/_/id/4567462/jaquan-mcmillian",
    "headshot": "https://a.espncdn.com/combiner/i?img=/i/headshots/nfl/players/full/4567462.png",
    "birthdate": "Birthdate6/4/2000 (24)",
    "birthplace": null,
    "experience": "Experience2nd Season",
    "draftInfo": null
  },
  {
    "team": "DEN",
    "number": "",
    "name": "Riley Moss21",
    "position": "CB",
    "height": "25",
    "weight": "6' 0\"",
    "age": "193 lbs",
    "college": "2",
    "playerId": "4382401",
    "profileUrl": "https://www.espn.com/nfl/player/_/id/4382401/riley-moss",
    "headshot": "https://a.espncdn.com/combiner/i?img=/i/headshots/nfl/players/full/4382401.png",
    "birthdate": "Birthdate3/3/2000 (25)",
    "birthplace": null,
    "experience": null,
    "draftInfo": "Draft Info2023: Rd 3, Pk 83 (DEN)"
  },
  {
    "team": "DEN",
    "number": "",
    "name": "Quinton Newsome36",
    "position": "CB",
    "height": "23",
    "weight": "6' 1\"",
    "age": "185 lbs",
    "college": "R",
    "playerId": "4428113",
    "profileUrl": "https://www.espn.com/nfl/player/_/id/4428113/quinton-newsome",
    "headshot": "https://a.espncdn.com/combiner/i?img=/i/headshots/nfl/players/full/4428113.png",
    "birthdate": "Birthdate7/11/2001 (23)",
    "birthplace": null,
    "experience": "ExperienceRookie",
    "draftInfo": null
  },
  {
    "team": "DEN",
    "number": "",
    "name": "Joshua Pickett",
    "position": "CB",
    "height": "--",
    "weight": "6' 0\"",
    "age": "188 lbs",
    "college": "R",
    "playerId": "4643729",
    "profileUrl": "https://www.espn.com/nfl/player/_/id/4643729/joshua-pickett",
    "headshot": "https://a.espncdn.com/combiner/i?img=/i/headshots/college-football/players/full/4643729.png",
    "birthdate": null,
    "birthplace": "BirthplaceDemorest, GA",
    "experience": "ExperienceRookie",
    "draftInfo": null
  },
  {
    "team": "DEN",
    "number": "",
    "name": "Jaden Robinson",
    "position": "CB",
    "height": "--",
    "weight": "6' 0\"",
    "age": "193 lbs",
    "college": "R",
    "playerId": "4374032",
    "profileUrl": "https://www.espn.com/nfl/player/_/id/4374032/jaden-robinson",
    "headshot": "https://a.espncdn.com/combiner/i?img=/i/headshots/college-football/players/full/4374032.png",
    "birthdate": null,
    "birthplace": "BirthplaceAuburn, WA",
    "experience": "ExperienceRookie",
    "draftInfo": null
  },
  {
    "team": "DEN",
    "number": "",
    "name": "Pat Surtain II2",
    "position": "CB",
    "height": "25",
    "weight": "6' 2\"",
    "age": "202 lbs",
    "college": "4",
    "playerId": "4372012",
    "profileUrl": "https://www.espn.com/nfl/player/_/id/4372012/pat-surtain-ii",
    "headshot": "https://a.espncdn.com/combiner/i?img=/i/headshots/nfl/players/full/4372012.png",
    "birthdate": "Birthdate4/14/2000 (25)",
    "birthplace": null,
    "experience": null,
    "draftInfo": "Draft Info2021: Rd 1, Pk 9 (DEN)"
  },
  {
    "team": "DEN",
    "number": "",
    "name": "Reese Taylor35",
    "position": "CB",
    "height": "25",
    "weight": "5' 9\"",
    "age": "188 lbs",
    "college": "1",
    "playerId": "4371946",
    "profileUrl": "https://www.espn.com/nfl/player/_/id/4371946/reese-taylor",
    "headshot": "https://a.espncdn.com/combiner/i?img=/i/headshots/nfl/players/full/4371946.png",
    "birthdate": "Birthdate8/27/1999 (25)",
    "birthplace": null,
    "experience": "Experience1st Season",
    "draftInfo": null
  },
  {
    "team": "DEN",
    "number": "",
    "name": "Sam Franklin Jr.",
    "position": "S",
    "height": "29",
    "weight": "6' 3\"",
    "age": "210 lbs",
    "college": "6",
    "playerId": "4044133",
    "profileUrl": "https://www.espn.com/nfl/player/_/id/4044133/sam-franklin-jr",
    "headshot": "https://a.espncdn.com/combiner/i?img=/i/headshots/nfl/players/full/4044133.png",
    "birthdate": "Birthdate2/2/1996 (29)",
    "birthplace": null,
    "experience": "Experience6th Season",
    "draftInfo": null
  },
  {
    "team": "DEN",
    "number": "",
    "name": "Talanoa Hufanga29",
    "position": "S",
    "height": "25",
    "weight": "6' 0\"",
    "age": "200 lbs",
    "college": "4",
    "playerId": "4360853",
    "profileUrl": "https://www.espn.com/nfl/player/_/id/4360853/talanoa-hufanga",
    "headshot": "https://a.espncdn.com/combiner/i?img=/i/headshots/nfl/players/full/4360853.png",
    "birthdate": "Birthdate2/1/2000 (25)",
    "birthplace": null,
    "experience": null,
    "draftInfo": "Draft Info2021: Rd 5, Pk 180 (SF)"
  },
  {
    "team": "DEN",
    "number": "",
    "name": "Brandon Jones22",
    "position": "S",
    "height": "27",
    "weight": "6' 0\"",
    "age": "191 lbs",
    "college": "5",
    "playerId": "4039059",
    "profileUrl": "https://www.espn.com/nfl/player/_/id/4039059/brandon-jones",
    "headshot": "https://a.espncdn.com/combiner/i?img=/i/headshots/nfl/players/full/4039059.png",
    "birthdate": "Birthdate4/2/1998 (27)",
    "birthplace": null,
    "experience": null,
    "draftInfo": "Draft Info2020: Rd 3, Pk 70 (MIA)"
  },
  {
    "team": "DEN",
    "number": "",
    "name": "Devon Key26",
    "position": "S",
    "height": "27",
    "weight": "6' 0\"",
    "age": "208 lbs",
    "college": "1",
    "playerId": "4037559",
    "profileUrl": "https://www.espn.com/nfl/player/_/id/4037559/devon-key",
    "headshot": "https://a.espncdn.com/combiner/i?img=/i/headshots/nfl/players/full/4037559.png",
    "birthdate": "Birthdate10/28/1997 (27)",
    "birthplace": null,
    "experience": "Experience1st Season",
    "draftInfo": null
  },
  {
    "team": "DEN",
    "number": "",
    "name": "P.J. Locke6",
    "position": "S",
    "height": "28",
    "weight": "5' 10\"",
    "age": "202 lbs",
    "college": "5",
    "playerId": "3929850",
    "profileUrl": "https://www.espn.com/nfl/player/_/id/3929850/pj-locke",
    "headshot": "https://a.espncdn.com/combiner/i?img=/i/headshots/nfl/players/full/3929850.png",
    "birthdate": "Birthdate2/12/1997 (28)",
    "birthplace": null,
    "experience": "Experience5th Season",
    "draftInfo": null
  },
  {
    "team": "DEN",
    "number": "",
    "name": "Tanner McCalister30",
    "position": "S",
    "height": "25",
    "weight": "5' 11\"",
    "age": "191 lbs",
    "college": "1",
    "playerId": "4361824",
    "profileUrl": "https://www.espn.com/nfl/player/_/id/4361824/tanner-mccalister",
    "headshot": "https://a.espncdn.com/combiner/i?img=/i/headshots/nfl/players/full/4361824.png",
    "birthdate": "Birthdate1/27/2000 (25)",
    "birthplace": null,
    "experience": "Experience1st Season",
    "draftInfo": null
  },
  {
    "team": "DEN",
    "number": "",
    "name": "JL Skinner34",
    "position": "S",
    "height": "24",
    "weight": "6' 4\"",
    "age": "220 lbs",
    "college": "2",
    "playerId": "4428503",
    "profileUrl": "https://www.espn.com/nfl/player/_/id/4428503/jl-skinner",
    "headshot": "https://a.espncdn.com/combiner/i?img=/i/headshots/nfl/players/full/4428503.png",
    "birthdate": "Birthdate4/16/2001 (24)",
    "birthplace": null,
    "experience": null,
    "draftInfo": "Draft Info2023: Rd 6, Pk 183 (DEN)"
  },
  {
    "team": "DEN",
    "number": "",
    "name": "Keidron Smith43",
    "position": "S",
    "height": "25",
    "weight": "6' 2\"",
    "age": "210 lbs",
    "college": "1",
    "playerId": "4372418",
    "profileUrl": "https://www.espn.com/nfl/player/_/id/4372418/keidron-smith",
    "headshot": "https://a.espncdn.com/combiner/i?img=/i/headshots/nfl/players/full/4372418.png",
    "birthdate": "Birthdate11/6/1999 (25)",
    "birthplace": null,
    "experience": "Experience1st Season",
    "draftInfo": null
  },
  {
    "team": "DEN",
    "number": "",
    "name": "Delarrin Turner-Yell32",
    "position": "S",
    "height": "25",
    "weight": "5' 11\"",
    "age": "200 lbs",
    "college": "3",
    "playerId": "4360287",
    "profileUrl": "https://www.espn.com/nfl/player/_/id/4360287/delarrin-turner-yell",
    "headshot": "https://a.espncdn.com/combiner/i?img=/i/headshots/nfl/players/full/4360287.png",
    "birthdate": "Birthdate12/16/1999 (25)",
    "birthplace": null,
    "experience": null,
    "draftInfo": "Draft Info2022: Rd 5, Pk 152 (DEN)"
  },
  {
    "team": "DEN",
    "number": "",
    "name": "Wil Lutz3",
    "position": "PK",
    "height": "30",
    "weight": "5' 11\"",
    "age": "184 lbs",
    "college": "9",
    "playerId": "2985659",
    "profileUrl": "https://www.espn.com/nfl/player/_/id/2985659/wil-lutz",
    "headshot": "https://a.espncdn.com/combiner/i?img=/i/headshots/nfl/players/full/2985659.png",
    "birthdate": "Birthdate7/7/1994 (30)",
    "birthplace": null,
    "experience": "Experience9th Season",
    "draftInfo": null
  },
  {
    "team": "DEN",
    "number": "",
    "name": "Jeremy Crawshaw",
    "position": "P",
    "height": "23",
    "weight": "6' 4\"",
    "age": "205 lbs",
    "college": "R",
    "playerId": "4589212",
    "profileUrl": "https://www.espn.com/nfl/player/_/id/4589212/jeremy-crawshaw",
    "headshot": "https://a.espncdn.com/combiner/i?img=/i/headshots/nfl/players/full/4589212.png",
    "birthdate": "Birthdate5/22/2001 (23)",
    "birthplace": null,
    "experience": null,
    "draftInfo": "Draft Info2025: Rd 6, Pk 216 (DEN)"
  },
  {
    "team": "DEN",
    "number": "",
    "name": "Mitchell Fraboni48",
    "position": "LS",
    "height": "28",
    "weight": "6' 2\"",
    "age": "223 lbs",
    "college": "3",
    "playerId": "3139166",
    "profileUrl": "https://www.espn.com/nfl/player/_/id/3139166/mitchell-fraboni",
    "headshot": "https://a.espncdn.com/combiner/i?img=/i/headshots/nfl/players/full/3139166.png",
    "birthdate": "Birthdate10/28/1996 (28)",
    "birthplace": null,
    "experience": "Experience3rd Season",
    "draftInfo": null
  },
  {
    "team": "DEN",
    "number": "",
    "name": "Zach Triner",
    "position": "LS",
    "height": "34",
    "weight": "6' 3\"",
    "age": "245 lbs",
    "college": "6",
    "playerId": "3065813",
    "profileUrl": "https://www.espn.com/nfl/player/_/id/3065813/zach-triner",
    "headshot": "https://a.espncdn.com/combiner/i?img=/i/headshots/nfl/players/full/3065813.png",
    "birthdate": "Birthdate1/30/1991 (34)",
    "birthplace": null,
    "experience": "Experience6th Season",
    "draftInfo": null
  }
]