[
  {
    "team": "DET",
    "number": "",
    "name": "Kyle Allen",
    "position": "QB",
    "height": "29",
    "weight": "6' 3\"",
    "age": "210 lbs",
    "college": "7",
    "playerId": "3115293",
    "profileUrl": "https://www.espn.com/nfl/player/_/id/3115293/kyle-allen",
    "headshot": "https://a.espncdn.com/combiner/i?img=/i/headshots/nfl/players/full/3115293.png",
    "birthdate": "Birthdate3/8/1996 (29)",
    "birthplace": null,
    "experience": "Experience7th Season",
    "draftInfo": null
  },
  {
    "team": "DET",
    "number": "",
    "name": "Jared Goff16",
    "position": "QB",
    "height": "30",
    "weight": "6' 4\"",
    "age": "217 lbs",
    "college": "9",
    "playerId": "3046779",
    "profileUrl": "https://www.espn.com/nfl/player/_/id/3046779/jared-goff",
    "headshot": "https://a.espncdn.com/combiner/i?img=/i/headshots/nfl/players/full/3046779.png",
    "birthdate": "Birthdate10/14/1994 (30)",
    "birthplace": null,
    "experience": null,
    "draftInfo": "Draft Info2016: Rd 1, Pk 1 (LAR)"
  },
  {
    "team": "DET",
    "number": "",
    "name": "Hendon Hooker2",
    "position": "QB",
    "height": "27",
    "weight": "6' 3\"",
    "age": "220 lbs",
    "college": "2",
    "playerId": "4240858",
    "profileUrl": "https://www.espn.com/nfl/player/_/id/4240858/hendon-hooker",
    "headshot": "https://a.espncdn.com/combiner/i?img=/i/headshots/nfl/players/full/4240858.png",
    "birthdate": "Birthdate1/13/1998 (27)",
    "birthplace": null,
    "experience": null,
    "draftInfo": "Draft Info2023: Rd 3, Pk 68 (DET)"
  },
  {
    "team": "DET",
    "number": "",
    "name": "Jahmyr Gibbs0",
    "position": "RB",
    "height": "23",
    "weight": "5' 9\"",
    "age": "200 lbs",
    "college": "2",
    "playerId": "4429795",
    "profileUrl": "https://www.espn.com/nfl/player/_/id/4429795/jahmyr-gibbs",
    "headshot": "https://a.espncdn.com/combiner/i?img=/i/headshots/nfl/players/full/4429795.png",
    "birthdate": "Birthdate3/20/2002 (23)",
    "birthplace": null,
    "experience": null,
    "draftInfo": "Draft Info2023: Rd 1, Pk 12 (DET)"
  },
  {
    "team": "DET",
    "number": "",
    "name": "Justin Jackson38",
    "position": "RB",
    "height": "29",
    "weight": "6' 0\"",
    "age": "199 lbs",
    "college": "6",
    "playerId": "3116136",
    "profileUrl": "https://www.espn.com/nfl/player/_/id/3116136/justin-jackson",
    "headshot": "https://a.espncdn.com/combiner/i?img=/i/headshots/nfl/players/full/3116136.png",
    "birthdate": "Birthdate4/22/1996 (29)",
    "birthplace": null,
    "experience": null,
    "draftInfo": "Draft Info2018: Rd 7, Pk 251 (LAC)"
  },
  {
    "team": "DET",
    "number": "",
    "name": "David Montgomery5",
    "position": "RB",
    "height": "27",
    "weight": "5' 11\"",
    "age": "224 lbs",
    "college": "6",
    "playerId": "4035538",
    "profileUrl": "https://www.espn.com/nfl/player/_/id/4035538/david-montgomery",
    "headshot": "https://a.espncdn.com/combiner/i?img=/i/headshots/nfl/players/full/4035538.png",
    "birthdate": "Birthdate6/7/1997 (27)",
    "birthplace": null,
    "experience": null,
    "draftInfo": "Draft Info2019: Rd 3, Pk 73 (CHI)"
  },
  {
    "team": "DET",
    "number": "",
    "name": "Craig Reynolds13",
    "position": "RB",
    "height": "28",
    "weight": "5' 11\"",
    "age": "216 lbs",
    "college": "3",
    "playerId": "4421446",
    "profileUrl": "https://www.espn.com/nfl/player/_/id/4421446/craig-reynolds",
    "headshot": "https://a.espncdn.com/combiner/i?img=/i/headshots/nfl/players/full/4421446.png",
    "birthdate": "Birthdate6/15/1996 (28)",
    "birthplace": null,
    "experience": "Experience3rd Season",
    "draftInfo": null
  },
  {
    "team": "DET",
    "number": "",
    "name": "Kye Robichaux",
    "position": "RB",
    "height": "--",
    "weight": "6' 0\"",
    "age": "217 lbs",
    "college": "R",
    "playerId": "4880638",
    "profileUrl": "https://www.espn.com/nfl/player/_/id/4880638/kye-robichaux",
    "headshot": "https://a.espncdn.com/combiner/i?img=/i/headshots/college-football/players/full/4880638.png",
    "birthdate": null,
    "birthplace": "BirthplaceColumbus, GA",
    "experience": "ExperienceRookie",
    "draftInfo": null
  },
  {
    "team": "DET",
    "number": "",
    "name": "Anthony Tyus III",
    "position": "RB",
    "height": "--",
    "weight": "6' 1\"",
    "age": "226 lbs",
    "college": "R",
    "playerId": "4709392",
    "profileUrl": "https://www.espn.com/nfl/player/_/id/4709392/anthony-tyus-iii",
    "headshot": "https://a.espncdn.com/combiner/i?img=/i/headshots/college-football/players/full/4709392.png",
    "birthdate": null,
    "birthplace": "BirthplacePortage, MI",
    "experience": "ExperienceRookie",
    "draftInfo": null
  },
  {
    "team": "DET",
    "number": "",
    "name": "Sione Vaki33",
    "position": "RB",
    "height": "23",
    "weight": "5' 11\"",
    "age": "213 lbs",
    "college": "R",
    "playerId": "4912274",
    "profileUrl": "https://www.espn.com/nfl/player/_/id/4912274/sione-vaki",
    "headshot": "https://a.espncdn.com/combiner/i?img=/i/headshots/nfl/players/full/4912274.png",
    "birthdate": "Birthdate7/30/2001 (23)",
    "birthplace": null,
    "experience": null,
    "draftInfo": "Draft Info2024: Rd 4, Pk 132 (DET)"
  },
  {
    "team": "DET",
    "number": "",
    "name": "Ronnie Bell10",
    "position": "WR",
    "height": "25",
    "weight": "6' 0\"",
    "age": "190 lbs",
    "college": "2",
    "playerId": "4372063",
    "profileUrl": "https://www.espn.com/nfl/player/_/id/4372063/ronnie-bell",
    "headshot": "https://a.espncdn.com/combiner/i?img=/i/headshots/nfl/players/full/4372063.png",
    "birthdate": "Birthdate1/28/2000 (25)",
    "birthplace": null,
    "experience": null,
    "draftInfo": "Draft Info2023: Rd 7, Pk 253 (SF)"
  },
  {
    "team": "DET",
    "number": "",
    "name": "Jakobie Keeney-James",
    "position": "WR",
    "height": "--",
    "weight": "6' 1\"",
    "age": "197 lbs",
    "college": "R",
    "playerId": "5178972",
    "profileUrl": "https://www.espn.com/nfl/player/_/id/5178972/jakobie-keeney-james",
    "headshot": "https://a.espncdn.com/combiner/i?img=/i/headshots/college-football/players/full/5178972.png",
    "birthdate": null,
    "birthplace": "BirthplaceRedlands, CA",
    "experience": "ExperienceRookie",
    "draftInfo": null
  },
  {
    "team": "DET",
    "number": "",
    "name": "Tom Kennedy85",
    "position": "WR",
    "height": "28",
    "weight": "5' 10\"",
    "age": "195 lbs",
    "college": "3",
    "playerId": "3126997",
    "profileUrl": "https://www.espn.com/nfl/player/_/id/3126997/tom-kennedy",
    "headshot": "https://a.espncdn.com/combiner/i?img=/i/headshots/nfl/players/full/3126997.png",
    "birthdate": "Birthdate7/29/1996 (28)",
    "birthplace": null,
    "experience": "Experience3rd Season",
    "draftInfo": null
  },
  {
    "team": "DET",
    "number": "",
    "name": "Dominic Lovett",
    "position": "WR",
    "height": "22",
    "weight": "5' 10\"",
    "age": "187 lbs",
    "college": "R",
    "playerId": "4596439",
    "profileUrl": "https://www.espn.com/nfl/player/_/id/4596439/dominic-lovett",
    "headshot": "https://a.espncdn.com/combiner/i?img=/i/headshots/nfl/players/full/4596439.png",
    "birthdate": "Birthdate11/8/2002 (22)",
    "birthplace": null,
    "experience": null,
    "draftInfo": "Draft Info2025: Rd 7, Pk 244 (DET)"
  },
  {
    "team": "DET",
    "number": "",
    "name": "Jackson Meeks",
    "position": "WR",
    "height": "22",
    "weight": "6' 2\"",
    "age": "210 lbs",
    "college": "R",
    "playerId": "4602788",
    "profileUrl": "https://www.espn.com/nfl/player/_/id/4602788/jackson-meeks",
    "headshot": "https://a.espncdn.com/combiner/i?img=/i/headshots/college-football/players/full/4602788.png",
    "birthdate": "Birthdate3/24/2003 (22)",
    "birthplace": null,
    "experience": "ExperienceRookie",
    "draftInfo": null
  },
  {
    "team": "DET",
    "number": "",
    "name": "Tim Patrick12",
    "position": "WR",
    "height": "31",
    "weight": "6' 5\"",
    "age": "210 lbs",
    "college": "7",
    "playerId": "3134353",
    "profileUrl": "https://www.espn.com/nfl/player/_/id/3134353/tim-patrick",
    "headshot": "https://a.espncdn.com/combiner/i?img=/i/headshots/nfl/players/full/3134353.png",
    "birthdate": "Birthdate11/23/1993 (31)",
    "birthplace": null,
    "experience": "Experience7th Season",
    "draftInfo": null
  },
  {
    "team": "DET",
    "number": "",
    "name": "Kalif Raymond11",
    "position": "WR",
    "height": "30",
    "weight": "5' 8\"",
    "age": "180 lbs",
    "college": "8",
    "playerId": "2973405",
    "profileUrl": "https://www.espn.com/nfl/player/_/id/2973405/kalif-raymond",
    "headshot": "https://a.espncdn.com/combiner/i?img=/i/headshots/nfl/players/full/2973405.png",
    "birthdate": "Birthdate8/8/1994 (30)",
    "birthplace": null,
    "experience": "Experience8th Season",
    "draftInfo": null
  },
  {
    "team": "DET",
    "number": "",
    "name": "Amon-Ra St. Brown14",
    "position": "WR",
    "height": "25",
    "weight": "6' 0\"",
    "age": "202 lbs",
    "college": "4",
    "playerId": "4374302",
    "profileUrl": "https://www.espn.com/nfl/player/_/id/4374302/amon-ra-st-brown",
    "headshot": "https://a.espncdn.com/combiner/i?img=/i/headshots/nfl/players/full/4374302.png",
    "birthdate": "Birthdate10/24/1999 (25)",
    "birthplace": null,
    "experience": null,
    "draftInfo": "Draft Info2021: Rd 4, Pk 112 (DET)"
  },
  {
    "team": "DET",
    "number": "",
    "name": "Malik Taylor",
    "position": "WR",
    "height": "29",
    "weight": "6' 1\"",
    "age": "220 lbs",
    "college": "3",
    "playerId": "4408988",
    "profileUrl": "https://www.espn.com/nfl/player/_/id/4408988/malik-taylor",
    "headshot": "https://a.espncdn.com/combiner/i?img=/i/headshots/nfl/players/full/4408988.png",
    "birthdate": "Birthdate12/21/1995 (29)",
    "birthplace": null,
    "experience": "Experience3rd Season",
    "draftInfo": null
  },
  {
    "team": "DET",
    "number": "",
    "name": "Isaac TeSlaa",
    "position": "WR",
    "height": "23",
    "weight": "6' 4\"",
    "age": "217 lbs",
    "college": "R",
    "playerId": "5123663",
    "profileUrl": "https://www.espn.com/nfl/player/_/id/5123663/isaac-teslaa",
    "headshot": "https://a.espncdn.com/combiner/i?img=/i/headshots/nfl/players/full/5123663.png",
    "birthdate": "Birthdate2/20/2002 (23)",
    "birthplace": null,
    "experience": null,
    "draftInfo": "Draft Info2025: Rd 3, Pk 70 (DET)"
  },
  {
    "team": "DET",
    "number": "",
    "name": "Jameson Williams1",
    "position": "WR",
    "height": "24",
    "weight": "6' 1\"",
    "age": "180 lbs",
    "college": "3",
    "playerId": "4426388",
    "profileUrl": "https://www.espn.com/nfl/player/_/id/4426388/jameson-williams",
    "headshot": "https://a.espncdn.com/combiner/i?img=/i/headshots/nfl/players/full/4426388.png",
    "birthdate": "Birthdate3/26/2001 (24)",
    "birthplace": null,
    "experience": null,
    "draftInfo": "Draft Info2022: Rd 1, Pk 12 (DET)"
  },
  {
    "team": "DET",
    "number": "",
    "name": "Luke Deal",
    "position": "TE",
    "height": "--",
    "weight": "6' 5\"",
    "age": "259 lbs",
    "college": "R",
    "playerId": "4427047",
    "profileUrl": "https://www.espn.com/nfl/player/_/id/4427047/luke-deal",
    "headshot": "https://a.espncdn.com/combiner/i?img=/i/headshots/college-football/players/full/4567235.png",
    "birthdate": null,
    "birthplace": null,
    "experience": "ExperienceRookie",
    "draftInfo": null
  },
  {
    "team": "DET",
    "number": "",
    "name": "Zach Horton",
    "position": "TE",
    "height": "--",
    "weight": "6' 4\"",
    "age": "252 lbs",
    "college": "R",
    "playerId": "4877824",
    "profileUrl": "https://www.espn.com/nfl/player/_/id/4877824/zach-horton",
    "headshot": "https://a.espncdn.com/combiner/i?img=/i/headshots/college-football/players/full/4877824.png",
    "birthdate": null,
    "birthplace": "BirthplaceRoanoke, VA",
    "experience": "ExperienceRookie",
    "draftInfo": null
  },
  {
    "team": "DET",
    "number": "",
    "name": "Sam LaPorta87",
    "position": "TE",
    "height": "24",
    "weight": "6' 3\"",
    "age": "245 lbs",
    "college": "2",
    "playerId": "4430027",
    "profileUrl": "https://www.espn.com/nfl/player/_/id/4430027/sam-laporta",
    "headshot": "https://a.espncdn.com/combiner/i?img=/i/headshots/nfl/players/full/4430027.png",
    "birthdate": "Birthdate1/12/2001 (24)",
    "birthplace": null,
    "experience": null,
    "draftInfo": "Draft Info2023: Rd 2, Pk 34 (DET)"
  },
  {
    "team": "DET",
    "number": "",
    "name": "Brock Wright89",
    "position": "TE",
    "height": "26",
    "weight": "6' 5\"",
    "age": "250 lbs",
    "college": "4",
    "playerId": "4242392",
    "profileUrl": "https://www.espn.com/nfl/player/_/id/4242392/brock-wright",
    "headshot": "https://a.espncdn.com/combiner/i?img=/i/headshots/nfl/players/full/4242392.png",
    "birthdate": "Birthdate11/27/1998 (26)",
    "birthplace": null,
    "experience": "Experience4th Season",
    "draftInfo": null
  },
  {
    "team": "DET",
    "number": "",
    "name": "Kenny Yeboah88",
    "position": "TE",
    "height": "26",
    "weight": "6' 4\"",
    "age": "250 lbs",
    "college": "4",
    "playerId": "4044144",
    "profileUrl": "https://www.espn.com/nfl/player/_/id/4044144/kenny-yeboah",
    "headshot": "https://a.espncdn.com/combiner/i?img=/i/headshots/nfl/players/full/4044144.png",
    "birthdate": "Birthdate10/30/1998 (26)",
    "birthplace": null,
    "experience": "Experience4th Season",
    "draftInfo": null
  },
  {
    "team": "DET",
    "number": "",
    "name": "Shane Zylstra84",
    "position": "TE",
    "height": "28",
    "weight": "6' 4\"",
    "age": "244 lbs",
    "college": "3",
    "playerId": "4608362",
    "profileUrl": "https://www.espn.com/nfl/player/_/id/4608362/shane-zylstra",
    "headshot": "https://a.espncdn.com/combiner/i?img=/i/headshots/nfl/players/full/4608362.png",
    "birthdate": "Birthdate11/16/1996 (28)",
    "birthplace": null,
    "experience": "Experience3rd Season",
    "draftInfo": null
  },
  {
    "team": "DET",
    "number": "",
    "name": "Kingsley Eguakun65",
    "position": "C",
    "height": "24",
    "weight": "6' 3\"",
    "age": "312 lbs",
    "college": "R",
    "playerId": "4567410",
    "profileUrl": "https://www.espn.com/nfl/player/_/id/4567410/kingsley-eguakun",
    "headshot": "https://a.espncdn.com/combiner/i?img=/i/headshots/nfl/players/full/4567410.png",
    "birthdate": "Birthdate3/23/2001 (24)",
    "birthplace": null,
    "experience": "ExperienceRookie",
    "draftInfo": null
  },
  {
    "team": "DET",
    "number": "",
    "name": "Frank Ragnow77",
    "position": "C",
    "height": "29",
    "weight": "6' 5\"",
    "age": "310 lbs",
    "college": "7",
    "playerId": "3128689",
    "profileUrl": "https://www.espn.com/nfl/player/_/id/3128689/frank-ragnow",
    "headshot": "https://a.espncdn.com/combiner/i?img=/i/headshots/nfl/players/full/3128689.png",
    "birthdate": "Birthdate5/17/1996 (29)",
    "birthplace": null,
    "experience": null,
    "draftInfo": "Draft Info2018: Rd 1, Pk 20 (DET)"
  },
  {
    "team": "DET",
    "number": "",
    "name": "Kayode Awosika74",
    "position": "G",
    "height": "26",
    "weight": "6' 3\"",
    "age": "315 lbs",
    "college": "3",
    "playerId": "4040842",
    "profileUrl": "https://www.espn.com/nfl/player/_/id/4040842/kayode-awosika",
    "headshot": "https://a.espncdn.com/combiner/i?img=/i/headshots/nfl/players/full/4040842.png",
    "birthdate": "Birthdate10/27/1998 (26)",
    "birthplace": null,
    "experience": "Experience3rd Season",
    "draftInfo": null
  },
  {
    "team": "DET",
    "number": "",
    "name": "Miles Frazier",
    "position": "G",
    "height": "23",
    "weight": "6' 5\"",
    "age": "325 lbs",
    "college": "R",
    "playerId": "4608890",
    "profileUrl": "https://www.espn.com/nfl/player/_/id/4608890/miles-frazier",
    "headshot": "https://a.espncdn.com/combiner/i?img=/i/headshots/nfl/players/full/4608890.png",
    "birthdate": "Birthdate9/12/2001 (23)",
    "birthplace": null,
    "experience": null,
    "draftInfo": "Draft Info2025: Rd 5, Pk 171 (DET)"
  },
  {
    "team": "DET",
    "number": "",
    "name": "Graham Glasgow60",
    "position": "G",
    "height": "32",
    "weight": "6' 6\"",
    "age": "315 lbs",
    "college": "9",
    "playerId": "2576245",
    "profileUrl": "https://www.espn.com/nfl/player/_/id/2576245/graham-glasgow",
    "headshot": "https://a.espncdn.com/combiner/i?img=/i/headshots/nfl/players/full/2576245.png",
    "birthdate": "Birthdate8/19/1992 (32)",
    "birthplace": null,
    "experience": null,
    "draftInfo": "Draft Info2016: Rd 3, Pk 95 (DET)"
  },
  {
    "team": "DET",
    "number": "",
    "name": "Christian Mahogany73",
    "position": "G",
    "height": "24",
    "weight": "6' 3\"",
    "age": "319 lbs",
    "college": "R",
    "playerId": "4427864",
    "profileUrl": "https://www.espn.com/nfl/player/_/id/4427864/christian-mahogany",
    "headshot": "https://a.espncdn.com/combiner/i?img=/i/headshots/nfl/players/full/4427864.png",
    "birthdate": "Birthdate10/11/2000 (24)",
    "birthplace": null,
    "experience": null,
    "draftInfo": "Draft Info2024: Rd 6, Pk 210 (DET)"
  },
  {
    "team": "DET",
    "number": "",
    "name": "Netane Muti52",
    "position": "G",
    "height": "26",
    "weight": "6' 3\"",
    "age": "315 lbs",
    "college": "4",
    "playerId": "4040910",
    "profileUrl": "https://www.espn.com/nfl/player/_/id/4040910/netane-muti",
    "headshot": "https://a.espncdn.com/combiner/i?img=/i/headshots/nfl/players/full/4040910.png",
    "birthdate": "Birthdate3/27/1999 (26)",
    "birthplace": null,
    "experience": null,
    "draftInfo": "Draft Info2020: Rd 6, Pk 181 (DEN)"
  },
  {
    "team": "DET",
    "number": "",
    "name": "Michael Niese62",
    "position": "G",
    "height": "27",
    "weight": "6' 5\"",
    "age": "295 lbs",
    "college": "1",
    "playerId": "4051353",
    "profileUrl": "https://www.espn.com/nfl/player/_/id/4051353/michael-niese",
    "headshot": "https://a.espncdn.com/combiner/i?img=/i/headshots/nfl/players/full/4051353.png",
    "birthdate": "Birthdate1/13/1998 (27)",
    "birthplace": null,
    "experience": "Experience1st Season",
    "draftInfo": null
  },
  {
    "team": "DET",
    "number": "",
    "name": "Tate Ratledge",
    "position": "G",
    "height": "24",
    "weight": "6' 6\"",
    "age": "320 lbs",
    "college": "R",
    "playerId": "4429035",
    "profileUrl": "https://www.espn.com/nfl/player/_/id/4429035/tate-ratledge",
    "headshot": "https://a.espncdn.com/combiner/i?img=/i/headshots/nfl/players/full/4429035.png",
    "birthdate": "Birthdate4/26/2001 (24)",
    "birthplace": null,
    "experience": null,
    "draftInfo": "Draft Info2025: Rd 2, Pk 57 (DET)"
  },
  {
    "team": "DET",
    "number": "",
    "name": "Taylor Decker68",
    "position": "OT",
    "height": "30",
    "weight": "6' 7\"",
    "age": "318 lbs",
    "college": "9",
    "playerId": "2976292",
    "profileUrl": "https://www.espn.com/nfl/player/_/id/2976292/taylor-decker",
    "headshot": "https://a.espncdn.com/combiner/i?img=/i/headshots/nfl/players/full/2976292.png",
    "birthdate": "Birthdate8/23/1994 (30)",
    "birthplace": null,
    "experience": null,
    "draftInfo": "Draft Info2016: Rd 1, Pk 16 (DET)"
  },
  {
    "team": "DET",
    "number": "",
    "name": "Jamarco Jones72",
    "position": "OT",
    "height": "28",
    "weight": "6' 4\"",
    "age": "305 lbs",
    "college": "6",
    "playerId": "3121417",
    "profileUrl": "https://www.espn.com/nfl/player/_/id/3121417/jamarco-jones",
    "headshot": "https://a.espncdn.com/combiner/i?img=/i/headshots/nfl/players/full/3121417.png",
    "birthdate": "Birthdate6/4/1996 (28)",
    "birthplace": null,
    "experience": null,
    "draftInfo": "Draft Info2018: Rd 5, Pk 168 (SEA)"
  },
  {
    "team": "DET",
    "number": "",
    "name": "Giovanni Manu59",
    "position": "OT",
    "height": "24",
    "weight": "6' 7\"",
    "age": "354 lbs",
    "college": "R",
    "playerId": "5209589",
    "profileUrl": "https://www.espn.com/nfl/player/_/id/5209589/giovanni-manu",
    "headshot": "https://a.espncdn.com/combiner/i?img=/i/headshots/nfl/players/full/5209589.png",
    "birthdate": "Birthdate1/26/2001 (24)",
    "birthplace": null,
    "experience": null,
    "draftInfo": "Draft Info2024: Rd 4, Pk 126 (DET)"
  },
  {
    "team": "DET",
    "number": "",
    "name": "Mason Miller",
    "position": "OT",
    "height": "--",
    "weight": "6' 7\"",
    "age": "305 lbs",
    "college": "R",
    "playerId": "4693332",
    "profileUrl": "https://www.espn.com/nfl/player/_/id/4693332/mason-miller",
    "headshot": "https://a.espncdn.com/combiner/i?img=/i/headshots/college-football/players/full/4693332.png",
    "birthdate": null,
    "birthplace": "BirthplaceAda, MN",
    "experience": "ExperienceRookie",
    "draftInfo": null
  },
  {
    "team": "DET",
    "number": "",
    "name": "Penei Sewell58",
    "position": "OT",
    "height": "24",
    "weight": "6' 5\"",
    "age": "335 lbs",
    "college": "4",
    "playerId": "4373825",
    "profileUrl": "https://www.espn.com/nfl/player/_/id/4373825/penei-sewell",
    "headshot": "https://a.espncdn.com/combiner/i?img=/i/headshots/nfl/players/full/4373825.png",
    "birthdate": "Birthdate10/9/2000 (24)",
    "birthplace": null,
    "experience": null,
    "draftInfo": "Draft Info2021: Rd 1, Pk 7 (DET)"
  },
  {
    "team": "DET",
    "number": "",
    "name": "Dan Skipper70",
    "position": "OT",
    "height": "30",
    "weight": "6' 9\"",
    "age": "330 lbs",
    "college": "5",
    "playerId": "3046435",
    "profileUrl": "https://www.espn.com/nfl/player/_/id/3046435/dan-skipper",
    "headshot": "https://a.espncdn.com/combiner/i?img=/i/headshots/nfl/players/full/3046435.png",
    "birthdate": "Birthdate9/20/1994 (30)",
    "birthplace": null,
    "experience": "Experience5th Season",
    "draftInfo": null
  },
  {
    "team": "DET",
    "number": "",
    "name": "Colby Sorsdal75",
    "position": "OT",
    "height": "25",
    "weight": "6' 6\"",
    "age": "315 lbs",
    "college": "2",
    "playerId": "4367775",
    "profileUrl": "https://www.espn.com/nfl/player/_/id/4367775/colby-sorsdal",
    "headshot": "https://a.espncdn.com/combiner/i?img=/i/headshots/nfl/players/full/4367775.png",
    "birthdate": "Birthdate3/1/2000 (25)",
    "birthplace": null,
    "experience": null,
    "draftInfo": "Draft Info2023: Rd 5, Pk 152 (DET)"
  },
  {
    "team": "DET",
    "number": "",
    "name": "Myles Adams66",
    "position": "DE",
    "height": "27",
    "weight": "6' 2\"",
    "age": "290 lbs",
    "college": "3",
    "playerId": "4039164",
    "profileUrl": "https://www.espn.com/nfl/player/_/id/4039164/myles-adams",
    "headshot": "https://a.espncdn.com/combiner/i?img=/i/headshots/nfl/players/full/4039164.png",
    "birthdate": "Birthdate3/9/1998 (27)",
    "birthplace": null,
    "experience": "Experience3rd Season",
    "draftInfo": null
  },
  {
    "team": "DET",
    "number": "",
    "name": "Keith Cooper Jr.",
    "position": "DE",
    "height": "--",
    "weight": "6' 5\"",
    "age": "280 lbs",
    "college": "R",
    "playerId": "4712462",
    "profileUrl": "https://www.espn.com/nfl/player/_/id/4712462/keith-cooper-jr",
    "headshot": "https://a.espncdn.com/combiner/i?img=/i/headshots/college-football/players/full/4712462.png",
    "birthdate": null,
    "birthplace": "BirthplaceDickinson, TX",
    "experience": "ExperienceRookie",
    "draftInfo": null
  },
  {
    "team": "DET",
    "number": "",
    "name": "Marcus Davenport92",
    "position": "DE",
    "height": "28",
    "weight": "6' 6\"",
    "age": "265 lbs",
    "college": "7",
    "playerId": "3124058",
    "profileUrl": "https://www.espn.com/nfl/player/_/id/3124058/marcus-davenport",
    "headshot": "https://a.espncdn.com/combiner/i?img=/i/headshots/nfl/players/full/3124058.png",
    "birthdate": "Birthdate9/4/1996 (28)",
    "birthplace": null,
    "experience": null,
    "draftInfo": "Draft Info2018: Rd 1, Pk 14 (NO)"
  },
  {
    "team": "DET",
    "number": "",
    "name": "Ahmed Hassanein",
    "position": "DE",
    "height": "22",
    "weight": "6' 3\"",
    "age": "272 lbs",
    "college": "R",
    "playerId": "4710422",
    "profileUrl": "https://www.espn.com/nfl/player/_/id/4710422/ahmed-hassanein",
    "headshot": "https://a.espncdn.com/combiner/i?img=/i/headshots/nfl/players/full/4710422.png",
    "birthdate": "Birthdate7/9/2002 (22)",
    "birthplace": null,
    "experience": null,
    "draftInfo": "Draft Info2025: Rd 6, Pk 196 (DET)"
  },
  {
    "team": "DET",
    "number": "",
    "name": "Aidan Hutchinson97",
    "position": "DE",
    "height": "24",
    "weight": "6' 7\"",
    "age": "268 lbs",
    "college": "3",
    "playerId": "4372099",
    "profileUrl": "https://www.espn.com/nfl/player/_/id/4372099/aidan-hutchinson",
    "headshot": "https://a.espncdn.com/combiner/i?img=/i/headshots/nfl/players/full/4372099.png",
    "birthdate": "Birthdate8/9/2000 (24)",
    "birthplace": null,
    "experience": null,
    "draftInfo": "Draft Info2022: Rd 1, Pk 2 (DET)"
  },
  {
    "team": "DET",
    "number": "",
    "name": "Nate Lynn57",
    "position": "DE",
    "height": "22",
    "weight": "6' 3\"",
    "age": "256 lbs",
    "college": "R",
    "playerId": "4574142",
    "profileUrl": "https://www.espn.com/nfl/player/_/id/4574142/nate-lynn",
    "headshot": "https://a.espncdn.com/combiner/i?img=/i/headshots/nfl/players/full/4574142.png",
    "birthdate": "Birthdate7/6/2002 (22)",
    "birthplace": null,
    "experience": "ExperienceRookie",
    "draftInfo": null
  },
  {
    "team": "DET",
    "number": "",
    "name": "Pat O'Connor95",
    "position": "DE",
    "height": "31",
    "weight": "6' 4\"",
    "age": "300 lbs",
    "college": "6",
    "playerId": "2980206",
    "profileUrl": "https://www.espn.com/nfl/player/_/id/2980206/pat-oconnor",
    "headshot": "https://a.espncdn.com/combiner/i?img=/i/headshots/nfl/players/full/2980206.png",
    "birthdate": "Birthdate11/1/1993 (31)",
    "birthplace": null,
    "experience": null,
    "draftInfo": "Draft Info2017: Rd 7, Pk 250 (DET)"
  },
  {
    "team": "DET",
    "number": "",
    "name": "Levi Onwuzurike91",
    "position": "DE",
    "height": "27",
    "weight": "6' 3\"",
    "age": "290 lbs",
    "college": "4",
    "playerId": "4039020",
    "profileUrl": "https://www.espn.com/nfl/player/_/id/4039020/levi-onwuzurike",
    "headshot": "https://a.espncdn.com/combiner/i?img=/i/headshots/nfl/players/full/4039020.png",
    "birthdate": "Birthdate3/2/1998 (27)",
    "birthplace": null,
    "experience": null,
    "draftInfo": "Draft Info2021: Rd 2, Pk 41 (DET)"
  },
  {
    "team": "DET",
    "number": "",
    "name": "Josh Paschal93",
    "position": "DE",
    "height": "25",
    "weight": "6' 3\"",
    "age": "274 lbs",
    "college": "3",
    "playerId": "4259994",
    "profileUrl": "https://www.espn.com/nfl/player/_/id/4259994/josh-paschal",
    "headshot": "https://a.espncdn.com/combiner/i?img=/i/headshots/nfl/players/full/4259994.png",
    "birthdate": "Birthdate12/17/1999 (25)",
    "birthplace": null,
    "experience": null,
    "draftInfo": "Draft Info2022: Rd 2, Pk 46 (DET)"
  },
  {
    "team": "DET",
    "number": "",
    "name": "Isaac Ukwu45",
    "position": "DE",
    "height": "26",
    "weight": "6' 3\"",
    "age": "265 lbs",
    "college": "R",
    "playerId": "4249608",
    "profileUrl": "https://www.espn.com/nfl/player/_/id/4249608/isaac-ukwu",
    "headshot": "https://a.espncdn.com/combiner/i?img=/i/headshots/nfl/players/full/4249608.png",
    "birthdate": "Birthdate1/14/1999 (26)",
    "birthplace": null,
    "experience": "ExperienceRookie",
    "draftInfo": null
  },
  {
    "team": "DET",
    "number": "",
    "name": "Raequan Williams",
    "position": "DE",
    "height": "28",
    "weight": "6' 4\"",
    "age": "305 lbs",
    "college": "2",
    "playerId": "3929834",
    "profileUrl": "https://www.espn.com/nfl/player/_/id/3929834/raequan-williams",
    "headshot": "https://a.espncdn.com/combiner/i?img=/i/headshots/nfl/players/full/3929834.png",
    "birthdate": "Birthdate2/14/1997 (28)",
    "birthplace": null,
    "experience": "Experience2nd Season",
    "draftInfo": null
  },
  {
    "team": "DET",
    "number": "",
    "name": "Roy Lopez51",
    "position": "DT",
    "height": "27",
    "weight": "6' 2\"",
    "age": "318 lbs",
    "college": "4",
    "playerId": "4040805",
    "profileUrl": "https://www.espn.com/nfl/player/_/id/4040805/roy-lopez",
    "headshot": "https://a.espncdn.com/combiner/i?img=/i/headshots/nfl/players/full/4040805.png",
    "birthdate": "Birthdate8/7/1997 (27)",
    "birthplace": null,
    "experience": null,
    "draftInfo": "Draft Info2021: Rd 6, Pk 195 (HOU)"
  },
  {
    "team": "DET",
    "number": "",
    "name": "Brodric Martin99",
    "position": "DT",
    "height": "25",
    "weight": "6' 5\"",
    "age": "322 lbs",
    "college": "2",
    "playerId": "4365457",
    "profileUrl": "https://www.espn.com/nfl/player/_/id/4365457/brodric-martin",
    "headshot": "https://a.espncdn.com/combiner/i?img=/i/headshots/nfl/players/full/4365457.png",
    "birthdate": "Birthdate5/24/1999 (25)",
    "birthplace": null,
    "experience": null,
    "draftInfo": "Draft Info2023: Rd 3, Pk 96 (DET)"
  },
  {
    "team": "DET",
    "number": "",
    "name": "Alim McNeill54",
    "position": "DT",
    "height": "25",
    "weight": "6' 2\"",
    "age": "315 lbs",
    "college": "4",
    "playerId": "4361662",
    "profileUrl": "https://www.espn.com/nfl/player/_/id/4361662/alim-mcneill",
    "headshot": "https://a.espncdn.com/combiner/i?img=/i/headshots/nfl/players/full/4361662.png",
    "birthdate": "Birthdate5/11/2000 (25)",
    "birthplace": null,
    "experience": null,
    "draftInfo": "Draft Info2021: Rd 3, Pk 72 (DET)"
  },
  {
    "team": "DET",
    "number": "",
    "name": "DJ Reader98",
    "position": "DT",
    "height": "30",
    "weight": "6' 3\"",
    "age": "335 lbs",
    "college": "9",
    "playerId": "2977670",
    "profileUrl": "https://www.espn.com/nfl/player/_/id/2977670/dj-reader",
    "headshot": "https://a.espncdn.com/combiner/i?img=/i/headshots/nfl/players/full/2977670.png",
    "birthdate": "Birthdate7/1/1994 (30)",
    "birthplace": null,
    "experience": null,
    "draftInfo": "Draft Info2016: Rd 5, Pk 166 (HOU)"
  },
  {
    "team": "DET",
    "number": "",
    "name": "Chris Smith90",
    "position": "DT",
    "height": "25",
    "weight": "6' 1\"",
    "age": "316 lbs",
    "college": "1",
    "playerId": "4367835",
    "profileUrl": "https://www.espn.com/nfl/player/_/id/4367835/chris-smith",
    "headshot": "https://a.espncdn.com/combiner/i?img=/i/headshots/nfl/players/full/4367835.png",
    "birthdate": "Birthdate12/15/1999 (25)",
    "birthplace": null,
    "experience": "Experience1st Season",
    "draftInfo": null
  },
  {
    "team": "DET",
    "number": "",
    "name": "Tyleik Williams",
    "position": "DT",
    "height": "22",
    "weight": "6' 3\"",
    "age": "327 lbs",
    "college": "R",
    "playerId": "4431615",
    "profileUrl": "https://www.espn.com/nfl/player/_/id/4431615/tyleik-williams",
    "headshot": "https://a.espncdn.com/combiner/i?img=/i/headshots/nfl/players/full/4431615.png",
    "birthdate": "Birthdate2/25/2003 (22)",
    "birthplace": null,
    "experience": null,
    "draftInfo": "Draft Info2025: Rd 1, Pk 28 (DET)"
  },
  {
    "team": "DET",
    "number": "",
    "name": "Mekhi Wingo94",
    "position": "DT",
    "height": "22",
    "weight": "6' 0\"",
    "age": "291 lbs",
    "college": "R",
    "playerId": "4586333",
    "profileUrl": "https://www.espn.com/nfl/player/_/id/4586333/mekhi-wingo",
    "headshot": "https://a.espncdn.com/combiner/i?img=/i/headshots/nfl/players/full/4586333.png",
    "birthdate": "Birthdate4/17/2003 (22)",
    "birthplace": null,
    "experience": null,
    "draftInfo": "Draft Info2024: Rd 6, Pk 189 (DET)"
  },
  {
    "team": "DET",
    "number": "",
    "name": "Mitchell Agude50",
    "position": "LB",
    "height": "26",
    "weight": "6' 4\"",
    "age": "250 lbs",
    "college": "1",
    "playerId": "4591235",
    "profileUrl": "https://www.espn.com/nfl/player/_/id/4591235/mitchell-agude",
    "headshot": "https://a.espncdn.com/combiner/i?img=/i/headshots/nfl/players/full/4591235.png",
    "birthdate": "Birthdate3/10/1999 (26)",
    "birthplace": null,
    "experience": "Experience1st Season",
    "draftInfo": null
  },
  {
    "team": "DET",
    "number": "",
    "name": "Alex Anzalone34",
    "position": "LB",
    "height": "30",
    "weight": "6' 3\"",
    "age": "238 lbs",
    "college": "8",
    "playerId": "3043107",
    "profileUrl": "https://www.espn.com/nfl/player/_/id/3043107/alex-anzalone",
    "headshot": "https://a.espncdn.com/combiner/i?img=/i/headshots/nfl/players/full/3043107.png",
    "birthdate": "Birthdate9/22/1994 (30)",
    "birthplace": null,
    "experience": null,
    "draftInfo": "Draft Info2017: Rd 3, Pk 76 (NO)"
  },
  {
    "team": "DET",
    "number": "",
    "name": "Derrick Barnes55",
    "position": "LB",
    "height": "25",
    "weight": "6' 0\"",
    "age": "240 lbs",
    "college": "4",
    "playerId": "4260409",
    "profileUrl": "https://www.espn.com/nfl/player/_/id/4260409/derrick-barnes",
    "headshot": "https://a.espncdn.com/combiner/i?img=/i/headshots/nfl/players/full/4260409.png",
    "birthdate": "Birthdate5/29/1999 (25)",
    "birthplace": null,
    "experience": null,
    "draftInfo": "Draft Info2021: Rd 4, Pk 113 (DET)"
  },
  {
    "team": "DET",
    "number": "",
    "name": "Abraham Beauplan48",
    "position": "LB",
    "height": "25",
    "weight": "6' 2\"",
    "age": "235 lbs",
    "college": "1",
    "playerId": "4686533",
    "profileUrl": "https://www.espn.com/nfl/player/_/id/4686533/abraham-beauplan",
    "headshot": "https://a.espncdn.com/combiner/i?img=/i/headshots/nfl/players/full/4686533.png",
    "birthdate": "Birthdate2/3/2000 (25)",
    "birthplace": null,
    "experience": "Experience1st Season",
    "draftInfo": null
  },
  {
    "team": "DET",
    "number": "",
    "name": "Jack Campbell46",
    "position": "LB",
    "height": "24",
    "weight": "6' 5\"",
    "age": "243 lbs",
    "college": "2",
    "playerId": "4569465",
    "profileUrl": "https://www.espn.com/nfl/player/_/id/4569465/jack-campbell",
    "headshot": "https://a.espncdn.com/combiner/i?img=/i/headshots/nfl/players/full/4569465.png",
    "birthdate": "Birthdate8/22/2000 (24)",
    "birthplace": null,
    "experience": null,
    "draftInfo": "Draft Info2023: Rd 1, Pk 18 (DET)"
  },
  {
    "team": "DET",
    "number": "",
    "name": "DaRon Gilbert43",
    "position": "LB",
    "height": "23",
    "weight": "6' 1\"",
    "age": "218 lbs",
    "college": "R",
    "playerId": "4571826",
    "profileUrl": "https://www.espn.com/nfl/player/_/id/4571826/daron-gilbert",
    "headshot": "https://a.espncdn.com/combiner/i?img=/i/headshots/nfl/players/full/4571826.png",
    "birthdate": "Birthdate5/26/2001 (23)",
    "birthplace": null,
    "experience": "ExperienceRookie",
    "draftInfo": null
  },
  {
    "team": "DET",
    "number": "",
    "name": "Al-Quadin Muhammad96",
    "position": "LB",
    "height": "30",
    "weight": "6' 3\"",
    "age": "250 lbs",
    "college": "7",
    "playerId": "3051942",
    "profileUrl": "https://www.espn.com/nfl/player/_/id/3051942/al-quadin-muhammad",
    "headshot": "https://a.espncdn.com/combiner/i?img=/i/headshots/nfl/players/full/3051942.png",
    "birthdate": "Birthdate3/28/1995 (30)",
    "birthplace": null,
    "experience": null,
    "draftInfo": "Draft Info2017: Rd 6, Pk 196 (NO)"
  },
  {
    "team": "DET",
    "number": "",
    "name": "Trevor Nowaske53",
    "position": "LB",
    "height": "26",
    "weight": "6' 3\"",
    "age": "237 lbs",
    "college": "2",
    "playerId": "5144894",
    "profileUrl": "https://www.espn.com/nfl/player/_/id/5144894/trevor-nowaske",
    "headshot": "https://a.espncdn.com/combiner/i?img=/i/headshots/nfl/players/full/5144894.png",
    "birthdate": "Birthdate11/7/1998 (26)",
    "birthplace": null,
    "experience": "Experience2nd Season",
    "draftInfo": null
  },
  {
    "team": "DET",
    "number": "",
    "name": "Anthony Pittman41",
    "position": "LB",
    "height": "28",
    "weight": "6' 3\"",
    "age": "224 lbs",
    "college": "4",
    "playerId": "4423367",
    "profileUrl": "https://www.espn.com/nfl/player/_/id/4423367/anthony-pittman",
    "headshot": "https://a.espncdn.com/combiner/i?img=/i/headshots/nfl/players/full/4423367.png",
    "birthdate": "Birthdate11/24/1996 (28)",
    "birthplace": null,
    "experience": "Experience4th Season",
    "draftInfo": null
  },
  {
    "team": "DET",
    "number": "",
    "name": "Malcolm Rodriguez44",
    "position": "LB",
    "height": "26",
    "weight": "5' 11\"",
    "age": "234 lbs",
    "college": "3",
    "playerId": "4241411",
    "profileUrl": "https://www.espn.com/nfl/player/_/id/4241411/malcolm-rodriguez",
    "headshot": "https://a.espncdn.com/combiner/i?img=/i/headshots/nfl/players/full/4241411.png",
    "birthdate": "Birthdate3/29/1999 (26)",
    "birthplace": null,
    "experience": null,
    "draftInfo": "Draft Info2022: Rd 6, Pk 188 (DET)"
  },
  {
    "team": "DET",
    "number": "",
    "name": "Grant Stuard15",
    "position": "LB",
    "height": "26",
    "weight": "5' 11\"",
    "age": "230 lbs",
    "college": "4",
    "playerId": "4240255",
    "profileUrl": "https://www.espn.com/nfl/player/_/id/4240255/grant-stuard",
    "headshot": "https://a.espncdn.com/combiner/i?img=/i/headshots/nfl/players/full/4240255.png",
    "birthdate": "Birthdate10/15/1998 (26)",
    "birthplace": null,
    "experience": null,
    "draftInfo": "Draft Info2021: Rd 7, Pk 259 (TB)"
  },
  {
    "team": "DET",
    "number": "",
    "name": "Ezekiel Turner47",
    "position": "LB",
    "height": "28",
    "weight": "6' 2\"",
    "age": "214 lbs",
    "college": "7",
    "playerId": "3894901",
    "profileUrl": "https://www.espn.com/nfl/player/_/id/3894901/ezekiel-turner",
    "headshot": "https://a.espncdn.com/combiner/i?img=/i/headshots/nfl/players/full/3894901.png",
    "birthdate": "Birthdate6/9/1996 (28)",
    "birthplace": null,
    "experience": "Experience7th Season",
    "draftInfo": null
  },
  {
    "team": "DET",
    "number": "",
    "name": "Terrion Arnold6",
    "position": "CB",
    "height": "22",
    "weight": "6' 0\"",
    "age": "199 lbs",
    "college": "R",
    "playerId": "4592837",
    "profileUrl": "https://www.espn.com/nfl/player/_/id/4592837/terrion-arnold",
    "headshot": "https://a.espncdn.com/combiner/i?img=/i/headshots/nfl/players/full/4592837.png",
    "birthdate": "Birthdate3/22/2003 (22)",
    "birthplace": null,
    "experience": null,
    "draftInfo": "Draft Info2024: Rd 1, Pk 24 (DET)"
  },
  {
    "team": "DET",
    "number": "",
    "name": "Khalil Dorsey30",
    "position": "CB",
    "height": "27",
    "weight": "5' 8\"",
    "age": "185 lbs",
    "college": "4",
    "playerId": "4027919",
    "profileUrl": "https://www.espn.com/nfl/player/_/id/4027919/khalil-dorsey",
    "headshot": "https://a.espncdn.com/combiner/i?img=/i/headshots/nfl/players/full/4027919.png",
    "birthdate": "Birthdate3/31/1998 (27)",
    "birthplace": null,
    "experience": "Experience4th Season",
    "draftInfo": null
  },
  {
    "team": "DET",
    "number": "",
    "name": "Avonte Maddox",
    "position": "CB",
    "height": "29",
    "weight": "5' 9\"",
    "age": "184 lbs",
    "college": "8",
    "playerId": "3123938",
    "profileUrl": "https://www.espn.com/nfl/player/_/id/3123938/avonte-maddox",
    "headshot": "https://a.espncdn.com/combiner/i?img=/i/headshots/nfl/players/full/3123938.png",
    "birthdate": "Birthdate3/31/1996 (29)",
    "birthplace": null,
    "experience": null,
    "draftInfo": "Draft Info2018: Rd 4, Pk 125 (PHI)"
  },
  {
    "team": "DET",
    "number": "",
    "name": "Morice Norris26",
    "position": "CB",
    "height": "24",
    "weight": "5' 11\"",
    "age": "192 lbs",
    "college": "R",
    "playerId": "4880777",
    "profileUrl": "https://www.espn.com/nfl/player/_/id/4880777/morice-norris",
    "headshot": "https://a.espncdn.com/combiner/i?img=/i/headshots/nfl/players/full/4880777.png",
    "birthdate": "Birthdate9/27/2000 (24)",
    "birthplace": null,
    "experience": "ExperienceRookie",
    "draftInfo": null
  },
  {
    "team": "DET",
    "number": "",
    "name": "Ennis Rakestraw Jr.9",
    "position": "CB",
    "height": "22",
    "weight": "5' 11\"",
    "age": "191 lbs",
    "college": "R",
    "playerId": "4566092",
    "profileUrl": "https://www.espn.com/nfl/player/_/id/4566092/ennis-rakestraw-jr",
    "headshot": "https://a.espncdn.com/combiner/i?img=/i/headshots/nfl/players/full/4566092.png",
    "birthdate": "Birthdate6/5/2002 (22)",
    "birthplace": null,
    "experience": null,
    "draftInfo": "Draft Info2024: Rd 2, Pk 61 (DET)"
  },
  {
    "team": "DET",
    "number": "",
    "name": "D.J. Reed4",
    "position": "CB",
    "height": "28",
    "weight": "5' 9\"",
    "age": "188 lbs",
    "college": "7",
    "playerId": "3139387",
    "profileUrl": "https://www.espn.com/nfl/player/_/id/3139387/dj-reed",
    "headshot": "https://a.espncdn.com/combiner/i?img=/i/headshots/nfl/players/full/3139387.png",
    "birthdate": "Birthdate11/11/1996 (28)",
    "birthplace": null,
    "experience": null,
    "draftInfo": "Draft Info2018: Rd 5, Pk 142 (SF)"
  },
  {
    "team": "DET",
    "number": "",
    "name": "Amik Robertson21",
    "position": "CB",
    "height": "26",
    "weight": "5' 9\"",
    "age": "183 lbs",
    "college": "5",
    "playerId": "4239694",
    "profileUrl": "https://www.espn.com/nfl/player/_/id/4239694/amik-robertson",
    "headshot": "https://a.espncdn.com/combiner/i?img=/i/headshots/nfl/players/full/4239694.png",
    "birthdate": "Birthdate7/6/1998 (26)",
    "birthplace": null,
    "experience": null,
    "draftInfo": "Draft Info2020: Rd 4, Pk 139 (LV)"
  },
  {
    "team": "DET",
    "number": "",
    "name": "Stantley Thomas-Oliver III38",
    "position": "CB",
    "height": "26",
    "weight": "6' 0\"",
    "age": "190 lbs",
    "college": "4",
    "playerId": "4046353",
    "profileUrl": "https://www.espn.com/nfl/player/_/id/4046353/stantley-thomas-oliver-iii",
    "headshot": "https://a.espncdn.com/combiner/i?img=/i/headshots/nfl/players/full/4046353.png",
    "birthdate": "Birthdate6/4/1998 (26)",
    "birthplace": null,
    "experience": null,
    "draftInfo": "Draft Info2020: Rd 7, Pk 221 (CAR)"
  },
  {
    "team": "DET",
    "number": "",
    "name": "Rock Ya-Sin23",
    "position": "CB",
    "height": "28",
    "weight": "5' 11\"",
    "age": "195 lbs",
    "college": "6",
    "playerId": "3910229",
    "profileUrl": "https://www.espn.com/nfl/player/_/id/3910229/rock-ya-sin",
    "headshot": "https://a.espncdn.com/combiner/i?img=/i/headshots/nfl/players/full/3910229.png",
    "birthdate": "Birthdate5/23/1996 (28)",
    "birthplace": null,
    "experience": null,
    "draftInfo": "Draft Info2019: Rd 2, Pk 34 (IND)"
  },
  {
    "team": "DET",
    "number": "",
    "name": "Gavin Holmes",
    "position": "DB",
    "height": "--",
    "weight": "5' 11\"",
    "age": "185 lbs",
    "college": "R",
    "playerId": "4432272",
    "profileUrl": "https://www.espn.com/nfl/player/_/id/4432272/gavin-holmes",
    "headshot": "https://a.espncdn.com/combiner/i?img=/i/headshots/college-football/players/full/4432272.png",
    "birthdate": null,
    "birthplace": "BirthplaceNew Orleans, LA",
    "experience": "ExperienceRookie",
    "draftInfo": null
  },
  {
    "team": "DET",
    "number": "",
    "name": "Brian Branch32",
    "position": "S",
    "height": "23",
    "weight": "6' 0\"",
    "age": "203 lbs",
    "college": "2",
    "playerId": "4692025",
    "profileUrl": "https://www.espn.com/nfl/player/_/id/4692025/brian-branch",
    "headshot": "https://a.espncdn.com/combiner/i?img=/i/headshots/nfl/players/full/4692025.png",
    "birthdate": "Birthdate10/22/2001 (23)",
    "birthplace": null,
    "experience": null,
    "draftInfo": "Draft Info2023: Rd 2, Pk 45 (DET)"
  },
  {
    "team": "DET",
    "number": "",
    "name": "Erick Hallett II36",
    "position": "S",
    "height": "25",
    "weight": "5' 11\"",
    "age": "190 lbs",
    "college": "1",
    "playerId": "4373320",
    "profileUrl": "https://www.espn.com/nfl/player/_/id/4373320/erick-hallett-ii",
    "headshot": "https://a.espncdn.com/combiner/i?img=/i/headshots/nfl/players/full/4373320.png",
    "birthdate": "Birthdate4/24/2000 (25)",
    "birthplace": null,
    "experience": null,
    "draftInfo": "Draft Info2023: Rd 6, Pk 208 (JAX)"
  },
  {
    "team": "DET",
    "number": "",
    "name": "Dan Jackson",
    "position": "S",
    "height": "24",
    "weight": "6' 1\"",
    "age": "195 lbs",
    "college": "R",
    "playerId": "4575115",
    "profileUrl": "https://www.espn.com/nfl/player/_/id/4575115/dan-jackson",
    "headshot": "https://a.espncdn.com/combiner/i?img=/i/headshots/nfl/players/full/4575115.png",
    "birthdate": "Birthdate11/30/2000 (24)",
    "birthplace": null,
    "experience": null,
    "draftInfo": "Draft Info2025: Rd 7, Pk 230 (DET)"
  },
  {
    "team": "DET",
    "number": "",
    "name": "Kerby Joseph31",
    "position": "S",
    "height": "24",
    "weight": "6' 1\"",
    "age": "203 lbs",
    "college": "3",
    "playerId": "4360383",
    "profileUrl": "https://www.espn.com/nfl/player/_/id/4360383/kerby-joseph",
    "headshot": "https://a.espncdn.com/combiner/i?img=/i/headshots/nfl/players/full/4360383.png",
    "birthdate": "Birthdate11/14/2000 (24)",
    "birthplace": null,
    "experience": null,
    "draftInfo": "Draft Info2022: Rd 3, Pk 97 (DET)"
  },
  {
    "team": "DET",
    "number": "",
    "name": "Ian Kennelly",
    "position": "S",
    "height": "--",
    "weight": "6' 2\"",
    "age": "205 lbs",
    "college": "R",
    "playerId": "5281603",
    "profileUrl": "https://www.espn.com/nfl/player/_/id/5281603/ian-kennelly",
    "headshot": "https://a.espncdn.com/combiner/i?img=/i/teamlogos/nfl/500/det.png",
    "birthdate": null,
    "birthplace": null,
    "experience": "ExperienceRookie",
    "draftInfo": null
  },
  {
    "team": "DET",
    "number": "",
    "name": "Loren Strickland24",
    "position": "S",
    "height": "24",
    "weight": "5' 10\"",
    "age": "202 lbs",
    "college": "R",
    "playerId": "4917439",
    "profileUrl": "https://www.espn.com/nfl/player/_/id/4917439/loren-strickland",
    "headshot": "https://a.espncdn.com/combiner/i?img=/i/headshots/nfl/players/full/4917439.png",
    "birthdate": "Birthdate5/31/2000 (24)",
    "birthplace": null,
    "experience": "ExperienceRookie",
    "draftInfo": null
  },
  {
    "team": "DET",
    "number": "",
    "name": "Jake Bates39",
    "position": "PK",
    "height": "26",
    "weight": "5' 10\"",
    "age": "202 lbs",
    "college": "1",
    "playerId": "4689936",
    "profileUrl": "https://www.espn.com/nfl/player/_/id/4689936/jake-bates",
    "headshot": "https://a.espncdn.com/combiner/i?img=/i/headshots/nfl/players/full/4689936.png",
    "birthdate": "Birthdate3/3/1999 (26)",
    "birthplace": null,
    "experience": "Experience1st Season",
    "draftInfo": null
  },
  {
    "team": "DET",
    "number": "",
    "name": "Jack Fox3",
    "position": "P",
    "height": "28",
    "weight": "6' 2\"",
    "age": "218 lbs",
    "college": "5",
    "playerId": "3916370",
    "profileUrl": "https://www.espn.com/nfl/player/_/id/3916370/jack-fox",
    "headshot": "https://a.espncdn.com/combiner/i?img=/i/headshots/nfl/players/full/3916370.png",
    "birthdate": "Birthdate9/1/1996 (28)",
    "birthplace": null,
    "experience": "Experience5th Season",
    "draftInfo": null
  },
  {
    "team": "DET",
    "number": "",
    "name": "Hogan Hatten49",
    "position": "LS",
    "height": "24",
    "weight": "6' 2\"",
    "age": "239 lbs",
    "college": "R",
    "playerId": "4571755",
    "profileUrl": "https://www.espn.com/nfl/player/_/id/4571755/hogan-hatten",
    "headshot": "https://a.espncdn.com/combiner/i?img=/i/headshots/nfl/players/full/4571755.png",
    "birthdate": "Birthdate8/6/2000 (24)",
    "birthplace": null,
    "experience": "ExperienceRookie",
    "draftInfo": null
  }
]