[
  {
    "team": "GB",
    "number": "",
    "name": "Sean Clifford6",
    "position": "QB",
    "height": "26",
    "weight": "6' 2\"",
    "age": "218 lbs",
    "college": "2",
    "playerId": "4259592",
    "profileUrl": "https://www.espn.com/nfl/player/_/id/4259592/sean-clifford",
    "headshot": "https://a.espncdn.com/combiner/i?img=/i/headshots/nfl/players/full/4259592.png",
    "birthdate": "Birthdate7/14/1998 (26)",
    "birthplace": null,
    "experience": null,
    "draftInfo": "Draft Info2023: Rd 5, Pk 149 (GB)"
  },
  {
    "team": "GB",
    "number": "",
    "name": "Taylor Elgersma",
    "position": "QB",
    "height": "--",
    "weight": "6' 5\"",
    "age": "227 lbs",
    "college": "R",
    "playerId": "5278103",
    "profileUrl": "https://www.espn.com/nfl/player/_/id/5278103/taylor-elgersma",
    "headshot": "https://a.espncdn.com/combiner/i?img=/i/teamlogos/nfl/500/gb.png",
    "birthdate": null,
    "birthplace": "BirthplaceLondon, ON",
    "experience": "ExperienceRookie",
    "draftInfo": null
  },
  {
    "team": "GB",
    "number": "",
    "name": "Jordan Love10",
    "position": "QB",
    "height": "26",
    "weight": "6' 4\"",
    "age": "219 lbs",
    "college": "5",
    "playerId": "4036378",
    "profileUrl": "https://www.espn.com/nfl/player/_/id/4036378/jordan-love",
    "headshot": "https://a.espncdn.com/combiner/i?img=/i/headshots/nfl/players/full/4036378.png",
    "birthdate": "Birthdate11/2/1998 (26)",
    "birthplace": null,
    "experience": null,
    "draftInfo": "Draft Info2020: Rd 1, Pk 26 (GB)"
  },
  {
    "team": "GB",
    "number": "",
    "name": "Malik Willis2",
    "position": "QB",
    "height": "25",
    "weight": "6' 1\"",
    "age": "225 lbs",
    "college": "3",
    "playerId": "4242512",
    "profileUrl": "https://www.espn.com/nfl/player/_/id/4242512/malik-willis",
    "headshot": "https://a.espncdn.com/combiner/i?img=/i/headshots/nfl/players/full/4242512.png",
    "birthdate": "Birthdate5/25/1999 (25)",
    "birthplace": null,
    "experience": null,
    "draftInfo": "Draft Info2022: Rd 3, Pk 86 (TEN)"
  },
  {
    "team": "GB",
    "number": "",
    "name": "Chris Brooks30",
    "position": "RB",
    "height": "25",
    "weight": "6' 1\"",
    "age": "219 lbs",
    "college": "2",
    "playerId": "3149687",
    "profileUrl": "https://www.espn.com/nfl/player/_/id/3149687/chris-brooks",
    "headshot": "https://a.espncdn.com/combiner/i?img=/i/headshots/nfl/players/full/3149687.png",
    "birthdate": "Birthdate1/11/2000 (25)",
    "birthplace": null,
    "experience": "Experience2nd Season",
    "draftInfo": null
  },
  {
    "team": "GB",
    "number": "",
    "name": "Josh Jacobs8",
    "position": "RB",
    "height": "27",
    "weight": "5' 10\"",
    "age": "223 lbs",
    "college": "6",
    "playerId": "4047365",
    "profileUrl": "https://www.espn.com/nfl/player/_/id/4047365/josh-jacobs",
    "headshot": "https://a.espncdn.com/combiner/i?img=/i/headshots/nfl/players/full/4047365.png",
    "birthdate": "Birthdate2/11/1998 (27)",
    "birthplace": null,
    "experience": null,
    "draftInfo": "Draft Info2019: Rd 1, Pk 24 (OAK)"
  },
  {
    "team": "GB",
    "number": "",
    "name": "Amar Johnson",
    "position": "RB",
    "height": "--",
    "weight": "5' 10\"",
    "age": "205 lbs",
    "college": "R",
    "playerId": "4878878",
    "profileUrl": "https://www.espn.com/nfl/player/_/id/4878878/amar-johnson",
    "headshot": "https://a.espncdn.com/combiner/i?img=/i/headshots/college-football/players/full/4878878.png",
    "birthdate": null,
    "birthplace": "BirthplaceO' Fallon, MO",
    "experience": "ExperienceRookie",
    "draftInfo": null
  },
  {
    "team": "GB",
    "number": "",
    "name": "MarShawn Lloyd32",
    "position": "RB",
    "height": "24",
    "weight": "5' 9\"",
    "age": "220 lbs",
    "college": "R",
    "playerId": "4429023",
    "profileUrl": "https://www.espn.com/nfl/player/_/id/4429023/marshawn-lloyd",
    "headshot": "https://a.espncdn.com/combiner/i?img=/i/headshots/nfl/players/full/4429023.png",
    "birthdate": "Birthdate1/5/2001 (24)",
    "birthplace": null,
    "experience": null,
    "draftInfo": "Draft Info2024: Rd 3, Pk 88 (GB)"
  },
  {
    "team": "GB",
    "number": "",
    "name": "Jalen White",
    "position": "RB",
    "height": "--",
    "weight": "6' 1\"",
    "age": "220 lbs",
    "college": "R",
    "playerId": "4610703",
    "profileUrl": "https://www.espn.com/nfl/player/_/id/4610703/jalen-white",
    "headshot": "https://a.espncdn.com/combiner/i?img=/i/headshots/college-football/players/full/4610703.png",
    "birthdate": null,
    "birthplace": "BirthplaceDaleville, AL",
    "experience": "ExperienceRookie",
    "draftInfo": null
  },
  {
    "team": "GB",
    "number": "",
    "name": "Emanuel Wilson31",
    "position": "RB",
    "height": "26",
    "weight": "5' 10\"",
    "age": "226 lbs",
    "college": "2",
    "playerId": "4887558",
    "profileUrl": "https://www.espn.com/nfl/player/_/id/4887558/emanuel-wilson",
    "headshot": "https://a.espncdn.com/combiner/i?img=/i/headshots/nfl/players/full/4887558.png",
    "birthdate": "Birthdate5/8/1999 (26)",
    "birthplace": null,
    "experience": "Experience2nd Season",
    "draftInfo": null
  },
  {
    "team": "GB",
    "number": "",
    "name": "Romeo Doubs87",
    "position": "WR",
    "height": "25",
    "weight": "6' 2\"",
    "age": "204 lbs",
    "college": "3",
    "playerId": "4361432",
    "profileUrl": "https://www.espn.com/nfl/player/_/id/4361432/romeo-doubs",
    "headshot": "https://a.espncdn.com/combiner/i?img=/i/headshots/nfl/players/full/4361432.png",
    "birthdate": "Birthdate4/13/2000 (25)",
    "birthplace": null,
    "experience": null,
    "draftInfo": "Draft Info2022: Rd 4, Pk 132 (GB)"
  },
  {
    "team": "GB",
    "number": "",
    "name": "Julian Fleming",
    "position": "WR",
    "height": "--",
    "weight": "6' 2\"",
    "age": "206 lbs",
    "college": "R",
    "playerId": "4430800",
    "profileUrl": "https://www.espn.com/nfl/player/_/id/4430800/julian-fleming",
    "headshot": "https://a.espncdn.com/combiner/i?img=/i/headshots/college-football/players/full/4430800.png",
    "birthdate": null,
    "birthplace": "BirthplaceCatawissa, PA",
    "experience": "ExperienceRookie",
    "draftInfo": null
  },
  {
    "team": "GB",
    "number": "",
    "name": "Matthew Golden",
    "position": "WR",
    "height": "21",
    "weight": "6' 0\"",
    "age": "195 lbs",
    "college": "R",
    "playerId": "4701936",
    "profileUrl": "https://www.espn.com/nfl/player/_/id/4701936/matthew-golden",
    "headshot": "https://a.espncdn.com/combiner/i?img=/i/headshots/nfl/players/full/4701936.png",
    "birthdate": "Birthdate8/1/2003 (21)",
    "birthplace": null,
    "experience": null,
    "draftInfo": "Draft Info2025: Rd 1, Pk 23 (GB)"
  },
  {
    "team": "GB",
    "number": "",
    "name": "Mecole Hardman",
    "position": "WR",
    "height": "27",
    "weight": "5' 10\"",
    "age": "187 lbs",
    "college": "7",
    "playerId": "4035004",
    "profileUrl": "https://www.espn.com/nfl/player/_/id/4035004/mecole-hardman",
    "headshot": "https://a.espncdn.com/combiner/i?img=/i/headshots/nfl/players/full/4035004.png",
    "birthdate": "Birthdate3/12/1998 (27)",
    "birthplace": null,
    "experience": null,
    "draftInfo": "Draft Info2019: Rd 2, Pk 56 (KC)"
  },
  {
    "team": "GB",
    "number": "",
    "name": "Malik Heath18",
    "position": "WR",
    "height": "25",
    "weight": "6' 2\"",
    "age": "213 lbs",
    "college": "2",
    "playerId": "4689334",
    "profileUrl": "https://www.espn.com/nfl/player/_/id/4689334/malik-heath",
    "headshot": "https://a.espncdn.com/combiner/i?img=/i/headshots/nfl/players/full/4689334.png",
    "birthdate": "Birthdate3/31/2000 (25)",
    "birthplace": null,
    "experience": "Experience2nd Season",
    "draftInfo": null
  },
  {
    "team": "GB",
    "number": "",
    "name": "Julian Hicks81",
    "position": "WR",
    "height": "25",
    "weight": "6' 2\"",
    "age": "201 lbs",
    "college": "R",
    "playerId": "4244768",
    "profileUrl": "https://www.espn.com/nfl/player/_/id/4244768/julian-hicks",
    "headshot": "https://a.espncdn.com/combiner/i?img=/i/headshots/nfl/players/full/4244768.png",
    "birthdate": "Birthdate9/29/1999 (25)",
    "birthplace": null,
    "experience": "ExperienceRookie",
    "draftInfo": null
  },
  {
    "team": "GB",
    "number": "",
    "name": "Jadon Janke",
    "position": "WR",
    "height": "25",
    "weight": "6' 3\"",
    "age": "210 lbs",
    "college": "R",
    "playerId": "4368287",
    "profileUrl": "https://www.espn.com/nfl/player/_/id/4368287/jadon-janke",
    "headshot": "https://a.espncdn.com/combiner/i?img=/i/headshots/nfl/players/full/4368287.png",
    "birthdate": "Birthdate11/10/1999 (25)",
    "birthplace": null,
    "experience": "ExperienceRookie",
    "draftInfo": null
  },
  {
    "team": "GB",
    "number": "",
    "name": "Cornelius Johnson83",
    "position": "WR",
    "height": "24",
    "weight": "6' 3\"",
    "age": "212 lbs",
    "college": "R",
    "playerId": "4426479",
    "profileUrl": "https://www.espn.com/nfl/player/_/id/4426479/cornelius-johnson",
    "headshot": "https://a.espncdn.com/combiner/i?img=/i/headshots/nfl/players/full/4426479.png",
    "birthdate": "Birthdate11/29/2000 (24)",
    "birthplace": null,
    "experience": null,
    "draftInfo": "Draft Info2024: Rd 7, Pk 253 (LAC)"
  },
  {
    "team": "GB",
    "number": "",
    "name": "Bo Melton80",
    "position": "WR",
    "height": "26",
    "weight": "5' 11\"",
    "age": "189 lbs",
    "college": "1",
    "playerId": "4259305",
    "profileUrl": "https://www.espn.com/nfl/player/_/id/4259305/bo-melton",
    "headshot": "https://a.espncdn.com/combiner/i?img=/i/headshots/nfl/players/full/4259305.png",
    "birthdate": "Birthdate5/18/1999 (26)",
    "birthplace": null,
    "experience": null,
    "draftInfo": "Draft Info2022: Rd 7, Pk 229 (SEA)"
  },
  {
    "team": "GB",
    "number": "",
    "name": "Jayden Reed11",
    "position": "WR",
    "height": "25",
    "weight": "5' 11\"",
    "age": "187 lbs",
    "college": "2",
    "playerId": "4362249",
    "profileUrl": "https://www.espn.com/nfl/player/_/id/4362249/jayden-reed",
    "headshot": "https://a.espncdn.com/combiner/i?img=/i/headshots/nfl/players/full/4362249.png",
    "birthdate": "Birthdate4/28/2000 (25)",
    "birthplace": null,
    "experience": null,
    "draftInfo": "Draft Info2023: Rd 2, Pk 50 (GB)"
  },
  {
    "team": "GB",
    "number": "",
    "name": "Christian Watson9",
    "position": "WR",
    "height": "26",
    "weight": "6' 4\"",
    "age": "208 lbs",
    "college": "3",
    "playerId": "4248528",
    "profileUrl": "https://www.espn.com/nfl/player/_/id/4248528/christian-watson",
    "headshot": "https://a.espncdn.com/combiner/i?img=/i/headshots/nfl/players/full/4248528.png",
    "birthdate": "Birthdate5/12/1999 (26)",
    "birthplace": null,
    "experience": null,
    "draftInfo": "Draft Info2022: Rd 2, Pk 34 (GB)"
  },
  {
    "team": "GB",
    "number": "",
    "name": "Dontayvion Wicks13",
    "position": "WR",
    "height": "23",
    "weight": "6' 1\"",
    "age": "206 lbs",
    "college": "2",
    "playerId": "4428850",
    "profileUrl": "https://www.espn.com/nfl/player/_/id/4428850/dontayvion-wicks",
    "headshot": "https://a.espncdn.com/combiner/i?img=/i/headshots/nfl/players/full/4428850.png",
    "birthdate": "Birthdate6/16/2001 (23)",
    "birthplace": null,
    "experience": null,
    "draftInfo": "Draft Info2023: Rd 5, Pk 159 (GB)"
  },
  {
    "team": "GB",
    "number": "",
    "name": "Savion Williams",
    "position": "WR",
    "height": "23",
    "weight": "6' 5\"",
    "age": "225 lbs",
    "college": "R",
    "playerId": "4431487",
    "profileUrl": "https://www.espn.com/nfl/player/_/id/4431487/savion-williams",
    "headshot": "https://a.espncdn.com/combiner/i?img=/i/headshots/nfl/players/full/4431487.png",
    "birthdate": "Birthdate11/22/2001 (23)",
    "birthplace": null,
    "experience": null,
    "draftInfo": "Draft Info2025: Rd 3, Pk 87 (GB)"
  },
  {
    "team": "GB",
    "number": "",
    "name": "John FitzPatrick86",
    "position": "TE",
    "height": "25",
    "weight": "6' 7\"",
    "age": "262 lbs",
    "college": "3",
    "playerId": "4379401",
    "profileUrl": "https://www.espn.com/nfl/player/_/id/4379401/john-fitzpatrick",
    "headshot": "https://a.espncdn.com/combiner/i?img=/i/headshots/nfl/players/full/4379401.png",
    "birthdate": "Birthdate3/9/2000 (25)",
    "birthplace": null,
    "experience": null,
    "draftInfo": "Draft Info2022: Rd 6, Pk 213 (ATL)"
  },
  {
    "team": "GB",
    "number": "",
    "name": "Tucker Kraft85",
    "position": "TE",
    "height": "24",
    "weight": "6' 5\"",
    "age": "259 lbs",
    "college": "2",
    "playerId": "4572680",
    "profileUrl": "https://www.espn.com/nfl/player/_/id/4572680/tucker-kraft",
    "headshot": "https://a.espncdn.com/combiner/i?img=/i/headshots/nfl/players/full/4572680.png",
    "birthdate": "Birthdate11/3/2000 (24)",
    "birthplace": null,
    "experience": null,
    "draftInfo": "Draft Info2023: Rd 3, Pk 78 (GB)"
  },
  {
    "team": "GB",
    "number": "",
    "name": "Johnny Lumpkin86",
    "position": "TE",
    "height": "27",
    "weight": "6' 5\"",
    "age": "264 lbs",
    "college": "1",
    "playerId": "4363098",
    "profileUrl": "https://www.espn.com/nfl/player/_/id/4363098/johnny-lumpkin",
    "headshot": "https://a.espncdn.com/combiner/i?img=/i/headshots/nfl/players/full/4363098.png",
    "birthdate": "Birthdate9/3/1997 (27)",
    "birthplace": null,
    "experience": "Experience1st Season",
    "draftInfo": null
  },
  {
    "team": "GB",
    "number": "",
    "name": "Luke Musgrave88",
    "position": "TE",
    "height": "24",
    "weight": "6' 6\"",
    "age": "253 lbs",
    "college": "2",
    "playerId": "4428085",
    "profileUrl": "https://www.espn.com/nfl/player/_/id/4428085/luke-musgrave",
    "headshot": "https://a.espncdn.com/combiner/i?img=/i/headshots/nfl/players/full/4428085.png",
    "birthdate": "Birthdate9/2/2000 (24)",
    "birthplace": null,
    "experience": null,
    "draftInfo": "Draft Info2023: Rd 2, Pk 42 (GB)"
  },
  {
    "team": "GB",
    "number": "",
    "name": "Ben Sims89",
    "position": "TE",
    "height": "25",
    "weight": "6' 5\"",
    "age": "250 lbs",
    "college": "2",
    "playerId": "4373030",
    "profileUrl": "https://www.espn.com/nfl/player/_/id/4373030/ben-sims",
    "headshot": "https://a.espncdn.com/combiner/i?img=/i/headshots/nfl/players/full/4373030.png",
    "birthdate": "Birthdate5/16/2000 (25)",
    "birthplace": null,
    "experience": "Experience2nd Season",
    "draftInfo": null
  },
  {
    "team": "GB",
    "number": "",
    "name": "Messiah Swinson48",
    "position": "TE",
    "height": "25",
    "weight": "6' 7\"",
    "age": "259 lbs",
    "college": "R",
    "playerId": "4362770",
    "profileUrl": "https://www.espn.com/nfl/player/_/id/4362770/messiah-swinson",
    "headshot": "https://a.espncdn.com/combiner/i?img=/i/headshots/nfl/players/full/4362770.png",
    "birthdate": "Birthdate4/20/2000 (25)",
    "birthplace": null,
    "experience": "ExperienceRookie",
    "draftInfo": null
  },
  {
    "team": "GB",
    "number": "",
    "name": "Trey Hill",
    "position": "C",
    "height": "25",
    "weight": "6' 4\"",
    "age": "319 lbs",
    "college": "4",
    "playerId": "4361787",
    "profileUrl": "https://www.espn.com/nfl/player/_/id/4361787/trey-hill",
    "headshot": "https://a.espncdn.com/combiner/i?img=/i/headshots/nfl/players/full/4361787.png",
    "birthdate": "Birthdate1/23/2000 (25)",
    "birthplace": null,
    "experience": null,
    "draftInfo": "Draft Info2021: Rd 6, Pk 190 (CIN)"
  },
  {
    "team": "GB",
    "number": "",
    "name": "Jacob Monk62",
    "position": "C",
    "height": "23",
    "weight": "6' 3\"",
    "age": "308 lbs",
    "college": "R",
    "playerId": "4428037",
    "profileUrl": "https://www.espn.com/nfl/player/_/id/4428037/jacob-monk",
    "headshot": "https://a.espncdn.com/combiner/i?img=/i/headshots/nfl/players/full/4428037.png",
    "birthdate": "Birthdate6/4/2001 (23)",
    "birthplace": null,
    "experience": null,
    "draftInfo": "Draft Info2024: Rd 5, Pk 163 (GB)"
  },
  {
    "team": "GB",
    "number": "",
    "name": "Aaron Banks",
    "position": "G",
    "height": "27",
    "weight": "6' 5\"",
    "age": "325 lbs",
    "college": "4",
    "playerId": "4242390",
    "profileUrl": "https://www.espn.com/nfl/player/_/id/4242390/aaron-banks",
    "headshot": "https://a.espncdn.com/combiner/i?img=/i/headshots/nfl/players/full/4242390.png",
    "birthdate": "Birthdate9/3/1997 (27)",
    "birthplace": null,
    "experience": null,
    "draftInfo": "Draft Info2021: Rd 2, Pk 48 (SF)"
  },
  {
    "team": "GB",
    "number": "",
    "name": "Tyler Cooper",
    "position": "G",
    "height": "--",
    "weight": "6' 6\"",
    "age": "310 lbs",
    "college": "4",
    "playerId": "4429456",
    "profileUrl": "https://www.espn.com/nfl/player/_/id/4429456/tyler-cooper",
    "headshot": "https://a.espncdn.com/combiner/i?img=/i/headshots/college-football/players/full/4429456.png",
    "birthdate": null,
    "birthplace": "BirthplaceSaint Croix Falls, WI",
    "experience": "Experience4th Season",
    "draftInfo": null
  },
  {
    "team": "GB",
    "number": "",
    "name": "Elgton Jenkins74",
    "position": "G",
    "height": "29",
    "weight": "6' 5\"",
    "age": "311 lbs",
    "college": "6",
    "playerId": "3115485",
    "profileUrl": "https://www.espn.com/nfl/player/_/id/3115485/elgton-jenkins",
    "headshot": "https://a.espncdn.com/combiner/i?img=/i/headshots/nfl/players/full/3115485.png",
    "birthdate": "Birthdate12/26/1995 (29)",
    "birthplace": null,
    "experience": null,
    "draftInfo": "Draft Info2019: Rd 2, Pk 44 (GB)"
  },
  {
    "team": "GB",
    "number": "",
    "name": "Donovan Jennings67",
    "position": "G",
    "height": "25",
    "weight": "6' 4\"",
    "age": "323 lbs",
    "college": "R",
    "playerId": "4360887",
    "profileUrl": "https://www.espn.com/nfl/player/_/id/4360887/donovan-jennings",
    "headshot": "https://a.espncdn.com/combiner/i?img=/i/headshots/nfl/players/full/4360887.png",
    "birthdate": "Birthdate11/24/1999 (25)",
    "birthplace": null,
    "experience": "ExperienceRookie",
    "draftInfo": null
  },
  {
    "team": "GB",
    "number": "",
    "name": "J.J. Lippe",
    "position": "G",
    "height": "--",
    "weight": "6' 5\"",
    "age": "311 lbs",
    "college": "R",
    "playerId": "4427812",
    "profileUrl": "https://www.espn.com/nfl/player/_/id/4427812/jj-lippe",
    "headshot": "https://a.espncdn.com/combiner/i?img=/i/headshots/college-football/players/full/4427812.png",
    "birthdate": null,
    "birthplace": "BirthplaceMilwaukee, WI",
    "experience": "ExperienceRookie",
    "draftInfo": null
  },
  {
    "team": "GB",
    "number": "",
    "name": "Sean Rhyan75",
    "position": "G",
    "height": "24",
    "weight": "6' 5\"",
    "age": "321 lbs",
    "college": "3",
    "playerId": "4426411",
    "profileUrl": "https://www.espn.com/nfl/player/_/id/4426411/sean-rhyan",
    "headshot": "https://a.espncdn.com/combiner/i?img=/i/headshots/nfl/players/full/4426411.png",
    "birthdate": "Birthdate9/15/2000 (24)",
    "birthplace": null,
    "experience": null,
    "draftInfo": "Draft Info2022: Rd 3, Pk 92 (GB)"
  },
  {
    "team": "GB",
    "number": "",
    "name": "Zach Tom50",
    "position": "G",
    "height": "26",
    "weight": "6' 4\"",
    "age": "304 lbs",
    "college": "3",
    "playerId": "4240435",
    "profileUrl": "https://www.espn.com/nfl/player/_/id/4240435/zach-tom",
    "headshot": "https://a.espncdn.com/combiner/i?img=/i/headshots/nfl/players/full/4240435.png",
    "birthdate": "Birthdate3/26/1999 (26)",
    "birthplace": null,
    "experience": null,
    "draftInfo": "Draft Info2022: Rd 4, Pk 140 (GB)"
  },
  {
    "team": "GB",
    "number": "",
    "name": "Brant Banks",
    "position": "OT",
    "height": "25",
    "weight": "6' 7\"",
    "age": "318 lbs",
    "college": "R",
    "playerId": "4426623",
    "profileUrl": "https://www.espn.com/nfl/player/_/id/4426623/brant-banks",
    "headshot": "https://a.espncdn.com/combiner/i?img=/i/headshots/college-football/players/full/4426623.png",
    "birthdate": "Birthdate5/1/2000 (25)",
    "birthplace": null,
    "experience": "ExperienceRookie",
    "draftInfo": null
  },
  {
    "team": "GB",
    "number": "",
    "name": "Anthony Belton",
    "position": "OT",
    "height": "24",
    "weight": "6' 6\"",
    "age": "336 lbs",
    "college": "R",
    "playerId": "4873706",
    "profileUrl": "https://www.espn.com/nfl/player/_/id/4873706/anthony-belton",
    "headshot": "https://a.espncdn.com/combiner/i?img=/i/headshots/nfl/players/full/4873706.png",
    "birthdate": "Birthdate2/23/2001 (24)",
    "birthplace": null,
    "experience": null,
    "draftInfo": "Draft Info2025: Rd 2, Pk 54 (GB)"
  },
  {
    "team": "GB",
    "number": "",
    "name": "Travis Glover79",
    "position": "OT",
    "height": "24",
    "weight": "6' 6\"",
    "age": "317 lbs",
    "college": "R",
    "playerId": "4361904",
    "profileUrl": "https://www.espn.com/nfl/player/_/id/4361904/travis-glover",
    "headshot": "https://a.espncdn.com/combiner/i?img=/i/headshots/nfl/players/full/4361904.png",
    "birthdate": "Birthdate8/17/2000 (24)",
    "birthplace": null,
    "experience": null,
    "draftInfo": "Draft Info2024: Rd 6, Pk 202 (GB)"
  },
  {
    "team": "GB",
    "number": "",
    "name": "Jordan Morgan77",
    "position": "OT",
    "height": "23",
    "weight": "6' 5\"",
    "age": "311 lbs",
    "college": "R",
    "playerId": "3821571",
    "profileUrl": "https://www.espn.com/nfl/player/_/id/3821571/jordan-morgan",
    "headshot": "https://a.espncdn.com/combiner/i?img=/i/headshots/nfl/players/full/3821571.png",
    "birthdate": "Birthdate8/4/2001 (23)",
    "birthplace": null,
    "experience": null,
    "draftInfo": "Draft Info2024: Rd 1, Pk 25 (GB)"
  },
  {
    "team": "GB",
    "number": "",
    "name": "Kadeem Telfort76",
    "position": "OT",
    "height": "26",
    "weight": "6' 7\"",
    "age": "322 lbs",
    "college": "1",
    "playerId": "4240615",
    "profileUrl": "https://www.espn.com/nfl/player/_/id/4240615/kadeem-telfort",
    "headshot": "https://a.espncdn.com/combiner/i?img=/i/headshots/nfl/players/full/4240615.png",
    "birthdate": "Birthdate11/10/1998 (26)",
    "birthplace": null,
    "experience": "Experience1st Season",
    "draftInfo": null
  },
  {
    "team": "GB",
    "number": "",
    "name": "Rasheed Walker63",
    "position": "OT",
    "height": "25",
    "weight": "6' 6\"",
    "age": "324 lbs",
    "college": "3",
    "playerId": "4361429",
    "profileUrl": "https://www.espn.com/nfl/player/_/id/4361429/rasheed-walker",
    "headshot": "https://a.espncdn.com/combiner/i?img=/i/headshots/nfl/players/full/4361429.png",
    "birthdate": "Birthdate2/13/2000 (25)",
    "birthplace": null,
    "experience": null,
    "draftInfo": "Draft Info2022: Rd 7, Pk 249 (GB)"
  },
  {
    "team": "GB",
    "number": "",
    "name": "John Williams",
    "position": "OT",
    "height": "--",
    "weight": "6' 5\"",
    "age": "320 lbs",
    "college": "R",
    "playerId": "2312707",
    "profileUrl": "https://www.espn.com/nfl/player/_/id/2312707/john-williams",
    "headshot": "https://a.espncdn.com/combiner/i?img=/i/headshots/college-football/players/full/383510.png",
    "birthdate": null,
    "birthplace": null,
    "experience": "ExperienceRookie",
    "draftInfo": "Draft Info2025: Rd 7, Pk 250 (GB)"
  },
  {
    "team": "GB",
    "number": "",
    "name": "Deslin Alexandre49",
    "position": "DE",
    "height": "26",
    "weight": "6' 3\"",
    "age": "264 lbs",
    "college": "1",
    "playerId": "4240728",
    "profileUrl": "https://www.espn.com/nfl/player/_/id/4240728/deslin-alexandre",
    "headshot": "https://a.espncdn.com/combiner/i?img=/i/headshots/nfl/players/full/4240728.png",
    "birthdate": "Birthdate6/11/1998 (26)",
    "birthplace": null,
    "experience": "Experience1st Season",
    "draftInfo": null
  },
  {
    "team": "GB",
    "number": "",
    "name": "Karl Brooks94",
    "position": "DE",
    "height": "25",
    "weight": "6' 3\"",
    "age": "296 lbs",
    "college": "2",
    "playerId": "4373423",
    "profileUrl": "https://www.espn.com/nfl/player/_/id/4373423/karl-brooks",
    "headshot": "https://a.espncdn.com/combiner/i?img=/i/headshots/nfl/players/full/4373423.png",
    "birthdate": "Birthdate5/8/2000 (25)",
    "birthplace": null,
    "experience": null,
    "draftInfo": "Draft Info2023: Rd 6, Pk 179 (GB)"
  },
  {
    "team": "GB",
    "number": "",
    "name": "Brenton Cox Jr.57",
    "position": "DE",
    "height": "25",
    "weight": "6' 4\"",
    "age": "250 lbs",
    "college": "2",
    "playerId": "4361776",
    "profileUrl": "https://www.espn.com/nfl/player/_/id/4361776/brenton-cox-jr",
    "headshot": "https://a.espncdn.com/combiner/i?img=/i/headshots/nfl/players/full/4361776.png",
    "birthdate": "Birthdate1/30/2000 (25)",
    "birthplace": null,
    "experience": "Experience2nd Season",
    "draftInfo": null
  },
  {
    "team": "GB",
    "number": "",
    "name": "Kingsley Enagbare55",
    "position": "DE",
    "height": "25",
    "weight": "6' 4\"",
    "age": "258 lbs",
    "college": "3",
    "playerId": "4362840",
    "profileUrl": "https://www.espn.com/nfl/player/_/id/4362840/kingsley-enagbare",
    "headshot": "https://a.espncdn.com/combiner/i?img=/i/headshots/nfl/players/full/4362840.png",
    "birthdate": "Birthdate1/18/2000 (25)",
    "birthplace": null,
    "experience": null,
    "draftInfo": "Draft Info2022: Rd 5, Pk 179 (GB)"
  },
  {
    "team": "GB",
    "number": "",
    "name": "Rashan Gary52",
    "position": "DE",
    "height": "27",
    "weight": "6' 5\"",
    "age": "277 lbs",
    "college": "6",
    "playerId": "4046523",
    "profileUrl": "https://www.espn.com/nfl/player/_/id/4046523/rashan-gary",
    "headshot": "https://a.espncdn.com/combiner/i?img=/i/headshots/nfl/players/full/4046523.png",
    "birthdate": "Birthdate12/3/1997 (27)",
    "birthplace": null,
    "experience": null,
    "draftInfo": "Draft Info2019: Rd 1, Pk 12 (GB)"
  },
  {
    "team": "GB",
    "number": "",
    "name": "Jeremiah Martin51",
    "position": "DE",
    "height": "24",
    "weight": "6' 3\"",
    "age": "265 lbs",
    "college": "1",
    "playerId": "4372523",
    "profileUrl": "https://www.espn.com/nfl/player/_/id/4372523/jeremiah-martin",
    "headshot": "https://a.espncdn.com/combiner/i?img=/i/headshots/nfl/players/full/4372523.png",
    "birthdate": "Birthdate7/10/2000 (24)",
    "birthplace": null,
    "experience": "Experience1st Season",
    "draftInfo": null
  },
  {
    "team": "GB",
    "number": "",
    "name": "Arron Mosby53",
    "position": "DE",
    "height": "26",
    "weight": "6' 3\"",
    "age": "250 lbs",
    "college": "2",
    "playerId": "4242996",
    "profileUrl": "https://www.espn.com/nfl/player/_/id/4242996/arron-mosby",
    "headshot": "https://a.espncdn.com/combiner/i?img=/i/headshots/nfl/players/full/4242996.png",
    "birthdate": "Birthdate4/13/1999 (26)",
    "birthplace": null,
    "experience": "Experience2nd Season",
    "draftInfo": null
  },
  {
    "team": "GB",
    "number": "",
    "name": "Barryn Sorrell",
    "position": "DE",
    "height": "22",
    "weight": "6' 4\"",
    "age": "260 lbs",
    "college": "R",
    "playerId": "4683643",
    "profileUrl": "https://www.espn.com/nfl/player/_/id/4683643/barryn-sorrell",
    "headshot": "https://a.espncdn.com/combiner/i?img=/i/headshots/nfl/players/full/4683643.png",
    "birthdate": "Birthdate12/22/2002 (22)",
    "birthplace": null,
    "experience": null,
    "draftInfo": "Draft Info2025: Rd 4, Pk 124 (GB)"
  },
  {
    "team": "GB",
    "number": "",
    "name": "Lukas Van Ness90",
    "position": "DE",
    "height": "23",
    "weight": "6' 5\"",
    "age": "272 lbs",
    "college": "2",
    "playerId": "4686906",
    "profileUrl": "https://www.espn.com/nfl/player/_/id/4686906/lukas-van-ness",
    "headshot": "https://a.espncdn.com/combiner/i?img=/i/headshots/nfl/players/full/4686906.png",
    "birthdate": "Birthdate7/6/2001 (23)",
    "birthplace": null,
    "experience": null,
    "draftInfo": "Draft Info2023: Rd 1, Pk 13 (GB)"
  },
  {
    "team": "GB",
    "number": "",
    "name": "Warren Brinson",
    "position": "DT",
    "height": "23",
    "weight": "6' 4\"",
    "age": "310 lbs",
    "college": "R",
    "playerId": "4429136",
    "profileUrl": "https://www.espn.com/nfl/player/_/id/4429136/warren-brinson",
    "headshot": "https://a.espncdn.com/combiner/i?img=/i/headshots/nfl/players/full/4429136.png",
    "birthdate": "Birthdate2/4/2002 (23)",
    "birthplace": null,
    "experience": null,
    "draftInfo": "Draft Info2025: Rd 6, Pk 198 (GB)"
  },
  {
    "team": "GB",
    "number": "",
    "name": "Kenny Clark97",
    "position": "DT",
    "height": "29",
    "weight": "6' 3\"",
    "age": "314 lbs",
    "college": "9",
    "playerId": "3122752",
    "profileUrl": "https://www.espn.com/nfl/player/_/id/3122752/kenny-clark",
    "headshot": "https://a.espncdn.com/combiner/i?img=/i/headshots/nfl/players/full/3122752.png",
    "birthdate": "Birthdate10/4/1995 (29)",
    "birthplace": null,
    "experience": null,
    "draftInfo": "Draft Info2016: Rd 1, Pk 27 (GB)"
  },
  {
    "team": "GB",
    "number": "",
    "name": "James Ester65",
    "position": "DT",
    "height": "23",
    "weight": "6' 3\"",
    "age": "289 lbs",
    "college": "R",
    "playerId": "4429576",
    "profileUrl": "https://www.espn.com/nfl/player/_/id/4429576/james-ester",
    "headshot": "https://a.espncdn.com/combiner/i?img=/i/headshots/nfl/players/full/4429576.png",
    "birthdate": "Birthdate8/30/2001 (23)",
    "birthplace": null,
    "experience": "ExperienceRookie",
    "draftInfo": null
  },
  {
    "team": "GB",
    "number": "",
    "name": "Keith Randolph Jr.",
    "position": "DT",
    "height": "23",
    "weight": "6' 4\"",
    "age": "296 lbs",
    "college": "R",
    "playerId": "4430349",
    "profileUrl": "https://www.espn.com/nfl/player/_/id/4430349/keith-randolph-jr",
    "headshot": "https://a.espncdn.com/combiner/i?img=/i/headshots/nfl/players/full/4430349.png",
    "birthdate": "Birthdate9/1/2001 (23)",
    "birthplace": null,
    "experience": "ExperienceRookie",
    "draftInfo": null
  },
  {
    "team": "GB",
    "number": "",
    "name": "Nesta Jade Silvera",
    "position": "DT",
    "height": "25",
    "weight": "6' 2\"",
    "age": "304 lbs",
    "college": "2",
    "playerId": "4362497",
    "profileUrl": "https://www.espn.com/nfl/player/_/id/4362497/nesta-jade-silvera",
    "headshot": "https://a.espncdn.com/combiner/i?img=/i/headshots/nfl/players/full/4362497.png",
    "birthdate": "Birthdate1/23/2000 (25)",
    "birthplace": null,
    "experience": null,
    "draftInfo": "Draft Info2023: Rd 7, Pk 231 (LV)"
  },
  {
    "team": "GB",
    "number": "",
    "name": "Nazir Stackhouse",
    "position": "DT",
    "height": "--",
    "weight": "6' 3\"",
    "age": "320 lbs",
    "college": "R",
    "playerId": "4429142",
    "profileUrl": "https://www.espn.com/nfl/player/_/id/4429142/nazir-stackhouse",
    "headshot": "https://a.espncdn.com/combiner/i?img=/i/headshots/college-football/players/full/4429142.png",
    "birthdate": null,
    "birthplace": "BirthplaceStone Mountain, GA",
    "experience": "ExperienceRookie",
    "draftInfo": null
  },
  {
    "team": "GB",
    "number": "",
    "name": "Colby Wooden96",
    "position": "DT",
    "height": "24",
    "weight": "6' 4\"",
    "age": "273 lbs",
    "college": "2",
    "playerId": "4567224",
    "profileUrl": "https://www.espn.com/nfl/player/_/id/4567224/colby-wooden",
    "headshot": "https://a.espncdn.com/combiner/i?img=/i/headshots/nfl/players/full/4567224.png",
    "birthdate": "Birthdate12/21/2000 (24)",
    "birthplace": null,
    "experience": null,
    "draftInfo": "Draft Info2023: Rd 4, Pk 116 (GB)"
  },
  {
    "team": "GB",
    "number": "",
    "name": "Devonte Wyatt95",
    "position": "DT",
    "height": "27",
    "weight": "6' 3\"",
    "age": "304 lbs",
    "college": "3",
    "playerId": "4361791",
    "profileUrl": "https://www.espn.com/nfl/player/_/id/4361791/devonte-wyatt",
    "headshot": "https://a.espncdn.com/combiner/i?img=/i/headshots/nfl/players/full/4361791.png",
    "birthdate": "Birthdate3/31/1998 (27)",
    "birthplace": null,
    "experience": null,
    "draftInfo": "Draft Info2022: Rd 1, Pk 28 (GB)"
  },
  {
    "team": "GB",
    "number": "",
    "name": "Edgerrin Cooper56",
    "position": "LB",
    "height": "23",
    "weight": "6' 2\"",
    "age": "229 lbs",
    "college": "R",
    "playerId": "4430438",
    "profileUrl": "https://www.espn.com/nfl/player/_/id/4430438/edgerrin-cooper",
    "headshot": "https://a.espncdn.com/combiner/i?img=/i/headshots/nfl/players/full/4430438.png",
    "birthdate": "Birthdate11/17/2001 (23)",
    "birthplace": null,
    "experience": null,
    "draftInfo": "Draft Info2024: Rd 2, Pk 45 (GB)"
  },
  {
    "team": "GB",
    "number": "",
    "name": "Jamon Dumas-Johnson",
    "position": "LB",
    "height": "--",
    "weight": "6' 1\"",
    "age": "245 lbs",
    "college": "R",
    "playerId": "4569680",
    "profileUrl": "https://www.espn.com/nfl/player/_/id/4569680/jamon-dumas-johnson",
    "headshot": "https://a.espncdn.com/combiner/i?img=/i/headshots/college-football/players/full/4569680.png",
    "birthdate": null,
    "birthplace": "BirthplaceHyattsville, MD",
    "experience": "ExperienceRookie",
    "draftInfo": null
  },
  {
    "team": "GB",
    "number": "",
    "name": "Ty'Ron Hopper59",
    "position": "LB",
    "height": "24",
    "weight": "6' 2\"",
    "age": "228 lbs",
    "college": "R",
    "playerId": "4567406",
    "profileUrl": "https://www.espn.com/nfl/player/_/id/4567406/tyron-hopper",
    "headshot": "https://a.espncdn.com/combiner/i?img=/i/headshots/nfl/players/full/4567406.png",
    "birthdate": "Birthdate4/26/2001 (24)",
    "birthplace": null,
    "experience": null,
    "draftInfo": "Draft Info2024: Rd 3, Pk 91 (GB)"
  },
  {
    "team": "GB",
    "number": "",
    "name": "Isaiah McDuffie58",
    "position": "LB",
    "height": "25",
    "weight": "6' 1\"",
    "age": "227 lbs",
    "college": "4",
    "playerId": "4239947",
    "profileUrl": "https://www.espn.com/nfl/player/_/id/4239947/isaiah-mcduffie",
    "headshot": "https://a.espncdn.com/combiner/i?img=/i/headshots/nfl/players/full/4239947.png",
    "birthdate": "Birthdate7/21/1999 (25)",
    "birthplace": null,
    "experience": null,
    "draftInfo": "Draft Info2021: Rd 6, Pk 220 (GB)"
  },
  {
    "team": "GB",
    "number": "",
    "name": "Collin Oliver",
    "position": "LB",
    "height": "22",
    "weight": "6' 2\"",
    "age": "240 lbs",
    "college": "R",
    "playerId": "4683059",
    "profileUrl": "https://www.espn.com/nfl/player/_/id/4683059/collin-oliver",
    "headshot": "https://a.espncdn.com/combiner/i?img=/i/headshots/nfl/players/full/4683059.png",
    "birthdate": "Birthdate9/23/2002 (22)",
    "birthplace": null,
    "experience": null,
    "draftInfo": "Draft Info2025: Rd 5, Pk 159 (GB)"
  },
  {
    "team": "GB",
    "number": "",
    "name": "Isaiah Simmons",
    "position": "LB",
    "height": "26",
    "weight": "6' 4\"",
    "age": "238 lbs",
    "college": "5",
    "playerId": "4035462",
    "profileUrl": "https://www.espn.com/nfl/player/_/id/4035462/isaiah-simmons",
    "headshot": "https://a.espncdn.com/combiner/i?img=/i/headshots/nfl/players/full/4035462.png",
    "birthdate": "Birthdate7/26/1998 (26)",
    "birthplace": null,
    "experience": null,
    "draftInfo": "Draft Info2020: Rd 1, Pk 8 (ARI)"
  },
  {
    "team": "GB",
    "number": "",
    "name": "Quay Walker7",
    "position": "LB",
    "height": "25",
    "weight": "6' 4\"",
    "age": "241 lbs",
    "college": "3",
    "playerId": "4379416",
    "profileUrl": "https://www.espn.com/nfl/player/_/id/4379416/quay-walker",
    "headshot": "https://a.espncdn.com/combiner/i?img=/i/headshots/nfl/players/full/4379416.png",
    "birthdate": "Birthdate5/8/2000 (25)",
    "birthplace": null,
    "experience": null,
    "draftInfo": "Draft Info2022: Rd 1, Pk 22 (GB)"
  },
  {
    "team": "GB",
    "number": "",
    "name": "Kristian Welch54",
    "position": "LB",
    "height": "26",
    "weight": "6' 3\"",
    "age": "239 lbs",
    "college": "5",
    "playerId": "4036153",
    "profileUrl": "https://www.espn.com/nfl/player/_/id/4036153/kristian-welch",
    "headshot": "https://a.espncdn.com/combiner/i?img=/i/headshots/nfl/players/full/4036153.png",
    "birthdate": "Birthdate5/24/1998 (26)",
    "birthplace": null,
    "experience": "Experience5th Season",
    "draftInfo": null
  },
  {
    "team": "GB",
    "number": "",
    "name": "Jaire Alexander23",
    "position": "CB",
    "height": "28",
    "weight": "5' 10\"",
    "age": "196 lbs",
    "college": "7",
    "playerId": "3895429",
    "profileUrl": "https://www.espn.com/nfl/player/_/id/3895429/jaire-alexander",
    "headshot": "https://a.espncdn.com/combiner/i?img=/i/headshots/nfl/players/full/3895429.png",
    "birthdate": "Birthdate2/9/1997 (28)",
    "birthplace": null,
    "experience": null,
    "draftInfo": "Draft Info2018: Rd 1, Pk 18 (GB)"
  },
  {
    "team": "GB",
    "number": "",
    "name": "Isaiah Dunn",
    "position": "CB",
    "height": "26",
    "weight": "6' 0\"",
    "age": "189 lbs",
    "college": "2",
    "playerId": "4255989",
    "profileUrl": "https://www.espn.com/nfl/player/_/id/4255989/isaiah-dunn",
    "headshot": "https://a.espncdn.com/combiner/i?img=/i/headshots/nfl/players/full/4255989.png",
    "birthdate": "Birthdate1/31/1999 (26)",
    "birthplace": null,
    "experience": "Experience2nd Season",
    "draftInfo": null
  },
  {
    "team": "GB",
    "number": "",
    "name": "Kamal Hadden36",
    "position": "CB",
    "height": "24",
    "weight": "6' 1\"",
    "age": "192 lbs",
    "college": "R",
    "playerId": "4427356",
    "profileUrl": "https://www.espn.com/nfl/player/_/id/4427356/kamal-hadden",
    "headshot": "https://a.espncdn.com/combiner/i?img=/i/headshots/nfl/players/full/4427356.png",
    "birthdate": "Birthdate1/17/2001 (24)",
    "birthplace": null,
    "experience": null,
    "draftInfo": "Draft Info2024: Rd 6, Pk 211 (KC)"
  },
  {
    "team": "GB",
    "number": "",
    "name": "Kaleb Hayes",
    "position": "CB",
    "height": "26",
    "weight": "6' 0\"",
    "age": "194 lbs",
    "college": "1",
    "playerId": "4255984",
    "profileUrl": "https://www.espn.com/nfl/player/_/id/4255984/kaleb-hayes",
    "headshot": "https://a.espncdn.com/combiner/i?img=/i/headshots/nfl/players/full/4255984.png",
    "birthdate": "Birthdate3/19/1999 (26)",
    "birthplace": null,
    "experience": "Experience1st Season",
    "draftInfo": null
  },
  {
    "team": "GB",
    "number": "",
    "name": "Tyron Herring",
    "position": "CB",
    "height": "--",
    "weight": "6' 2\"",
    "age": "195 lbs",
    "college": "R",
    "playerId": "4427461",
    "profileUrl": "https://www.espn.com/nfl/player/_/id/4427461/tyron-herring",
    "headshot": "https://a.espncdn.com/combiner/i?img=/i/headshots/college-football/players/full/4427461.png",
    "birthdate": null,
    "birthplace": "BirthplaceDelray Beach, FL",
    "experience": "ExperienceRookie",
    "draftInfo": null
  },
  {
    "team": "GB",
    "number": "",
    "name": "Nate Hobbs",
    "position": "CB",
    "height": "25",
    "weight": "6' 0\"",
    "age": "195 lbs",
    "college": "4",
    "playerId": "4240542",
    "profileUrl": "https://www.espn.com/nfl/player/_/id/4240542/nate-hobbs",
    "headshot": "https://a.espncdn.com/combiner/i?img=/i/headshots/nfl/players/full/4240542.png",
    "birthdate": "Birthdate6/24/1999 (25)",
    "birthplace": null,
    "experience": null,
    "draftInfo": "Draft Info2021: Rd 5, Pk 167 (LV)"
  },
  {
    "team": "GB",
    "number": "",
    "name": "Kalen King34",
    "position": "CB",
    "height": "22",
    "weight": "5' 11\"",
    "age": "190 lbs",
    "college": "R",
    "playerId": "4431433",
    "profileUrl": "https://www.espn.com/nfl/player/_/id/4431433/kalen-king",
    "headshot": "https://a.espncdn.com/combiner/i?img=/i/headshots/nfl/players/full/4431433.png",
    "birthdate": "Birthdate1/28/2003 (22)",
    "birthplace": null,
    "experience": null,
    "draftInfo": "Draft Info2024: Rd 7, Pk 255 (GB)"
  },
  {
    "team": "GB",
    "number": "",
    "name": "Keisean Nixon25",
    "position": "CB",
    "height": "27",
    "weight": "5' 10\"",
    "age": "200 lbs",
    "college": "6",
    "playerId": "4259493",
    "profileUrl": "https://www.espn.com/nfl/player/_/id/4259493/keisean-nixon",
    "headshot": "https://a.espncdn.com/combiner/i?img=/i/headshots/nfl/players/full/4259493.png",
    "birthdate": "Birthdate6/22/1997 (27)",
    "birthplace": null,
    "experience": "Experience6th Season",
    "draftInfo": null
  },
  {
    "team": "GB",
    "number": "",
    "name": "Micah Robinson",
    "position": "CB",
    "height": "23",
    "weight": "6' 0\"",
    "age": "184 lbs",
    "college": "R",
    "playerId": "4695280",
    "profileUrl": "https://www.espn.com/nfl/player/_/id/4695280/micah-robinson",
    "headshot": "https://a.espncdn.com/combiner/i?img=/i/headshots/nfl/players/full/4695280.png",
    "birthdate": "Birthdate2/5/2002 (23)",
    "birthplace": null,
    "experience": null,
    "draftInfo": "Draft Info2025: Rd 7, Pk 237 (GB)"
  },
  {
    "team": "GB",
    "number": "",
    "name": "Carrington Valentine24",
    "position": "CB",
    "height": "23",
    "weight": "6' 0\"",
    "age": "189 lbs",
    "college": "2",
    "playerId": "4430965",
    "profileUrl": "https://www.espn.com/nfl/player/_/id/4430965/carrington-valentine",
    "headshot": "https://a.espncdn.com/combiner/i?img=/i/headshots/nfl/players/full/4430965.png",
    "birthdate": "Birthdate9/9/2001 (23)",
    "birthplace": null,
    "experience": null,
    "draftInfo": "Draft Info2023: Rd 7, Pk 232 (GB)"
  },
  {
    "team": "GB",
    "number": "",
    "name": "Zayne Anderson39",
    "position": "S",
    "height": "28",
    "weight": "6' 2\"",
    "age": "206 lbs",
    "college": "2",
    "playerId": "3932335",
    "profileUrl": "https://www.espn.com/nfl/player/_/id/3932335/zayne-anderson",
    "headshot": "https://a.espncdn.com/combiner/i?img=/i/headshots/nfl/players/full/3932335.png",
    "birthdate": "Birthdate1/3/1997 (28)",
    "birthplace": null,
    "experience": "Experience2nd Season",
    "draftInfo": null
  },
  {
    "team": "GB",
    "number": "",
    "name": "Johnathan Baldwin",
    "position": "S",
    "height": "--",
    "weight": "6' 1\"",
    "age": "200 lbs",
    "college": "R",
    "playerId": "4709980",
    "profileUrl": "https://www.espn.com/nfl/player/_/id/4709980/johnathan-baldwin",
    "headshot": "https://a.espncdn.com/combiner/i?img=/i/headshots/college-football/players/full/4709980.png",
    "birthdate": null,
    "birthplace": "BirthplaceHouston, TX",
    "experience": "ExperienceRookie",
    "draftInfo": null
  },
  {
    "team": "GB",
    "number": "",
    "name": "Kahzir Brown",
    "position": "S",
    "height": "--",
    "weight": "6' 3\"",
    "age": "210 lbs",
    "college": "R",
    "playerId": "4877862",
    "profileUrl": "https://www.espn.com/nfl/player/_/id/4877862/kahzir-brown",
    "headshot": "https://a.espncdn.com/combiner/i?img=/i/headshots/college-football/players/full/4877862.png",
    "birthdate": null,
    "birthplace": "BirthplaceTrenton, NJ",
    "experience": "ExperienceRookie",
    "draftInfo": null
  },
  {
    "team": "GB",
    "number": "",
    "name": "Omar Brown40",
    "position": "S",
    "height": "24",
    "weight": "6' 1\"",
    "age": "205 lbs",
    "college": "R",
    "playerId": "4426794",
    "profileUrl": "https://www.espn.com/nfl/player/_/id/4426794/omar-brown",
    "headshot": "https://a.espncdn.com/combiner/i?img=/i/headshots/nfl/players/full/4426794.png",
    "birthdate": "Birthdate10/12/2000 (24)",
    "birthplace": null,
    "experience": "ExperienceRookie",
    "draftInfo": null
  },
  {
    "team": "GB",
    "number": "",
    "name": "Javon Bullard20",
    "position": "S",
    "height": "22",
    "weight": "5' 10\"",
    "age": "198 lbs",
    "college": "R",
    "playerId": "4688930",
    "profileUrl": "https://www.espn.com/nfl/player/_/id/4688930/javon-bullard",
    "headshot": "https://a.espncdn.com/combiner/i?img=/i/headshots/nfl/players/full/4688930.png",
    "birthdate": "Birthdate9/5/2002 (22)",
    "birthplace": null,
    "experience": null,
    "draftInfo": "Draft Info2024: Rd 2, Pk 58 (GB)"
  },
  {
    "team": "GB",
    "number": "",
    "name": "Xavier McKinney29",
    "position": "S",
    "height": "26",
    "weight": "6' 0\"",
    "age": "201 lbs",
    "college": "5",
    "playerId": "4241470",
    "profileUrl": "https://www.espn.com/nfl/player/_/id/4241470/xavier-mckinney",
    "headshot": "https://a.espncdn.com/combiner/i?img=/i/headshots/nfl/players/full/4241470.png",
    "birthdate": "Birthdate8/8/1998 (26)",
    "birthplace": null,
    "experience": null,
    "draftInfo": "Draft Info2020: Rd 2, Pk 36 (NYG)"
  },
  {
    "team": "GB",
    "number": "",
    "name": "Kitan Oladapo27",
    "position": "S",
    "height": "24",
    "weight": "6' 2\"",
    "age": "216 lbs",
    "college": "R",
    "playerId": "4374037",
    "profileUrl": "https://www.espn.com/nfl/player/_/id/4374037/kitan-oladapo",
    "headshot": "https://a.espncdn.com/combiner/i?img=/i/headshots/nfl/players/full/4374037.png",
    "birthdate": "Birthdate10/10/2000 (24)",
    "birthplace": null,
    "experience": null,
    "draftInfo": "Draft Info2024: Rd 5, Pk 169 (GB)"
  },
  {
    "team": "GB",
    "number": "",
    "name": "Evan Williams33",
    "position": "S",
    "height": "23",
    "weight": "5' 11\"",
    "age": "200 lbs",
    "college": "R",
    "playerId": "4428863",
    "profileUrl": "https://www.espn.com/nfl/player/_/id/4428863/evan-williams",
    "headshot": "https://a.espncdn.com/combiner/i?img=/i/headshots/nfl/players/full/4428863.png",
    "birthdate": "Birthdate7/28/2001 (23)",
    "birthplace": null,
    "experience": null,
    "draftInfo": "Draft Info2024: Rd 4, Pk 111 (GB)"
  },
  {
    "team": "GB",
    "number": "",
    "name": "Alex Hale16",
    "position": "PK",
    "height": "26",
    "weight": "6' 1\"",
    "age": "203 lbs",
    "college": "R",
    "playerId": "4361831",
    "profileUrl": "https://www.espn.com/nfl/player/_/id/4361831/alex-hale",
    "headshot": "https://a.espncdn.com/combiner/i?img=/i/headshots/college-football/players/full/4361831.png",
    "birthdate": "Birthdate7/3/1998 (26)",
    "birthplace": null,
    "experience": "ExperienceRookie",
    "draftInfo": null
  },
  {
    "team": "GB",
    "number": "",
    "name": "Brandon McManus17",
    "position": "PK",
    "height": "33",
    "weight": "6' 3\"",
    "age": "201 lbs",
    "college": "11",
    "playerId": "16339",
    "profileUrl": "https://www.espn.com/nfl/player/_/id/16339/brandon-mcmanus",
    "headshot": "https://a.espncdn.com/combiner/i?img=/i/headshots/nfl/players/full/16339.png",
    "birthdate": "Birthdate7/25/1991 (33)",
    "birthplace": null,
    "experience": "Experience11th Season",
    "draftInfo": null
  },
  {
    "team": "GB",
    "number": "",
    "name": "Daniel Whelan19",
    "position": "P",
    "height": "26",
    "weight": "6' 5\"",
    "age": "216 lbs",
    "college": "2",
    "playerId": "4248789",
    "profileUrl": "https://www.espn.com/nfl/player/_/id/4248789/daniel-whelan",
    "headshot": "https://a.espncdn.com/combiner/i?img=/i/headshots/nfl/players/full/4248789.png",
    "birthdate": "Birthdate2/10/1999 (26)",
    "birthplace": null,
    "experience": "Experience2nd Season",
    "draftInfo": null
  },
  {
    "team": "GB",
    "number": "",
    "name": "Matt Orzech42",
    "position": "LS",
    "height": "30",
    "weight": "6' 3\"",
    "age": "245 lbs",
    "college": "5",
    "playerId": "4422336",
    "profileUrl": "https://www.espn.com/nfl/player/_/id/4422336/matt-orzech",
    "headshot": "https://a.espncdn.com/combiner/i?img=/i/headshots/nfl/players/full/4422336.png",
    "birthdate": "Birthdate4/12/1995 (30)",
    "birthplace": null,
    "experience": "Experience5th Season",
    "draftInfo": null
  }
]