[
  {
    "team": "HOU",
    "number": "",
    "name": "Graham Mertz",
    "position": "QB",
    "height": "24",
    "weight": "6' 3\"",
    "age": "216 lbs",
    "college": "R",
    "playerId": "4426335",
    "profileUrl": "https://www.espn.com/nfl/player/_/id/4426335/graham-mertz",
    "headshot": "https://a.espncdn.com/combiner/i?img=/i/headshots/nfl/players/full/4426335.png",
    "birthdate": "Birthdate12/6/2000 (24)",
    "birthplace": null,
    "experience": null,
    "draftInfo": "Draft Info2025: Rd 6, Pk 197 (HOU)"
  },
  {
    "team": "HOU",
    "number": "",
    "name": "Davis Mills10",
    "position": "QB",
    "height": "26",
    "weight": "6' 4\"",
    "age": "225 lbs",
    "college": "4",
    "playerId": "4242546",
    "profileUrl": "https://www.espn.com/nfl/player/_/id/4242546/davis-mills",
    "headshot": "https://a.espncdn.com/combiner/i?img=/i/headshots/nfl/players/full/4242546.png",
    "birthdate": "Birthdate10/21/1998 (26)",
    "birthplace": null,
    "experience": null,
    "draftInfo": "Draft Info2021: Rd 3, Pk 67 (HOU)"
  },
  {
    "team": "HOU",
    "number": "",
    "name": "Kedon Slovis16",
    "position": "QB",
    "height": "24",
    "weight": "6' 2\"",
    "age": "223 lbs",
    "college": "R",
    "playerId": "4428512",
    "profileUrl": "https://www.espn.com/nfl/player/_/id/4428512/kedon-slovis",
    "headshot": "https://a.espncdn.com/combiner/i?img=/i/headshots/nfl/players/full/4428512.png",
    "birthdate": "Birthdate4/11/2001 (24)",
    "birthplace": null,
    "experience": "ExperienceRookie",
    "draftInfo": null
  },
  {
    "team": "HOU",
    "number": "",
    "name": "C.J. Stroud7",
    "position": "QB",
    "height": "23",
    "weight": "6' 3\"",
    "age": "218 lbs",
    "college": "2",
    "playerId": "4432577",
    "profileUrl": "https://www.espn.com/nfl/player/_/id/4432577/cj-stroud",
    "headshot": "https://a.espncdn.com/combiner/i?img=/i/headshots/nfl/players/full/4432577.png",
    "birthdate": "Birthdate10/3/2001 (23)",
    "birthplace": null,
    "experience": null,
    "draftInfo": "Draft Info2023: Rd 1, Pk 2 (HOU)"
  },
  {
    "team": "HOU",
    "number": "",
    "name": "British Brooks44",
    "position": "RB",
    "height": "25",
    "weight": "5' 11\"",
    "age": "225 lbs",
    "college": "R",
    "playerId": "4373273",
    "profileUrl": "https://www.espn.com/nfl/player/_/id/4373273/british-brooks",
    "headshot": "https://a.espncdn.com/combiner/i?img=/i/headshots/nfl/players/full/4373273.png",
    "birthdate": "Birthdate11/18/1999 (25)",
    "birthplace": null,
    "experience": "ExperienceRookie",
    "draftInfo": null
  },
  {
    "team": "HOU",
    "number": "",
    "name": "Jawhar Jordan22",
    "position": "RB",
    "height": "25",
    "weight": "5' 10\"",
    "age": "186 lbs",
    "college": "R",
    "playerId": "4429939",
    "profileUrl": "https://www.espn.com/nfl/player/_/id/4429939/jawhar-jordan",
    "headshot": "https://a.espncdn.com/combiner/i?img=/i/headshots/nfl/players/full/4429939.png",
    "birthdate": "Birthdate8/18/1999 (25)",
    "birthplace": null,
    "experience": null,
    "draftInfo": "Draft Info2024: Rd 6, Pk 205 (HOU)"
  },
  {
    "team": "HOU",
    "number": "",
    "name": "Woody Marks",
    "position": "RB",
    "height": "24",
    "weight": "5' 10\"",
    "age": "208 lbs",
    "college": "R",
    "playerId": "4429059",
    "profileUrl": "https://www.espn.com/nfl/player/_/id/4429059/woody-marks",
    "headshot": "https://a.espncdn.com/combiner/i?img=/i/headshots/nfl/players/full/4429059.png",
    "birthdate": "Birthdate12/29/2000 (24)",
    "birthplace": null,
    "experience": null,
    "draftInfo": "Draft Info2025: Rd 4, Pk 116 (HOU)"
  },
  {
    "team": "HOU",
    "number": "",
    "name": "Joe Mixon28",
    "position": "RB",
    "height": "28",
    "weight": "6' 1\"",
    "age": "220 lbs",
    "college": "8",
    "playerId": "3116385",
    "profileUrl": "https://www.espn.com/nfl/player/_/id/3116385/joe-mixon",
    "headshot": "https://a.espncdn.com/combiner/i?img=/i/headshots/nfl/players/full/3116385.png",
    "birthdate": "Birthdate7/24/1996 (28)",
    "birthplace": null,
    "experience": null,
    "draftInfo": "Draft Info2017: Rd 2, Pk 48 (CIN)"
  },
  {
    "team": "HOU",
    "number": "",
    "name": "Dare Ogunbowale33",
    "position": "RB",
    "height": "31",
    "weight": "5' 10\"",
    "age": "205 lbs",
    "college": "6",
    "playerId": "2983509",
    "profileUrl": "https://www.espn.com/nfl/player/_/id/2983509/dare-ogunbowale",
    "headshot": "https://a.espncdn.com/combiner/i?img=/i/headshots/nfl/players/full/2983509.png",
    "birthdate": "Birthdate5/4/1994 (31)",
    "birthplace": null,
    "experience": "Experience6th Season",
    "draftInfo": null
  },
  {
    "team": "HOU",
    "number": "",
    "name": "Dameon Pierce31",
    "position": "RB",
    "height": "25",
    "weight": "5' 10\"",
    "age": "215 lbs",
    "college": "3",
    "playerId": "4360238",
    "profileUrl": "https://www.espn.com/nfl/player/_/id/4360238/dameon-pierce",
    "headshot": "https://a.espncdn.com/combiner/i?img=/i/headshots/nfl/players/full/4360238.png",
    "birthdate": "Birthdate2/19/2000 (25)",
    "birthplace": null,
    "experience": null,
    "draftInfo": "Draft Info2022: Rd 4, Pk 107 (HOU)"
  },
  {
    "team": "HOU",
    "number": "",
    "name": "J.J. Taylor26",
    "position": "RB",
    "height": "27",
    "weight": "5' 6\"",
    "age": "185 lbs",
    "college": "3",
    "playerId": "4039607",
    "profileUrl": "https://www.espn.com/nfl/player/_/id/4039607/jj-taylor",
    "headshot": "https://a.espncdn.com/combiner/i?img=/i/headshots/nfl/players/full/4039607.png",
    "birthdate": "Birthdate1/4/1998 (27)",
    "birthplace": null,
    "experience": "Experience3rd Season",
    "draftInfo": null
  },
  {
    "team": "HOU",
    "number": "",
    "name": "Jakob Johnson",
    "position": "FB",
    "height": "30",
    "weight": "6' 3\"",
    "age": "255 lbs",
    "college": "7",
    "playerId": "3115349",
    "profileUrl": "https://www.espn.com/nfl/player/_/id/3115349/jakob-johnson",
    "headshot": "https://a.espncdn.com/combiner/i?img=/i/headshots/nfl/players/full/3115349.png",
    "birthdate": "Birthdate12/15/1994 (30)",
    "birthplace": null,
    "experience": "Experience7th Season",
    "draftInfo": null
  },
  {
    "team": "HOU",
    "number": "",
    "name": "Braxton Berrios0",
    "position": "WR",
    "height": "29",
    "weight": "5' 9\"",
    "age": "185 lbs",
    "college": "7",
    "playerId": "3123075",
    "profileUrl": "https://www.espn.com/nfl/player/_/id/3123075/braxton-berrios",
    "headshot": "https://a.espncdn.com/combiner/i?img=/i/headshots/nfl/players/full/3123075.png",
    "birthdate": "Birthdate10/6/1995 (29)",
    "birthplace": null,
    "experience": null,
    "draftInfo": "Draft Info2018: Rd 6, Pk 210 (NE)"
  },
  {
    "team": "HOU",
    "number": "",
    "name": "Nico Collins12",
    "position": "WR",
    "height": "26",
    "weight": "6' 4\"",
    "age": "222 lbs",
    "college": "4",
    "playerId": "4258173",
    "profileUrl": "https://www.espn.com/nfl/player/_/id/4258173/nico-collins",
    "headshot": "https://a.espncdn.com/combiner/i?img=/i/headshots/nfl/players/full/4258173.png",
    "birthdate": "Birthdate3/19/1999 (26)",
    "birthplace": null,
    "experience": null,
    "draftInfo": "Draft Info2021: Rd 3, Pk 89 (HOU)"
  },
  {
    "team": "HOU",
    "number": "",
    "name": "Tank Dell3",
    "position": "WR",
    "height": "25",
    "weight": "5' 10\"",
    "age": "165 lbs",
    "college": "2",
    "playerId": "4366031",
    "profileUrl": "https://www.espn.com/nfl/player/_/id/4366031/tank-dell",
    "headshot": "https://a.espncdn.com/combiner/i?img=/i/headshots/nfl/players/full/4366031.png",
    "birthdate": "Birthdate10/29/1999 (25)",
    "birthplace": null,
    "experience": null,
    "draftInfo": "Draft Info2023: Rd 3, Pk 69 (HOU)"
  },
  {
    "team": "HOU",
    "number": "",
    "name": "Jayden Higgins",
    "position": "WR",
    "height": "22",
    "weight": "6' 4\"",
    "age": "215 lbs",
    "college": "R",
    "playerId": "4877706",
    "profileUrl": "https://www.espn.com/nfl/player/_/id/4877706/jayden-higgins",
    "headshot": "https://a.espncdn.com/combiner/i?img=/i/headshots/nfl/players/full/4877706.png",
    "birthdate": "Birthdate12/15/2002 (22)",
    "birthplace": null,
    "experience": null,
    "draftInfo": "Draft Info2025: Rd 2, Pk 34 (HOU)"
  },
  {
    "team": "HOU",
    "number": "",
    "name": "Xavier Hutchinson19",
    "position": "WR",
    "height": "24",
    "weight": "6' 3\"",
    "age": "210 lbs",
    "college": "2",
    "playerId": "4686422",
    "profileUrl": "https://www.espn.com/nfl/player/_/id/4686422/xavier-hutchinson",
    "headshot": "https://a.espncdn.com/combiner/i?img=/i/headshots/nfl/players/full/4686422.png",
    "birthdate": "Birthdate6/1/2000 (24)",
    "birthplace": null,
    "experience": null,
    "draftInfo": "Draft Info2023: Rd 6, Pk 205 (HOU)"
  },
  {
    "team": "HOU",
    "number": "",
    "name": "Daniel Jackson",
    "position": "WR",
    "height": "--",
    "weight": "6' 0\"",
    "age": "195 lbs",
    "college": "R",
    "playerId": "4430875",
    "profileUrl": "https://www.espn.com/nfl/player/_/id/4430875/daniel-jackson",
    "headshot": "https://a.espncdn.com/combiner/i?img=/i/headshots/college-football/players/full/4430875.png",
    "birthdate": null,
    "birthplace": "BirthplaceKansas City, KS",
    "experience": "ExperienceRookie",
    "draftInfo": null
  },
  {
    "team": "HOU",
    "number": "",
    "name": "Xavier Johnson89",
    "position": "WR",
    "height": "26",
    "weight": "6' 1\"",
    "age": "204 lbs",
    "college": "R",
    "playerId": "4385430",
    "profileUrl": "https://www.espn.com/nfl/player/_/id/4385430/xavier-johnson",
    "headshot": "https://a.espncdn.com/combiner/i?img=/i/headshots/nfl/players/full/4385430.png",
    "birthdate": "Birthdate5/11/1999 (26)",
    "birthplace": null,
    "experience": "ExperienceRookie",
    "draftInfo": null
  },
  {
    "team": "HOU",
    "number": "",
    "name": "Johnny Johnson III88",
    "position": "WR",
    "height": "26",
    "weight": "6' 1\"",
    "age": "199 lbs",
    "college": "1",
    "playerId": "4242504",
    "profileUrl": "https://www.espn.com/nfl/player/_/id/4242504/johnny-johnson-iii",
    "headshot": "https://a.espncdn.com/combiner/i?img=/i/headshots/nfl/players/full/4242504.png",
    "birthdate": "Birthdate5/4/1999 (26)",
    "birthplace": null,
    "experience": "Experience1st Season",
    "draftInfo": null
  },
  {
    "team": "HOU",
    "number": "",
    "name": "Christian Kirk13",
    "position": "WR",
    "height": "28",
    "weight": "5' 11\"",
    "age": "200 lbs",
    "college": "7",
    "playerId": "3895856",
    "profileUrl": "https://www.espn.com/nfl/player/_/id/3895856/christian-kirk",
    "headshot": "https://a.espncdn.com/combiner/i?img=/i/headshots/nfl/players/full/3895856.png",
    "birthdate": "Birthdate11/18/1996 (28)",
    "birthplace": null,
    "experience": null,
    "draftInfo": "Draft Info2018: Rd 2, Pk 47 (ARI)"
  },
  {
    "team": "HOU",
    "number": "",
    "name": "John Metchie III8",
    "position": "WR",
    "height": "24",
    "weight": "6' 0\"",
    "age": "195 lbs",
    "college": "2",
    "playerId": "4567096",
    "profileUrl": "https://www.espn.com/nfl/player/_/id/4567096/john-metchie-iii",
    "headshot": "https://a.espncdn.com/combiner/i?img=/i/headshots/nfl/players/full/4567096.png",
    "birthdate": "Birthdate7/18/2000 (24)",
    "birthplace": null,
    "experience": null,
    "draftInfo": "Draft Info2022: Rd 2, Pk 44 (HOU)"
  },
  {
    "team": "HOU",
    "number": "",
    "name": "Jaylin Noel",
    "position": "WR",
    "height": "22",
    "weight": "5' 11\"",
    "age": "200 lbs",
    "college": "R",
    "playerId": "4586312",
    "profileUrl": "https://www.espn.com/nfl/player/_/id/4586312/jaylin-noel",
    "headshot": "https://a.espncdn.com/combiner/i?img=/i/headshots/nfl/players/full/4586312.png",
    "birthdate": "Birthdate9/4/2002 (22)",
    "birthplace": null,
    "experience": null,
    "draftInfo": "Draft Info2025: Rd 3, Pk 79 (HOU)"
  },
  {
    "team": "HOU",
    "number": "",
    "name": "Justin Watson",
    "position": "WR",
    "height": "29",
    "weight": "6' 2\"",
    "age": "215 lbs",
    "college": "7",
    "playerId": "3118892",
    "profileUrl": "https://www.espn.com/nfl/player/_/id/3118892/justin-watson",
    "headshot": "https://a.espncdn.com/combiner/i?img=/i/headshots/nfl/players/full/3118892.png",
    "birthdate": "Birthdate4/4/1996 (29)",
    "birthplace": null,
    "experience": null,
    "draftInfo": "Draft Info2018: Rd 5, Pk 144 (TB)"
  },
  {
    "team": "HOU",
    "number": "",
    "name": "Jared Wayne14",
    "position": "WR",
    "height": "24",
    "weight": "6' 3\"",
    "age": "210 lbs",
    "college": "1",
    "playerId": "4430681",
    "profileUrl": "https://www.espn.com/nfl/player/_/id/4430681/jared-wayne",
    "headshot": "https://a.espncdn.com/combiner/i?img=/i/headshots/nfl/players/full/4430681.png",
    "birthdate": "Birthdate10/7/2000 (24)",
    "birthplace": null,
    "experience": "Experience1st Season",
    "draftInfo": null
  },
  {
    "team": "HOU",
    "number": "",
    "name": "Brevin Jordan9",
    "position": "TE",
    "height": "24",
    "weight": "6' 3\"",
    "age": "245 lbs",
    "college": "4",
    "playerId": "4362504",
    "profileUrl": "https://www.espn.com/nfl/player/_/id/4362504/brevin-jordan",
    "headshot": "https://a.espncdn.com/combiner/i?img=/i/headshots/nfl/players/full/4362504.png",
    "birthdate": "Birthdate7/16/2000 (24)",
    "birthplace": null,
    "experience": null,
    "draftInfo": "Draft Info2021: Rd 5, Pk 147 (HOU)"
  },
  {
    "team": "HOU",
    "number": "",
    "name": "Luke Lachey",
    "position": "TE",
    "height": "23",
    "weight": "6' 6\"",
    "age": "247 lbs",
    "college": "R",
    "playerId": "4432338",
    "profileUrl": "https://www.espn.com/nfl/player/_/id/4432338/luke-lachey",
    "headshot": "https://a.espncdn.com/combiner/i?img=/i/headshots/nfl/players/full/4432338.png",
    "birthdate": "Birthdate6/29/2001 (23)",
    "birthplace": null,
    "experience": null,
    "draftInfo": "Draft Info2025: Rd 7, Pk 255 (HOU)"
  },
  {
    "team": "HOU",
    "number": "",
    "name": "Dalton Schultz86",
    "position": "TE",
    "height": "28",
    "weight": "6' 5\"",
    "age": "242 lbs",
    "college": "7",
    "playerId": "3117256",
    "profileUrl": "https://www.espn.com/nfl/player/_/id/3117256/dalton-schultz",
    "headshot": "https://a.espncdn.com/combiner/i?img=/i/headshots/nfl/players/full/3117256.png",
    "birthdate": "Birthdate7/11/1996 (28)",
    "birthplace": null,
    "experience": null,
    "draftInfo": "Draft Info2018: Rd 4, Pk 137 (DAL)"
  },
  {
    "team": "HOU",
    "number": "",
    "name": "Irv Smith Jr.83",
    "position": "TE",
    "height": "26",
    "weight": "6' 2\"",
    "age": "242 lbs",
    "college": "6",
    "playerId": "4040980",
    "profileUrl": "https://www.espn.com/nfl/player/_/id/4040980/irv-smith-jr",
    "headshot": "https://a.espncdn.com/combiner/i?img=/i/headshots/nfl/players/full/4040980.png",
    "birthdate": "Birthdate8/9/1998 (26)",
    "birthplace": null,
    "experience": null,
    "draftInfo": "Draft Info2019: Rd 2, Pk 50 (MIN)"
  },
  {
    "team": "HOU",
    "number": "",
    "name": "Cade Stover87",
    "position": "TE",
    "height": "24",
    "weight": "6' 4\"",
    "age": "251 lbs",
    "college": "R",
    "playerId": "4426496",
    "profileUrl": "https://www.espn.com/nfl/player/_/id/4426496/cade-stover",
    "headshot": "https://a.espncdn.com/combiner/i?img=/i/headshots/nfl/players/full/4426496.png",
    "birthdate": "Birthdate6/12/2000 (24)",
    "birthplace": null,
    "experience": null,
    "draftInfo": "Draft Info2024: Rd 4, Pk 123 (HOU)"
  },
  {
    "team": "HOU",
    "number": "",
    "name": "Jake Andrews",
    "position": "C",
    "height": "25",
    "weight": "6' 3\"",
    "age": "308 lbs",
    "college": "2",
    "playerId": "4362732",
    "profileUrl": "https://www.espn.com/nfl/player/_/id/4362732/jake-andrews",
    "headshot": "https://a.espncdn.com/combiner/i?img=/i/headshots/nfl/players/full/4362732.png",
    "birthdate": "Birthdate11/11/1999 (25)",
    "birthplace": null,
    "experience": null,
    "draftInfo": "Draft Info2023: Rd 4, Pk 107 (NE)"
  },
  {
    "team": "HOU",
    "number": "",
    "name": "Eli Cox",
    "position": "C",
    "height": "--",
    "weight": "6' 4\"",
    "age": "309 lbs",
    "college": "R",
    "playerId": "4426981",
    "profileUrl": "https://www.espn.com/nfl/player/_/id/4426981/eli-cox",
    "headshot": "https://a.espncdn.com/combiner/i?img=/i/headshots/college-football/players/full/4426981.png",
    "birthdate": null,
    "birthplace": "BirthplaceNicholasville, KY",
    "experience": "ExperienceRookie",
    "draftInfo": null
  },
  {
    "team": "HOU",
    "number": "",
    "name": "Jarrett Patterson54",
    "position": "C",
    "height": "25",
    "weight": "6' 4\"",
    "age": "310 lbs",
    "college": "2",
    "playerId": "4372774",
    "profileUrl": "https://www.espn.com/nfl/player/_/id/4372774/jarrett-patterson",
    "headshot": "https://a.espncdn.com/combiner/i?img=/i/headshots/nfl/players/full/4372774.png",
    "birthdate": "Birthdate9/1/1999 (25)",
    "birthplace": null,
    "experience": null,
    "draftInfo": "Draft Info2023: Rd 6, Pk 201 (HOU)"
  },
  {
    "team": "HOU",
    "number": "",
    "name": "Juice Scruggs70",
    "position": "C",
    "height": "25",
    "weight": "6' 3\"",
    "age": "310 lbs",
    "college": "2",
    "playerId": "4361425",
    "profileUrl": "https://www.espn.com/nfl/player/_/id/4361425/juice-scruggs",
    "headshot": "https://a.espncdn.com/combiner/i?img=/i/headshots/nfl/players/full/4361425.png",
    "birthdate": "Birthdate1/19/2000 (25)",
    "birthplace": null,
    "experience": null,
    "draftInfo": "Draft Info2023: Rd 2, Pk 62 (HOU)"
  },
  {
    "team": "HOU",
    "number": "",
    "name": "Jerome Carvin61",
    "position": "G",
    "height": "24",
    "weight": "6' 3\"",
    "age": "308 lbs",
    "college": "1",
    "playerId": "4369859",
    "profileUrl": "https://www.espn.com/nfl/player/_/id/4369859/jerome-carvin",
    "headshot": "https://a.espncdn.com/combiner/i?img=/i/headshots/nfl/players/full/4369859.png",
    "birthdate": "Birthdate9/20/2000 (24)",
    "birthplace": null,
    "experience": "Experience1st Season",
    "draftInfo": null
  },
  {
    "team": "HOU",
    "number": "",
    "name": "LaDarius Henderson77",
    "position": "G",
    "height": "23",
    "weight": "6' 4\"",
    "age": "309 lbs",
    "college": "R",
    "playerId": "4427448",
    "profileUrl": "https://www.espn.com/nfl/player/_/id/4427448/ladarius-henderson",
    "headshot": "https://a.espncdn.com/combiner/i?img=/i/headshots/nfl/players/full/4427448.png",
    "birthdate": "Birthdate12/11/2001 (23)",
    "birthplace": null,
    "experience": null,
    "draftInfo": "Draft Info2024: Rd 7, Pk 249 (HOU)"
  },
  {
    "team": "HOU",
    "number": "",
    "name": "Ed Ingram",
    "position": "G",
    "height": "26",
    "weight": "6' 3\"",
    "age": "307 lbs",
    "college": "3",
    "playerId": "4242227",
    "profileUrl": "https://www.espn.com/nfl/player/_/id/4242227/ed-ingram",
    "headshot": "https://a.espncdn.com/combiner/i?img=/i/headshots/nfl/players/full/4242227.png",
    "birthdate": "Birthdate2/11/1999 (26)",
    "birthplace": null,
    "experience": null,
    "draftInfo": "Draft Info2022: Rd 2, Pk 59 (MIN)"
  },
  {
    "team": "HOU",
    "number": "",
    "name": "Laken Tomlinson",
    "position": "G",
    "height": "33",
    "weight": "6' 3\"",
    "age": "323 lbs",
    "college": "11",
    "playerId": "2512477",
    "profileUrl": "https://www.espn.com/nfl/player/_/id/2512477/laken-tomlinson",
    "headshot": "https://a.espncdn.com/combiner/i?img=/i/headshots/nfl/players/full/2512477.png",
    "birthdate": "Birthdate2/9/1992 (33)",
    "birthplace": null,
    "experience": null,
    "draftInfo": "Draft Info2015: Rd 1, Pk 28 (DET)"
  },
  {
    "team": "HOU",
    "number": "",
    "name": "Trent Brown",
    "position": "OT",
    "height": "32",
    "weight": "6' 8\"",
    "age": "380 lbs",
    "college": "10",
    "playerId": "3043109",
    "profileUrl": "https://www.espn.com/nfl/player/_/id/3043109/trent-brown",
    "headshot": "https://a.espncdn.com/combiner/i?img=/i/headshots/nfl/players/full/3043109.png",
    "birthdate": "Birthdate4/13/1993 (32)",
    "birthplace": null,
    "experience": null,
    "draftInfo": "Draft Info2015: Rd 7, Pk 244 (SF)"
  },
  {
    "team": "HOU",
    "number": "",
    "name": "Austin Deculus75",
    "position": "OT",
    "height": "26",
    "weight": "6' 5\"",
    "age": "321 lbs",
    "college": "3",
    "playerId": "4242229",
    "profileUrl": "https://www.espn.com/nfl/player/_/id/4242229/austin-deculus",
    "headshot": "https://a.espncdn.com/combiner/i?img=/i/headshots/nfl/players/full/4242229.png",
    "birthdate": "Birthdate3/12/1999 (26)",
    "birthplace": null,
    "experience": null,
    "draftInfo": "Draft Info2022: Rd 6, Pk 205 (HOU)"
  },
  {
    "team": "HOU",
    "number": "",
    "name": "Aireontae Ersery",
    "position": "OT",
    "height": "23",
    "weight": "6' 6\"",
    "age": "330 lbs",
    "college": "R",
    "playerId": "4429693",
    "profileUrl": "https://www.espn.com/nfl/player/_/id/4429693/aireontae-ersery",
    "headshot": "https://a.espncdn.com/combiner/i?img=/i/headshots/nfl/players/full/4429693.png",
    "birthdate": "Birthdate2/19/2002 (23)",
    "birthplace": null,
    "experience": null,
    "draftInfo": "Draft Info2025: Rd 2, Pk 48 (HOU)"
  },
  {
    "team": "HOU",
    "number": "",
    "name": "Blake Fisher57",
    "position": "OT",
    "height": "22",
    "weight": "6' 6\"",
    "age": "312 lbs",
    "college": "R",
    "playerId": "4432699",
    "profileUrl": "https://www.espn.com/nfl/player/_/id/4432699/blake-fisher",
    "headshot": "https://a.espncdn.com/combiner/i?img=/i/headshots/nfl/players/full/4432699.png",
    "birthdate": "Birthdate3/25/2003 (22)",
    "birthplace": null,
    "experience": null,
    "draftInfo": "Draft Info2024: Rd 2, Pk 59 (HOU)"
  },
  {
    "team": "HOU",
    "number": "",
    "name": "Tytus Howard71",
    "position": "OT",
    "height": "28",
    "weight": "6' 5\"",
    "age": "322 lbs",
    "college": "6",
    "playerId": "3131498",
    "profileUrl": "https://www.espn.com/nfl/player/_/id/3131498/tytus-howard",
    "headshot": "https://a.espncdn.com/combiner/i?img=/i/headshots/nfl/players/full/3131498.png",
    "birthdate": "Birthdate5/23/1996 (28)",
    "birthplace": null,
    "experience": null,
    "draftInfo": "Draft Info2019: Rd 1, Pk 23 (HOU)"
  },
  {
    "team": "HOU",
    "number": "",
    "name": "Cam Robinson",
    "position": "OT",
    "height": "29",
    "weight": "6' 6\"",
    "age": "335 lbs",
    "college": "8",
    "playerId": "3115313",
    "profileUrl": "https://www.espn.com/nfl/player/_/id/3115313/cam-robinson",
    "headshot": "https://a.espncdn.com/combiner/i?img=/i/headshots/nfl/players/full/3115313.png",
    "birthdate": "Birthdate10/9/1995 (29)",
    "birthplace": null,
    "experience": null,
    "draftInfo": "Draft Info2017: Rd 2, Pk 34 (JAX)"
  },
  {
    "team": "HOU",
    "number": "",
    "name": "Jaylon Thomas72",
    "position": "OT",
    "height": "25",
    "weight": "6' 5\"",
    "age": "311 lbs",
    "college": "1",
    "playerId": "4360561",
    "profileUrl": "https://www.espn.com/nfl/player/_/id/4360561/jaylon-thomas",
    "headshot": "https://a.espncdn.com/combiner/i?img=/i/headshots/nfl/players/full/4360561.png",
    "birthdate": "Birthdate3/31/2000 (25)",
    "birthplace": null,
    "experience": "Experience1st Season",
    "draftInfo": null
  },
  {
    "team": "HOU",
    "number": "",
    "name": "Zach Thomas74",
    "position": "OT",
    "height": "26",
    "weight": "6' 5\"",
    "age": "300 lbs",
    "college": "3",
    "playerId": "4036834",
    "profileUrl": "https://www.espn.com/nfl/player/_/id/4036834/zach-thomas",
    "headshot": "https://a.espncdn.com/combiner/i?img=/i/headshots/nfl/players/full/4036834.png",
    "birthdate": "Birthdate5/26/1998 (26)",
    "birthplace": null,
    "experience": null,
    "draftInfo": "Draft Info2022: Rd 6, Pk 186 (CHI)"
  },
  {
    "team": "HOU",
    "number": "",
    "name": "Will Anderson Jr.51",
    "position": "DE",
    "height": "23",
    "weight": "6' 4\"",
    "age": "243 lbs",
    "college": "2",
    "playerId": "4685724",
    "profileUrl": "https://www.espn.com/nfl/player/_/id/4685724/will-anderson-jr",
    "headshot": "https://a.espncdn.com/combiner/i?img=/i/headshots/nfl/players/full/4685724.png",
    "birthdate": "Birthdate9/2/2001 (23)",
    "birthplace": null,
    "experience": null,
    "draftInfo": "Draft Info2023: Rd 1, Pk 3 (HOU)"
  },
  {
    "team": "HOU",
    "number": "",
    "name": "Denico Autry96",
    "position": "DE",
    "height": "34",
    "weight": "6' 5\"",
    "age": "285 lbs",
    "college": "11",
    "playerId": "17447",
    "profileUrl": "https://www.espn.com/nfl/player/_/id/17447/denico-autry",
    "headshot": "https://a.espncdn.com/combiner/i?img=/i/headshots/nfl/players/full/17447.png",
    "birthdate": "Birthdate7/15/1990 (34)",
    "birthplace": null,
    "experience": "Experience11th Season",
    "draftInfo": null
  },
  {
    "team": "HOU",
    "number": "",
    "name": "Derek Barnett95",
    "position": "DE",
    "height": "28",
    "weight": "6' 3\"",
    "age": "259 lbs",
    "college": "8",
    "playerId": "3115336",
    "profileUrl": "https://www.espn.com/nfl/player/_/id/3115336/derek-barnett",
    "headshot": "https://a.espncdn.com/combiner/i?img=/i/headshots/nfl/players/full/3115336.png",
    "birthdate": "Birthdate6/25/1996 (28)",
    "birthplace": null,
    "experience": null,
    "draftInfo": "Draft Info2017: Rd 1, Pk 14 (PHI)"
  },
  {
    "team": "HOU",
    "number": "",
    "name": "Solomon Byrd50",
    "position": "DE",
    "height": "25",
    "weight": "6' 3\"",
    "age": "250 lbs",
    "college": "R",
    "playerId": "4361689",
    "profileUrl": "https://www.espn.com/nfl/player/_/id/4361689/solomon-byrd",
    "headshot": "https://a.espncdn.com/combiner/i?img=/i/headshots/nfl/players/full/4361689.png",
    "birthdate": "Birthdate12/1/1999 (25)",
    "birthplace": null,
    "experience": null,
    "draftInfo": "Draft Info2024: Rd 7, Pk 238 (HOU)"
  },
  {
    "team": "HOU",
    "number": "",
    "name": "Dylan Horton92",
    "position": "DE",
    "height": "24",
    "weight": "6' 4\"",
    "age": "275 lbs",
    "college": "2",
    "playerId": "4374066",
    "profileUrl": "https://www.espn.com/nfl/player/_/id/4374066/dylan-horton",
    "headshot": "https://a.espncdn.com/combiner/i?img=/i/headshots/nfl/players/full/4374066.png",
    "birthdate": "Birthdate8/21/2000 (24)",
    "birthplace": null,
    "experience": null,
    "draftInfo": "Draft Info2023: Rd 4, Pk 109 (HOU)"
  },
  {
    "team": "HOU",
    "number": "",
    "name": "Danielle Hunter55",
    "position": "DE",
    "height": "30",
    "weight": "6' 5\"",
    "age": "263 lbs",
    "college": "10",
    "playerId": "2976560",
    "profileUrl": "https://www.espn.com/nfl/player/_/id/2976560/danielle-hunter",
    "headshot": "https://a.espncdn.com/combiner/i?img=/i/headshots/nfl/players/full/2976560.png",
    "birthdate": "Birthdate10/29/1994 (30)",
    "birthplace": null,
    "experience": null,
    "draftInfo": "Draft Info2015: Rd 3, Pk 88 (MIN)"
  },
  {
    "team": "HOU",
    "number": "",
    "name": "Kingsley Jonathan59",
    "position": "DE",
    "height": "27",
    "weight": "6' 4\"",
    "age": "260 lbs",
    "college": "3",
    "playerId": "4240405",
    "profileUrl": "https://www.espn.com/nfl/player/_/id/4240405/kingsley-jonathan",
    "headshot": "https://a.espncdn.com/combiner/i?img=/i/headshots/nfl/players/full/4240405.png",
    "birthdate": "Birthdate4/28/1998 (27)",
    "birthplace": null,
    "experience": "Experience3rd Season",
    "draftInfo": null
  },
  {
    "team": "HOU",
    "number": "",
    "name": "Darrell Taylor",
    "position": "DE",
    "height": "28",
    "weight": "6' 4\"",
    "age": "267 lbs",
    "college": "4",
    "playerId": "3915396",
    "profileUrl": "https://www.espn.com/nfl/player/_/id/3915396/darrell-taylor",
    "headshot": "https://a.espncdn.com/combiner/i?img=/i/headshots/nfl/players/full/3915396.png",
    "birthdate": "Birthdate3/24/1997 (28)",
    "birthplace": null,
    "experience": null,
    "draftInfo": "Draft Info2020: Rd 2, Pk 48 (SEA)"
  },
  {
    "team": "HOU",
    "number": "",
    "name": "Casey Toohill",
    "position": "DE",
    "height": "28",
    "weight": "6' 5\"",
    "age": "254 lbs",
    "college": "5",
    "playerId": "3931408",
    "profileUrl": "https://www.espn.com/nfl/player/_/id/3931408/casey-toohill",
    "headshot": "https://a.espncdn.com/combiner/i?img=/i/headshots/nfl/players/full/3931408.png",
    "birthdate": "Birthdate8/21/1996 (28)",
    "birthplace": null,
    "experience": null,
    "draftInfo": "Draft Info2020: Rd 7, Pk 233 (PHI)"
  },
  {
    "team": "HOU",
    "number": "",
    "name": "Mario Edwards Jr.97",
    "position": "DT",
    "height": "31",
    "weight": "6' 3\"",
    "age": "280 lbs",
    "college": "10",
    "playerId": "2969921",
    "profileUrl": "https://www.espn.com/nfl/player/_/id/2969921/mario-edwards-jr",
    "headshot": "https://a.espncdn.com/combiner/i?img=/i/headshots/nfl/players/full/2969921.png",
    "birthdate": "Birthdate1/25/1994 (31)",
    "birthplace": null,
    "experience": null,
    "draftInfo": "Draft Info2015: Rd 2, Pk 35 (OAK)"
  },
  {
    "team": "HOU",
    "number": "",
    "name": "Folorunso Fatukasi91",
    "position": "DT",
    "height": "30",
    "weight": "6' 4\"",
    "age": "318 lbs",
    "college": "7",
    "playerId": "3045172",
    "profileUrl": "https://www.espn.com/nfl/player/_/id/3045172/folorunso-fatukasi",
    "headshot": "https://a.espncdn.com/combiner/i?img=/i/headshots/nfl/players/full/3045172.png",
    "birthdate": "Birthdate3/4/1995 (30)",
    "birthplace": null,
    "experience": null,
    "draftInfo": "Draft Info2018: Rd 6, Pk 180 (NYJ)"
  },
  {
    "team": "HOU",
    "number": "",
    "name": "Kyonte Hamilton",
    "position": "DT",
    "height": "--",
    "weight": "6' 4\"",
    "age": "304 lbs",
    "college": "R",
    "playerId": "4677281",
    "profileUrl": "https://www.espn.com/nfl/player/_/id/4677281/kyonte-hamilton",
    "headshot": "https://a.espncdn.com/combiner/i?img=/i/headshots/nfl/players/full/4677281.png",
    "birthdate": null,
    "birthplace": null,
    "experience": "ExperienceRookie",
    "draftInfo": "Draft Info2025: Rd 7, Pk 224 (HOU)"
  },
  {
    "team": "HOU",
    "number": "",
    "name": "Kurt Hinish93",
    "position": "DT",
    "height": "26",
    "weight": "6' 1\"",
    "age": "296 lbs",
    "college": "3",
    "playerId": "4258594",
    "profileUrl": "https://www.espn.com/nfl/player/_/id/4258594/kurt-hinish",
    "headshot": "https://a.espncdn.com/combiner/i?img=/i/headshots/nfl/players/full/4258594.png",
    "birthdate": "Birthdate4/27/1999 (26)",
    "birthplace": null,
    "experience": "Experience3rd Season",
    "draftInfo": null
  },
  {
    "team": "HOU",
    "number": "",
    "name": "Sheldon Rankins",
    "position": "DT",
    "height": "31",
    "weight": "6' 2\"",
    "age": "305 lbs",
    "college": "9",
    "playerId": "2970204",
    "profileUrl": "https://www.espn.com/nfl/player/_/id/2970204/sheldon-rankins",
    "headshot": "https://a.espncdn.com/combiner/i?img=/i/headshots/nfl/players/full/2970204.png",
    "birthdate": "Birthdate4/2/1994 (31)",
    "birthplace": null,
    "experience": null,
    "draftInfo": "Draft Info2016: Rd 1, Pk 12 (NO)"
  },
  {
    "team": "HOU",
    "number": "",
    "name": "Tim Settle Jr.98",
    "position": "DT",
    "height": "27",
    "weight": "6' 3\"",
    "age": "313 lbs",
    "college": "7",
    "playerId": "3929956",
    "profileUrl": "https://www.espn.com/nfl/player/_/id/3929956/tim-settle-jr",
    "headshot": "https://a.espncdn.com/combiner/i?img=/i/headshots/nfl/players/full/3929956.png",
    "birthdate": "Birthdate7/11/1997 (27)",
    "birthplace": null,
    "experience": null,
    "draftInfo": "Draft Info2018: Rd 5, Pk 163 (WSH)"
  },
  {
    "team": "HOU",
    "number": "",
    "name": "Tommy Togiai72",
    "position": "DT",
    "height": "25",
    "weight": "6' 2\"",
    "age": "296 lbs",
    "college": "3",
    "playerId": "4361366",
    "profileUrl": "https://www.espn.com/nfl/player/_/id/4361366/tommy-togiai",
    "headshot": "https://a.espncdn.com/combiner/i?img=/i/headshots/nfl/players/full/4361366.png",
    "birthdate": "Birthdate9/19/1999 (25)",
    "birthplace": null,
    "experience": null,
    "draftInfo": "Draft Info2021: Rd 4, Pk 132 (CLE)"
  },
  {
    "team": "HOU",
    "number": "",
    "name": "Azeez Al-Shaair0",
    "position": "LB",
    "height": "27",
    "weight": "6' 2\"",
    "age": "228 lbs",
    "college": "6",
    "playerId": "3919117",
    "profileUrl": "https://www.espn.com/nfl/player/_/id/3919117/azeez-al-shaair",
    "headshot": "https://a.espncdn.com/combiner/i?img=/i/headshots/nfl/players/full/3919117.png",
    "birthdate": "Birthdate8/4/1997 (27)",
    "birthplace": null,
    "experience": "Experience6th Season",
    "draftInfo": null
  },
  {
    "team": "HOU",
    "number": "",
    "name": "Jake Hansen35",
    "position": "LB",
    "height": "26",
    "weight": "6' 1\"",
    "age": "230 lbs",
    "college": "3",
    "playerId": "4033812",
    "profileUrl": "https://www.espn.com/nfl/player/_/id/4033812/jake-hansen",
    "headshot": "https://a.espncdn.com/combiner/i?img=/i/headshots/nfl/players/full/4033812.png",
    "birthdate": "Birthdate6/19/1998 (26)",
    "birthplace": null,
    "experience": "Experience3rd Season",
    "draftInfo": null
  },
  {
    "team": "HOU",
    "number": "",
    "name": "Christian Harris48",
    "position": "LB",
    "height": "24",
    "weight": "6' 2\"",
    "age": "232 lbs",
    "college": "3",
    "playerId": "4567099",
    "profileUrl": "https://www.espn.com/nfl/player/_/id/4567099/christian-harris",
    "headshot": "https://a.espncdn.com/combiner/i?img=/i/headshots/nfl/players/full/4567099.png",
    "birthdate": "Birthdate1/16/2001 (24)",
    "birthplace": null,
    "experience": null,
    "draftInfo": "Draft Info2022: Rd 3, Pk 75 (HOU)"
  },
  {
    "team": "HOU",
    "number": "",
    "name": "Jamal Hill56",
    "position": "LB",
    "height": "24",
    "weight": "6' 0\"",
    "age": "227 lbs",
    "college": "R",
    "playerId": "4427479",
    "profileUrl": "https://www.espn.com/nfl/player/_/id/4427479/jamal-hill",
    "headshot": "https://a.espncdn.com/combiner/i?img=/i/headshots/nfl/players/full/4427479.png",
    "birthdate": "Birthdate4/1/2001 (24)",
    "birthplace": null,
    "experience": null,
    "draftInfo": "Draft Info2024: Rd 6, Pk 188 (HOU)"
  },
  {
    "team": "HOU",
    "number": "",
    "name": "Nick Niemann",
    "position": "LB",
    "height": "27",
    "weight": "6' 3\"",
    "age": "244 lbs",
    "college": "4",
    "playerId": "4036141",
    "profileUrl": "https://www.espn.com/nfl/player/_/id/4036141/nick-niemann",
    "headshot": "https://a.espncdn.com/combiner/i?img=/i/headshots/nfl/players/full/4036141.png",
    "birthdate": "Birthdate12/2/1997 (27)",
    "birthplace": null,
    "experience": null,
    "draftInfo": "Draft Info2021: Rd 6, Pk 185 (LAC)"
  },
  {
    "team": "HOU",
    "number": "",
    "name": "K.C. Ossai",
    "position": "LB",
    "height": "--",
    "weight": "6' 2\"",
    "age": "241 lbs",
    "college": "R",
    "playerId": "4687188",
    "profileUrl": "https://www.espn.com/nfl/player/_/id/4687188/kc-ossai",
    "headshot": "https://a.espncdn.com/combiner/i?img=/i/headshots/college-football/players/full/4687188.png",
    "birthdate": null,
    "birthplace": "BirthplaceConroe, TX",
    "experience": "ExperienceRookie",
    "draftInfo": null
  },
  {
    "team": "HOU",
    "number": "",
    "name": "E.J. Speed",
    "position": "LB",
    "height": "29",
    "weight": "6' 4\"",
    "age": "227 lbs",
    "college": "6",
    "playerId": "3071353",
    "profileUrl": "https://www.espn.com/nfl/player/_/id/3071353/ej-speed",
    "headshot": "https://a.espncdn.com/combiner/i?img=/i/headshots/nfl/players/full/3071353.png",
    "birthdate": "Birthdate6/1/1995 (29)",
    "birthplace": null,
    "experience": null,
    "draftInfo": "Draft Info2019: Rd 5, Pk 164 (IND)"
  },
  {
    "team": "HOU",
    "number": "",
    "name": "Henry To'oTo'o39",
    "position": "LB",
    "height": "24",
    "weight": "6' 2\"",
    "age": "228 lbs",
    "college": "2",
    "playerId": "4426350",
    "profileUrl": "https://www.espn.com/nfl/player/_/id/4426350/henry-tootoo",
    "headshot": "https://a.espncdn.com/combiner/i?img=/i/headshots/nfl/players/full/4426350.png",
    "birthdate": "Birthdate1/5/2001 (24)",
    "birthplace": null,
    "experience": null,
    "draftInfo": "Draft Info2023: Rd 5, Pk 167 (HOU)"
  },
  {
    "team": "HOU",
    "number": "",
    "name": "Jackson Woodard",
    "position": "LB",
    "height": "--",
    "weight": "6' 3\"",
    "age": "230 lbs",
    "college": "R",
    "playerId": "4685637",
    "profileUrl": "https://www.espn.com/nfl/player/_/id/4685637/jackson-woodard",
    "headshot": "https://a.espncdn.com/combiner/i?img=/i/headshots/college-football/players/full/4685637.png",
    "birthdate": null,
    "birthplace": "BirthplaceLittle Rock, AR",
    "experience": "ExperienceRookie",
    "draftInfo": null
  },
  {
    "team": "HOU",
    "number": "",
    "name": "Ronald Darby",
    "position": "CB",
    "height": "31",
    "weight": "5' 11\"",
    "age": "193 lbs",
    "college": "11",
    "playerId": "2969920",
    "profileUrl": "https://www.espn.com/nfl/player/_/id/2969920/ronald-darby",
    "headshot": "https://a.espncdn.com/combiner/i?img=/i/headshots/nfl/players/full/2969920.png",
    "birthdate": "Birthdate1/2/1994 (31)",
    "birthplace": null,
    "experience": null,
    "draftInfo": "Draft Info2015: Rd 2, Pk 50 (BUF)"
  },
  {
    "team": "HOU",
    "number": "",
    "name": "Alijah Huzzie",
    "position": "CB",
    "height": "--",
    "weight": "5' 10\"",
    "age": "195 lbs",
    "college": "R",
    "playerId": "4577494",
    "profileUrl": "https://www.espn.com/nfl/player/_/id/4577494/alijah-huzzie",
    "headshot": "https://a.espncdn.com/combiner/i?img=/i/headshots/college-football/players/full/4577494.png",
    "birthdate": null,
    "birthplace": "BirthplaceLaGrange, GA",
    "experience": "ExperienceRookie",
    "draftInfo": null
  },
  {
    "team": "HOU",
    "number": "",
    "name": "Kamari Lassiter4",
    "position": "CB",
    "height": "22",
    "weight": "6' 0\"",
    "age": "180 lbs",
    "college": "R",
    "playerId": "4602699",
    "profileUrl": "https://www.espn.com/nfl/player/_/id/4602699/kamari-lassiter",
    "headshot": "https://a.espncdn.com/combiner/i?img=/i/headshots/nfl/players/full/4602699.png",
    "birthdate": "Birthdate1/23/2003 (22)",
    "birthplace": null,
    "experience": null,
    "draftInfo": "Draft Info2024: Rd 2, Pk 42 (HOU)"
  },
  {
    "team": "HOU",
    "number": "",
    "name": "D'Angelo Ross37",
    "position": "CB",
    "height": "31",
    "weight": "5' 9\"",
    "age": "190 lbs",
    "college": "3",
    "playerId": "3139389",
    "profileUrl": "https://www.espn.com/nfl/player/_/id/3139389/dangelo-ross",
    "headshot": "https://a.espncdn.com/combiner/i?img=/i/headshots/nfl/players/full/3139389.png",
    "birthdate": "Birthdate10/29/1993 (31)",
    "birthplace": null,
    "experience": "Experience3rd Season",
    "draftInfo": null
  },
  {
    "team": "HOU",
    "number": "",
    "name": "Jaylin Smith",
    "position": "CB",
    "height": "21",
    "weight": "5' 11\"",
    "age": "190 lbs",
    "college": "R",
    "playerId": "4594277",
    "profileUrl": "https://www.espn.com/nfl/player/_/id/4594277/jaylin-smith",
    "headshot": "https://a.espncdn.com/combiner/i?img=/i/headshots/nfl/players/full/4594277.png",
    "birthdate": "Birthdate11/5/2003 (21)",
    "birthplace": null,
    "experience": null,
    "draftInfo": "Draft Info2025: Rd 3, Pk 97 (HOU)"
  },
  {
    "team": "HOU",
    "number": "",
    "name": "Tremon Smith",
    "position": "CB",
    "height": "28",
    "weight": "6' 0\"",
    "age": "190 lbs",
    "college": "7",
    "playerId": "3134448",
    "profileUrl": "https://www.espn.com/nfl/player/_/id/3134448/tremon-smith",
    "headshot": "https://a.espncdn.com/combiner/i?img=/i/headshots/nfl/players/full/3134448.png",
    "birthdate": "Birthdate7/20/1996 (28)",
    "birthplace": null,
    "experience": null,
    "draftInfo": "Draft Info2018: Rd 6, Pk 196 (KC)"
  },
  {
    "team": "HOU",
    "number": "",
    "name": "Derek Stingley Jr.24",
    "position": "CB",
    "height": "23",
    "weight": "6' 1\"",
    "age": "195 lbs",
    "college": "3",
    "playerId": "4426434",
    "profileUrl": "https://www.espn.com/nfl/player/_/id/4426434/derek-stingley-jr",
    "headshot": "https://a.espncdn.com/combiner/i?img=/i/headshots/nfl/players/full/4426434.png",
    "birthdate": "Birthdate6/20/2001 (23)",
    "birthplace": null,
    "experience": null,
    "draftInfo": "Draft Info2022: Rd 1, Pk 3 (HOU)"
  },
  {
    "team": "HOU",
    "number": "",
    "name": "Calen Bullock21",
    "position": "S",
    "height": "22",
    "weight": "6' 3\"",
    "age": "190 lbs",
    "college": "R",
    "playerId": "4431517",
    "profileUrl": "https://www.espn.com/nfl/player/_/id/4431517/calen-bullock",
    "headshot": "https://a.espncdn.com/combiner/i?img=/i/headshots/nfl/players/full/4431517.png",
    "birthdate": "Birthdate4/30/2003 (22)",
    "birthplace": null,
    "experience": null,
    "draftInfo": "Draft Info2024: Rd 3, Pk 78 (HOU)"
  },
  {
    "team": "HOU",
    "number": "",
    "name": "C.J. Gardner-Johnson",
    "position": "S",
    "height": "27",
    "weight": "5' 11\"",
    "age": "210 lbs",
    "college": "5",
    "playerId": "4034953",
    "profileUrl": "https://www.espn.com/nfl/player/_/id/4034953/cj-gardner-johnson",
    "headshot": "https://a.espncdn.com/combiner/i?img=/i/headshots/nfl/players/full/4034953.png",
    "birthdate": "Birthdate12/20/1997 (27)",
    "birthplace": null,
    "experience": null,
    "draftInfo": "Draft Info2019: Rd 4, Pk 105 (NO)"
  },
  {
    "team": "HOU",
    "number": "",
    "name": "Jalen Pitre5",
    "position": "S",
    "height": "25",
    "weight": "6' 0\"",
    "age": "200 lbs",
    "college": "3",
    "playerId": "4241223",
    "profileUrl": "https://www.espn.com/nfl/player/_/id/4241223/jalen-pitre",
    "headshot": "https://a.espncdn.com/combiner/i?img=/i/headshots/nfl/players/full/4241223.png",
    "birthdate": "Birthdate6/3/1999 (25)",
    "birthplace": null,
    "experience": null,
    "draftInfo": "Draft Info2022: Rd 2, Pk 37 (HOU)"
  },
  {
    "team": "HOU",
    "number": "",
    "name": "Jaylen Reed",
    "position": "S",
    "height": "22",
    "weight": "6' 0\"",
    "age": "209 lbs",
    "college": "R",
    "playerId": "4432758",
    "profileUrl": "https://www.espn.com/nfl/player/_/id/4432758/jaylen-reed",
    "headshot": "https://a.espncdn.com/combiner/i?img=/i/headshots/nfl/players/full/4432758.png",
    "birthdate": "Birthdate1/29/2003 (22)",
    "birthplace": null,
    "experience": null,
    "draftInfo": "Draft Info2025: Rd 6, Pk 187 (HOU)"
  },
  {
    "team": "HOU",
    "number": "",
    "name": "M.J. Stewart29",
    "position": "S",
    "height": "29",
    "weight": "5' 11\"",
    "age": "205 lbs",
    "college": "7",
    "playerId": "3116679",
    "profileUrl": "https://www.espn.com/nfl/player/_/id/3116679/mj-stewart",
    "headshot": "https://a.espncdn.com/combiner/i?img=/i/headshots/nfl/players/full/3116679.png",
    "birthdate": "Birthdate9/16/1995 (29)",
    "birthplace": null,
    "experience": null,
    "draftInfo": "Draft Info2018: Rd 2, Pk 53 (TB)"
  },
  {
    "team": "HOU",
    "number": "",
    "name": "Jimmie Ward20",
    "position": "S",
    "height": "33",
    "weight": "5' 11\"",
    "age": "193 lbs",
    "college": "11",
    "playerId": "16717",
    "profileUrl": "https://www.espn.com/nfl/player/_/id/16717/jimmie-ward",
    "headshot": "https://a.espncdn.com/combiner/i?img=/i/headshots/nfl/players/full/16717.png",
    "birthdate": "Birthdate7/18/1991 (33)",
    "birthplace": null,
    "experience": null,
    "draftInfo": "Draft Info2014: Rd 1, Pk 30 (SF)"
  },
  {
    "team": "HOU",
    "number": "",
    "name": "Russ Yeast25",
    "position": "S",
    "height": "26",
    "weight": "5' 10\"",
    "age": "195 lbs",
    "college": "3",
    "playerId": "4240071",
    "profileUrl": "https://www.espn.com/nfl/player/_/id/4240071/russ-yeast",
    "headshot": "https://a.espncdn.com/combiner/i?img=/i/headshots/nfl/players/full/4240071.png",
    "birthdate": "Birthdate5/8/1999 (26)",
    "birthplace": null,
    "experience": null,
    "draftInfo": "Draft Info2022: Rd 7, Pk 253 (LAR)"
  },
  {
    "team": "HOU",
    "number": "",
    "name": "Ka'imi Fairbairn15",
    "position": "PK",
    "height": "31",
    "weight": "6' 0\"",
    "age": "183 lbs",
    "college": "9",
    "playerId": "2971573",
    "profileUrl": "https://www.espn.com/nfl/player/_/id/2971573/kaimi-fairbairn",
    "headshot": "https://a.espncdn.com/combiner/i?img=/i/headshots/nfl/players/full/2971573.png",
    "birthdate": "Birthdate1/29/1994 (31)",
    "birthplace": null,
    "experience": "Experience9th Season",
    "draftInfo": null
  },
  {
    "team": "HOU",
    "number": "",
    "name": "Tommy Townsend6",
    "position": "P",
    "height": "28",
    "weight": "6' 1\"",
    "age": "191 lbs",
    "college": "5",
    "playerId": "3915398",
    "profileUrl": "https://www.espn.com/nfl/player/_/id/3915398/tommy-townsend",
    "headshot": "https://a.espncdn.com/combiner/i?img=/i/headshots/nfl/players/full/3915398.png",
    "birthdate": "Birthdate11/12/1996 (28)",
    "birthplace": null,
    "experience": "Experience5th Season",
    "draftInfo": null
  },
  {
    "team": "HOU",
    "number": "",
    "name": "Tucker Addington",
    "position": "LS",
    "height": "27",
    "weight": "6' 2\"",
    "age": "230 lbs",
    "college": "1",
    "playerId": "4034729",
    "profileUrl": "https://www.espn.com/nfl/player/_/id/4034729/tucker-addington",
    "headshot": "https://a.espncdn.com/combiner/i?img=/i/headshots/nfl/players/full/4034729.png",
    "birthdate": "Birthdate7/16/1997 (27)",
    "birthplace": null,
    "experience": "Experience1st Season",
    "draftInfo": null
  },
  {
    "team": "HOU",
    "number": "",
    "name": "Austin Brinkman",
    "position": "LS",
    "height": "--",
    "weight": "6' 4\"",
    "age": "241 lbs",
    "college": "R",
    "playerId": "4690999",
    "profileUrl": "https://www.espn.com/nfl/player/_/id/4690999/austin-brinkman",
    "headshot": "https://a.espncdn.com/combiner/i?img=/i/headshots/college-football/players/full/4690999.png",
    "birthdate": null,
    "birthplace": "BirthplaceBel Air, MD",
    "experience": "ExperienceRookie",
    "draftInfo": null
  }
]