[
  {
    "team": "IND",
    "number": "",
    "name": "Jason Bean8",
    "position": "QB",
    "height": "25",
    "weight": "6' 2\"",
    "age": "196 lbs",
    "college": "R",
    "playerId": "4360900",
    "profileUrl": "https://www.espn.com/nfl/player/_/id/4360900/jason-bean",
    "headshot": "https://a.espncdn.com/combiner/i?img=/i/headshots/nfl/players/full/4360900.png",
    "birthdate": "Birthdate12/3/1999 (25)",
    "birthplace": null,
    "experience": "ExperienceRookie",
    "draftInfo": null
  },
  {
    "team": "IND",
    "number": "",
    "name": "Daniel Jones",
    "position": "QB",
    "height": "27",
    "weight": "6' 5\"",
    "age": "230 lbs",
    "college": "6",
    "playerId": "3917792",
    "profileUrl": "https://www.espn.com/nfl/player/_/id/3917792/daniel-jones",
    "headshot": "https://a.espncdn.com/combiner/i?img=/i/headshots/nfl/players/full/3917792.png",
    "birthdate": "Birthdate5/27/1997 (27)",
    "birthplace": null,
    "experience": null,
    "draftInfo": "Draft Info2019: Rd 1, Pk 6 (NYG)"
  },
  {
    "team": "IND",
    "number": "",
    "name": "Riley Leonard",
    "position": "QB",
    "height": "22",
    "weight": "6' 4\"",
    "age": "216 lbs",
    "college": "R",
    "playerId": "4683423",
    "profileUrl": "https://www.espn.com/nfl/player/_/id/4683423/riley-leonard",
    "headshot": "https://a.espncdn.com/combiner/i?img=/i/headshots/nfl/players/full/4683423.png",
    "birthdate": "Birthdate9/13/2002 (22)",
    "birthplace": null,
    "experience": null,
    "draftInfo": "Draft Info2025: Rd 6, Pk 189 (IND)"
  },
  {
    "team": "IND",
    "number": "",
    "name": "Anthony Richardson5",
    "position": "QB",
    "height": "22",
    "weight": "6' 4\"",
    "age": "244 lbs",
    "college": "2",
    "playerId": "4429084",
    "profileUrl": "https://www.espn.com/nfl/player/_/id/4429084/anthony-richardson",
    "headshot": "https://a.espncdn.com/combiner/i?img=/i/headshots/nfl/players/full/4429084.png",
    "birthdate": "Birthdate5/22/2002 (22)",
    "birthplace": null,
    "experience": null,
    "draftInfo": "Draft Info2023: Rd 1, Pk 4 (IND)"
  },
  {
    "team": "IND",
    "number": "",
    "name": "Salvon Ahmed36",
    "position": "RB",
    "height": "26",
    "weight": "5' 11\"",
    "age": "196 lbs",
    "college": "5",
    "playerId": "4243315",
    "profileUrl": "https://www.espn.com/nfl/player/_/id/4243315/salvon-ahmed",
    "headshot": "https://a.espncdn.com/combiner/i?img=/i/headshots/nfl/players/full/4243315.png",
    "birthdate": "Birthdate12/30/1998 (26)",
    "birthplace": null,
    "experience": "Experience5th Season",
    "draftInfo": null
  },
  {
    "team": "IND",
    "number": "",
    "name": "Ulysses Bentley IV",
    "position": "RB",
    "height": "--",
    "weight": "5' 10\"",
    "age": "200 lbs",
    "college": "R",
    "playerId": "4426689",
    "profileUrl": "https://www.espn.com/nfl/player/_/id/4426689/ulysses-bentley-iv",
    "headshot": "https://a.espncdn.com/combiner/i?img=/i/headshots/college-football/players/full/4426689.png",
    "birthdate": null,
    "birthplace": "BirthplaceHouston, TX",
    "experience": "ExperienceRookie",
    "draftInfo": null
  },
  {
    "team": "IND",
    "number": "",
    "name": "DJ Giddens",
    "position": "RB",
    "height": "21",
    "weight": "6' 1\"",
    "age": "212 lbs",
    "college": "R",
    "playerId": "4874509",
    "profileUrl": "https://www.espn.com/nfl/player/_/id/4874509/dj-giddens",
    "headshot": "https://a.espncdn.com/combiner/i?img=/i/headshots/nfl/players/full/4874509.png",
    "birthdate": "Birthdate8/26/2003 (21)",
    "birthplace": null,
    "experience": null,
    "draftInfo": "Draft Info2025: Rd 5, Pk 151 (IND)"
  },
  {
    "team": "IND",
    "number": "",
    "name": "Tyler Goodson31",
    "position": "RB",
    "height": "24",
    "weight": "5' 9\"",
    "age": "197 lbs",
    "college": "2",
    "playerId": "4429676",
    "profileUrl": "https://www.espn.com/nfl/player/_/id/4429676/tyler-goodson",
    "headshot": "https://a.espncdn.com/combiner/i?img=/i/headshots/nfl/players/full/4429676.png",
    "birthdate": "Birthdate11/10/2000 (24)",
    "birthplace": null,
    "experience": "Experience2nd Season",
    "draftInfo": null
  },
  {
    "team": "IND",
    "number": "",
    "name": "Khalil Herbert",
    "position": "RB",
    "height": "27",
    "weight": "5' 9\"",
    "age": "212 lbs",
    "college": "4",
    "playerId": "4035886",
    "profileUrl": "https://www.espn.com/nfl/player/_/id/4035886/khalil-herbert",
    "headshot": "https://a.espncdn.com/combiner/i?img=/i/headshots/nfl/players/full/4035886.png",
    "birthdate": "Birthdate4/21/1998 (27)",
    "birthplace": null,
    "experience": null,
    "draftInfo": "Draft Info2021: Rd 6, Pk 217 (CHI)"
  },
  {
    "team": "IND",
    "number": "",
    "name": "Jonathan Taylor28",
    "position": "RB",
    "height": "26",
    "weight": "5' 10\"",
    "age": "226 lbs",
    "college": "5",
    "playerId": "4242335",
    "profileUrl": "https://www.espn.com/nfl/player/_/id/4242335/jonathan-taylor",
    "headshot": "https://a.espncdn.com/combiner/i?img=/i/headshots/nfl/players/full/4242335.png",
    "birthdate": "Birthdate1/19/1999 (26)",
    "birthplace": null,
    "experience": null,
    "draftInfo": "Draft Info2020: Rd 2, Pk 41 (IND)"
  },
  {
    "team": "IND",
    "number": "",
    "name": "Ajou Ajou",
    "position": "WR",
    "height": "23",
    "weight": "6' 3\"",
    "age": "218 lbs",
    "college": "R",
    "playerId": "4429207",
    "profileUrl": "https://www.espn.com/nfl/player/_/id/4429207/ajou-ajou",
    "headshot": "https://a.espncdn.com/combiner/i?img=/i/headshots/college-football/players/full/4429207.png",
    "birthdate": "Birthdate1/10/2002 (23)",
    "birthplace": null,
    "experience": "ExperienceRookie",
    "draftInfo": null
  },
  {
    "team": "IND",
    "number": "",
    "name": "Josh Downs1",
    "position": "WR",
    "height": "23",
    "weight": "5' 9\"",
    "age": "171 lbs",
    "college": "2",
    "playerId": "4688813",
    "profileUrl": "https://www.espn.com/nfl/player/_/id/4688813/josh-downs",
    "headshot": "https://a.espncdn.com/combiner/i?img=/i/headshots/nfl/players/full/4688813.png",
    "birthdate": "Birthdate8/12/2001 (23)",
    "birthplace": null,
    "experience": null,
    "draftInfo": "Draft Info2023: Rd 3, Pk 79 (IND)"
  },
  {
    "team": "IND",
    "number": "",
    "name": "Ashton Dulin16",
    "position": "WR",
    "height": "28",
    "weight": "6' 2\"",
    "age": "215 lbs",
    "college": "6",
    "playerId": "4061956",
    "profileUrl": "https://www.espn.com/nfl/player/_/id/4061956/ashton-dulin",
    "headshot": "https://a.espncdn.com/combiner/i?img=/i/headshots/nfl/players/full/4061956.png",
    "birthdate": "Birthdate5/15/1997 (28)",
    "birthplace": null,
    "experience": "Experience6th Season",
    "draftInfo": null
  },
  {
    "team": "IND",
    "number": "",
    "name": "Anthony Gould6",
    "position": "WR",
    "height": "24",
    "weight": "5' 8\"",
    "age": "174 lbs",
    "college": "R",
    "playerId": "4429684",
    "profileUrl": "https://www.espn.com/nfl/player/_/id/4429684/anthony-gould",
    "headshot": "https://a.espncdn.com/combiner/i?img=/i/headshots/nfl/players/full/4429684.png",
    "birthdate": "Birthdate4/6/2001 (24)",
    "birthplace": null,
    "experience": null,
    "draftInfo": "Draft Info2024: Rd 5, Pk 142 (IND)"
  },
  {
    "team": "IND",
    "number": "",
    "name": "Tyler Kahmann",
    "position": "WR",
    "height": "--",
    "weight": "6' 3\"",
    "age": "206 lbs",
    "college": "R",
    "playerId": "5279793",
    "profileUrl": "https://www.espn.com/nfl/player/_/id/5279793/tyler-kahmann",
    "headshot": "https://a.espncdn.com/combiner/i?img=/i/teamlogos/nfl/500/ind.png",
    "birthdate": null,
    "birthplace": "BirthplaceHaysville, KS",
    "experience": "ExperienceRookie",
    "draftInfo": null
  },
  {
    "team": "IND",
    "number": "",
    "name": "Adonai Mitchell10",
    "position": "WR",
    "height": "22",
    "weight": "6' 2\"",
    "age": "205 lbs",
    "college": "R",
    "playerId": "4597500",
    "profileUrl": "https://www.espn.com/nfl/player/_/id/4597500/adonai-mitchell",
    "headshot": "https://a.espncdn.com/combiner/i?img=/i/headshots/nfl/players/full/4597500.png",
    "birthdate": "Birthdate10/8/2002 (22)",
    "birthplace": null,
    "experience": null,
    "draftInfo": "Draft Info2024: Rd 2, Pk 52 (IND)"
  },
  {
    "team": "IND",
    "number": "",
    "name": "D.J. Montgomery2",
    "position": "WR",
    "height": "28",
    "weight": "6' 1\"",
    "age": "201 lbs",
    "college": "3",
    "playerId": "4249030",
    "profileUrl": "https://www.espn.com/nfl/player/_/id/4249030/dj-montgomery",
    "headshot": "https://a.espncdn.com/combiner/i?img=/i/headshots/nfl/players/full/4249030.png",
    "birthdate": "Birthdate11/17/1996 (28)",
    "birthplace": null,
    "experience": "Experience3rd Season",
    "draftInfo": null
  },
  {
    "team": "IND",
    "number": "",
    "name": "Coleman Owen",
    "position": "WR",
    "height": "--",
    "weight": "5' 11\"",
    "age": "191 lbs",
    "college": "R",
    "playerId": "4578436",
    "profileUrl": "https://www.espn.com/nfl/player/_/id/4578436/coleman-owen",
    "headshot": "https://a.espncdn.com/combiner/i?img=/i/teamlogos/nfl/500/ind.png",
    "birthdate": null,
    "birthplace": "BirthplaceGilbert, AZ",
    "experience": "ExperienceRookie",
    "draftInfo": null
  },
  {
    "team": "IND",
    "number": "",
    "name": "Landon Parker",
    "position": "WR",
    "height": "--",
    "weight": "6' 3\"",
    "age": "205 lbs",
    "college": "R",
    "playerId": "4370170",
    "profileUrl": "https://www.espn.com/nfl/player/_/id/4370170/landon-parker",
    "headshot": "https://a.espncdn.com/combiner/i?img=/i/headshots/college-football/players/full/4370170.png",
    "birthdate": null,
    "birthplace": "BirthplaceConcord, NC",
    "experience": "ExperienceRookie",
    "draftInfo": null
  },
  {
    "team": "IND",
    "number": "",
    "name": "Alec Pierce14",
    "position": "WR",
    "height": "25",
    "weight": "6' 3\"",
    "age": "211 lbs",
    "college": "3",
    "playerId": "4360078",
    "profileUrl": "https://www.espn.com/nfl/player/_/id/4360078/alec-pierce",
    "headshot": "https://a.espncdn.com/combiner/i?img=/i/headshots/nfl/players/full/4360078.png",
    "birthdate": "Birthdate5/2/2000 (25)",
    "birthplace": null,
    "experience": null,
    "draftInfo": "Draft Info2022: Rd 2, Pk 53 (IND)"
  },
  {
    "team": "IND",
    "number": "",
    "name": "Michael Pittman Jr.11",
    "position": "WR",
    "height": "27",
    "weight": "6' 4\"",
    "age": "223 lbs",
    "college": "5",
    "playerId": "4035687",
    "profileUrl": "https://www.espn.com/nfl/player/_/id/4035687/michael-pittman-jr",
    "headshot": "https://a.espncdn.com/combiner/i?img=/i/headshots/nfl/players/full/4035687.png",
    "birthdate": "Birthdate10/5/1997 (27)",
    "birthplace": null,
    "experience": null,
    "draftInfo": "Draft Info2020: Rd 2, Pk 34 (IND)"
  },
  {
    "team": "IND",
    "number": "",
    "name": "Blayne Taylor",
    "position": "WR",
    "height": "--",
    "weight": "6' 5\"",
    "age": "215 lbs",
    "college": "R",
    "playerId": "5083552",
    "profileUrl": "https://www.espn.com/nfl/player/_/id/5083552/blayne-taylor",
    "headshot": "https://a.espncdn.com/combiner/i?img=/i/teamlogos/nfl/500/ind.png",
    "birthdate": null,
    "birthplace": "BirthplaceSaginaw, TX",
    "experience": "ExperienceRookie",
    "draftInfo": null
  },
  {
    "team": "IND",
    "number": "",
    "name": "Laquon Treadwell17",
    "position": "WR",
    "height": "29",
    "weight": "6' 2\"",
    "age": "215 lbs",
    "college": "9",
    "playerId": "3051889",
    "profileUrl": "https://www.espn.com/nfl/player/_/id/3051889/laquon-treadwell",
    "headshot": "https://a.espncdn.com/combiner/i?img=/i/headshots/nfl/players/full/3051889.png",
    "birthdate": "Birthdate6/14/1995 (29)",
    "birthplace": null,
    "experience": null,
    "draftInfo": "Draft Info2016: Rd 1, Pk 23 (MIN)"
  },
  {
    "team": "IND",
    "number": "",
    "name": "Mo Alie-Cox81",
    "position": "TE",
    "height": "31",
    "weight": "6' 5\"",
    "age": "267 lbs",
    "college": "7",
    "playerId": "2998565",
    "profileUrl": "https://www.espn.com/nfl/player/_/id/2998565/mo-alie-cox",
    "headshot": "https://a.espncdn.com/combiner/i?img=/i/headshots/nfl/players/full/2998565.png",
    "birthdate": "Birthdate9/19/1993 (31)",
    "birthplace": null,
    "experience": "Experience7th Season",
    "draftInfo": null
  },
  {
    "team": "IND",
    "number": "",
    "name": "Will Mallory86",
    "position": "TE",
    "height": "25",
    "weight": "6' 4\"",
    "age": "239 lbs",
    "college": "2",
    "playerId": "4362523",
    "profileUrl": "https://www.espn.com/nfl/player/_/id/4362523/will-mallory",
    "headshot": "https://a.espncdn.com/combiner/i?img=/i/headshots/nfl/players/full/4362523.png",
    "birthdate": "Birthdate6/22/1999 (25)",
    "birthplace": null,
    "experience": null,
    "draftInfo": "Draft Info2023: Rd 5, Pk 162 (IND)"
  },
  {
    "team": "IND",
    "number": "",
    "name": "Maximilian Mang",
    "position": "TE",
    "height": "--",
    "weight": "6' 7\"",
    "age": "267 lbs",
    "college": "R",
    "playerId": "4608691",
    "profileUrl": "https://www.espn.com/nfl/player/_/id/4608691/maximilian-mang",
    "headshot": "https://a.espncdn.com/combiner/i?img=/i/headshots/college-football/players/full/4608691.png",
    "birthdate": null,
    "birthplace": "BirthplaceNuthetal, Germany",
    "experience": "ExperienceRookie",
    "draftInfo": null
  },
  {
    "team": "IND",
    "number": "",
    "name": "Sean McKeon49",
    "position": "TE",
    "height": "27",
    "weight": "6' 5\"",
    "age": "255 lbs",
    "college": "5",
    "playerId": "4036275",
    "profileUrl": "https://www.espn.com/nfl/player/_/id/4036275/sean-mckeon",
    "headshot": "https://a.espncdn.com/combiner/i?img=/i/headshots/nfl/players/full/4036275.png",
    "birthdate": "Birthdate12/28/1997 (27)",
    "birthplace": null,
    "experience": "Experience5th Season",
    "draftInfo": null
  },
  {
    "team": "IND",
    "number": "",
    "name": "Drew Ogletree85",
    "position": "TE",
    "height": "26",
    "weight": "6' 5\"",
    "age": "260 lbs",
    "college": "3",
    "playerId": "4722908",
    "profileUrl": "https://www.espn.com/nfl/player/_/id/4722908/drew-ogletree",
    "headshot": "https://a.espncdn.com/combiner/i?img=/i/headshots/nfl/players/full/4722908.png",
    "birthdate": "Birthdate7/28/1998 (26)",
    "birthplace": null,
    "experience": null,
    "draftInfo": "Draft Info2022: Rd 6, Pk 192 (IND)"
  },
  {
    "team": "IND",
    "number": "",
    "name": "Albert Okwuegbunam Jr.84",
    "position": "TE",
    "height": "27",
    "weight": "6' 5\"",
    "age": "258 lbs",
    "college": "5",
    "playerId": "4035115",
    "profileUrl": "https://www.espn.com/nfl/player/_/id/4035115/albert-okwuegbunam-jr",
    "headshot": "https://a.espncdn.com/combiner/i?img=/i/headshots/nfl/players/full/4035115.png",
    "birthdate": "Birthdate4/25/1998 (27)",
    "birthplace": null,
    "experience": null,
    "draftInfo": "Draft Info2020: Rd 4, Pk 118 (DEN)"
  },
  {
    "team": "IND",
    "number": "",
    "name": "Tyler Warren",
    "position": "TE",
    "height": "22",
    "weight": "6' 6\"",
    "age": "257 lbs",
    "college": "R",
    "playerId": "4431459",
    "profileUrl": "https://www.espn.com/nfl/player/_/id/4431459/tyler-warren",
    "headshot": "https://a.espncdn.com/combiner/i?img=/i/headshots/nfl/players/full/4431459.png",
    "birthdate": "Birthdate5/24/2002 (22)",
    "birthplace": null,
    "experience": null,
    "draftInfo": "Draft Info2025: Rd 1, Pk 14 (IND)"
  },
  {
    "team": "IND",
    "number": "",
    "name": "Jelani Woods80",
    "position": "TE",
    "height": "26",
    "weight": "6' 7\"",
    "age": "253 lbs",
    "college": "3",
    "playerId": "4241410",
    "profileUrl": "https://www.espn.com/nfl/player/_/id/4241410/jelani-woods",
    "headshot": "https://a.espncdn.com/combiner/i?img=/i/headshots/nfl/players/full/4241410.png",
    "birthdate": "Birthdate10/9/1998 (26)",
    "birthplace": null,
    "experience": null,
    "draftInfo": "Draft Info2022: Rd 3, Pk 73 (IND)"
  },
  {
    "team": "IND",
    "number": "",
    "name": "Wesley French62",
    "position": "C",
    "height": "28",
    "weight": "6' 4\"",
    "age": "307 lbs",
    "college": "3",
    "playerId": "3916746",
    "profileUrl": "https://www.espn.com/nfl/player/_/id/3916746/wesley-french",
    "headshot": "https://a.espncdn.com/combiner/i?img=/i/headshots/nfl/players/full/3916746.png",
    "birthdate": "Birthdate11/30/1996 (28)",
    "birthplace": null,
    "experience": "Experience3rd Season",
    "draftInfo": null
  },
  {
    "team": "IND",
    "number": "",
    "name": "Danny Pinter63",
    "position": "C",
    "height": "28",
    "weight": "6' 4\"",
    "age": "301 lbs",
    "college": "5",
    "playerId": "3915470",
    "profileUrl": "https://www.espn.com/nfl/player/_/id/3915470/danny-pinter",
    "headshot": "https://a.espncdn.com/combiner/i?img=/i/headshots/nfl/players/full/3915470.png",
    "birthdate": "Birthdate6/19/1996 (28)",
    "birthplace": null,
    "experience": null,
    "draftInfo": "Draft Info2020: Rd 5, Pk 149 (IND)"
  },
  {
    "team": "IND",
    "number": "",
    "name": "Mose Vavao",
    "position": "C",
    "height": "--",
    "weight": "6' 3\"",
    "age": "317 lbs",
    "college": "R",
    "playerId": "4609783",
    "profileUrl": "https://www.espn.com/nfl/player/_/id/4609783/mose-vavao",
    "headshot": "https://a.espncdn.com/combiner/i?img=/i/headshots/college-football/players/full/4609783.png",
    "birthdate": null,
    "birthplace": "BirthplaceNewark, CA",
    "experience": "ExperienceRookie",
    "draftInfo": null
  },
  {
    "team": "IND",
    "number": "",
    "name": "Tanor Bortolini60",
    "position": "G",
    "height": "22",
    "weight": "6' 4\"",
    "age": "303 lbs",
    "college": "R",
    "playerId": "4430957",
    "profileUrl": "https://www.espn.com/nfl/player/_/id/4430957/tanor-bortolini",
    "headshot": "https://a.espncdn.com/combiner/i?img=/i/headshots/nfl/players/full/4430957.png",
    "birthdate": "Birthdate6/18/2002 (22)",
    "birthplace": null,
    "experience": null,
    "draftInfo": "Draft Info2024: Rd 4, Pk 117 (IND)"
  },
  {
    "team": "IND",
    "number": "",
    "name": "Quenton Nelson56",
    "position": "G",
    "height": "29",
    "weight": "6' 5\"",
    "age": "330 lbs",
    "college": "7",
    "playerId": "3129308",
    "profileUrl": "https://www.espn.com/nfl/player/_/id/3129308/quenton-nelson",
    "headshot": "https://a.espncdn.com/combiner/i?img=/i/headshots/nfl/players/full/3129308.png",
    "birthdate": "Birthdate3/19/1996 (29)",
    "birthplace": null,
    "experience": null,
    "draftInfo": "Draft Info2018: Rd 1, Pk 6 (IND)"
  },
  {
    "team": "IND",
    "number": "",
    "name": "Josh Sills66",
    "position": "G",
    "height": "26",
    "weight": "6' 6\"",
    "age": "325 lbs",
    "college": "3",
    "playerId": "4039243",
    "profileUrl": "https://www.espn.com/nfl/player/_/id/4039243/josh-sills",
    "headshot": "https://a.espncdn.com/combiner/i?img=/i/headshots/nfl/players/full/4039243.png",
    "birthdate": "Birthdate12/26/1998 (26)",
    "birthplace": null,
    "experience": "Experience3rd Season",
    "draftInfo": null
  },
  {
    "team": "IND",
    "number": "",
    "name": "Dalton Tucker68",
    "position": "G",
    "height": "25",
    "weight": "6' 6\"",
    "age": "307 lbs",
    "college": "R",
    "playerId": "4370363",
    "profileUrl": "https://www.espn.com/nfl/player/_/id/4370363/dalton-tucker",
    "headshot": "https://a.espncdn.com/combiner/i?img=/i/headshots/nfl/players/full/4370363.png",
    "birthdate": "Birthdate3/18/2000 (25)",
    "birthplace": null,
    "experience": "ExperienceRookie",
    "draftInfo": null
  },
  {
    "team": "IND",
    "number": "",
    "name": "Marshall Foerner",
    "position": "OT",
    "height": "24",
    "weight": "6' 7\"",
    "age": "305 lbs",
    "college": "R",
    "playerId": "4608357",
    "profileUrl": "https://www.espn.com/nfl/player/_/id/4608357/marshall-foerner",
    "headshot": "https://a.espncdn.com/combiner/i?img=/i/teamlogos/nfl/500/ind.png",
    "birthdate": "Birthdate12/31/2000 (24)",
    "birthplace": null,
    "experience": "ExperienceRookie",
    "draftInfo": null
  },
  {
    "team": "IND",
    "number": "",
    "name": "Blake Freeland73",
    "position": "OT",
    "height": "24",
    "weight": "6' 7\"",
    "age": "302 lbs",
    "college": "2",
    "playerId": "4429636",
    "profileUrl": "https://www.espn.com/nfl/player/_/id/4429636/blake-freeland",
    "headshot": "https://a.espncdn.com/combiner/i?img=/i/headshots/nfl/players/full/4429636.png",
    "birthdate": "Birthdate5/3/2001 (24)",
    "birthplace": null,
    "experience": null,
    "draftInfo": "Draft Info2023: Rd 4, Pk 106 (IND)"
  },
  {
    "team": "IND",
    "number": "",
    "name": "Matt Goncalves71",
    "position": "OT",
    "height": "24",
    "weight": "6' 6\"",
    "age": "317 lbs",
    "college": "R",
    "playerId": "4427298",
    "profileUrl": "https://www.espn.com/nfl/player/_/id/4427298/matt-goncalves",
    "headshot": "https://a.espncdn.com/combiner/i?img=/i/headshots/nfl/players/full/4427298.png",
    "birthdate": "Birthdate1/26/2001 (24)",
    "birthplace": null,
    "experience": null,
    "draftInfo": "Draft Info2024: Rd 3, Pk 79 (IND)"
  },
  {
    "team": "IND",
    "number": "",
    "name": "Bernhard Raimann79",
    "position": "OT",
    "height": "27",
    "weight": "6' 6\"",
    "age": "303 lbs",
    "college": "3",
    "playerId": "4362580",
    "profileUrl": "https://www.espn.com/nfl/player/_/id/4362580/bernhard-raimann",
    "headshot": "https://a.espncdn.com/combiner/i?img=/i/headshots/nfl/players/full/4362580.png",
    "birthdate": "Birthdate9/23/1997 (27)",
    "birthplace": null,
    "experience": null,
    "draftInfo": "Draft Info2022: Rd 3, Pk 77 (IND)"
  },
  {
    "team": "IND",
    "number": "",
    "name": "Braden Smith72",
    "position": "OT",
    "height": "29",
    "weight": "6' 6\"",
    "age": "312 lbs",
    "college": "7",
    "playerId": "3121595",
    "profileUrl": "https://www.espn.com/nfl/player/_/id/3121595/braden-smith",
    "headshot": "https://a.espncdn.com/combiner/i?img=/i/headshots/nfl/players/full/3121595.png",
    "birthdate": "Birthdate3/25/1996 (29)",
    "birthplace": null,
    "experience": null,
    "draftInfo": "Draft Info2018: Rd 2, Pk 37 (IND)"
  },
  {
    "team": "IND",
    "number": "",
    "name": "Luke Tenuta76",
    "position": "OT",
    "height": "25",
    "weight": "6' 8\"",
    "age": "314 lbs",
    "college": "R",
    "playerId": "4361979",
    "profileUrl": "https://www.espn.com/nfl/player/_/id/4361979/luke-tenuta",
    "headshot": "https://a.espncdn.com/combiner/i?img=/i/headshots/nfl/players/full/4361979.png",
    "birthdate": "Birthdate9/1/1999 (25)",
    "birthplace": null,
    "experience": null,
    "draftInfo": "Draft Info2022: Rd 6, Pk 209 (BUF)"
  },
  {
    "team": "IND",
    "number": "",
    "name": "Jalen Travis",
    "position": "OT",
    "height": "23",
    "weight": "6' 7\"",
    "age": "340 lbs",
    "college": "R",
    "playerId": "4892240",
    "profileUrl": "https://www.espn.com/nfl/player/_/id/4892240/jalen-travis",
    "headshot": "https://a.espncdn.com/combiner/i?img=/i/headshots/nfl/players/full/4892240.png",
    "birthdate": "Birthdate4/19/2002 (23)",
    "birthplace": null,
    "experience": null,
    "draftInfo": "Draft Info2025: Rd 4, Pk 127 (IND)"
  },
  {
    "team": "IND",
    "number": "",
    "name": "Jack Wilson",
    "position": "OT",
    "height": "--",
    "weight": "6' 11\"",
    "age": "310 lbs",
    "college": "R",
    "playerId": "2517081",
    "profileUrl": "https://www.espn.com/nfl/player/_/id/2517081/jack-wilson",
    "headshot": "https://a.espncdn.com/combiner/i?img=/i/headshots/college-football/players/full/504844.png",
    "birthdate": null,
    "birthplace": "BirthplaceMontara, CA",
    "experience": "ExperienceRookie",
    "draftInfo": null
  },
  {
    "team": "IND",
    "number": "",
    "name": "Samson Ebukam52",
    "position": "DE",
    "height": "30",
    "weight": "6' 3\"",
    "age": "245 lbs",
    "college": "8",
    "playerId": "3045527",
    "profileUrl": "https://www.espn.com/nfl/player/_/id/3045527/samson-ebukam",
    "headshot": "https://a.espncdn.com/combiner/i?img=/i/headshots/nfl/players/full/3045527.png",
    "birthdate": "Birthdate5/9/1995 (30)",
    "birthplace": null,
    "experience": null,
    "draftInfo": "Draft Info2017: Rd 4, Pk 125 (LAR)"
  },
  {
    "team": "IND",
    "number": "",
    "name": "Neville Gallimore",
    "position": "DE",
    "height": "28",
    "weight": "6' 2\"",
    "age": "307 lbs",
    "college": "6",
    "playerId": "3892883",
    "profileUrl": "https://www.espn.com/nfl/player/_/id/3892883/neville-gallimore",
    "headshot": "https://a.espncdn.com/combiner/i?img=/i/headshots/nfl/players/full/3892883.png",
    "birthdate": "Birthdate1/17/1997 (28)",
    "birthplace": null,
    "experience": null,
    "draftInfo": "Draft Info2020: Rd 3, Pk 82 (DAL)"
  },
  {
    "team": "IND",
    "number": "",
    "name": "Isaiah Land55",
    "position": "DE",
    "height": "25",
    "weight": "6' 4\"",
    "age": "225 lbs",
    "college": "2",
    "playerId": "4574551",
    "profileUrl": "https://www.espn.com/nfl/player/_/id/4574551/isaiah-land",
    "headshot": "https://a.espncdn.com/combiner/i?img=/i/headshots/nfl/players/full/4574551.png",
    "birthdate": "Birthdate2/5/2000 (25)",
    "birthplace": null,
    "experience": "Experience2nd Season",
    "draftInfo": null
  },
  {
    "team": "IND",
    "number": "",
    "name": "Laiatu Latu97",
    "position": "DE",
    "height": "24",
    "weight": "6' 5\"",
    "age": "265 lbs",
    "college": "R",
    "playerId": "4426473",
    "profileUrl": "https://www.espn.com/nfl/player/_/id/4426473/laiatu-latu",
    "headshot": "https://a.espncdn.com/combiner/i?img=/i/headshots/nfl/players/full/4426473.png",
    "birthdate": "Birthdate12/31/2000 (24)",
    "birthplace": null,
    "experience": null,
    "draftInfo": "Draft Info2024: Rd 1, Pk 15 (IND)"
  },
  {
    "team": "IND",
    "number": "",
    "name": "Tyquan Lewis94",
    "position": "DE",
    "height": "30",
    "weight": "6' 3\"",
    "age": "267 lbs",
    "college": "7",
    "playerId": "3040513",
    "profileUrl": "https://www.espn.com/nfl/player/_/id/3040513/tyquan-lewis",
    "headshot": "https://a.espncdn.com/combiner/i?img=/i/headshots/nfl/players/full/3040513.png",
    "birthdate": "Birthdate1/30/1995 (30)",
    "birthplace": null,
    "experience": null,
    "draftInfo": "Draft Info2018: Rd 2, Pk 64 (IND)"
  },
  {
    "team": "IND",
    "number": "",
    "name": "Desmond Little",
    "position": "DE",
    "height": "--",
    "weight": "6' 6\"",
    "age": "240 lbs",
    "college": "R",
    "playerId": "4427813",
    "profileUrl": "https://www.espn.com/nfl/player/_/id/4427813/desmond-little",
    "headshot": "https://a.espncdn.com/combiner/i?img=/i/headshots/college-football/players/full/4427813.png",
    "birthdate": null,
    "birthplace": "BirthplacePrichard, AL",
    "experience": "ExperienceRookie",
    "draftInfo": null
  },
  {
    "team": "IND",
    "number": "",
    "name": "Durell Nchami74",
    "position": "DE",
    "height": "25",
    "weight": "6' 4\"",
    "age": "258 lbs",
    "college": "1",
    "playerId": "4360638",
    "profileUrl": "https://www.espn.com/nfl/player/_/id/4360638/durell-nchami",
    "headshot": "https://a.espncdn.com/combiner/i?img=/i/headshots/nfl/players/full/4360638.png",
    "birthdate": "Birthdate2/11/2000 (25)",
    "birthplace": null,
    "experience": "Experience1st Season",
    "draftInfo": null
  },
  {
    "team": "IND",
    "number": "",
    "name": "Kwity Paye51",
    "position": "DE",
    "height": "26",
    "weight": "6' 3\"",
    "age": "265 lbs",
    "college": "4",
    "playerId": "4258194",
    "profileUrl": "https://www.espn.com/nfl/player/_/id/4258194/kwity-paye",
    "headshot": "https://a.espncdn.com/combiner/i?img=/i/headshots/nfl/players/full/4258194.png",
    "birthdate": "Birthdate11/19/1998 (26)",
    "birthplace": null,
    "experience": null,
    "draftInfo": "Draft Info2021: Rd 1, Pk 21 (IND)"
  },
  {
    "team": "IND",
    "number": "",
    "name": "JT Tuimoloau",
    "position": "DE",
    "height": "22",
    "weight": "6' 5\"",
    "age": "269 lbs",
    "college": "R",
    "playerId": "4566154",
    "profileUrl": "https://www.espn.com/nfl/player/_/id/4566154/jt-tuimoloau",
    "headshot": "https://a.espncdn.com/combiner/i?img=/i/headshots/nfl/players/full/4566154.png",
    "birthdate": "Birthdate5/10/2003 (22)",
    "birthplace": null,
    "experience": null,
    "draftInfo": "Draft Info2025: Rd 2, Pk 45 (IND)"
  },
  {
    "team": "IND",
    "number": "",
    "name": "Adetomiwa Adebawore95",
    "position": "DT",
    "height": "24",
    "weight": "6' 2\"",
    "age": "282 lbs",
    "college": "2",
    "playerId": "4427635",
    "profileUrl": "https://www.espn.com/nfl/player/_/id/4427635/adetomiwa-adebawore",
    "headshot": "https://a.espncdn.com/combiner/i?img=/i/headshots/nfl/players/full/4427635.png",
    "birthdate": "Birthdate3/4/2001 (24)",
    "birthplace": null,
    "experience": null,
    "draftInfo": "Draft Info2023: Rd 4, Pk 110 (IND)"
  },
  {
    "team": "IND",
    "number": "",
    "name": "DeForest Buckner99",
    "position": "DT",
    "height": "31",
    "weight": "6' 7\"",
    "age": "295 lbs",
    "college": "9",
    "playerId": "2971282",
    "profileUrl": "https://www.espn.com/nfl/player/_/id/2971282/deforest-buckner",
    "headshot": "https://a.espncdn.com/combiner/i?img=/i/headshots/nfl/players/full/2971282.png",
    "birthdate": "Birthdate3/17/1994 (31)",
    "birthplace": null,
    "experience": null,
    "draftInfo": "Draft Info2016: Rd 1, Pk 7 (SF)"
  },
  {
    "team": "IND",
    "number": "",
    "name": "Devonta Davis",
    "position": "DT",
    "height": "--",
    "weight": "6' 3\"",
    "age": "296 lbs",
    "college": "R",
    "playerId": "4574833",
    "profileUrl": "https://www.espn.com/nfl/player/_/id/4574833/devonta-davis",
    "headshot": "https://a.espncdn.com/combiner/i?img=/i/headshots/college-football/players/full/4574833.png",
    "birthdate": null,
    "birthplace": "BirthplaceUnion Springs, AL",
    "experience": "ExperienceRookie",
    "draftInfo": null
  },
  {
    "team": "IND",
    "number": "",
    "name": "Eric Johnson II",
    "position": "DT",
    "height": "26",
    "weight": "6' 4\"",
    "age": "320 lbs",
    "college": "3",
    "playerId": "4050971",
    "profileUrl": "https://www.espn.com/nfl/player/_/id/4050971/eric-johnson-ii",
    "headshot": "https://a.espncdn.com/combiner/i?img=/i/headshots/nfl/players/full/4050971.png",
    "birthdate": "Birthdate7/16/1998 (26)",
    "birthplace": null,
    "experience": null,
    "draftInfo": "Draft Info2022: Rd 5, Pk 159 (IND)"
  },
  {
    "team": "IND",
    "number": "",
    "name": "Tim Smith",
    "position": "DT",
    "height": "22",
    "weight": "6' 4\"",
    "age": "314 lbs",
    "college": "R",
    "playerId": "4692033",
    "profileUrl": "https://www.espn.com/nfl/player/_/id/4692033/tim-smith",
    "headshot": "https://a.espncdn.com/combiner/i?img=/i/headshots/nfl/players/full/4692033.png",
    "birthdate": "Birthdate8/9/2002 (22)",
    "birthplace": null,
    "experience": null,
    "draftInfo": "Draft Info2025: Rd 6, Pk 190 (IND)"
  },
  {
    "team": "IND",
    "number": "",
    "name": "Grover Stewart90",
    "position": "DT",
    "height": "31",
    "weight": "6' 4\"",
    "age": "314 lbs",
    "college": "8",
    "playerId": "4058825",
    "profileUrl": "https://www.espn.com/nfl/player/_/id/4058825/grover-stewart",
    "headshot": "https://a.espncdn.com/combiner/i?img=/i/headshots/nfl/players/full/4058825.png",
    "birthdate": "Birthdate10/20/1993 (31)",
    "birthplace": null,
    "experience": null,
    "draftInfo": "Draft Info2017: Rd 4, Pk 144 (IND)"
  },
  {
    "team": "IND",
    "number": "",
    "name": "Austin Ajiake58",
    "position": "LB",
    "height": "24",
    "weight": "6' 1\"",
    "age": "223 lbs",
    "college": "1",
    "playerId": "4374171",
    "profileUrl": "https://www.espn.com/nfl/player/_/id/4374171/austin-ajiake",
    "headshot": "https://a.espncdn.com/combiner/i?img=/i/headshots/nfl/players/full/4374171.png",
    "birthdate": "Birthdate6/30/2000 (24)",
    "birthplace": null,
    "experience": "Experience1st Season",
    "draftInfo": null
  },
  {
    "team": "IND",
    "number": "",
    "name": "Liam Anderson47",
    "position": "LB",
    "height": "25",
    "weight": "6' 3\"",
    "age": "226 lbs",
    "college": "1",
    "playerId": "4368056",
    "profileUrl": "https://www.espn.com/nfl/player/_/id/4368056/liam-anderson",
    "headshot": "https://a.espncdn.com/combiner/i?img=/i/headshots/nfl/players/full/4368056.png",
    "birthdate": "Birthdate4/30/2000 (25)",
    "birthplace": null,
    "experience": "Experience1st Season",
    "draftInfo": null
  },
  {
    "team": "IND",
    "number": "",
    "name": "Joe Bachie49",
    "position": "LB",
    "height": "27",
    "weight": "6' 2\"",
    "age": "235 lbs",
    "college": "5",
    "playerId": "4036507",
    "profileUrl": "https://www.espn.com/nfl/player/_/id/4036507/joe-bachie",
    "headshot": "https://a.espncdn.com/combiner/i?img=/i/headshots/nfl/players/full/4036507.png",
    "birthdate": "Birthdate2/26/1998 (27)",
    "birthplace": null,
    "experience": "Experience5th Season",
    "draftInfo": null
  },
  {
    "team": "IND",
    "number": "",
    "name": "Jaylon Carlies57",
    "position": "LB",
    "height": "23",
    "weight": "6' 3\"",
    "age": "227 lbs",
    "college": "R",
    "playerId": "4601021",
    "profileUrl": "https://www.espn.com/nfl/player/_/id/4601021/jaylon-carlies",
    "headshot": "https://a.espncdn.com/combiner/i?img=/i/headshots/nfl/players/full/4601021.png",
    "birthdate": "Birthdate9/13/2001 (23)",
    "birthplace": null,
    "experience": null,
    "draftInfo": "Draft Info2024: Rd 5, Pk 151 (IND)"
  },
  {
    "team": "IND",
    "number": "",
    "name": "Solomon DeShields",
    "position": "LB",
    "height": "--",
    "weight": "6' 3\"",
    "age": "235 lbs",
    "college": "R",
    "playerId": "4431065",
    "profileUrl": "https://www.espn.com/nfl/player/_/id/4431065/solomon-deshields",
    "headshot": "https://a.espncdn.com/combiner/i?img=/i/headshots/college-football/players/full/4431065.png",
    "birthdate": null,
    "birthplace": "BirthplaceMillville, NJ",
    "experience": "ExperienceRookie",
    "draftInfo": null
  },
  {
    "team": "IND",
    "number": "",
    "name": "Zaire Franklin44",
    "position": "LB",
    "height": "28",
    "weight": "6' 0\"",
    "age": "235 lbs",
    "college": "7",
    "playerId": "3124005",
    "profileUrl": "https://www.espn.com/nfl/player/_/id/3124005/zaire-franklin",
    "headshot": "https://a.espncdn.com/combiner/i?img=/i/headshots/nfl/players/full/3124005.png",
    "birthdate": "Birthdate7/2/1996 (28)",
    "birthplace": null,
    "experience": null,
    "draftInfo": "Draft Info2018: Rd 7, Pk 235 (IND)"
  },
  {
    "team": "IND",
    "number": "",
    "name": "Cameron McGrone59",
    "position": "LB",
    "height": "24",
    "weight": "6' 1\"",
    "age": "236 lbs",
    "college": "3",
    "playerId": "4372085",
    "profileUrl": "https://www.espn.com/nfl/player/_/id/4372085/cameron-mcgrone",
    "headshot": "https://a.espncdn.com/combiner/i?img=/i/headshots/nfl/players/full/4372085.png",
    "birthdate": "Birthdate6/22/2000 (24)",
    "birthplace": null,
    "experience": null,
    "draftInfo": "Draft Info2021: Rd 5, Pk 177 (NE)"
  },
  {
    "team": "IND",
    "number": "",
    "name": "Segun Olubi50",
    "position": "LB",
    "height": "25",
    "weight": "6' 0\"",
    "age": "225 lbs",
    "college": "2",
    "playerId": "4260703",
    "profileUrl": "https://www.espn.com/nfl/player/_/id/4260703/segun-olubi",
    "headshot": "https://a.espncdn.com/combiner/i?img=/i/headshots/nfl/players/full/4260703.png",
    "birthdate": "Birthdate11/1/1999 (25)",
    "birthplace": null,
    "experience": "Experience2nd Season",
    "draftInfo": null
  },
  {
    "team": "IND",
    "number": "",
    "name": "Jacob Phillips",
    "position": "LB",
    "height": "26",
    "weight": "6' 3\"",
    "age": "228 lbs",
    "college": "4",
    "playerId": "4242206",
    "profileUrl": "https://www.espn.com/nfl/player/_/id/4242206/jacob-phillips",
    "headshot": "https://a.espncdn.com/combiner/i?img=/i/headshots/nfl/players/full/4242206.png",
    "birthdate": "Birthdate4/1/1999 (26)",
    "birthplace": null,
    "experience": null,
    "draftInfo": "Draft Info2020: Rd 3, Pk 97 (CLE)"
  },
  {
    "team": "IND",
    "number": "",
    "name": "Corey Ballentine",
    "position": "CB",
    "height": "29",
    "weight": "5' 11\"",
    "age": "196 lbs",
    "college": "6",
    "playerId": "4411769",
    "profileUrl": "https://www.espn.com/nfl/player/_/id/4411769/corey-ballentine",
    "headshot": "https://a.espncdn.com/combiner/i?img=/i/headshots/nfl/players/full/4411769.png",
    "birthdate": "Birthdate4/13/1996 (29)",
    "birthplace": null,
    "experience": null,
    "draftInfo": "Draft Info2019: Rd 6, Pk 180 (NYG)"
  },
  {
    "team": "IND",
    "number": "",
    "name": "JuJu Brents29",
    "position": "CB",
    "height": "25",
    "weight": "6' 3\"",
    "age": "198 lbs",
    "college": "2",
    "playerId": "4360488",
    "profileUrl": "https://www.espn.com/nfl/player/_/id/4360488/juju-brents",
    "headshot": "https://a.espncdn.com/combiner/i?img=/i/headshots/nfl/players/full/4360488.png",
    "birthdate": "Birthdate1/18/2000 (25)",
    "birthplace": null,
    "experience": null,
    "draftInfo": "Draft Info2023: Rd 2, Pk 44 (IND)"
  },
  {
    "team": "IND",
    "number": "",
    "name": "Johnathan Edwards",
    "position": "CB",
    "height": "--",
    "weight": "6' 1\"",
    "age": "200 lbs",
    "college": "R",
    "playerId": "4695991",
    "profileUrl": "https://www.espn.com/nfl/player/_/id/4695991/johnathan-edwards",
    "headshot": "https://a.espncdn.com/combiner/i?img=/i/headshots/college-football/players/full/4695991.png",
    "birthdate": null,
    "birthplace": "BirthplaceSt. Louis, MO",
    "experience": "ExperienceRookie",
    "draftInfo": null
  },
  {
    "team": "IND",
    "number": "",
    "name": "Alex Johnson39",
    "position": "CB",
    "height": "24",
    "weight": "6' 0\"",
    "age": "185 lbs",
    "college": "R",
    "playerId": "4367181",
    "profileUrl": "https://www.espn.com/nfl/player/_/id/4367181/alex-johnson",
    "headshot": "https://a.espncdn.com/combiner/i?img=/i/headshots/nfl/players/full/4367181.png",
    "birthdate": "Birthdate10/11/2000 (24)",
    "birthplace": null,
    "experience": "ExperienceRookie",
    "draftInfo": null
  },
  {
    "team": "IND",
    "number": "",
    "name": "Jaylon Jones40",
    "position": "CB",
    "height": "23",
    "weight": "6' 2\"",
    "age": "203 lbs",
    "college": "2",
    "playerId": "4685145",
    "profileUrl": "https://www.espn.com/nfl/player/_/id/4685145/jaylon-jones",
    "headshot": "https://a.espncdn.com/combiner/i?img=/i/headshots/nfl/players/full/4685145.png",
    "birthdate": "Birthdate4/3/2002 (23)",
    "birthplace": null,
    "experience": null,
    "draftInfo": "Draft Info2023: Rd 7, Pk 221 (IND)"
  },
  {
    "team": "IND",
    "number": "",
    "name": "David Long Jr.34",
    "position": "CB",
    "height": "27",
    "weight": "5' 11\"",
    "age": "196 lbs",
    "college": "6",
    "playerId": "4046536",
    "profileUrl": "https://www.espn.com/nfl/player/_/id/4046536/david-long-jr",
    "headshot": "https://a.espncdn.com/combiner/i?img=/i/headshots/nfl/players/full/4046536.png",
    "birthdate": "Birthdate2/6/1998 (27)",
    "birthplace": null,
    "experience": null,
    "draftInfo": "Draft Info2019: Rd 3, Pk 79 (LAR)"
  },
  {
    "team": "IND",
    "number": "",
    "name": "Kenny Moore II23",
    "position": "CB",
    "height": "29",
    "weight": "5' 9\"",
    "age": "190 lbs",
    "college": "8",
    "playerId": "4218312",
    "profileUrl": "https://www.espn.com/nfl/player/_/id/4218312/kenny-moore-ii",
    "headshot": "https://a.espncdn.com/combiner/i?img=/i/headshots/nfl/players/full/4218312.png",
    "birthdate": "Birthdate8/23/1995 (29)",
    "birthplace": null,
    "experience": "Experience8th Season",
    "draftInfo": null
  },
  {
    "team": "IND",
    "number": "",
    "name": "Justin Walley",
    "position": "CB",
    "height": "22",
    "weight": "5' 11\"",
    "age": "195 lbs",
    "college": "R",
    "playerId": "4682909",
    "profileUrl": "https://www.espn.com/nfl/player/_/id/4682909/justin-walley",
    "headshot": "https://a.espncdn.com/combiner/i?img=/i/headshots/nfl/players/full/4682909.png",
    "birthdate": "Birthdate9/22/2002 (22)",
    "birthplace": null,
    "experience": null,
    "draftInfo": "Draft Info2025: Rd 3, Pk 80 (IND)"
  },
  {
    "team": "IND",
    "number": "",
    "name": "Charvarius Ward",
    "position": "CB",
    "height": "29",
    "weight": "6' 1\"",
    "age": "196 lbs",
    "college": "7",
    "playerId": "4037361",
    "profileUrl": "https://www.espn.com/nfl/player/_/id/4037361/charvarius-ward",
    "headshot": "https://a.espncdn.com/combiner/i?img=/i/headshots/nfl/players/full/4037361.png",
    "birthdate": "Birthdate5/16/1996 (29)",
    "birthplace": null,
    "experience": "Experience7th Season",
    "draftInfo": null
  },
  {
    "team": "IND",
    "number": "",
    "name": "Trey Washington",
    "position": "CB",
    "height": "--",
    "weight": "5' 10\"",
    "age": "205 lbs",
    "college": "R",
    "playerId": "4599160",
    "profileUrl": "https://www.espn.com/nfl/player/_/id/4599160/trey-washington",
    "headshot": "https://a.espncdn.com/combiner/i?img=/i/headshots/college-football/players/full/4599160.png",
    "birthdate": null,
    "birthplace": "BirthplaceTrussville, AL",
    "experience": "ExperienceRookie",
    "draftInfo": null
  },
  {
    "team": "IND",
    "number": "",
    "name": "Samuel Womack III33",
    "position": "CB",
    "height": "25",
    "weight": "5' 11\"",
    "age": "189 lbs",
    "college": "3",
    "playerId": "4280416",
    "profileUrl": "https://www.espn.com/nfl/player/_/id/4280416/samuel-womack-iii",
    "headshot": "https://a.espncdn.com/combiner/i?img=/i/headshots/nfl/players/full/4280416.png",
    "birthdate": "Birthdate7/7/1999 (25)",
    "birthplace": null,
    "experience": null,
    "draftInfo": "Draft Info2022: Rd 5, Pk 172 (SF)"
  },
  {
    "team": "IND",
    "number": "",
    "name": "Camryn Bynum",
    "position": "S",
    "height": "26",
    "weight": "6' 0\"",
    "age": "200 lbs",
    "college": "5",
    "playerId": "4035861",
    "profileUrl": "https://www.espn.com/nfl/player/_/id/4035861/camryn-bynum",
    "headshot": "https://a.espncdn.com/combiner/i?img=/i/headshots/nfl/players/full/4035861.png",
    "birthdate": "Birthdate7/19/1998 (26)",
    "birthplace": null,
    "experience": null,
    "draftInfo": "Draft Info2021: Rd 4, Pk 125 (MIN)"
  },
  {
    "team": "IND",
    "number": "",
    "name": "Nick Cross20",
    "position": "S",
    "height": "23",
    "weight": "6' 0\"",
    "age": "212 lbs",
    "college": "3",
    "playerId": "4426403",
    "profileUrl": "https://www.espn.com/nfl/player/_/id/4426403/nick-cross",
    "headshot": "https://a.espncdn.com/combiner/i?img=/i/headshots/nfl/players/full/4426403.png",
    "birthdate": "Birthdate9/10/2001 (23)",
    "birthplace": null,
    "experience": null,
    "draftInfo": "Draft Info2022: Rd 3, Pk 96 (IND)"
  },
  {
    "team": "IND",
    "number": "",
    "name": "Daniel Scott31",
    "position": "S",
    "height": "26",
    "weight": "6' 1\"",
    "age": "208 lbs",
    "college": "2",
    "playerId": "4242415",
    "profileUrl": "https://www.espn.com/nfl/player/_/id/4242415/daniel-scott",
    "headshot": "https://a.espncdn.com/combiner/i?img=/i/headshots/nfl/players/full/4242415.png",
    "birthdate": "Birthdate10/26/1998 (26)",
    "birthplace": null,
    "experience": null,
    "draftInfo": "Draft Info2023: Rd 5, Pk 158 (IND)"
  },
  {
    "team": "IND",
    "number": "",
    "name": "Ladarius Tennison",
    "position": "S",
    "height": "--",
    "weight": "5' 10\"",
    "age": "200 lbs",
    "college": "R",
    "playerId": "4433922",
    "profileUrl": "https://www.espn.com/nfl/player/_/id/4433922/ladarius-tennison",
    "headshot": "https://a.espncdn.com/combiner/i?img=/i/headshots/college-football/players/full/4433922.png",
    "birthdate": null,
    "birthplace": "BirthplaceRockledge, FL",
    "experience": "ExperienceRookie",
    "draftInfo": null
  },
  {
    "team": "IND",
    "number": "",
    "name": "Rodney Thomas II25",
    "position": "S",
    "height": "26",
    "weight": "6' 1\"",
    "age": "196 lbs",
    "college": "3",
    "playerId": "4248455",
    "profileUrl": "https://www.espn.com/nfl/player/_/id/4248455/rodney-thomas-ii",
    "headshot": "https://a.espncdn.com/combiner/i?img=/i/headshots/nfl/players/full/4248455.png",
    "birthdate": "Birthdate6/26/1998 (26)",
    "birthplace": null,
    "experience": null,
    "draftInfo": "Draft Info2022: Rd 7, Pk 239 (IND)"
  },
  {
    "team": "IND",
    "number": "",
    "name": "Hunter Wohler",
    "position": "S",
    "height": "22",
    "weight": "6' 2\"",
    "age": "218 lbs",
    "college": "R",
    "playerId": "4432789",
    "profileUrl": "https://www.espn.com/nfl/player/_/id/4432789/hunter-wohler",
    "headshot": "https://a.espncdn.com/combiner/i?img=/i/headshots/nfl/players/full/4432789.png",
    "birthdate": "Birthdate1/12/2003 (22)",
    "birthplace": null,
    "experience": null,
    "draftInfo": "Draft Info2025: Rd 7, Pk 232 (IND)"
  },
  {
    "team": "IND",
    "number": "",
    "name": "Spencer Shrader40",
    "position": "PK",
    "height": "25",
    "weight": "6' 2\"",
    "age": "201 lbs",
    "college": "R",
    "playerId": "4571557",
    "profileUrl": "https://www.espn.com/nfl/player/_/id/4571557/spencer-shrader",
    "headshot": "https://a.espncdn.com/combiner/i?img=/i/headshots/nfl/players/full/4571557.png",
    "birthdate": "Birthdate5/19/1999 (25)",
    "birthplace": null,
    "experience": "ExperienceRookie",
    "draftInfo": null
  },
  {
    "team": "IND",
    "number": "",
    "name": "Maddux Trujillo",
    "position": "PK",
    "height": "--",
    "weight": "6' 1\"",
    "age": "170 lbs",
    "college": "R",
    "playerId": "4879326",
    "profileUrl": "https://www.espn.com/nfl/player/_/id/4879326/maddux-trujillo",
    "headshot": "https://a.espncdn.com/combiner/i?img=/i/headshots/college-football/players/full/4879326.png",
    "birthdate": null,
    "birthplace": "BirthplaceFlowery Branch, GA",
    "experience": "ExperienceRookie",
    "draftInfo": null
  },
  {
    "team": "IND",
    "number": "",
    "name": "Rigoberto Sanchez8",
    "position": "P",
    "height": "30",
    "weight": "6' 0\"",
    "age": "195 lbs",
    "college": "8",
    "playerId": "3914922",
    "profileUrl": "https://www.espn.com/nfl/player/_/id/3914922/rigoberto-sanchez",
    "headshot": "https://a.espncdn.com/combiner/i?img=/i/headshots/nfl/players/full/3914922.png",
    "birthdate": "Birthdate9/8/1994 (30)",
    "birthplace": null,
    "experience": "Experience8th Season",
    "draftInfo": null
  },
  {
    "team": "IND",
    "number": "",
    "name": "Luke Rhodes46",
    "position": "LS",
    "height": "32",
    "weight": "6' 2\"",
    "age": "238 lbs",
    "college": "8",
    "playerId": "2566045",
    "profileUrl": "https://www.espn.com/nfl/player/_/id/2566045/luke-rhodes",
    "headshot": "https://a.espncdn.com/combiner/i?img=/i/headshots/nfl/players/full/2566045.png",
    "birthdate": "Birthdate12/2/1992 (32)",
    "birthplace": null,
    "experience": "Experience8th Season",
    "draftInfo": null
  }
]