[
  {
    "team": "JAX",
    "number": "",
    "name": "Seth Henigan",
    "position": "QB",
    "height": "22",
    "weight": "6' 3\"",
    "age": "215 lbs",
    "college": "R",
    "playerId": "4606194",
    "profileUrl": "https://www.espn.com/nfl/player/_/id/4606194/seth-henigan",
    "headshot": "https://a.espncdn.com/combiner/i?img=/i/headshots/college-football/players/full/4606194.png",
    "birthdate": "Birthdate3/10/2003 (22)",
    "birthplace": null,
    "experience": "ExperienceRookie",
    "draftInfo": null
  },
  {
    "team": "JAX",
    "number": "",
    "name": "Trevor Lawrence16",
    "position": "QB",
    "height": "25",
    "weight": "6' 6\"",
    "age": "220 lbs",
    "college": "4",
    "playerId": "4360310",
    "profileUrl": "https://www.espn.com/nfl/player/_/id/4360310/trevor-lawrence",
    "headshot": "https://a.espncdn.com/combiner/i?img=/i/headshots/nfl/players/full/4360310.png",
    "birthdate": "Birthdate10/6/1999 (25)",
    "birthplace": null,
    "experience": null,
    "draftInfo": "Draft Info2021: Rd 1, Pk 1 (JAX)"
  },
  {
    "team": "JAX",
    "number": "",
    "name": "Nick Mullens",
    "position": "QB",
    "height": "30",
    "weight": "6' 0\"",
    "age": "210 lbs",
    "college": "6",
    "playerId": "3059989",
    "profileUrl": "https://www.espn.com/nfl/player/_/id/3059989/nick-mullens",
    "headshot": "https://a.espncdn.com/combiner/i?img=/i/headshots/nfl/players/full/3059989.png",
    "birthdate": "Birthdate3/21/1995 (30)",
    "birthplace": null,
    "experience": "Experience6th Season",
    "draftInfo": null
  },
  {
    "team": "JAX",
    "number": "",
    "name": "John Wolford",
    "position": "QB",
    "height": "29",
    "weight": "6' 1\"",
    "age": "218 lbs",
    "college": "5",
    "playerId": "3124092",
    "profileUrl": "https://www.espn.com/nfl/player/_/id/3124092/john-wolford",
    "headshot": "https://a.espncdn.com/combiner/i?img=/i/headshots/nfl/players/full/3124092.png",
    "birthdate": "Birthdate10/16/1995 (29)",
    "birthplace": null,
    "experience": "Experience5th Season",
    "draftInfo": null
  },
  {
    "team": "JAX",
    "number": "",
    "name": "LeQuint Allen36",
    "position": "RB",
    "height": "20",
    "weight": "6' 0\"",
    "age": "201 lbs",
    "college": "R",
    "playerId": "4911851",
    "profileUrl": "https://www.espn.com/nfl/player/_/id/4911851/lequint-allen",
    "headshot": "https://a.espncdn.com/combiner/i?img=/i/headshots/nfl/players/full/4911851.png",
    "birthdate": "Birthdate8/5/2004 (20)",
    "birthplace": null,
    "experience": null,
    "draftInfo": "Draft Info2025: Rd 7, Pk 236 (JAX)"
  },
  {
    "team": "JAX",
    "number": "",
    "name": "Tank Bigsby4",
    "position": "RB",
    "height": "22",
    "weight": "6' 0\"",
    "age": "213 lbs",
    "college": "2",
    "playerId": "4429013",
    "profileUrl": "https://www.espn.com/nfl/player/_/id/4429013/tank-bigsby",
    "headshot": "https://a.espncdn.com/combiner/i?img=/i/headshots/nfl/players/full/4429013.png",
    "birthdate": "Birthdate8/30/2002 (22)",
    "birthplace": null,
    "experience": null,
    "draftInfo": "Draft Info2023: Rd 3, Pk 88 (JAX)"
  },
  {
    "team": "JAX",
    "number": "",
    "name": "Travis Etienne Jr.1",
    "position": "RB",
    "height": "26",
    "weight": "5' 10\"",
    "age": "215 lbs",
    "college": "4",
    "playerId": "4239996",
    "profileUrl": "https://www.espn.com/nfl/player/_/id/4239996/travis-etienne-jr",
    "headshot": "https://a.espncdn.com/combiner/i?img=/i/headshots/nfl/players/full/4239996.png",
    "birthdate": "Birthdate1/26/1999 (26)",
    "birthplace": null,
    "experience": null,
    "draftInfo": "Draft Info2021: Rd 1, Pk 25 (JAX)"
  },
  {
    "team": "JAX",
    "number": "",
    "name": "Ja'Quinden Jackson",
    "position": "RB",
    "height": "--",
    "weight": "6' 2\"",
    "age": "233 lbs",
    "college": "R",
    "playerId": "4690972",
    "profileUrl": "https://www.espn.com/nfl/player/_/id/4690972/jaquinden-jackson",
    "headshot": "https://a.espncdn.com/combiner/i?img=/i/headshots/college-football/players/full/4690972.png",
    "birthdate": null,
    "birthplace": "BirthplaceDallas, TX",
    "experience": "ExperienceRookie",
    "draftInfo": null
  },
  {
    "team": "JAX",
    "number": "",
    "name": "Keilan Robinson31",
    "position": "RB",
    "height": "25",
    "weight": "5' 8\"",
    "age": "191 lbs",
    "college": "R",
    "playerId": "4567095",
    "profileUrl": "https://www.espn.com/nfl/player/_/id/4567095/keilan-robinson",
    "headshot": "https://a.espncdn.com/combiner/i?img=/i/headshots/nfl/players/full/4567095.png",
    "birthdate": "Birthdate2/16/2000 (25)",
    "birthplace": null,
    "experience": null,
    "draftInfo": "Draft Info2024: Rd 5, Pk 167 (JAX)"
  },
  {
    "team": "JAX",
    "number": "",
    "name": "Bhayshul Tuten33",
    "position": "RB",
    "height": "22",
    "weight": "5' 11\"",
    "age": "209 lbs",
    "college": "R",
    "playerId": "4882093",
    "profileUrl": "https://www.espn.com/nfl/player/_/id/4882093/bhayshul-tuten",
    "headshot": "https://a.espncdn.com/combiner/i?img=/i/headshots/nfl/players/full/4882093.png",
    "birthdate": "Birthdate2/14/2003 (22)",
    "birthplace": null,
    "experience": null,
    "draftInfo": "Draft Info2025: Rd 4, Pk 104 (JAX)"
  },
  {
    "team": "JAX",
    "number": "",
    "name": "Chandler Brayboy",
    "position": "WR",
    "height": "--",
    "weight": "6' 1\"",
    "age": "199 lbs",
    "college": "R",
    "playerId": "4573243",
    "profileUrl": "https://www.espn.com/nfl/player/_/id/4573243/chandler-brayboy",
    "headshot": "https://a.espncdn.com/combiner/i?img=/i/headshots/college-football/players/full/4573243.png",
    "birthdate": null,
    "birthplace": "BirthplacePembroke, NC",
    "experience": "ExperienceRookie",
    "draftInfo": null
  },
  {
    "team": "JAX",
    "number": "",
    "name": "Dyami Brown2",
    "position": "WR",
    "height": "25",
    "weight": "6' 0\"",
    "age": "195 lbs",
    "college": "4",
    "playerId": "4361577",
    "profileUrl": "https://www.espn.com/nfl/player/_/id/4361577/dyami-brown",
    "headshot": "https://a.espncdn.com/combiner/i?img=/i/headshots/nfl/players/full/4361577.png",
    "birthdate": "Birthdate11/1/1999 (25)",
    "birthplace": null,
    "experience": null,
    "draftInfo": "Draft Info2021: Rd 3, Pk 82 (WSH)"
  },
  {
    "team": "JAX",
    "number": "",
    "name": "Cameron Camper",
    "position": "WR",
    "height": "--",
    "weight": "6' 3\"",
    "age": "203 lbs",
    "college": "R",
    "playerId": "5081322",
    "profileUrl": "https://www.espn.com/nfl/player/_/id/5081322/cameron-camper",
    "headshot": "https://a.espncdn.com/combiner/i?img=/i/headshots/college-football/players/full/5081322.png",
    "birthdate": null,
    "birthplace": "BirthplaceLancaster, TX",
    "experience": "ExperienceRookie",
    "draftInfo": null
  },
  {
    "team": "JAX",
    "number": "",
    "name": "Joshua Cephus80",
    "position": "WR",
    "height": "24",
    "weight": "6' 2\"",
    "age": "193 lbs",
    "college": "R",
    "playerId": "4426893",
    "profileUrl": "https://www.espn.com/nfl/player/_/id/4426893/joshua-cephus",
    "headshot": "https://a.espncdn.com/combiner/i?img=/i/headshots/nfl/players/full/4426893.png",
    "birthdate": "Birthdate3/5/2001 (24)",
    "birthplace": null,
    "experience": "ExperienceRookie",
    "draftInfo": null
  },
  {
    "team": "JAX",
    "number": "",
    "name": "Travis Hunter12",
    "position": "WR",
    "height": "22",
    "weight": "6' 1\"",
    "age": "185 lbs",
    "college": "R",
    "playerId": "4685415",
    "profileUrl": "https://www.espn.com/nfl/player/_/id/4685415/travis-hunter",
    "headshot": "https://a.espncdn.com/combiner/i?img=/i/headshots/nfl/players/full/4685415.png",
    "birthdate": "Birthdate5/18/2003 (22)",
    "birthplace": null,
    "experience": null,
    "draftInfo": "Draft Info2025: Rd 1, Pk 2 (JAX)"
  },
  {
    "team": "JAX",
    "number": "",
    "name": "J.J. Jones",
    "position": "WR",
    "height": "--",
    "weight": "6' 2\"",
    "age": "210 lbs",
    "college": "R",
    "playerId": "4596596",
    "profileUrl": "https://www.espn.com/nfl/player/_/id/4596596/jj-jones",
    "headshot": "https://a.espncdn.com/combiner/i?img=/i/headshots/college-football/players/full/4596596.png",
    "birthdate": null,
    "birthplace": "BirthplaceMyrtle Beach, SC",
    "experience": "ExperienceRookie",
    "draftInfo": null
  },
  {
    "team": "JAX",
    "number": "",
    "name": "Darius Lassiter",
    "position": "WR",
    "height": "--",
    "weight": "6' 2\"",
    "age": "210 lbs",
    "college": "R",
    "playerId": "5083198",
    "profileUrl": "https://www.espn.com/nfl/player/_/id/5083198/darius-lassiter",
    "headshot": "https://a.espncdn.com/combiner/i?img=/i/headshots/college-football/players/full/5083198.png",
    "birthdate": null,
    "birthplace": "BirthplaceChandler, AZ",
    "experience": "ExperienceRookie",
    "draftInfo": null
  },
  {
    "team": "JAX",
    "number": "",
    "name": "Eli Pancol",
    "position": "WR",
    "height": "--",
    "weight": "6' 3\"",
    "age": "205 lbs",
    "college": "R",
    "playerId": "4430288",
    "profileUrl": "https://www.espn.com/nfl/player/_/id/4430288/eli-pancol",
    "headshot": "https://a.espncdn.com/combiner/i?img=/i/headshots/college-football/players/full/4430288.png",
    "birthdate": null,
    "birthplace": "BirthplacePendleton, IN",
    "experience": "ExperienceRookie",
    "draftInfo": null
  },
  {
    "team": "JAX",
    "number": "",
    "name": "Louis Rees-Zammit84",
    "position": "WR",
    "height": "24",
    "weight": "6' 2\"",
    "age": "209 lbs",
    "college": "R",
    "playerId": "5208436",
    "profileUrl": "https://www.espn.com/nfl/player/_/id/5208436/louis-rees-zammit",
    "headshot": "https://a.espncdn.com/combiner/i?img=/i/headshots/nfl/players/full/5208436.png",
    "birthdate": "Birthdate2/2/2001 (24)",
    "birthplace": "BirthplacePenarth, Wales",
    "experience": "ExperienceRookie",
    "draftInfo": null
  },
  {
    "team": "JAX",
    "number": "",
    "name": "Dorian Singer",
    "position": "WR",
    "height": "--",
    "weight": "6' 0\"",
    "age": "177 lbs",
    "college": "R",
    "playerId": "4711055",
    "profileUrl": "https://www.espn.com/nfl/player/_/id/4711055/dorian-singer",
    "headshot": "https://a.espncdn.com/combiner/i?img=/i/headshots/college-football/players/full/4711055.png",
    "birthdate": null,
    "birthplace": "BirthplaceSaint Paul, MN",
    "experience": "ExperienceRookie",
    "draftInfo": null
  },
  {
    "team": "JAX",
    "number": "",
    "name": "Brian Thomas Jr.7",
    "position": "WR",
    "height": "22",
    "weight": "6' 4\"",
    "age": "205 lbs",
    "college": "R",
    "playerId": "4432773",
    "profileUrl": "https://www.espn.com/nfl/player/_/id/4432773/brian-thomas-jr",
    "headshot": "https://a.espncdn.com/combiner/i?img=/i/headshots/nfl/players/full/4432773.png",
    "birthdate": "Birthdate10/8/2002 (22)",
    "birthplace": null,
    "experience": null,
    "draftInfo": "Draft Info2024: Rd 1, Pk 23 (JAX)"
  },
  {
    "team": "JAX",
    "number": "",
    "name": "Austin Trammell86",
    "position": "WR",
    "height": "26",
    "weight": "5' 10\"",
    "age": "185 lbs",
    "college": "3",
    "playerId": "4244856",
    "profileUrl": "https://www.espn.com/nfl/player/_/id/4244856/austin-trammell",
    "headshot": "https://a.espncdn.com/combiner/i?img=/i/headshots/nfl/players/full/4244856.png",
    "birthdate": "Birthdate7/4/1998 (26)",
    "birthplace": null,
    "experience": "Experience3rd Season",
    "draftInfo": null
  },
  {
    "team": "JAX",
    "number": "",
    "name": "Parker Washington11",
    "position": "WR",
    "height": "23",
    "weight": "5' 10\"",
    "age": "212 lbs",
    "college": "2",
    "playerId": "4432620",
    "profileUrl": "https://www.espn.com/nfl/player/_/id/4432620/parker-washington",
    "headshot": "https://a.espncdn.com/combiner/i?img=/i/headshots/nfl/players/full/4432620.png",
    "birthdate": "Birthdate3/21/2002 (23)",
    "birthplace": null,
    "experience": null,
    "draftInfo": "Draft Info2023: Rd 6, Pk 185 (JAX)"
  },
  {
    "team": "JAX",
    "number": "",
    "name": "David White Jr.86",
    "position": "WR",
    "height": "24",
    "weight": "6' 4\"",
    "age": "200 lbs",
    "college": "R",
    "playerId": "5089537",
    "profileUrl": "https://www.espn.com/nfl/player/_/id/5089537/david-white-jr",
    "headshot": "https://a.espncdn.com/combiner/i?img=/i/headshots/nfl/players/full/5089537.png",
    "birthdate": "Birthdate7/18/2000 (24)",
    "birthplace": null,
    "experience": "ExperienceRookie",
    "draftInfo": null
  },
  {
    "team": "JAX",
    "number": "",
    "name": "Shawn Bowman49",
    "position": "TE",
    "height": "25",
    "weight": "6' 4\"",
    "age": "249 lbs",
    "college": "R",
    "playerId": "4366910",
    "profileUrl": "https://www.espn.com/nfl/player/_/id/4366910/shawn-bowman",
    "headshot": "https://a.espncdn.com/combiner/i?img=/i/headshots/nfl/players/full/4366910.png",
    "birthdate": "Birthdate5/16/2000 (25)",
    "birthplace": null,
    "experience": "ExperienceRookie",
    "draftInfo": null
  },
  {
    "team": "JAX",
    "number": "",
    "name": "John Copenhaver",
    "position": "TE",
    "height": "--",
    "weight": "6' 3\"",
    "age": "240 lbs",
    "college": "R",
    "playerId": "4431045",
    "profileUrl": "https://www.espn.com/nfl/player/_/id/4431045/john-copenhaver",
    "headshot": "https://a.espncdn.com/combiner/i?img=/i/headshots/college-football/players/full/4431045.png",
    "birthdate": null,
    "birthplace": "BirthplaceRoswell, GA",
    "experience": "ExperienceRookie",
    "draftInfo": null
  },
  {
    "team": "JAX",
    "number": "",
    "name": "Patrick Herbert",
    "position": "TE",
    "height": "--",
    "weight": "6' 5\"",
    "age": "255 lbs",
    "college": "R",
    "playerId": "4429811",
    "profileUrl": "https://www.espn.com/nfl/player/_/id/4429811/patrick-herbert",
    "headshot": "https://a.espncdn.com/combiner/i?img=/i/headshots/college-football/players/full/4429811.png",
    "birthdate": null,
    "birthplace": "BirthplaceEugene, OR",
    "experience": "ExperienceRookie",
    "draftInfo": null
  },
  {
    "team": "JAX",
    "number": "",
    "name": "Hunter Long",
    "position": "TE",
    "height": "26",
    "weight": "6' 5\"",
    "age": "243 lbs",
    "college": "4",
    "playerId": "4239944",
    "profileUrl": "https://www.espn.com/nfl/player/_/id/4239944/hunter-long",
    "headshot": "https://a.espncdn.com/combiner/i?img=/i/headshots/nfl/players/full/4239944.png",
    "birthdate": "Birthdate8/19/1998 (26)",
    "birthplace": null,
    "experience": null,
    "draftInfo": "Draft Info2021: Rd 3, Pk 81 (MIA)"
  },
  {
    "team": "JAX",
    "number": "",
    "name": "Quintin Morris",
    "position": "TE",
    "height": "26",
    "weight": "6' 2\"",
    "age": "252 lbs",
    "college": "3",
    "playerId": "4244049",
    "profileUrl": "https://www.espn.com/nfl/player/_/id/4244049/quintin-morris",
    "headshot": "https://a.espncdn.com/combiner/i?img=/i/headshots/nfl/players/full/4244049.png",
    "birthdate": "Birthdate1/21/1999 (26)",
    "birthplace": null,
    "experience": "Experience3rd Season",
    "draftInfo": null
  },
  {
    "team": "JAX",
    "number": "",
    "name": "Johnny Mundt",
    "position": "TE",
    "height": "30",
    "weight": "6' 4\"",
    "age": "233 lbs",
    "college": "7",
    "playerId": "3052096",
    "profileUrl": "https://www.espn.com/nfl/player/_/id/3052096/johnny-mundt",
    "headshot": "https://a.espncdn.com/combiner/i?img=/i/headshots/nfl/players/full/3052096.png",
    "birthdate": "Birthdate11/23/1994 (30)",
    "birthplace": null,
    "experience": "Experience7th Season",
    "draftInfo": null
  },
  {
    "team": "JAX",
    "number": "",
    "name": "Brenton Strange85",
    "position": "TE",
    "height": "24",
    "weight": "6' 3\"",
    "age": "247 lbs",
    "college": "2",
    "playerId": "4430539",
    "profileUrl": "https://www.espn.com/nfl/player/_/id/4430539/brenton-strange",
    "headshot": "https://a.espncdn.com/combiner/i?img=/i/headshots/nfl/players/full/4430539.png",
    "birthdate": "Birthdate12/27/2000 (24)",
    "birthplace": null,
    "experience": null,
    "draftInfo": "Draft Info2023: Rd 2, Pk 61 (JAX)"
  },
  {
    "team": "JAX",
    "number": "",
    "name": "Luke Fortner79",
    "position": "C",
    "height": "27",
    "weight": "6' 6\"",
    "age": "307 lbs",
    "college": "3",
    "playerId": "4035048",
    "profileUrl": "https://www.espn.com/nfl/player/_/id/4035048/luke-fortner",
    "headshot": "https://a.espncdn.com/combiner/i?img=/i/headshots/nfl/players/full/4035048.png",
    "birthdate": "Birthdate5/15/1998 (27)",
    "birthplace": null,
    "experience": null,
    "draftInfo": "Draft Info2022: Rd 3, Pk 65 (JAX)"
  },
  {
    "team": "JAX",
    "number": "",
    "name": "Robert Hainsey",
    "position": "C",
    "height": "26",
    "weight": "6' 4\"",
    "age": "306 lbs",
    "college": "4",
    "playerId": "4242391",
    "profileUrl": "https://www.espn.com/nfl/player/_/id/4242391/robert-hainsey",
    "headshot": "https://a.espncdn.com/combiner/i?img=/i/headshots/nfl/players/full/4242391.png",
    "birthdate": "Birthdate8/12/1998 (26)",
    "birthplace": null,
    "experience": null,
    "draftInfo": "Draft Info2021: Rd 3, Pk 95 (TB)"
  },
  {
    "team": "JAX",
    "number": "",
    "name": "Jonah Monheim60",
    "position": "C",
    "height": "22",
    "weight": "6' 5\"",
    "age": "310 lbs",
    "college": "R",
    "playerId": "4430481",
    "profileUrl": "https://www.espn.com/nfl/player/_/id/4430481/jonah-monheim",
    "headshot": "https://a.espncdn.com/combiner/i?img=/i/headshots/nfl/players/full/4430481.png",
    "birthdate": "Birthdate6/7/2002 (22)",
    "birthplace": null,
    "experience": null,
    "draftInfo": "Draft Info2025: Rd 7, Pk 221 (JAX)"
  },
  {
    "team": "JAX",
    "number": "",
    "name": "Ezra Cleveland76",
    "position": "G",
    "height": "27",
    "weight": "6' 6\"",
    "age": "311 lbs",
    "college": "5",
    "playerId": "4048231",
    "profileUrl": "https://www.espn.com/nfl/player/_/id/4048231/ezra-cleveland",
    "headshot": "https://a.espncdn.com/combiner/i?img=/i/headshots/nfl/players/full/4048231.png",
    "birthdate": "Birthdate5/8/1998 (27)",
    "birthplace": null,
    "experience": null,
    "draftInfo": "Draft Info2020: Rd 2, Pk 58 (MIN)"
  },
  {
    "team": "JAX",
    "number": "",
    "name": "Dennis Daley78",
    "position": "G",
    "height": "28",
    "weight": "6' 6\"",
    "age": "326 lbs",
    "college": "6",
    "playerId": "4259480",
    "profileUrl": "https://www.espn.com/nfl/player/_/id/4259480/dennis-daley",
    "headshot": "https://a.espncdn.com/combiner/i?img=/i/headshots/nfl/players/full/4259480.png",
    "birthdate": "Birthdate8/7/1996 (28)",
    "birthplace": null,
    "experience": null,
    "draftInfo": "Draft Info2019: Rd 6, Pk 212 (CAR)"
  },
  {
    "team": "JAX",
    "number": "",
    "name": "Chuma Edoga71",
    "position": "G",
    "height": "27",
    "weight": "6' 3\"",
    "age": "308 lbs",
    "college": "6",
    "playerId": "3701582",
    "profileUrl": "https://www.espn.com/nfl/player/_/id/3701582/chuma-edoga",
    "headshot": "https://a.espncdn.com/combiner/i?img=/i/headshots/nfl/players/full/3701582.png",
    "birthdate": "Birthdate5/25/1997 (27)",
    "birthplace": null,
    "experience": null,
    "draftInfo": "Draft Info2019: Rd 3, Pk 92 (NYJ)"
  },
  {
    "team": "JAX",
    "number": "",
    "name": "Patrick Mekari65",
    "position": "G",
    "height": "27",
    "weight": "6' 4\"",
    "age": "305 lbs",
    "college": "6",
    "playerId": "3863820",
    "profileUrl": "https://www.espn.com/nfl/player/_/id/3863820/patrick-mekari",
    "headshot": "https://a.espncdn.com/combiner/i?img=/i/headshots/nfl/players/full/3863820.png",
    "birthdate": "Birthdate8/13/1997 (27)",
    "birthplace": null,
    "experience": "Experience6th Season",
    "draftInfo": null
  },
  {
    "team": "JAX",
    "number": "",
    "name": "Wyatt Milum64",
    "position": "G",
    "height": "23",
    "weight": "6' 6\"",
    "age": "317 lbs",
    "college": "R",
    "playerId": "4431463",
    "profileUrl": "https://www.espn.com/nfl/player/_/id/4431463/wyatt-milum",
    "headshot": "https://a.espncdn.com/combiner/i?img=/i/headshots/nfl/players/full/4431463.png",
    "birthdate": "Birthdate12/27/2001 (23)",
    "birthplace": null,
    "experience": null,
    "draftInfo": "Draft Info2025: Rd 3, Pk 89 (JAX)"
  },
  {
    "team": "JAX",
    "number": "",
    "name": "Sal Wormley",
    "position": "G",
    "height": "--",
    "weight": "6' 3\"",
    "age": "335 lbs",
    "college": "R",
    "playerId": "4428935",
    "profileUrl": "https://www.espn.com/nfl/player/_/id/4428935/sal-wormley",
    "headshot": "https://a.espncdn.com/combiner/i?img=/i/headshots/college-football/players/full/4428935.png",
    "birthdate": null,
    "birthplace": "BirthplaceNewark, NJ",
    "experience": "ExperienceRookie",
    "draftInfo": null
  },
  {
    "team": "JAX",
    "number": "",
    "name": "Javon Foster62",
    "position": "OT",
    "height": "25",
    "weight": "6' 5\"",
    "age": "313 lbs",
    "college": "R",
    "playerId": "4362769",
    "profileUrl": "https://www.espn.com/nfl/player/_/id/4362769/javon-foster",
    "headshot": "https://a.espncdn.com/combiner/i?img=/i/headshots/nfl/players/full/4362769.png",
    "birthdate": "Birthdate3/31/2000 (25)",
    "birthplace": null,
    "experience": null,
    "draftInfo": "Draft Info2024: Rd 4, Pk 114 (JAX)"
  },
  {
    "team": "JAX",
    "number": "",
    "name": "Anton Harrison77",
    "position": "OT",
    "height": "23",
    "weight": "6' 5\"",
    "age": "315 lbs",
    "college": "2",
    "playerId": "4692525",
    "profileUrl": "https://www.espn.com/nfl/player/_/id/4692525/anton-harrison",
    "headshot": "https://a.espncdn.com/combiner/i?img=/i/headshots/nfl/players/full/4692525.png",
    "birthdate": "Birthdate2/2/2002 (23)",
    "birthplace": null,
    "experience": null,
    "draftInfo": "Draft Info2023: Rd 1, Pk 27 (JAX)"
  },
  {
    "team": "JAX",
    "number": "",
    "name": "Cooper Hodges75",
    "position": "OT",
    "height": "24",
    "weight": "6' 3\"",
    "age": "311 lbs",
    "college": "2",
    "playerId": "4360786",
    "profileUrl": "https://www.espn.com/nfl/player/_/id/4360786/cooper-hodges",
    "headshot": "https://a.espncdn.com/combiner/i?img=/i/headshots/nfl/players/full/4360786.png",
    "birthdate": "Birthdate7/13/2000 (24)",
    "birthplace": null,
    "experience": null,
    "draftInfo": "Draft Info2023: Rd 7, Pk 226 (JAX)"
  },
  {
    "team": "JAX",
    "number": "",
    "name": "Fred Johnson",
    "position": "OT",
    "height": "27",
    "weight": "6' 7\"",
    "age": "326 lbs",
    "college": "6",
    "playerId": "3915106",
    "profileUrl": "https://www.espn.com/nfl/player/_/id/3915106/fred-johnson",
    "headshot": "https://a.espncdn.com/combiner/i?img=/i/headshots/nfl/players/full/3915106.png",
    "birthdate": "Birthdate6/5/1997 (27)",
    "birthplace": null,
    "experience": "Experience6th Season",
    "draftInfo": null
  },
  {
    "team": "JAX",
    "number": "",
    "name": "Walker Little72",
    "position": "OT",
    "height": "26",
    "weight": "6' 7\"",
    "age": "325 lbs",
    "college": "4",
    "playerId": "4242554",
    "profileUrl": "https://www.espn.com/nfl/player/_/id/4242554/walker-little",
    "headshot": "https://a.espncdn.com/combiner/i?img=/i/headshots/nfl/players/full/4242554.png",
    "birthdate": "Birthdate4/1/1999 (26)",
    "birthplace": null,
    "experience": null,
    "draftInfo": "Draft Info2021: Rd 2, Pk 45 (JAX)"
  },
  {
    "team": "JAX",
    "number": "",
    "name": "Cole Van Lanen70",
    "position": "OT",
    "height": "27",
    "weight": "6' 4\"",
    "age": "312 lbs",
    "college": "4",
    "playerId": "4035791",
    "profileUrl": "https://www.espn.com/nfl/player/_/id/4035791/cole-van-lanen",
    "headshot": "https://a.espncdn.com/combiner/i?img=/i/headshots/nfl/players/full/4035791.png",
    "birthdate": "Birthdate4/23/1998 (27)",
    "birthplace": null,
    "experience": null,
    "draftInfo": "Draft Info2021: Rd 6, Pk 214 (GB)"
  },
  {
    "team": "JAX",
    "number": "",
    "name": "Arik Armstead91",
    "position": "DE",
    "height": "31",
    "weight": "6' 7\"",
    "age": "290 lbs",
    "college": "10",
    "playerId": "2971275",
    "profileUrl": "https://www.espn.com/nfl/player/_/id/2971275/arik-armstead",
    "headshot": "https://a.espncdn.com/combiner/i?img=/i/headshots/nfl/players/full/2971275.png",
    "birthdate": "Birthdate11/15/1993 (31)",
    "birthplace": null,
    "experience": null,
    "draftInfo": "Draft Info2015: Rd 1, Pk 17 (SF)"
  },
  {
    "team": "JAX",
    "number": "",
    "name": "Myles Cole59",
    "position": "DE",
    "height": "25",
    "weight": "6' 6\"",
    "age": "278 lbs",
    "college": "R",
    "playerId": "4365303",
    "profileUrl": "https://www.espn.com/nfl/player/_/id/4365303/myles-cole",
    "headshot": "https://a.espncdn.com/combiner/i?img=/i/headshots/nfl/players/full/4365303.png",
    "birthdate": "Birthdate4/29/2000 (25)",
    "birthplace": null,
    "experience": null,
    "draftInfo": "Draft Info2024: Rd 7, Pk 236 (JAX)"
  },
  {
    "team": "JAX",
    "number": "",
    "name": "Ethan Downs",
    "position": "DE",
    "height": "22",
    "weight": "6' 4\"",
    "age": "265 lbs",
    "college": "R",
    "playerId": "4431534",
    "profileUrl": "https://www.espn.com/nfl/player/_/id/4431534/ethan-downs",
    "headshot": "https://a.espncdn.com/combiner/i?img=/i/headshots/college-football/players/full/4431534.png",
    "birthdate": "Birthdate10/13/2002 (22)",
    "birthplace": null,
    "experience": "ExperienceRookie",
    "draftInfo": null
  },
  {
    "team": "JAX",
    "number": "",
    "name": "BJ Green II",
    "position": "DE",
    "height": "--",
    "weight": "6' 1\"",
    "age": "270 lbs",
    "college": "R",
    "playerId": "4875266",
    "profileUrl": "https://www.espn.com/nfl/player/_/id/4875266/bj-green-ii",
    "headshot": "https://a.espncdn.com/combiner/i?img=/i/headshots/college-football/players/full/4875266.png",
    "birthdate": null,
    "birthplace": "BirthplacePowder Springs, GA",
    "experience": "ExperienceRookie",
    "draftInfo": null
  },
  {
    "team": "JAX",
    "number": "",
    "name": "Josh Hines-Allen41",
    "position": "DE",
    "height": "27",
    "weight": "6' 5\"",
    "age": "255 lbs",
    "college": "6",
    "playerId": "3915239",
    "profileUrl": "https://www.espn.com/nfl/player/_/id/3915239/josh-hines-allen",
    "headshot": "https://a.espncdn.com/combiner/i?img=/i/headshots/nfl/players/full/3915239.png",
    "birthdate": "Birthdate7/13/1997 (27)",
    "birthplace": null,
    "experience": null,
    "draftInfo": "Draft Info2019: Rd 1, Pk 7 (JAX)"
  },
  {
    "team": "JAX",
    "number": "",
    "name": "Emmanuel Ogbah",
    "position": "DE",
    "height": "31",
    "weight": "6' 4\"",
    "age": "275 lbs",
    "college": "9",
    "playerId": "2977740",
    "profileUrl": "https://www.espn.com/nfl/player/_/id/2977740/emmanuel-ogbah",
    "headshot": "https://a.espncdn.com/combiner/i?img=/i/headshots/nfl/players/full/2977740.png",
    "birthdate": "Birthdate11/6/1993 (31)",
    "birthplace": null,
    "experience": null,
    "draftInfo": "Draft Info2016: Rd 2, Pk 32 (CLE)"
  },
  {
    "team": "JAX",
    "number": "",
    "name": "Danny Striggow",
    "position": "DE",
    "height": "--",
    "weight": "6' 5\"",
    "age": "255 lbs",
    "college": "R",
    "playerId": "4573319",
    "profileUrl": "https://www.espn.com/nfl/player/_/id/4573319/danny-striggow",
    "headshot": "https://a.espncdn.com/combiner/i?img=/i/headshots/college-football/players/full/4573319.png",
    "birthdate": null,
    "birthplace": "BirthplaceLong Lake, MN",
    "experience": "ExperienceRookie",
    "draftInfo": null
  },
  {
    "team": "JAX",
    "number": "",
    "name": "Travon Walker44",
    "position": "DE",
    "height": "24",
    "weight": "6' 5\"",
    "age": "272 lbs",
    "college": "3",
    "playerId": "4426349",
    "profileUrl": "https://www.espn.com/nfl/player/_/id/4426349/travon-walker",
    "headshot": "https://a.espncdn.com/combiner/i?img=/i/headshots/nfl/players/full/4426349.png",
    "birthdate": "Birthdate12/18/2000 (24)",
    "birthplace": null,
    "experience": null,
    "draftInfo": "Draft Info2022: Rd 1, Pk 1 (JAX)"
  },
  {
    "team": "JAX",
    "number": "",
    "name": "James Carpenter",
    "position": "DT",
    "height": "--",
    "weight": "6' 2\"",
    "age": "288 lbs",
    "college": "R",
    "playerId": "4579591",
    "profileUrl": "https://www.espn.com/nfl/player/_/id/4579591/james-carpenter",
    "headshot": "https://a.espncdn.com/combiner/i?img=/i/headshots/college-football/players/full/4579591.png",
    "birthdate": null,
    "birthplace": "BirthplaceRoanoke, VA",
    "experience": "ExperienceRookie",
    "draftInfo": null
  },
  {
    "team": "JAX",
    "number": "",
    "name": "DaVon Hamilton52",
    "position": "DT",
    "height": "28",
    "weight": "6' 4\"",
    "age": "335 lbs",
    "college": "5",
    "playerId": "3915520",
    "profileUrl": "https://www.espn.com/nfl/player/_/id/3915520/davon-hamilton",
    "headshot": "https://a.espncdn.com/combiner/i?img=/i/headshots/nfl/players/full/3915520.png",
    "birthdate": "Birthdate2/1/1997 (28)",
    "birthplace": null,
    "experience": null,
    "draftInfo": "Draft Info2020: Rd 3, Pk 73 (JAX)"
  },
  {
    "team": "JAX",
    "number": "",
    "name": "Jordan Jefferson98",
    "position": "DT",
    "height": "23",
    "weight": "6' 2\"",
    "age": "316 lbs",
    "college": "R",
    "playerId": "4569448",
    "profileUrl": "https://www.espn.com/nfl/player/_/id/4569448/jordan-jefferson",
    "headshot": "https://a.espncdn.com/combiner/i?img=/i/headshots/nfl/players/full/4569448.png",
    "birthdate": "Birthdate9/24/2001 (23)",
    "birthplace": null,
    "experience": null,
    "draftInfo": "Draft Info2024: Rd 4, Pk 116 (JAX)"
  },
  {
    "team": "JAX",
    "number": "",
    "name": "Tyler Lacy93",
    "position": "DT",
    "height": "25",
    "weight": "6' 4\"",
    "age": "285 lbs",
    "college": "2",
    "playerId": "4361861",
    "profileUrl": "https://www.espn.com/nfl/player/_/id/4361861/tyler-lacy",
    "headshot": "https://a.espncdn.com/combiner/i?img=/i/headshots/nfl/players/full/4361861.png",
    "birthdate": "Birthdate11/10/1999 (25)",
    "birthplace": null,
    "experience": null,
    "draftInfo": "Draft Info2023: Rd 4, Pk 130 (JAX)"
  },
  {
    "team": "JAX",
    "number": "",
    "name": "Eli Mostaert",
    "position": "DT",
    "height": "--",
    "weight": "6' 3\"",
    "age": "289 lbs",
    "college": "R",
    "playerId": "4572544",
    "profileUrl": "https://www.espn.com/nfl/player/_/id/4572544/eli-mostaert",
    "headshot": "https://a.espncdn.com/combiner/i?img=/i/headshots/college-football/players/full/4572544.png",
    "birthdate": null,
    "birthplace": "BirthplaceLakeville, MN",
    "experience": "ExperienceRookie",
    "draftInfo": null
  },
  {
    "team": "JAX",
    "number": "",
    "name": "Keivie Rose",
    "position": "DT",
    "height": "--",
    "weight": "6' 3\"",
    "age": "314 lbs",
    "college": "R",
    "playerId": "4428390",
    "profileUrl": "https://www.espn.com/nfl/player/_/id/4428390/keivie-rose",
    "headshot": "https://a.espncdn.com/combiner/i?img=/i/headshots/college-football/players/full/4428390.png",
    "birthdate": null,
    "birthplace": "BirthplaceHenderson, TX",
    "experience": "ExperienceRookie",
    "draftInfo": null
  },
  {
    "team": "JAX",
    "number": "",
    "name": "Maason Smith94",
    "position": "DT",
    "height": "22",
    "weight": "6' 5\"",
    "age": "306 lbs",
    "college": "R",
    "playerId": "4431567",
    "profileUrl": "https://www.espn.com/nfl/player/_/id/4431567/maason-smith",
    "headshot": "https://a.espncdn.com/combiner/i?img=/i/headshots/nfl/players/full/4431567.png",
    "birthdate": "Birthdate10/13/2002 (22)",
    "birthplace": null,
    "experience": null,
    "draftInfo": "Draft Info2024: Rd 2, Pk 48 (JAX)"
  },
  {
    "team": "JAX",
    "number": "",
    "name": "Yasir Abdullah56",
    "position": "LB",
    "height": "25",
    "weight": "6' 1\"",
    "age": "234 lbs",
    "college": "2",
    "playerId": "4360807",
    "profileUrl": "https://www.espn.com/nfl/player/_/id/4360807/yasir-abdullah",
    "headshot": "https://a.espncdn.com/combiner/i?img=/i/headshots/nfl/players/full/4360807.png",
    "birthdate": "Birthdate4/12/2000 (25)",
    "birthplace": null,
    "experience": null,
    "draftInfo": "Draft Info2023: Rd 5, Pk 136 (JAX)"
  },
  {
    "team": "JAX",
    "number": "",
    "name": "Branson Combs",
    "position": "LB",
    "height": "--",
    "weight": "6' 3\"",
    "age": "228 lbs",
    "college": "R",
    "playerId": "4572704",
    "profileUrl": "https://www.espn.com/nfl/player/_/id/4572704/branson-combs",
    "headshot": "https://a.espncdn.com/combiner/i?img=/i/headshots/college-football/players/full/4572704.png",
    "birthdate": null,
    "birthplace": "BirthplaceEvansville, IN",
    "experience": "ExperienceRookie",
    "draftInfo": null
  },
  {
    "team": "JAX",
    "number": "",
    "name": "Jack Kiser54",
    "position": "LB",
    "height": "24",
    "weight": "6' 2\"",
    "age": "231 lbs",
    "college": "R",
    "playerId": "4427716",
    "profileUrl": "https://www.espn.com/nfl/player/_/id/4427716/jack-kiser",
    "headshot": "https://a.espncdn.com/combiner/i?img=/i/headshots/nfl/players/full/4427716.png",
    "birthdate": "Birthdate9/10/2000 (24)",
    "birthplace": null,
    "experience": null,
    "draftInfo": "Draft Info2025: Rd 4, Pk 107 (JAX)"
  },
  {
    "team": "JAX",
    "number": "",
    "name": "Devin Lloyd33",
    "position": "LB",
    "height": "26",
    "weight": "6' 3\"",
    "age": "235 lbs",
    "college": "3",
    "playerId": "4243256",
    "profileUrl": "https://www.espn.com/nfl/player/_/id/4243256/devin-lloyd",
    "headshot": "https://a.espncdn.com/combiner/i?img=/i/headshots/nfl/players/full/4243256.png",
    "birthdate": "Birthdate9/30/1998 (26)",
    "birthplace": null,
    "experience": null,
    "draftInfo": "Draft Info2022: Rd 1, Pk 27 (JAX)"
  },
  {
    "team": "JAX",
    "number": "",
    "name": "Jalen McLeod53",
    "position": "LB",
    "height": "22",
    "weight": "6' 1\"",
    "age": "236 lbs",
    "college": "R",
    "playerId": "4576129",
    "profileUrl": "https://www.espn.com/nfl/player/_/id/4576129/jalen-mcleod",
    "headshot": "https://a.espncdn.com/combiner/i?img=/i/headshots/nfl/players/full/4576129.png",
    "birthdate": "Birthdate6/5/2002 (22)",
    "birthplace": null,
    "experience": null,
    "draftInfo": "Draft Info2025: Rd 6, Pk 194 (JAX)"
  },
  {
    "team": "JAX",
    "number": "",
    "name": "Ventrell Miller51",
    "position": "LB",
    "height": "26",
    "weight": "6' 0\"",
    "age": "221 lbs",
    "college": "2",
    "playerId": "4240610",
    "profileUrl": "https://www.espn.com/nfl/player/_/id/4240610/ventrell-miller",
    "headshot": "https://a.espncdn.com/combiner/i?img=/i/headshots/nfl/players/full/4240610.png",
    "birthdate": "Birthdate1/15/1999 (26)",
    "birthplace": null,
    "experience": null,
    "draftInfo": "Draft Info2023: Rd 4, Pk 121 (JAX)"
  },
  {
    "team": "JAX",
    "number": "",
    "name": "Chad Muma48",
    "position": "LB",
    "height": "25",
    "weight": "6' 3\"",
    "age": "239 lbs",
    "college": "3",
    "playerId": "4361707",
    "profileUrl": "https://www.espn.com/nfl/player/_/id/4361707/chad-muma",
    "headshot": "https://a.espncdn.com/combiner/i?img=/i/headshots/nfl/players/full/4361707.png",
    "birthdate": "Birthdate8/18/1999 (25)",
    "birthplace": null,
    "experience": null,
    "draftInfo": "Draft Info2022: Rd 3, Pk 70 (JAX)"
  },
  {
    "team": "JAX",
    "number": "",
    "name": "Foyesade Oluokun23",
    "position": "LB",
    "height": "29",
    "weight": "6' 2\"",
    "age": "230 lbs",
    "college": "7",
    "playerId": "3050073",
    "profileUrl": "https://www.espn.com/nfl/player/_/id/3050073/foyesade-oluokun",
    "headshot": "https://a.espncdn.com/combiner/i?img=/i/headshots/nfl/players/full/3050073.png",
    "birthdate": "Birthdate8/2/1995 (29)",
    "birthplace": null,
    "experience": null,
    "draftInfo": "Draft Info2018: Rd 6, Pk 200 (ATL)"
  },
  {
    "team": "JAX",
    "number": "",
    "name": "Christian Braswell21",
    "position": "CB",
    "height": "25",
    "weight": "5' 11\"",
    "age": "185 lbs",
    "college": "2",
    "playerId": "4257580",
    "profileUrl": "https://www.espn.com/nfl/player/_/id/4257580/christian-braswell",
    "headshot": "https://a.espncdn.com/combiner/i?img=/i/headshots/nfl/players/full/4257580.png",
    "birthdate": "Birthdate9/27/1999 (25)",
    "birthplace": null,
    "experience": null,
    "draftInfo": "Draft Info2023: Rd 6, Pk 202 (JAX)"
  },
  {
    "team": "JAX",
    "number": "",
    "name": "Montaric Brown30",
    "position": "CB",
    "height": "25",
    "weight": "6' 0\"",
    "age": "190 lbs",
    "college": "3",
    "playerId": "4242149",
    "profileUrl": "https://www.espn.com/nfl/player/_/id/4242149/montaric-brown",
    "headshot": "https://a.espncdn.com/combiner/i?img=/i/headshots/nfl/players/full/4242149.png",
    "birthdate": "Birthdate8/24/1999 (25)",
    "birthplace": null,
    "experience": null,
    "draftInfo": "Draft Info2022: Rd 7, Pk 222 (JAX)"
  },
  {
    "team": "JAX",
    "number": "",
    "name": "Tyson Campbell3",
    "position": "CB",
    "height": "25",
    "weight": "6' 1\"",
    "age": "195 lbs",
    "college": "4",
    "playerId": "4379397",
    "profileUrl": "https://www.espn.com/nfl/player/_/id/4379397/tyson-campbell",
    "headshot": "https://a.espncdn.com/combiner/i?img=/i/headshots/nfl/players/full/4379397.png",
    "birthdate": "Birthdate3/17/2000 (25)",
    "birthplace": null,
    "experience": null,
    "draftInfo": "Draft Info2021: Rd 2, Pk 33 (JAX)"
  },
  {
    "team": "JAX",
    "number": "",
    "name": "Jarrian Jones22",
    "position": "CB",
    "height": "24",
    "weight": "5' 11\"",
    "age": "190 lbs",
    "college": "R",
    "playerId": "4426448",
    "profileUrl": "https://www.espn.com/nfl/player/_/id/4426448/jarrian-jones",
    "headshot": "https://a.espncdn.com/combiner/i?img=/i/headshots/nfl/players/full/4426448.png",
    "birthdate": "Birthdate5/8/2001 (24)",
    "birthplace": null,
    "experience": null,
    "draftInfo": "Draft Info2024: Rd 3, Pk 96 (JAX)"
  },
  {
    "team": "JAX",
    "number": "",
    "name": "Jourdan Lewis2",
    "position": "CB",
    "height": "29",
    "weight": "5' 10\"",
    "age": "195 lbs",
    "college": "8",
    "playerId": "3045207",
    "profileUrl": "https://www.espn.com/nfl/player/_/id/3045207/jourdan-lewis",
    "headshot": "https://a.espncdn.com/combiner/i?img=/i/headshots/nfl/players/full/3045207.png",
    "birthdate": "Birthdate8/31/1995 (29)",
    "birthplace": null,
    "experience": null,
    "draftInfo": "Draft Info2017: Rd 3, Pk 92 (DAL)"
  },
  {
    "team": "JAX",
    "number": "",
    "name": "Zech McPhearson34",
    "position": "CB",
    "height": "27",
    "weight": "5' 11\"",
    "age": "185 lbs",
    "college": "4",
    "playerId": "4045161",
    "profileUrl": "https://www.espn.com/nfl/player/_/id/4045161/zech-mcphearson",
    "headshot": "https://a.espncdn.com/combiner/i?img=/i/headshots/nfl/players/full/4045161.png",
    "birthdate": "Birthdate3/21/1998 (27)",
    "birthplace": null,
    "experience": null,
    "draftInfo": "Draft Info2021: Rd 4, Pk 123 (PHI)"
  },
  {
    "team": "JAX",
    "number": "",
    "name": "De'Antre Prince24",
    "position": "CB",
    "height": "24",
    "weight": "6' 0\"",
    "age": "183 lbs",
    "college": "R",
    "playerId": "4428283",
    "profileUrl": "https://www.espn.com/nfl/player/_/id/4428283/deantre-prince",
    "headshot": "https://a.espncdn.com/combiner/i?img=/i/headshots/nfl/players/full/4428283.png",
    "birthdate": "Birthdate10/12/2000 (24)",
    "birthplace": null,
    "experience": null,
    "draftInfo": "Draft Info2024: Rd 5, Pk 153 (JAX)"
  },
  {
    "team": "JAX",
    "number": "",
    "name": "Caleb Ransaw27",
    "position": "CB",
    "height": "22",
    "weight": "6' 0\"",
    "age": "196 lbs",
    "college": "R",
    "playerId": "4683347",
    "profileUrl": "https://www.espn.com/nfl/player/_/id/4683347/caleb-ransaw",
    "headshot": "https://a.espncdn.com/combiner/i?img=/i/headshots/nfl/players/full/4683347.png",
    "birthdate": "Birthdate12/22/2002 (22)",
    "birthplace": null,
    "experience": null,
    "draftInfo": "Draft Info2025: Rd 3, Pk 88 (JAX)"
  },
  {
    "team": "JAX",
    "number": "",
    "name": "Doneiko Slaughter",
    "position": "CB",
    "height": "--",
    "weight": "6' 0\"",
    "age": "190 lbs",
    "college": "R",
    "playerId": "4692628",
    "profileUrl": "https://www.espn.com/nfl/player/_/id/4692628/doneiko-slaughter",
    "headshot": "https://a.espncdn.com/combiner/i?img=/i/headshots/college-football/players/full/4692628.png",
    "birthdate": null,
    "birthplace": "BirthplaceRoswell, GA",
    "experience": "ExperienceRookie",
    "draftInfo": null
  },
  {
    "team": "JAX",
    "number": "",
    "name": "Aydan White",
    "position": "CB",
    "height": "--",
    "weight": "6' 0\"",
    "age": "189 lbs",
    "college": "R",
    "playerId": "4432630",
    "profileUrl": "https://www.espn.com/nfl/player/_/id/4432630/aydan-white",
    "headshot": "https://a.espncdn.com/combiner/i?img=/i/headshots/college-football/players/full/4432630.png",
    "birthdate": null,
    "birthplace": "BirthplaceAsheville, NC",
    "experience": "ExperienceRookie",
    "draftInfo": null
  },
  {
    "team": "JAX",
    "number": "",
    "name": "Antonio Johnson26",
    "position": "S",
    "height": "23",
    "weight": "6' 3\"",
    "age": "195 lbs",
    "college": "2",
    "playerId": "4429168",
    "profileUrl": "https://www.espn.com/nfl/player/_/id/4429168/antonio-johnson",
    "headshot": "https://a.espncdn.com/combiner/i?img=/i/headshots/nfl/players/full/4429168.png",
    "birthdate": "Birthdate10/29/2001 (23)",
    "birthplace": null,
    "experience": null,
    "draftInfo": "Draft Info2023: Rd 5, Pk 160 (JAX)"
  },
  {
    "team": "JAX",
    "number": "",
    "name": "Rayuan Lane III25",
    "position": "S",
    "height": "21",
    "weight": "5' 11\"",
    "age": "197 lbs",
    "college": "R",
    "playerId": "4880675",
    "profileUrl": "https://www.espn.com/nfl/player/_/id/4880675/rayuan-lane-iii",
    "headshot": "https://a.espncdn.com/combiner/i?img=/i/headshots/nfl/players/full/4880675.png",
    "birthdate": "Birthdate7/21/2003 (21)",
    "birthplace": null,
    "experience": null,
    "draftInfo": "Draft Info2025: Rd 6, Pk 200 (JAX)"
  },
  {
    "team": "JAX",
    "number": "",
    "name": "Eric Murray",
    "position": "S",
    "height": "31",
    "weight": "5' 11\"",
    "age": "199 lbs",
    "college": "9",
    "playerId": "2970716",
    "profileUrl": "https://www.espn.com/nfl/player/_/id/2970716/eric-murray",
    "headshot": "https://a.espncdn.com/combiner/i?img=/i/headshots/nfl/players/full/2970716.png",
    "birthdate": "Birthdate1/7/1994 (31)",
    "birthplace": null,
    "experience": null,
    "draftInfo": "Draft Info2016: Rd 4, Pk 106 (KC)"
  },
  {
    "team": "JAX",
    "number": "",
    "name": "Darnell Savage6",
    "position": "S",
    "height": "27",
    "weight": "5' 11\"",
    "age": "198 lbs",
    "college": "6",
    "playerId": "3915419",
    "profileUrl": "https://www.espn.com/nfl/player/_/id/3915419/darnell-savage",
    "headshot": "https://a.espncdn.com/combiner/i?img=/i/headshots/nfl/players/full/3915419.png",
    "birthdate": "Birthdate7/30/1997 (27)",
    "birthplace": null,
    "experience": null,
    "draftInfo": "Draft Info2019: Rd 1, Pk 21 (GB)"
  },
  {
    "team": "JAX",
    "number": "",
    "name": "Cam'Ron Silmon-Craig",
    "position": "S",
    "height": "--",
    "weight": "5' 10\"",
    "age": "185 lbs",
    "college": "R",
    "playerId": "4877475",
    "profileUrl": "https://www.espn.com/nfl/player/_/id/4877475/camron-silmon-craig",
    "headshot": "https://a.espncdn.com/combiner/i?img=/i/headshots/college-football/players/full/4877475.png",
    "birthdate": null,
    "birthplace": "BirthplaceBirmingham, AL",
    "experience": "ExperienceRookie",
    "draftInfo": null
  },
  {
    "team": "JAX",
    "number": "",
    "name": "Daniel Thomas20",
    "position": "S",
    "height": "26",
    "weight": "5' 10\"",
    "age": "215 lbs",
    "college": "5",
    "playerId": "4035505",
    "profileUrl": "https://www.espn.com/nfl/player/_/id/4035505/daniel-thomas",
    "headshot": "https://a.espncdn.com/combiner/i?img=/i/headshots/nfl/players/full/4035505.png",
    "birthdate": "Birthdate7/1/1998 (26)",
    "birthplace": null,
    "experience": null,
    "draftInfo": "Draft Info2020: Rd 5, Pk 157 (JAX)"
  },
  {
    "team": "JAX",
    "number": "",
    "name": "Andrew Wingard42",
    "position": "S",
    "height": "28",
    "weight": "6' 0\"",
    "age": "200 lbs",
    "college": "6",
    "playerId": "3918331",
    "profileUrl": "https://www.espn.com/nfl/player/_/id/3918331/andrew-wingard",
    "headshot": "https://a.espncdn.com/combiner/i?img=/i/headshots/nfl/players/full/3918331.png",
    "birthdate": "Birthdate12/5/1996 (28)",
    "birthplace": null,
    "experience": "Experience6th Season",
    "draftInfo": null
  },
  {
    "team": "JAX",
    "number": "",
    "name": "Cam Little39",
    "position": "PK",
    "height": "21",
    "weight": "6' 1\"",
    "age": "172 lbs",
    "college": "R",
    "playerId": "4686361",
    "profileUrl": "https://www.espn.com/nfl/player/_/id/4686361/cam-little",
    "headshot": "https://a.espncdn.com/combiner/i?img=/i/headshots/nfl/players/full/4686361.png",
    "birthdate": "Birthdate8/17/2003 (21)",
    "birthplace": null,
    "experience": null,
    "draftInfo": "Draft Info2024: Rd 6, Pk 212 (JAX)"
  },
  {
    "team": "JAX",
    "number": "",
    "name": "Logan Cooke9",
    "position": "P",
    "height": "29",
    "weight": "6' 5\"",
    "age": "230 lbs",
    "college": "7",
    "playerId": "3115480",
    "profileUrl": "https://www.espn.com/nfl/player/_/id/3115480/logan-cooke",
    "headshot": "https://a.espncdn.com/combiner/i?img=/i/headshots/nfl/players/full/3115480.png",
    "birthdate": "Birthdate7/28/1995 (29)",
    "birthplace": null,
    "experience": null,
    "draftInfo": "Draft Info2018: Rd 7, Pk 247 (JAX)"
  },
  {
    "team": "JAX",
    "number": "",
    "name": "Ross Matiscik46",
    "position": "LS",
    "height": "28",
    "weight": "6' 0\"",
    "age": "240 lbs",
    "college": "5",
    "playerId": "3928931",
    "profileUrl": "https://www.espn.com/nfl/player/_/id/3928931/ross-matiscik",
    "headshot": "https://a.espncdn.com/combiner/i?img=/i/headshots/nfl/players/full/3928931.png",
    "birthdate": "Birthdate9/13/1996 (28)",
    "birthplace": null,
    "experience": "Experience5th Season",
    "draftInfo": null
  }
]