[
  {
    "team": "KC",
    "number": "",
    "name": "Patrick Mahomes15",
    "position": "QB",
    "height": "29",
    "weight": "6' 2\"",
    "age": "225 lbs",
    "college": "8",
    "playerId": "3139477",
    "profileUrl": "https://www.espn.com/nfl/player/_/id/3139477/patrick-mahomes",
    "headshot": "https://a.espncdn.com/combiner/i?img=/i/headshots/nfl/players/full/3139477.png",
    "birthdate": "Birthdate9/17/1995 (29)",
    "birthplace": null,
    "experience": null,
    "draftInfo": "Draft Info2017: Rd 1, Pk 10 (KC)"
  },
  {
    "team": "KC",
    "number": "",
    "name": "Gardner Minshew",
    "position": "QB",
    "height": "29",
    "weight": "6' 1\"",
    "age": "225 lbs",
    "college": "6",
    "playerId": "4038524",
    "profileUrl": "https://www.espn.com/nfl/player/_/id/4038524/gardner-minshew",
    "headshot": "https://a.espncdn.com/combiner/i?img=/i/headshots/nfl/players/full/4038524.png",
    "birthdate": "Birthdate5/16/1996 (29)",
    "birthplace": null,
    "experience": null,
    "draftInfo": "Draft Info2019: Rd 6, Pk 178 (JAX)"
  },
  {
    "team": "KC",
    "number": "",
    "name": "Chris Oladokun19",
    "position": "QB",
    "height": "27",
    "weight": "6' 1\"",
    "age": "213 lbs",
    "college": "1",
    "playerId": "4044111",
    "profileUrl": "https://www.espn.com/nfl/player/_/id/4044111/chris-oladokun",
    "headshot": "https://a.espncdn.com/combiner/i?img=/i/headshots/nfl/players/full/4044111.png",
    "birthdate": "Birthdate9/3/1997 (27)",
    "birthplace": null,
    "experience": null,
    "draftInfo": "Draft Info2022: Rd 7, Pk 241 (PIT)"
  },
  {
    "team": "KC",
    "number": "",
    "name": "Bailey Zappe",
    "position": "QB",
    "height": "26",
    "weight": "6' 1\"",
    "age": "215 lbs",
    "college": "3",
    "playerId": "4250360",
    "profileUrl": "https://www.espn.com/nfl/player/_/id/4250360/bailey-zappe",
    "headshot": "https://a.espncdn.com/combiner/i?img=/i/headshots/nfl/players/full/4250360.png",
    "birthdate": "Birthdate4/26/1999 (26)",
    "birthplace": null,
    "experience": null,
    "draftInfo": "Draft Info2022: Rd 4, Pk 137 (NE)"
  },
  {
    "team": "KC",
    "number": "",
    "name": "Kareem Hunt29",
    "position": "RB",
    "height": "29",
    "weight": "5' 10\"",
    "age": "216 lbs",
    "college": "8",
    "playerId": "3059915",
    "profileUrl": "https://www.espn.com/nfl/player/_/id/3059915/kareem-hunt",
    "headshot": "https://a.espncdn.com/combiner/i?img=/i/headshots/nfl/players/full/3059915.png",
    "birthdate": "Birthdate8/6/1995 (29)",
    "birthplace": null,
    "experience": null,
    "draftInfo": "Draft Info2017: Rd 3, Pk 86 (KC)"
  },
  {
    "team": "KC",
    "number": "",
    "name": "Elijah Mitchell25",
    "position": "RB",
    "height": "27",
    "weight": "5' 10\"",
    "age": "200 lbs",
    "college": "4",
    "playerId": "4241555",
    "profileUrl": "https://www.espn.com/nfl/player/_/id/4241555/elijah-mitchell",
    "headshot": "https://a.espncdn.com/combiner/i?img=/i/headshots/nfl/players/full/4241555.png",
    "birthdate": "Birthdate5/2/1998 (27)",
    "birthplace": null,
    "experience": null,
    "draftInfo": "Draft Info2021: Rd 6, Pk 194 (SF)"
  },
  {
    "team": "KC",
    "number": "",
    "name": "Isiah Pacheco10",
    "position": "RB",
    "height": "26",
    "weight": "5' 10\"",
    "age": "216 lbs",
    "college": "3",
    "playerId": "4361529",
    "profileUrl": "https://www.espn.com/nfl/player/_/id/4361529/isiah-pacheco",
    "headshot": "https://a.espncdn.com/combiner/i?img=/i/headshots/nfl/players/full/4361529.png",
    "birthdate": "Birthdate3/2/1999 (26)",
    "birthplace": null,
    "experience": null,
    "draftInfo": "Draft Info2022: Rd 7, Pk 251 (KC)"
  },
  {
    "team": "KC",
    "number": "",
    "name": "Brashard Smith",
    "position": "RB",
    "height": "22",
    "weight": "5' 10\"",
    "age": "196 lbs",
    "college": "R",
    "playerId": "4596602",
    "profileUrl": "https://www.espn.com/nfl/player/_/id/4596602/brashard-smith",
    "headshot": "https://a.espncdn.com/combiner/i?img=/i/headshots/nfl/players/full/4596602.png",
    "birthdate": "Birthdate4/11/2003 (22)",
    "birthplace": null,
    "experience": null,
    "draftInfo": "Draft Info2025: Rd 7, Pk 228 (KC)"
  },
  {
    "team": "KC",
    "number": "",
    "name": "Carson Steele42",
    "position": "RB",
    "height": "22",
    "weight": "6' 0\"",
    "age": "228 lbs",
    "college": "R",
    "playerId": "4714365",
    "profileUrl": "https://www.espn.com/nfl/player/_/id/4714365/carson-steele",
    "headshot": "https://a.espncdn.com/combiner/i?img=/i/headshots/nfl/players/full/4714365.png",
    "birthdate": "Birthdate10/21/2002 (22)",
    "birthplace": null,
    "experience": "ExperienceRookie",
    "draftInfo": null
  },
  {
    "team": "KC",
    "number": "",
    "name": "Elijah Young",
    "position": "RB",
    "height": "--",
    "weight": "5' 10\"",
    "age": "198 lbs",
    "college": "R",
    "playerId": "4433945",
    "profileUrl": "https://www.espn.com/nfl/player/_/id/4433945/elijah-young",
    "headshot": "https://a.espncdn.com/combiner/i?img=/i/headshots/college-football/players/full/4433945.png",
    "birthdate": null,
    "birthplace": "BirthplaceKnoxville, TN",
    "experience": "ExperienceRookie",
    "draftInfo": null
  },
  {
    "team": "KC",
    "number": "",
    "name": "Elijhah Badger",
    "position": "WR",
    "height": "--",
    "weight": "6' 1\"",
    "age": "192 lbs",
    "college": "R",
    "playerId": "4429184",
    "profileUrl": "https://www.espn.com/nfl/player/_/id/4429184/elijhah-badger",
    "headshot": "https://a.espncdn.com/combiner/i?img=/i/headshots/college-football/players/full/4429184.png",
    "birthdate": null,
    "birthplace": "BirthplaceSacramento, CA",
    "experience": "ExperienceRookie",
    "draftInfo": null
  },
  {
    "team": "KC",
    "number": "",
    "name": "Hollywood Brown5",
    "position": "WR",
    "height": "27",
    "weight": "5' 9\"",
    "age": "180 lbs",
    "college": "6",
    "playerId": "4241372",
    "profileUrl": "https://www.espn.com/nfl/player/_/id/4241372/hollywood-brown",
    "headshot": "https://a.espncdn.com/combiner/i?img=/i/headshots/nfl/players/full/4241372.png",
    "birthdate": "Birthdate6/4/1997 (27)",
    "birthplace": null,
    "experience": null,
    "draftInfo": "Draft Info2019: Rd 1, Pk 25 (BAL)"
  },
  {
    "team": "KC",
    "number": "",
    "name": "Jason Brownlee89",
    "position": "WR",
    "height": "26",
    "weight": "6' 3\"",
    "age": "202 lbs",
    "college": "2",
    "playerId": "4689988",
    "profileUrl": "https://www.espn.com/nfl/player/_/id/4689988/jason-brownlee",
    "headshot": "https://a.espncdn.com/combiner/i?img=/i/headshots/nfl/players/full/4689988.png",
    "birthdate": "Birthdate1/30/1999 (26)",
    "birthplace": null,
    "experience": "Experience2nd Season",
    "draftInfo": null
  },
  {
    "team": "KC",
    "number": "",
    "name": "Jimmy Holiday",
    "position": "WR",
    "height": "23",
    "weight": "6' 1\"",
    "age": "211 lbs",
    "college": "R",
    "playerId": "4431142",
    "profileUrl": "https://www.espn.com/nfl/player/_/id/4431142/jimmy-holiday",
    "headshot": "https://a.espncdn.com/combiner/i?img=/i/headshots/college-football/players/full/4431142.png",
    "birthdate": "Birthdate12/16/2001 (23)",
    "birthplace": null,
    "experience": "ExperienceRookie",
    "draftInfo": null
  },
  {
    "team": "KC",
    "number": "",
    "name": "Skyy Moore24",
    "position": "WR",
    "height": "24",
    "weight": "5' 10\"",
    "age": "195 lbs",
    "college": "3",
    "playerId": "4430191",
    "profileUrl": "https://www.espn.com/nfl/player/_/id/4430191/skyy-moore",
    "headshot": "https://a.espncdn.com/combiner/i?img=/i/headshots/nfl/players/full/4430191.png",
    "birthdate": "Birthdate9/10/2000 (24)",
    "birthplace": null,
    "experience": null,
    "draftInfo": "Draft Info2022: Rd 2, Pk 54 (KC)"
  },
  {
    "team": "KC",
    "number": "",
    "name": "Nikko Remigio81",
    "position": "WR",
    "height": "25",
    "weight": "5' 9\"",
    "age": "187 lbs",
    "college": "1",
    "playerId": "4372716",
    "profileUrl": "https://www.espn.com/nfl/player/_/id/4372716/nikko-remigio",
    "headshot": "https://a.espncdn.com/combiner/i?img=/i/headshots/nfl/players/full/4372716.png",
    "birthdate": "Birthdate11/4/1999 (25)",
    "birthplace": null,
    "experience": "Experience1st Season",
    "draftInfo": null
  },
  {
    "team": "KC",
    "number": "",
    "name": "Rashee Rice4",
    "position": "WR",
    "height": "25",
    "weight": "6' 1\"",
    "age": "204 lbs",
    "college": "2",
    "playerId": "4428331",
    "profileUrl": "https://www.espn.com/nfl/player/_/id/4428331/rashee-rice",
    "headshot": "https://a.espncdn.com/combiner/i?img=/i/headshots/nfl/players/full/4428331.png",
    "birthdate": "Birthdate4/22/2000 (25)",
    "birthplace": null,
    "experience": null,
    "draftInfo": "Draft Info2023: Rd 2, Pk 55 (KC)"
  },
  {
    "team": "KC",
    "number": "",
    "name": "Justyn Ross82",
    "position": "WR",
    "height": "25",
    "weight": "6' 4\"",
    "age": "210 lbs",
    "college": "3",
    "playerId": "4360306",
    "profileUrl": "https://www.espn.com/nfl/player/_/id/4360306/justyn-ross",
    "headshot": "https://a.espncdn.com/combiner/i?img=/i/headshots/nfl/players/full/4360306.png",
    "birthdate": "Birthdate12/15/1999 (25)",
    "birthplace": null,
    "experience": "Experience3rd Season",
    "draftInfo": null
  },
  {
    "team": "KC",
    "number": "",
    "name": "Jalen Royals",
    "position": "WR",
    "height": "22",
    "weight": "6' 0\"",
    "age": "205 lbs",
    "college": "R",
    "playerId": "5082630",
    "profileUrl": "https://www.espn.com/nfl/player/_/id/5082630/jalen-royals",
    "headshot": "https://a.espncdn.com/combiner/i?img=/i/headshots/nfl/players/full/5082630.png",
    "birthdate": "Birthdate2/18/2003 (22)",
    "birthplace": null,
    "experience": null,
    "draftInfo": "Draft Info2025: Rd 4, Pk 133 (KC)"
  },
  {
    "team": "KC",
    "number": "",
    "name": "JuJu Smith-Schuster9",
    "position": "WR",
    "height": "28",
    "weight": "6' 1\"",
    "age": "215 lbs",
    "college": "8",
    "playerId": "3120348",
    "profileUrl": "https://www.espn.com/nfl/player/_/id/3120348/juju-smith-schuster",
    "headshot": "https://a.espncdn.com/combiner/i?img=/i/headshots/nfl/players/full/3120348.png",
    "birthdate": "Birthdate11/22/1996 (28)",
    "birthplace": null,
    "experience": null,
    "draftInfo": "Draft Info2017: Rd 2, Pk 62 (PIT)"
  },
  {
    "team": "KC",
    "number": "",
    "name": "Tyquan Thornton",
    "position": "WR",
    "height": "24",
    "weight": "6' 2\"",
    "age": "182 lbs",
    "college": "3",
    "playerId": "4362921",
    "profileUrl": "https://www.espn.com/nfl/player/_/id/4362921/tyquan-thornton",
    "headshot": "https://a.espncdn.com/combiner/i?img=/i/headshots/nfl/players/full/4362921.png",
    "birthdate": "Birthdate8/7/2000 (24)",
    "birthplace": null,
    "experience": null,
    "draftInfo": "Draft Info2022: Rd 2, Pk 50 (NE)"
  },
  {
    "team": "KC",
    "number": "",
    "name": "Xavier Worthy1",
    "position": "WR",
    "height": "22",
    "weight": "5' 11\"",
    "age": "165 lbs",
    "college": "R",
    "playerId": "4683062",
    "profileUrl": "https://www.espn.com/nfl/player/_/id/4683062/xavier-worthy",
    "headshot": "https://a.espncdn.com/combiner/i?img=/i/headshots/nfl/players/full/4683062.png",
    "birthdate": "Birthdate4/27/2003 (22)",
    "birthplace": null,
    "experience": null,
    "draftInfo": "Draft Info2024: Rd 1, Pk 28 (KC)"
  },
  {
    "team": "KC",
    "number": "",
    "name": "Jake Briningstool",
    "position": "TE",
    "height": "--",
    "weight": "6' 6\"",
    "age": "240 lbs",
    "college": "R",
    "playerId": "4431196",
    "profileUrl": "https://www.espn.com/nfl/player/_/id/4431196/jake-briningstool",
    "headshot": "https://a.espncdn.com/combiner/i?img=/i/headshots/college-football/players/full/4431196.png",
    "birthdate": null,
    "birthplace": "BirthplaceBrentwood, TN",
    "experience": "ExperienceRookie",
    "draftInfo": null
  },
  {
    "team": "KC",
    "number": "",
    "name": "Noah Gray83",
    "position": "TE",
    "height": "26",
    "weight": "6' 3\"",
    "age": "240 lbs",
    "college": "4",
    "playerId": "4240472",
    "profileUrl": "https://www.espn.com/nfl/player/_/id/4240472/noah-gray",
    "headshot": "https://a.espncdn.com/combiner/i?img=/i/headshots/nfl/players/full/4240472.png",
    "birthdate": "Birthdate4/30/1999 (26)",
    "birthplace": null,
    "experience": null,
    "draftInfo": "Draft Info2021: Rd 5, Pk 162 (KC)"
  },
  {
    "team": "KC",
    "number": "",
    "name": "Travis Kelce87",
    "position": "TE",
    "height": "35",
    "weight": "6' 5\"",
    "age": "250 lbs",
    "college": "12",
    "playerId": "15847",
    "profileUrl": "https://www.espn.com/nfl/player/_/id/15847/travis-kelce",
    "headshot": "https://a.espncdn.com/combiner/i?img=/i/headshots/nfl/players/full/15847.png",
    "birthdate": "Birthdate10/5/1989 (35)",
    "birthplace": null,
    "experience": null,
    "draftInfo": "Draft Info2013: Rd 3, Pk 63 (KC)"
  },
  {
    "team": "KC",
    "number": "",
    "name": "Robert Tonyan",
    "position": "TE",
    "height": "31",
    "weight": "6' 5\"",
    "age": "240 lbs",
    "college": "7",
    "playerId": "2975674",
    "profileUrl": "https://www.espn.com/nfl/player/_/id/2975674/robert-tonyan",
    "headshot": "https://a.espncdn.com/combiner/i?img=/i/headshots/nfl/players/full/2975674.png",
    "birthdate": "Birthdate4/30/1994 (31)",
    "birthplace": null,
    "experience": "Experience7th Season",
    "draftInfo": null
  },
  {
    "team": "KC",
    "number": "",
    "name": "Jared Wiley12",
    "position": "TE",
    "height": "24",
    "weight": "6' 6\"",
    "age": "249 lbs",
    "college": "R",
    "playerId": "4430723",
    "profileUrl": "https://www.espn.com/nfl/player/_/id/4430723/jared-wiley",
    "headshot": "https://a.espncdn.com/combiner/i?img=/i/headshots/nfl/players/full/4430723.png",
    "birthdate": "Birthdate11/2/2000 (24)",
    "birthplace": null,
    "experience": null,
    "draftInfo": "Draft Info2024: Rd 4, Pk 131 (KC)"
  },
  {
    "team": "KC",
    "number": "",
    "name": "Creed Humphrey52",
    "position": "C",
    "height": "25",
    "weight": "6' 4\"",
    "age": "302 lbs",
    "college": "4",
    "playerId": "4241385",
    "profileUrl": "https://www.espn.com/nfl/player/_/id/4241385/creed-humphrey",
    "headshot": "https://a.espncdn.com/combiner/i?img=/i/headshots/nfl/players/full/4241385.png",
    "birthdate": "Birthdate6/28/1999 (25)",
    "birthplace": null,
    "experience": null,
    "draftInfo": "Draft Info2021: Rd 2, Pk 63 (KC)"
  },
  {
    "team": "KC",
    "number": "",
    "name": "Hunter Nourzad60",
    "position": "C",
    "height": "24",
    "weight": "6' 3\"",
    "age": "317 lbs",
    "college": "R",
    "playerId": "4367645",
    "profileUrl": "https://www.espn.com/nfl/player/_/id/4367645/hunter-nourzad",
    "headshot": "https://a.espncdn.com/combiner/i?img=/i/headshots/nfl/players/full/4367645.png",
    "birthdate": "Birthdate11/26/2000 (24)",
    "birthplace": null,
    "experience": null,
    "draftInfo": "Draft Info2024: Rd 5, Pk 159 (KC)"
  },
  {
    "team": "KC",
    "number": "",
    "name": "Tremayne Anchrum Jr.",
    "position": "G",
    "height": "26",
    "weight": "6' 2\"",
    "age": "314 lbs",
    "college": "6",
    "playerId": "4035478",
    "profileUrl": "https://www.espn.com/nfl/player/_/id/4035478/tremayne-anchrum-jr",
    "headshot": "https://a.espncdn.com/combiner/i?img=/i/headshots/nfl/players/full/4035478.png",
    "birthdate": "Birthdate6/24/1998 (26)",
    "birthplace": null,
    "experience": null,
    "draftInfo": "Draft Info2020: Rd 7, Pk 250 (LAR)"
  },
  {
    "team": "KC",
    "number": "",
    "name": "Mike Caliendo66",
    "position": "G",
    "height": "27",
    "weight": "6' 4\"",
    "age": "301 lbs",
    "college": "2",
    "playerId": "4043039",
    "profileUrl": "https://www.espn.com/nfl/player/_/id/4043039/mike-caliendo",
    "headshot": "https://a.espncdn.com/combiner/i?img=/i/headshots/nfl/players/full/4043039.png",
    "birthdate": "Birthdate10/21/1997 (27)",
    "birthplace": null,
    "experience": "Experience2nd Season",
    "draftInfo": null
  },
  {
    "team": "KC",
    "number": "",
    "name": "C.J. Hanson61",
    "position": "G",
    "height": "24",
    "weight": "6' 5\"",
    "age": "300 lbs",
    "college": "R",
    "playerId": "4571810",
    "profileUrl": "https://www.espn.com/nfl/player/_/id/4571810/cj-hanson",
    "headshot": "https://a.espncdn.com/combiner/i?img=/i/headshots/nfl/players/full/4571810.png",
    "birthdate": "Birthdate3/3/2001 (24)",
    "birthplace": null,
    "experience": null,
    "draftInfo": "Draft Info2024: Rd 7, Pk 248 (KC)"
  },
  {
    "team": "KC",
    "number": "",
    "name": "Jaylon Moore76",
    "position": "G",
    "height": "27",
    "weight": "6' 4\"",
    "age": "311 lbs",
    "college": "4",
    "playerId": "4043041",
    "profileUrl": "https://www.espn.com/nfl/player/_/id/4043041/jaylon-moore",
    "headshot": "https://a.espncdn.com/combiner/i?img=/i/headshots/nfl/players/full/4043041.png",
    "birthdate": "Birthdate1/9/1998 (27)",
    "birthplace": null,
    "experience": null,
    "draftInfo": "Draft Info2021: Rd 5, Pk 155 (SF)"
  },
  {
    "team": "KC",
    "number": "",
    "name": "Trey Smith65",
    "position": "G",
    "height": "25",
    "weight": "6' 6\"",
    "age": "321 lbs",
    "college": "4",
    "playerId": "4242459",
    "profileUrl": "https://www.espn.com/nfl/player/_/id/4242459/trey-smith",
    "headshot": "https://a.espncdn.com/combiner/i?img=/i/headshots/nfl/players/full/4242459.png",
    "birthdate": "Birthdate6/16/1999 (25)",
    "birthplace": null,
    "experience": null,
    "draftInfo": "Draft Info2021: Rd 6, Pk 226 (KC)"
  },
  {
    "team": "KC",
    "number": "",
    "name": "Ethan Driskell75",
    "position": "OT",
    "height": "24",
    "weight": "6' 8\"",
    "age": "313 lbs",
    "college": "R",
    "playerId": "4571627",
    "profileUrl": "https://www.espn.com/nfl/player/_/id/4571627/ethan-driskell",
    "headshot": "https://a.espncdn.com/combiner/i?img=/i/headshots/nfl/players/full/4571627.png",
    "birthdate": "Birthdate6/29/2000 (24)",
    "birthplace": null,
    "experience": "ExperienceRookie",
    "draftInfo": null
  },
  {
    "team": "KC",
    "number": "",
    "name": "Chukwuebuka Godrick72",
    "position": "OT",
    "height": "24",
    "weight": "6' 5\"",
    "age": "293 lbs",
    "college": "1",
    "playerId": "5144457",
    "profileUrl": "https://www.espn.com/nfl/player/_/id/5144457/chukwuebuka-godrick",
    "headshot": "https://a.espncdn.com/combiner/i?img=/i/headshots/nfl/players/full/5144457.png",
    "birthdate": "Birthdate10/11/2000 (24)",
    "birthplace": "BirthplaceAguleri, Nigeria",
    "experience": "Experience1st Season",
    "draftInfo": null
  },
  {
    "team": "KC",
    "number": "",
    "name": "Wanya Morris64",
    "position": "OT",
    "height": "24",
    "weight": "6' 6\"",
    "age": "307 lbs",
    "college": "2",
    "playerId": "4570577",
    "profileUrl": "https://www.espn.com/nfl/player/_/id/4570577/wanya-morris",
    "headshot": "https://a.espncdn.com/combiner/i?img=/i/headshots/nfl/players/full/4570577.png",
    "birthdate": "Birthdate10/10/2000 (24)",
    "birthplace": null,
    "experience": null,
    "draftInfo": "Draft Info2023: Rd 3, Pk 92 (KC)"
  },
  {
    "team": "KC",
    "number": "",
    "name": "Josh Simmons",
    "position": "OT",
    "height": "22",
    "weight": "6' 5\"",
    "age": "310 lbs",
    "college": "R",
    "playerId": "4569659",
    "profileUrl": "https://www.espn.com/nfl/player/_/id/4569659/josh-simmons",
    "headshot": "https://a.espncdn.com/combiner/i?img=/i/headshots/nfl/players/full/4569659.png",
    "birthdate": "Birthdate12/26/2002 (22)",
    "birthplace": null,
    "experience": null,
    "draftInfo": "Draft Info2025: Rd 1, Pk 32 (KC)"
  },
  {
    "team": "KC",
    "number": "",
    "name": "Kingsley Suamataia76",
    "position": "OT",
    "height": "22",
    "weight": "6' 4\"",
    "age": "326 lbs",
    "college": "R",
    "playerId": "4431595",
    "profileUrl": "https://www.espn.com/nfl/player/_/id/4431595/kingsley-suamataia",
    "headshot": "https://a.espncdn.com/combiner/i?img=/i/headshots/nfl/players/full/4431595.png",
    "birthdate": "Birthdate1/18/2003 (22)",
    "birthplace": null,
    "experience": null,
    "draftInfo": "Draft Info2024: Rd 2, Pk 63 (KC)"
  },
  {
    "team": "KC",
    "number": "",
    "name": "Jawaan Taylor74",
    "position": "OT",
    "height": "27",
    "weight": "6' 5\"",
    "age": "330 lbs",
    "college": "6",
    "playerId": "4034961",
    "profileUrl": "https://www.espn.com/nfl/player/_/id/4034961/jawaan-taylor",
    "headshot": "https://a.espncdn.com/combiner/i?img=/i/headshots/nfl/players/full/4034961.png",
    "birthdate": "Birthdate11/25/1997 (27)",
    "birthplace": null,
    "experience": null,
    "draftInfo": "Draft Info2019: Rd 2, Pk 35 (JAX)"
  },
  {
    "team": "KC",
    "number": "",
    "name": "Felix Anudike-Uzomah97",
    "position": "DE",
    "height": "23",
    "weight": "6' 4\"",
    "age": "255 lbs",
    "college": "2",
    "playerId": "4612387",
    "profileUrl": "https://www.espn.com/nfl/player/_/id/4612387/felix-anudike-uzomah",
    "headshot": "https://a.espncdn.com/combiner/i?img=/i/headshots/nfl/players/full/4612387.png",
    "birthdate": "Birthdate1/24/2002 (23)",
    "birthplace": null,
    "experience": null,
    "draftInfo": "Draft Info2023: Rd 1, Pk 31 (KC)"
  },
  {
    "team": "KC",
    "number": "",
    "name": "Mike Danna51",
    "position": "DE",
    "height": "27",
    "weight": "6' 2\"",
    "age": "257 lbs",
    "college": "5",
    "playerId": "3915487",
    "profileUrl": "https://www.espn.com/nfl/player/_/id/3915487/mike-danna",
    "headshot": "https://a.espncdn.com/combiner/i?img=/i/headshots/nfl/players/full/3915487.png",
    "birthdate": "Birthdate12/4/1997 (27)",
    "birthplace": null,
    "experience": null,
    "draftInfo": "Draft Info2020: Rd 5, Pk 177 (KC)"
  },
  {
    "team": "KC",
    "number": "",
    "name": "Ashton Gillotte",
    "position": "DE",
    "height": "22",
    "weight": "6' 3\"",
    "age": "275 lbs",
    "college": "R",
    "playerId": "4684432",
    "profileUrl": "https://www.espn.com/nfl/player/_/id/4684432/ashton-gillotte",
    "headshot": "https://a.espncdn.com/combiner/i?img=/i/headshots/nfl/players/full/4684432.png",
    "birthdate": "Birthdate10/30/2002 (22)",
    "birthplace": null,
    "experience": null,
    "draftInfo": "Draft Info2025: Rd 3, Pk 66 (KC)"
  },
  {
    "team": "KC",
    "number": "",
    "name": "Malik Herring94",
    "position": "DE",
    "height": "27",
    "weight": "6' 3\"",
    "age": "275 lbs",
    "college": "4",
    "playerId": "4259547",
    "profileUrl": "https://www.espn.com/nfl/player/_/id/4259547/malik-herring",
    "headshot": "https://a.espncdn.com/combiner/i?img=/i/headshots/nfl/players/full/4259547.png",
    "birthdate": "Birthdate11/9/1997 (27)",
    "birthplace": null,
    "experience": "Experience4th Season",
    "draftInfo": null
  },
  {
    "team": "KC",
    "number": "",
    "name": "George Karlaftis56",
    "position": "DE",
    "height": "24",
    "weight": "6' 4\"",
    "age": "263 lbs",
    "college": "3",
    "playerId": "4426659",
    "profileUrl": "https://www.espn.com/nfl/player/_/id/4426659/george-karlaftis",
    "headshot": "https://a.espncdn.com/combiner/i?img=/i/headshots/nfl/players/full/4426659.png",
    "birthdate": "Birthdate4/3/2001 (24)",
    "birthplace": null,
    "experience": null,
    "draftInfo": "Draft Info2022: Rd 1, Pk 30 (KC)"
  },
  {
    "team": "KC",
    "number": "",
    "name": "Charles Omenihu90",
    "position": "DE",
    "height": "27",
    "weight": "6' 5\"",
    "age": "280 lbs",
    "college": "6",
    "playerId": "3929865",
    "profileUrl": "https://www.espn.com/nfl/player/_/id/3929865/charles-omenihu",
    "headshot": "https://a.espncdn.com/combiner/i?img=/i/headshots/nfl/players/full/3929865.png",
    "birthdate": "Birthdate8/20/1997 (27)",
    "birthplace": null,
    "experience": null,
    "draftInfo": "Draft Info2019: Rd 5, Pk 161 (HOU)"
  },
  {
    "team": "KC",
    "number": "",
    "name": "Janarius Robinson",
    "position": "DE",
    "height": "27",
    "weight": "6' 5\"",
    "age": "260 lbs",
    "college": "4",
    "playerId": "4035604",
    "profileUrl": "https://www.espn.com/nfl/player/_/id/4035604/janarius-robinson",
    "headshot": "https://a.espncdn.com/combiner/i?img=/i/headshots/nfl/players/full/4035604.png",
    "birthdate": "Birthdate5/4/1998 (27)",
    "birthplace": null,
    "experience": null,
    "draftInfo": "Draft Info2021: Rd 4, Pk 134 (MIN)"
  },
  {
    "team": "KC",
    "number": "",
    "name": "Siaki Ika99",
    "position": "DT",
    "height": "24",
    "weight": "6' 3\"",
    "age": "335 lbs",
    "college": "1",
    "playerId": "4426440",
    "profileUrl": "https://www.espn.com/nfl/player/_/id/4426440/siaki-ika",
    "headshot": "https://a.espncdn.com/combiner/i?img=/i/headshots/nfl/players/full/4426440.png",
    "birthdate": "Birthdate11/7/2000 (24)",
    "birthplace": null,
    "experience": null,
    "draftInfo": "Draft Info2023: Rd 3, Pk 98 (CLE)"
  },
  {
    "team": "KC",
    "number": "",
    "name": "Chris Jones95",
    "position": "DT",
    "height": "30",
    "weight": "6' 6\"",
    "age": "310 lbs",
    "college": "9",
    "playerId": "3044859",
    "profileUrl": "https://www.espn.com/nfl/player/_/id/3044859/chris-jones",
    "headshot": "https://a.espncdn.com/combiner/i?img=/i/headshots/nfl/players/full/3044859.png",
    "birthdate": "Birthdate7/3/1994 (30)",
    "birthplace": null,
    "experience": null,
    "draftInfo": "Draft Info2016: Rd 2, Pk 37 (KC)"
  },
  {
    "team": "KC",
    "number": "",
    "name": "Fabien Lovett Sr.96",
    "position": "DT",
    "height": "25",
    "weight": "6' 3\"",
    "age": "316 lbs",
    "college": "R",
    "playerId": "4362905",
    "profileUrl": "https://www.espn.com/nfl/player/_/id/4362905/fabien-lovett-sr",
    "headshot": "https://a.espncdn.com/combiner/i?img=/i/headshots/nfl/players/full/4362905.png",
    "birthdate": "Birthdate12/5/1999 (25)",
    "birthplace": null,
    "experience": "ExperienceRookie",
    "draftInfo": null
  },
  {
    "team": "KC",
    "number": "",
    "name": "Omarr Norman-Lott",
    "position": "DT",
    "height": "23",
    "weight": "6' 3\"",
    "age": "315 lbs",
    "college": "R",
    "playerId": "4591008",
    "profileUrl": "https://www.espn.com/nfl/player/_/id/4591008/omarr-norman-lott",
    "headshot": "https://a.espncdn.com/combiner/i?img=/i/headshots/nfl/players/full/4591008.png",
    "birthdate": "Birthdate3/11/2002 (23)",
    "birthplace": null,
    "experience": null,
    "draftInfo": "Draft Info2025: Rd 2, Pk 63 (KC)"
  },
  {
    "team": "KC",
    "number": "",
    "name": "Mike Pennel Jr.69",
    "position": "DT",
    "height": "34",
    "weight": "6' 4\"",
    "age": "330 lbs",
    "college": "10",
    "playerId": "17230",
    "profileUrl": "https://www.espn.com/nfl/player/_/id/17230/mike-pennel-jr",
    "headshot": "https://a.espncdn.com/combiner/i?img=/i/headshots/nfl/players/full/17230.png",
    "birthdate": "Birthdate5/9/1991 (34)",
    "birthplace": null,
    "experience": "Experience10th Season",
    "draftInfo": null
  },
  {
    "team": "KC",
    "number": "",
    "name": "Jerry Tillery99",
    "position": "DT",
    "height": "28",
    "weight": "6' 6\"",
    "age": "295 lbs",
    "college": "6",
    "playerId": "3863182",
    "profileUrl": "https://www.espn.com/nfl/player/_/id/3863182/jerry-tillery",
    "headshot": "https://a.espncdn.com/combiner/i?img=/i/headshots/nfl/players/full/3863182.png",
    "birthdate": "Birthdate10/8/1996 (28)",
    "birthplace": null,
    "experience": null,
    "draftInfo": "Draft Info2019: Rd 1, Pk 28 (LAC)"
  },
  {
    "team": "KC",
    "number": "",
    "name": "Marlon Tuipulotu92",
    "position": "DT",
    "height": "25",
    "weight": "6' 2\"",
    "age": "307 lbs",
    "college": "4",
    "playerId": "4243218",
    "profileUrl": "https://www.espn.com/nfl/player/_/id/4243218/marlon-tuipulotu",
    "headshot": "https://a.espncdn.com/combiner/i?img=/i/headshots/nfl/players/full/4243218.png",
    "birthdate": "Birthdate5/31/1999 (25)",
    "birthplace": null,
    "experience": null,
    "draftInfo": "Draft Info2021: Rd 6, Pk 189 (PHI)"
  },
  {
    "team": "KC",
    "number": "",
    "name": "Jeffrey Bassa",
    "position": "LB",
    "height": "22",
    "weight": "6' 2\"",
    "age": "235 lbs",
    "college": "R",
    "playerId": "4602389",
    "profileUrl": "https://www.espn.com/nfl/player/_/id/4602389/jeffrey-bassa",
    "headshot": "https://a.espncdn.com/combiner/i?img=/i/headshots/nfl/players/full/4602389.png",
    "birthdate": "Birthdate9/20/2002 (22)",
    "birthplace": null,
    "experience": null,
    "draftInfo": "Draft Info2025: Rd 5, Pk 156 (KC)"
  },
  {
    "team": "KC",
    "number": "",
    "name": "Nick Bolton32",
    "position": "LB",
    "height": "25",
    "weight": "5' 11\"",
    "age": "237 lbs",
    "college": "4",
    "playerId": "4362759",
    "profileUrl": "https://www.espn.com/nfl/player/_/id/4362759/nick-bolton",
    "headshot": "https://a.espncdn.com/combiner/i?img=/i/headshots/nfl/players/full/4362759.png",
    "birthdate": "Birthdate3/10/2000 (25)",
    "birthplace": null,
    "experience": null,
    "draftInfo": "Draft Info2021: Rd 2, Pk 58 (KC)"
  },
  {
    "team": "KC",
    "number": "",
    "name": "Leo Chenal54",
    "position": "LB",
    "height": "24",
    "weight": "6' 3\"",
    "age": "250 lbs",
    "college": "3",
    "playerId": "4426901",
    "profileUrl": "https://www.espn.com/nfl/player/_/id/4426901/leo-chenal",
    "headshot": "https://a.espncdn.com/combiner/i?img=/i/headshots/nfl/players/full/4426901.png",
    "birthdate": "Birthdate10/26/2000 (24)",
    "birthplace": null,
    "experience": null,
    "draftInfo": "Draft Info2022: Rd 3, Pk 103 (KC)"
  },
  {
    "team": "KC",
    "number": "",
    "name": "Cole Christiansen48",
    "position": "LB",
    "height": "27",
    "weight": "6' 1\"",
    "age": "230 lbs",
    "college": "1",
    "playerId": "4036959",
    "profileUrl": "https://www.espn.com/nfl/player/_/id/4036959/cole-christiansen",
    "headshot": "https://a.espncdn.com/combiner/i?img=/i/headshots/nfl/players/full/4036959.png",
    "birthdate": "Birthdate7/30/1997 (27)",
    "birthplace": null,
    "experience": "Experience1st Season",
    "draftInfo": null
  },
  {
    "team": "KC",
    "number": "",
    "name": "Jack Cochrane43",
    "position": "LB",
    "height": "26",
    "weight": "6' 3\"",
    "age": "236 lbs",
    "college": "3",
    "playerId": "4249766",
    "profileUrl": "https://www.espn.com/nfl/player/_/id/4249766/jack-cochrane",
    "headshot": "https://a.espncdn.com/combiner/i?img=/i/headshots/nfl/players/full/4249766.png",
    "birthdate": "Birthdate2/9/1999 (26)",
    "birthplace": null,
    "experience": "Experience3rd Season",
    "draftInfo": null
  },
  {
    "team": "KC",
    "number": "",
    "name": "Cam Jones44",
    "position": "LB",
    "height": "25",
    "weight": "6' 2\"",
    "age": "227 lbs",
    "college": "2",
    "playerId": "4371959",
    "profileUrl": "https://www.espn.com/nfl/player/_/id/4371959/cam-jones",
    "headshot": "https://a.espncdn.com/combiner/i?img=/i/headshots/nfl/players/full/4371959.png",
    "birthdate": "Birthdate10/21/1999 (25)",
    "birthplace": null,
    "experience": "Experience2nd Season",
    "draftInfo": null
  },
  {
    "team": "KC",
    "number": "",
    "name": "Cooper McDonald",
    "position": "LB",
    "height": "--",
    "weight": "6' 3\"",
    "age": "240 lbs",
    "college": "R",
    "playerId": "4567826",
    "profileUrl": "https://www.espn.com/nfl/player/_/id/4567826/cooper-mcdonald",
    "headshot": "https://a.espncdn.com/combiner/i?img=/i/headshots/college-football/players/full/4567826.png",
    "birthdate": null,
    "birthplace": "BirthplaceHaslet, TX",
    "experience": "ExperienceRookie",
    "draftInfo": null
  },
  {
    "team": "KC",
    "number": "",
    "name": "Drue Tranquill23",
    "position": "LB",
    "height": "29",
    "weight": "6' 2\"",
    "age": "234 lbs",
    "college": "6",
    "playerId": "3129310",
    "profileUrl": "https://www.espn.com/nfl/player/_/id/3129310/drue-tranquill",
    "headshot": "https://a.espncdn.com/combiner/i?img=/i/headshots/nfl/players/full/3129310.png",
    "birthdate": "Birthdate8/15/1995 (29)",
    "birthplace": null,
    "experience": null,
    "draftInfo": "Draft Info2019: Rd 4, Pk 130 (LAC)"
  },
  {
    "team": "KC",
    "number": "",
    "name": "Jacobe Covington",
    "position": "CB",
    "height": "--",
    "weight": "6' 2\"",
    "age": "200 lbs",
    "college": "R",
    "playerId": "4431048",
    "profileUrl": "https://www.espn.com/nfl/player/_/id/4431048/jacobe-covington",
    "headshot": "https://a.espncdn.com/combiner/i?img=/i/headshots/college-football/players/full/4431048.png",
    "birthdate": null,
    "birthplace": "BirthplaceChandler, AZ",
    "experience": "ExperienceRookie",
    "draftInfo": null
  },
  {
    "team": "KC",
    "number": "",
    "name": "Kristian Fulton",
    "position": "CB",
    "height": "26",
    "weight": "5' 11\"",
    "age": "197 lbs",
    "college": "4",
    "playerId": "4035433",
    "profileUrl": "https://www.espn.com/nfl/player/_/id/4035433/kristian-fulton",
    "headshot": "https://a.espncdn.com/combiner/i?img=/i/headshots/nfl/players/full/4035433.png",
    "birthdate": "Birthdate9/3/1998 (26)",
    "birthplace": null,
    "experience": null,
    "draftInfo": "Draft Info2020: Rd 2, Pk 61 (TEN)"
  },
  {
    "team": "KC",
    "number": "",
    "name": "Trent McDuffie22",
    "position": "CB",
    "height": "24",
    "weight": "5' 11\"",
    "age": "193 lbs",
    "college": "3",
    "playerId": "4426405",
    "profileUrl": "https://www.espn.com/nfl/player/_/id/4426405/trent-mcduffie",
    "headshot": "https://a.espncdn.com/combiner/i?img=/i/headshots/nfl/players/full/4426405.png",
    "birthdate": "Birthdate9/13/2000 (24)",
    "birthplace": null,
    "experience": null,
    "draftInfo": "Draft Info2022: Rd 1, Pk 21 (KC)"
  },
  {
    "team": "KC",
    "number": "",
    "name": "Christian Roland-Wallace30",
    "position": "CB",
    "height": "23",
    "weight": "5' 11\"",
    "age": "202 lbs",
    "college": "R",
    "playerId": "4428383",
    "profileUrl": "https://www.espn.com/nfl/player/_/id/4428383/christian-roland-wallace",
    "headshot": "https://a.espncdn.com/combiner/i?img=/i/headshots/nfl/players/full/4428383.png",
    "birthdate": "Birthdate11/23/2001 (23)",
    "birthplace": null,
    "experience": "ExperienceRookie",
    "draftInfo": null
  },
  {
    "team": "KC",
    "number": "",
    "name": "Darius Rush",
    "position": "CB",
    "height": "25",
    "weight": "6' 2\"",
    "age": "198 lbs",
    "college": "2",
    "playerId": "4362858",
    "profileUrl": "https://www.espn.com/nfl/player/_/id/4362858/darius-rush",
    "headshot": "https://a.espncdn.com/combiner/i?img=/i/headshots/nfl/players/full/4362858.png",
    "birthdate": "Birthdate2/22/2000 (25)",
    "birthplace": null,
    "experience": null,
    "draftInfo": "Draft Info2023: Rd 5, Pk 138 (IND)"
  },
  {
    "team": "KC",
    "number": "",
    "name": "Eric Scott Jr.37",
    "position": "CB",
    "height": "26",
    "weight": "6' 0\"",
    "age": "197 lbs",
    "college": "2",
    "playerId": "4248032",
    "profileUrl": "https://www.espn.com/nfl/player/_/id/4248032/eric-scott-jr",
    "headshot": "https://a.espncdn.com/combiner/i?img=/i/headshots/nfl/players/full/4248032.png",
    "birthdate": "Birthdate8/7/1998 (26)",
    "birthplace": null,
    "experience": null,
    "draftInfo": "Draft Info2023: Rd 6, Pk 178 (DAL)"
  },
  {
    "team": "KC",
    "number": "",
    "name": "Jaylen Watson35",
    "position": "CB",
    "height": "26",
    "weight": "6' 2\"",
    "age": "197 lbs",
    "college": "3",
    "playerId": "4697639",
    "profileUrl": "https://www.espn.com/nfl/player/_/id/4697639/jaylen-watson",
    "headshot": "https://a.espncdn.com/combiner/i?img=/i/headshots/nfl/players/full/4697639.png",
    "birthdate": "Birthdate9/17/1998 (26)",
    "birthplace": null,
    "experience": null,
    "draftInfo": "Draft Info2022: Rd 7, Pk 243 (KC)"
  },
  {
    "team": "KC",
    "number": "",
    "name": "Joshua Williams2",
    "position": "CB",
    "height": "25",
    "weight": "6' 3\"",
    "age": "193 lbs",
    "college": "3",
    "playerId": "4917635",
    "profileUrl": "https://www.espn.com/nfl/player/_/id/4917635/joshua-williams",
    "headshot": "https://a.espncdn.com/combiner/i?img=/i/headshots/nfl/players/full/4917635.png",
    "birthdate": "Birthdate10/17/1999 (25)",
    "birthplace": null,
    "experience": null,
    "draftInfo": "Draft Info2022: Rd 4, Pk 135 (KC)"
  },
  {
    "team": "KC",
    "number": "",
    "name": "Nohl Williams",
    "position": "CB",
    "height": "22",
    "weight": "6' 1\"",
    "age": "200 lbs",
    "college": "R",
    "playerId": "4610705",
    "profileUrl": "https://www.espn.com/nfl/player/_/id/4610705/nohl-williams",
    "headshot": "https://a.espncdn.com/combiner/i?img=/i/headshots/nfl/players/full/4610705.png",
    "birthdate": "Birthdate9/23/2002 (22)",
    "birthplace": null,
    "experience": null,
    "draftInfo": "Draft Info2025: Rd 3, Pk 85 (KC)"
  },
  {
    "team": "KC",
    "number": "",
    "name": "Glendon Miller",
    "position": "DB",
    "height": "--",
    "weight": "6' 2\"",
    "age": "195 lbs",
    "college": "R",
    "playerId": "4692807",
    "profileUrl": "https://www.espn.com/nfl/player/_/id/4692807/glendon-miller",
    "headshot": "https://a.espncdn.com/combiner/i?img=/i/headshots/college-football/players/full/4692807.png",
    "birthdate": null,
    "birthplace": "BirthplaceOrange Park, FL",
    "experience": "ExperienceRookie",
    "draftInfo": null
  },
  {
    "team": "KC",
    "number": "",
    "name": "Deon Bush26",
    "position": "S",
    "height": "31",
    "weight": "6' 0\"",
    "age": "200 lbs",
    "college": "9",
    "playerId": "2969944",
    "profileUrl": "https://www.espn.com/nfl/player/_/id/2969944/deon-bush",
    "headshot": "https://a.espncdn.com/combiner/i?img=/i/headshots/nfl/players/full/2969944.png",
    "birthdate": "Birthdate8/14/1993 (31)",
    "birthplace": null,
    "experience": null,
    "draftInfo": "Draft Info2016: Rd 4, Pk 124 (CHI)"
  },
  {
    "team": "KC",
    "number": "",
    "name": "Chamarri Conner27",
    "position": "S",
    "height": "24",
    "weight": "6' 0\"",
    "age": "202 lbs",
    "college": "2",
    "playerId": "4361964",
    "profileUrl": "https://www.espn.com/nfl/player/_/id/4361964/chamarri-conner",
    "headshot": "https://a.espncdn.com/combiner/i?img=/i/headshots/nfl/players/full/4361964.png",
    "birthdate": "Birthdate7/11/2000 (24)",
    "birthplace": null,
    "experience": null,
    "draftInfo": "Draft Info2023: Rd 4, Pk 119 (KC)"
  },
  {
    "team": "KC",
    "number": "",
    "name": "Bryan Cook6",
    "position": "S",
    "height": "25",
    "weight": "6' 1\"",
    "age": "206 lbs",
    "college": "3",
    "playerId": "4247726",
    "profileUrl": "https://www.espn.com/nfl/player/_/id/4247726/bryan-cook",
    "headshot": "https://a.espncdn.com/combiner/i?img=/i/headshots/nfl/players/full/4247726.png",
    "birthdate": "Birthdate9/7/1999 (25)",
    "birthplace": null,
    "experience": null,
    "draftInfo": "Draft Info2022: Rd 2, Pk 62 (KC)"
  },
  {
    "team": "KC",
    "number": "",
    "name": "Mike Edwards21",
    "position": "S",
    "height": "28",
    "weight": "5' 10\"",
    "age": "205 lbs",
    "college": "6",
    "playerId": "3155647",
    "profileUrl": "https://www.espn.com/nfl/player/_/id/3155647/mike-edwards",
    "headshot": "https://a.espncdn.com/combiner/i?img=/i/headshots/nfl/players/full/3155647.png",
    "birthdate": "Birthdate5/18/1996 (28)",
    "birthplace": null,
    "experience": null,
    "draftInfo": "Draft Info2019: Rd 3, Pk 99 (TB)"
  },
  {
    "team": "KC",
    "number": "",
    "name": "Jaden Hicks21",
    "position": "S",
    "height": "22",
    "weight": "6' 1\"",
    "age": "215 lbs",
    "college": "R",
    "playerId": "4685232",
    "profileUrl": "https://www.espn.com/nfl/player/_/id/4685232/jaden-hicks",
    "headshot": "https://a.espncdn.com/combiner/i?img=/i/headshots/nfl/players/full/4685232.png",
    "birthdate": "Birthdate8/16/2002 (22)",
    "birthplace": null,
    "experience": null,
    "draftInfo": "Draft Info2024: Rd 4, Pk 133 (KC)"
  },
  {
    "team": "KC",
    "number": "",
    "name": "Nazeeh Johnson13",
    "position": "S",
    "height": "26",
    "weight": "5' 10\"",
    "age": "199 lbs",
    "college": "2",
    "playerId": "4043625",
    "profileUrl": "https://www.espn.com/nfl/player/_/id/4043625/nazeeh-johnson",
    "headshot": "https://a.espncdn.com/combiner/i?img=/i/headshots/nfl/players/full/4043625.png",
    "birthdate": "Birthdate7/17/1998 (26)",
    "birthplace": null,
    "experience": null,
    "draftInfo": "Draft Info2022: Rd 7, Pk 259 (KC)"
  },
  {
    "team": "KC",
    "number": "",
    "name": "Major Williams",
    "position": "S",
    "height": "--",
    "weight": "6' 1\"",
    "age": "190 lbs",
    "college": "R",
    "playerId": "4430736",
    "profileUrl": "https://www.espn.com/nfl/player/_/id/4430736/major-williams",
    "headshot": "https://a.espncdn.com/combiner/i?img=/i/headshots/college-football/players/full/4430736.png",
    "birthdate": null,
    "birthplace": "BirthplaceFort Myers, FL",
    "experience": "ExperienceRookie",
    "draftInfo": null
  },
  {
    "team": "KC",
    "number": "",
    "name": "Harrison Butker7",
    "position": "PK",
    "height": "29",
    "weight": "6' 4\"",
    "age": "205 lbs",
    "college": "8",
    "playerId": "3055899",
    "profileUrl": "https://www.espn.com/nfl/player/_/id/3055899/harrison-butker",
    "headshot": "https://a.espncdn.com/combiner/i?img=/i/headshots/nfl/players/full/3055899.png",
    "birthdate": "Birthdate7/14/1995 (29)",
    "birthplace": null,
    "experience": null,
    "draftInfo": "Draft Info2017: Rd 7, Pk 233 (CAR)"
  },
  {
    "team": "KC",
    "number": "",
    "name": "Matt Araiza14",
    "position": "P",
    "height": "25",
    "weight": "6' 1\"",
    "age": "200 lbs",
    "college": "1",
    "playerId": "4361496",
    "profileUrl": "https://www.espn.com/nfl/player/_/id/4361496/matt-araiza",
    "headshot": "https://a.espncdn.com/combiner/i?img=/i/headshots/nfl/players/full/4361496.png",
    "birthdate": "Birthdate5/16/2000 (25)",
    "birthplace": null,
    "experience": null,
    "draftInfo": "Draft Info2022: Rd 6, Pk 180 (BUF)"
  },
  {
    "team": "KC",
    "number": "",
    "name": "Eddie Czaplicki",
    "position": "P",
    "height": "--",
    "weight": "6' 1\"",
    "age": "207 lbs",
    "college": "R",
    "playerId": "4705853",
    "profileUrl": "https://www.espn.com/nfl/player/_/id/4705853/eddie-czaplicki",
    "headshot": "https://a.espncdn.com/combiner/i?img=/i/headshots/college-football/players/full/4705853.png",
    "birthdate": null,
    "birthplace": "BirthplaceCharlotte, NC",
    "experience": "ExperienceRookie",
    "draftInfo": null
  },
  {
    "team": "KC",
    "number": "",
    "name": "James Winchester41",
    "position": "LS",
    "height": "35",
    "weight": "6' 3\"",
    "age": "209 lbs",
    "college": "10",
    "playerId": "16665",
    "profileUrl": "https://www.espn.com/nfl/player/_/id/16665/james-winchester",
    "headshot": "https://a.espncdn.com/combiner/i?img=/i/headshots/nfl/players/full/16665.png",
    "birthdate": "Birthdate8/6/1989 (35)",
    "birthplace": null,
    "experience": "Experience10th Season",
    "draftInfo": null
  },
  {
    "team": "KC",
    "number": "",
    "name": "Keaontay Ingram38",
    "position": "RB",
    "height": "25",
    "weight": "6' 0\"",
    "age": "220 lbs",
    "college": "3",
    "playerId": "4362087",
    "profileUrl": "https://www.espn.com/nfl/player/_/id/4362087/keaontay-ingram",
    "headshot": "https://a.espncdn.com/combiner/i?img=/i/headshots/nfl/players/full/4362087.png",
    "birthdate": "Birthdate10/26/1999 (25)",
    "birthplace": null,
    "experience": null,
    "draftInfo": "Draft Info2022: Rd 6, Pk 201 (ARI)"
  },
  {
    "team": "KC",
    "number": "",
    "name": "BJ Thompson53",
    "position": "DE",
    "height": "26",
    "weight": "6' 6\"",
    "age": "243 lbs",
    "college": "2",
    "playerId": "4691084",
    "profileUrl": "https://www.espn.com/nfl/player/_/id/4691084/bj-thompson",
    "headshot": "https://a.espncdn.com/combiner/i?img=/i/headshots/nfl/players/full/4691084.png",
    "birthdate": "Birthdate3/23/1999 (26)",
    "birthplace": null,
    "experience": null,
    "draftInfo": "Draft Info2023: Rd 5, Pk 166 (KC)"
  }
]