[
  {
    "team": "LAC",
    "number": "",
    "name": "Taylor Heinicke8",
    "position": "QB",
    "height": "32",
    "weight": "6' 1\"",
    "age": "210 lbs",
    "college": "10",
    "playerId": "2565969",
    "profileUrl": "https://www.espn.com/nfl/player/_/id/2565969/taylor-heinicke",
    "headshot": "https://a.espncdn.com/combiner/i?img=/i/headshots/nfl/players/full/2565969.png",
    "birthdate": "Birthdate3/15/1993 (32)",
    "birthplace": null,
    "experience": "Experience10th Season",
    "draftInfo": null
  },
  {
    "team": "LAC",
    "number": "",
    "name": "Justin Herbert10",
    "position": "QB",
    "height": "27",
    "weight": "6' 6\"",
    "age": "236 lbs",
    "college": "5",
    "playerId": "4038941",
    "profileUrl": "https://www.espn.com/nfl/player/_/id/4038941/justin-herbert",
    "headshot": "https://a.espncdn.com/combiner/i?img=/i/headshots/nfl/players/full/4038941.png",
    "birthdate": "Birthdate3/10/1998 (27)",
    "birthplace": null,
    "experience": null,
    "draftInfo": "Draft Info2020: Rd 1, Pk 6 (LAC)"
  },
  {
    "team": "LAC",
    "number": "",
    "name": "Trey Lance",
    "position": "QB",
    "height": "25",
    "weight": "6' 4\"",
    "age": "226 lbs",
    "college": "4",
    "playerId": "4383351",
    "profileUrl": "https://www.espn.com/nfl/player/_/id/4383351/trey-lance",
    "headshot": "https://a.espncdn.com/combiner/i?img=/i/headshots/nfl/players/full/4383351.png",
    "birthdate": "Birthdate5/9/2000 (25)",
    "birthplace": null,
    "experience": null,
    "draftInfo": "Draft Info2021: Rd 1, Pk 3 (SF)"
  },
  {
    "team": "LAC",
    "number": "",
    "name": "DJ Uiagalelei",
    "position": "QB",
    "height": "24",
    "weight": "6' 4\"",
    "age": "252 lbs",
    "college": "R",
    "playerId": "4429020",
    "profileUrl": "https://www.espn.com/nfl/player/_/id/4429020/dj-uiagalelei",
    "headshot": "https://a.espncdn.com/combiner/i?img=/i/headshots/college-football/players/full/4429020.png",
    "birthdate": "Birthdate4/17/2001 (24)",
    "birthplace": null,
    "experience": "ExperienceRookie",
    "draftInfo": null
  },
  {
    "team": "LAC",
    "number": "",
    "name": "Omarion Hampton",
    "position": "RB",
    "height": "22",
    "weight": "6' 0\"",
    "age": "220 lbs",
    "college": "R",
    "playerId": "4685382",
    "profileUrl": "https://www.espn.com/nfl/player/_/id/4685382/omarion-hampton",
    "headshot": "https://a.espncdn.com/combiner/i?img=/i/headshots/nfl/players/full/4685382.png",
    "birthdate": "Birthdate3/16/2003 (22)",
    "birthplace": null,
    "experience": null,
    "draftInfo": "Draft Info2025: Rd 1, Pk 22 (LAC)"
  },
  {
    "team": "LAC",
    "number": "",
    "name": "Najee Harris",
    "position": "RB",
    "height": "27",
    "weight": "6' 1\"",
    "age": "242 lbs",
    "college": "4",
    "playerId": "4241457",
    "profileUrl": "https://www.espn.com/nfl/player/_/id/4241457/najee-harris",
    "headshot": "https://a.espncdn.com/combiner/i?img=/i/headshots/nfl/players/full/4241457.png",
    "birthdate": "Birthdate3/9/1998 (27)",
    "birthplace": null,
    "experience": null,
    "draftInfo": "Draft Info2021: Rd 1, Pk 24 (PIT)"
  },
  {
    "team": "LAC",
    "number": "",
    "name": "Hassan Haskins28",
    "position": "RB",
    "height": "25",
    "weight": "6' 2\"",
    "age": "228 lbs",
    "college": "3",
    "playerId": "4372071",
    "profileUrl": "https://www.espn.com/nfl/player/_/id/4372071/hassan-haskins",
    "headshot": "https://a.espncdn.com/combiner/i?img=/i/headshots/nfl/players/full/4372071.png",
    "birthdate": "Birthdate11/26/1999 (25)",
    "birthplace": null,
    "experience": null,
    "draftInfo": "Draft Info2022: Rd 4, Pk 131 (TEN)"
  },
  {
    "team": "LAC",
    "number": "",
    "name": "Jaret Patterson34",
    "position": "RB",
    "height": "25",
    "weight": "5' 8\"",
    "age": "195 lbs",
    "college": "2",
    "playerId": "4362452",
    "profileUrl": "https://www.espn.com/nfl/player/_/id/4362452/jaret-patterson",
    "headshot": "https://a.espncdn.com/combiner/i?img=/i/headshots/nfl/players/full/4362452.png",
    "birthdate": "Birthdate12/23/1999 (25)",
    "birthplace": null,
    "experience": "Experience2nd Season",
    "draftInfo": null
  },
  {
    "team": "LAC",
    "number": "",
    "name": "Raheim Sanders",
    "position": "RB",
    "height": "--",
    "weight": "6' 0\"",
    "age": "230 lbs",
    "college": "R",
    "playerId": "4601080",
    "profileUrl": "https://www.espn.com/nfl/player/_/id/4601080/raheim-sanders",
    "headshot": "https://a.espncdn.com/combiner/i?img=/i/headshots/college-football/players/full/4601080.png",
    "birthdate": null,
    "birthplace": "BirthplaceRockledge, FL",
    "experience": "ExperienceRookie",
    "draftInfo": null
  },
  {
    "team": "LAC",
    "number": "",
    "name": "Kimani Vidal30",
    "position": "RB",
    "height": "23",
    "weight": "5' 8\"",
    "age": "215 lbs",
    "college": "R",
    "playerId": "4430968",
    "profileUrl": "https://www.espn.com/nfl/player/_/id/4430968/kimani-vidal",
    "headshot": "https://a.espncdn.com/combiner/i?img=/i/headshots/nfl/players/full/4430968.png",
    "birthdate": "Birthdate8/28/2001 (23)",
    "birthplace": null,
    "experience": null,
    "draftInfo": "Draft Info2024: Rd 6, Pk 181 (LAC)"
  },
  {
    "team": "LAC",
    "number": "",
    "name": "Dalevon Campbell",
    "position": "WR",
    "height": "--",
    "weight": "6' 4\"",
    "age": "220 lbs",
    "college": "R",
    "playerId": "4569372",
    "profileUrl": "https://www.espn.com/nfl/player/_/id/4569372/dalevon-campbell",
    "headshot": "https://a.espncdn.com/combiner/i?img=/i/headshots/college-football/players/full/4569372.png",
    "birthdate": null,
    "birthplace": "BirthplaceMissouri City, TX",
    "experience": "ExperienceRookie",
    "draftInfo": null
  },
  {
    "team": "LAC",
    "number": "",
    "name": "Derius Davis12",
    "position": "WR",
    "height": "24",
    "weight": "5' 8\"",
    "age": "165 lbs",
    "college": "2",
    "playerId": "4362477",
    "profileUrl": "https://www.espn.com/nfl/player/_/id/4362477/derius-davis",
    "headshot": "https://a.espncdn.com/combiner/i?img=/i/headshots/nfl/players/full/4362477.png",
    "birthdate": "Birthdate9/11/2000 (24)",
    "birthplace": null,
    "experience": null,
    "draftInfo": "Draft Info2023: Rd 4, Pk 125 (LAC)"
  },
  {
    "team": "LAC",
    "number": "",
    "name": "Dez Fitzpatrick82",
    "position": "WR",
    "height": "27",
    "weight": "6' 2\"",
    "age": "208 lbs",
    "college": "2",
    "playerId": "4036026",
    "profileUrl": "https://www.espn.com/nfl/player/_/id/4036026/dez-fitzpatrick",
    "headshot": "https://a.espncdn.com/combiner/i?img=/i/headshots/nfl/players/full/4036026.png",
    "birthdate": "Birthdate12/17/1997 (27)",
    "birthplace": null,
    "experience": null,
    "draftInfo": "Draft Info2021: Rd 4, Pk 109 (TEN)"
  },
  {
    "team": "LAC",
    "number": "",
    "name": "Luke Grimm",
    "position": "WR",
    "height": "23",
    "weight": "6' 0\"",
    "age": "190 lbs",
    "college": "R",
    "playerId": "4433830",
    "profileUrl": "https://www.espn.com/nfl/player/_/id/4433830/luke-grimm",
    "headshot": "https://a.espncdn.com/combiner/i?img=/i/headshots/college-football/players/full/4433830.png",
    "birthdate": "Birthdate8/8/2001 (23)",
    "birthplace": null,
    "experience": "ExperienceRookie",
    "draftInfo": null
  },
  {
    "team": "LAC",
    "number": "",
    "name": "Tre Harris",
    "position": "WR",
    "height": "23",
    "weight": "6' 3\"",
    "age": "210 lbs",
    "college": "R",
    "playerId": "4686612",
    "profileUrl": "https://www.espn.com/nfl/player/_/id/4686612/tre-harris",
    "headshot": "https://a.espncdn.com/combiner/i?img=/i/headshots/nfl/players/full/4686612.png",
    "birthdate": "Birthdate2/28/2002 (23)",
    "birthplace": null,
    "experience": null,
    "draftInfo": "Draft Info2025: Rd 2, Pk 55 (LAC)"
  },
  {
    "team": "LAC",
    "number": "",
    "name": "Jaylen Johnson39",
    "position": "WR",
    "height": "24",
    "weight": "6' 2\"",
    "age": "194 lbs",
    "college": "R",
    "playerId": "4379405",
    "profileUrl": "https://www.espn.com/nfl/player/_/id/4379405/jaylen-johnson",
    "headshot": "https://a.espncdn.com/combiner/i?img=/i/headshots/nfl/players/full/4379405.png",
    "birthdate": "Birthdate5/26/2000 (24)",
    "birthplace": null,
    "experience": "ExperienceRookie",
    "draftInfo": null
  },
  {
    "team": "LAC",
    "number": "",
    "name": "Quentin Johnston1",
    "position": "WR",
    "height": "23",
    "weight": "6' 4\"",
    "age": "215 lbs",
    "college": "2",
    "playerId": "4429025",
    "profileUrl": "https://www.espn.com/nfl/player/_/id/4429025/quentin-johnston",
    "headshot": "https://a.espncdn.com/combiner/i?img=/i/headshots/nfl/players/full/4429025.png",
    "birthdate": "Birthdate9/6/2001 (23)",
    "birthplace": null,
    "experience": null,
    "draftInfo": "Draft Info2023: Rd 1, Pk 21 (LAC)"
  },
  {
    "team": "LAC",
    "number": "",
    "name": "KeAndre Lambert-Smith",
    "position": "WR",
    "height": "22",
    "weight": "6' 1\"",
    "age": "182 lbs",
    "college": "R",
    "playerId": "4430870",
    "profileUrl": "https://www.espn.com/nfl/player/_/id/4430870/keandre-lambert-smith",
    "headshot": "https://a.espncdn.com/combiner/i?img=/i/headshots/nfl/players/full/4430870.png",
    "birthdate": "Birthdate7/29/2002 (22)",
    "birthplace": null,
    "experience": null,
    "draftInfo": "Draft Info2025: Rd 5, Pk 158 (LAC)"
  },
  {
    "team": "LAC",
    "number": "",
    "name": "Ladd McConkey15",
    "position": "WR",
    "height": "23",
    "weight": "6' 0\"",
    "age": "185 lbs",
    "college": "R",
    "playerId": "4612826",
    "profileUrl": "https://www.espn.com/nfl/player/_/id/4612826/ladd-mcconkey",
    "headshot": "https://a.espncdn.com/combiner/i?img=/i/headshots/nfl/players/full/4612826.png",
    "birthdate": "Birthdate11/11/2001 (23)",
    "birthplace": null,
    "experience": null,
    "draftInfo": "Draft Info2024: Rd 2, Pk 34 (LAC)"
  },
  {
    "team": "LAC",
    "number": "",
    "name": "Jalen Reagor89",
    "position": "WR",
    "height": "26",
    "weight": "5' 11\"",
    "age": "197 lbs",
    "college": "5",
    "playerId": "4241802",
    "profileUrl": "https://www.espn.com/nfl/player/_/id/4241802/jalen-reagor",
    "headshot": "https://a.espncdn.com/combiner/i?img=/i/headshots/nfl/players/full/4241802.png",
    "birthdate": "Birthdate1/1/1999 (26)",
    "birthplace": null,
    "experience": null,
    "draftInfo": "Draft Info2020: Rd 1, Pk 21 (PHI)"
  },
  {
    "team": "LAC",
    "number": "",
    "name": "Brenden Rice82",
    "position": "WR",
    "height": "23",
    "weight": "6' 3\"",
    "age": "210 lbs",
    "college": "R",
    "playerId": "4686781",
    "profileUrl": "https://www.espn.com/nfl/player/_/id/4686781/brenden-rice",
    "headshot": "https://a.espncdn.com/combiner/i?img=/i/headshots/nfl/players/full/4686781.png",
    "birthdate": "Birthdate3/18/2002 (23)",
    "birthplace": null,
    "experience": null,
    "draftInfo": "Draft Info2024: Rd 7, Pk 225 (LAC)"
  },
  {
    "team": "LAC",
    "number": "",
    "name": "Mike Williams",
    "position": "WR",
    "height": "30",
    "weight": "6' 3\"",
    "age": "220 lbs",
    "college": "8",
    "playerId": "3045138",
    "profileUrl": "https://www.espn.com/nfl/player/_/id/3045138/mike-williams",
    "headshot": "https://a.espncdn.com/combiner/i?img=/i/headshots/nfl/players/full/3045138.png",
    "birthdate": "Birthdate10/4/1994 (30)",
    "birthplace": null,
    "experience": null,
    "draftInfo": "Draft Info2017: Rd 1, Pk 7 (LAC)"
  },
  {
    "team": "LAC",
    "number": "",
    "name": "McCallan Castles46",
    "position": "TE",
    "height": "25",
    "weight": "6' 4\"",
    "age": "250 lbs",
    "college": "R",
    "playerId": "4372741",
    "profileUrl": "https://www.espn.com/nfl/player/_/id/4372741/mccallan-castles",
    "headshot": "https://a.espncdn.com/combiner/i?img=/i/headshots/nfl/players/full/4372741.png",
    "birthdate": "Birthdate12/3/1999 (25)",
    "birthplace": null,
    "experience": "ExperienceRookie",
    "draftInfo": null
  },
  {
    "team": "LAC",
    "number": "",
    "name": "Tyler Conklin",
    "position": "TE",
    "height": "29",
    "weight": "6' 3\"",
    "age": "248 lbs",
    "college": "8",
    "playerId": "3915486",
    "profileUrl": "https://www.espn.com/nfl/player/_/id/3915486/tyler-conklin",
    "headshot": "https://a.espncdn.com/combiner/i?img=/i/headshots/nfl/players/full/3915486.png",
    "birthdate": "Birthdate7/30/1995 (29)",
    "birthplace": null,
    "experience": null,
    "draftInfo": "Draft Info2018: Rd 5, Pk 157 (MIN)"
  },
  {
    "team": "LAC",
    "number": "",
    "name": "Will Dissly81",
    "position": "TE",
    "height": "28",
    "weight": "6' 4\"",
    "age": "265 lbs",
    "college": "7",
    "playerId": "3127292",
    "profileUrl": "https://www.espn.com/nfl/player/_/id/3127292/will-dissly",
    "headshot": "https://a.espncdn.com/combiner/i?img=/i/headshots/nfl/players/full/3127292.png",
    "birthdate": "Birthdate7/8/1996 (28)",
    "birthplace": null,
    "experience": null,
    "draftInfo": "Draft Info2018: Rd 4, Pk 120 (SEA)"
  },
  {
    "team": "LAC",
    "number": "",
    "name": "Tucker Fisk42",
    "position": "TE",
    "height": "26",
    "weight": "6' 4\"",
    "age": "285 lbs",
    "college": "1",
    "playerId": "4242558",
    "profileUrl": "https://www.espn.com/nfl/player/_/id/4242558/tucker-fisk",
    "headshot": "https://a.espncdn.com/combiner/i?img=/i/headshots/nfl/players/full/4242558.png",
    "birthdate": "Birthdate1/19/1999 (26)",
    "birthplace": null,
    "experience": "Experience1st Season",
    "draftInfo": null
  },
  {
    "team": "LAC",
    "number": "",
    "name": "Oronde Gadsden II",
    "position": "TE",
    "height": "21",
    "weight": "6' 5\"",
    "age": "236 lbs",
    "college": "R",
    "playerId": "4595342",
    "profileUrl": "https://www.espn.com/nfl/player/_/id/4595342/oronde-gadsden-ii",
    "headshot": "https://a.espncdn.com/combiner/i?img=/i/headshots/nfl/players/full/4595342.png",
    "birthdate": "Birthdate6/25/2003 (21)",
    "birthplace": null,
    "experience": null,
    "draftInfo": "Draft Info2025: Rd 5, Pk 165 (LAC)"
  },
  {
    "team": "LAC",
    "number": "",
    "name": "Stevo Klotz",
    "position": "TE",
    "height": "--",
    "weight": "6' 4\"",
    "age": "260 lbs",
    "college": "R",
    "playerId": "4686438",
    "profileUrl": "https://www.espn.com/nfl/player/_/id/4686438/stevo-klotz",
    "headshot": "https://a.espncdn.com/combiner/i?img=/i/headshots/college-football/players/full/4686438.png",
    "birthdate": null,
    "birthplace": "BirthplaceChaska, MN",
    "experience": "ExperienceRookie",
    "draftInfo": null
  },
  {
    "team": "LAC",
    "number": "",
    "name": "Jordan Petaia",
    "position": "TE",
    "height": "--",
    "weight": "6' 3\"",
    "age": "226 lbs",
    "college": "R",
    "playerId": "5278091",
    "profileUrl": "https://www.espn.com/nfl/player/_/id/5278091/jordan-petaia",
    "headshot": "https://a.espncdn.com/combiner/i?img=/i/teamlogos/nfl/500/lac.png",
    "birthdate": null,
    "birthplace": "BirthplaceWerribee, SA",
    "experience": "ExperienceRookie",
    "draftInfo": null
  },
  {
    "team": "LAC",
    "number": "",
    "name": "Bradley Bozeman75",
    "position": "C",
    "height": "30",
    "weight": "6' 3\"",
    "age": "317 lbs",
    "college": "7",
    "playerId": "3054842",
    "profileUrl": "https://www.espn.com/nfl/player/_/id/3054842/bradley-bozeman",
    "headshot": "https://a.espncdn.com/combiner/i?img=/i/headshots/nfl/players/full/3054842.png",
    "birthdate": "Birthdate11/24/1994 (30)",
    "birthplace": null,
    "experience": null,
    "draftInfo": "Draft Info2018: Rd 6, Pk 215 (BAL)"
  },
  {
    "team": "LAC",
    "number": "",
    "name": "Andre James",
    "position": "C",
    "height": "28",
    "weight": "6' 4\"",
    "age": "300 lbs",
    "college": "7",
    "playerId": "3932244",
    "profileUrl": "https://www.espn.com/nfl/player/_/id/3932244/andre-james",
    "headshot": "https://a.espncdn.com/combiner/i?img=/i/headshots/nfl/players/full/3932244.png",
    "birthdate": "Birthdate5/2/1997 (28)",
    "birthplace": null,
    "experience": "Experience7th Season",
    "draftInfo": null
  },
  {
    "team": "LAC",
    "number": "",
    "name": "Josh Kaltenberger",
    "position": "C",
    "height": "--",
    "weight": "6' 6\"",
    "age": "308 lbs",
    "college": "R",
    "playerId": "4430114",
    "profileUrl": "https://www.espn.com/nfl/player/_/id/4430114/josh-kaltenberger",
    "headshot": "https://a.espncdn.com/combiner/i?img=/i/headshots/college-football/players/full/4430114.png",
    "birthdate": null,
    "birthplace": "BirthplacePittsburgh, PA",
    "experience": "ExperienceRookie",
    "draftInfo": null
  },
  {
    "team": "LAC",
    "number": "",
    "name": "Karsen Barnhart61",
    "position": "G",
    "height": "24",
    "weight": "6' 5\"",
    "age": "316 lbs",
    "college": "R",
    "playerId": "4426638",
    "profileUrl": "https://www.espn.com/nfl/player/_/id/4426638/karsen-barnhart",
    "headshot": "https://a.espncdn.com/combiner/i?img=/i/headshots/nfl/players/full/4426638.png",
    "birthdate": "Birthdate3/2/2001 (24)",
    "birthplace": null,
    "experience": "ExperienceRookie",
    "draftInfo": null
  },
  {
    "team": "LAC",
    "number": "",
    "name": "Zion Johnson77",
    "position": "G",
    "height": "25",
    "weight": "6' 3\"",
    "age": "316 lbs",
    "college": "3",
    "playerId": "4247347",
    "profileUrl": "https://www.espn.com/nfl/player/_/id/4247347/zion-johnson",
    "headshot": "https://a.espncdn.com/combiner/i?img=/i/headshots/nfl/players/full/4247347.png",
    "birthdate": "Birthdate11/18/1999 (25)",
    "birthplace": null,
    "experience": null,
    "draftInfo": "Draft Info2022: Rd 1, Pk 17 (LAC)"
  },
  {
    "team": "LAC",
    "number": "",
    "name": "Nash Jones",
    "position": "G",
    "height": "--",
    "weight": "6' 5\"",
    "age": "320 lbs",
    "college": "R",
    "playerId": "4688371",
    "profileUrl": "https://www.espn.com/nfl/player/_/id/4688371/nash-jones",
    "headshot": "https://a.espncdn.com/combiner/i?img=/i/headshots/college-football/players/full/4688371.png",
    "birthdate": null,
    "birthplace": "BirthplaceNacogdoches, TX",
    "experience": "ExperienceRookie",
    "draftInfo": null
  },
  {
    "team": "LAC",
    "number": "",
    "name": "Jamaree Salyer68",
    "position": "G",
    "height": "24",
    "weight": "6' 4\"",
    "age": "325 lbs",
    "college": "3",
    "playerId": "4379412",
    "profileUrl": "https://www.espn.com/nfl/player/_/id/4379412/jamaree-salyer",
    "headshot": "https://a.espncdn.com/combiner/i?img=/i/headshots/nfl/players/full/4379412.png",
    "birthdate": "Birthdate7/13/2000 (24)",
    "birthplace": null,
    "experience": null,
    "draftInfo": "Draft Info2022: Rd 6, Pk 195 (LAC)"
  },
  {
    "team": "LAC",
    "number": "",
    "name": "Joe Alt76",
    "position": "OT",
    "height": "22",
    "weight": "6' 8\"",
    "age": "322 lbs",
    "college": "R",
    "playerId": "4683487",
    "profileUrl": "https://www.espn.com/nfl/player/_/id/4683487/joe-alt",
    "headshot": "https://a.espncdn.com/combiner/i?img=/i/headshots/nfl/players/full/4683487.png",
    "birthdate": "Birthdate2/28/2003 (22)",
    "birthplace": null,
    "experience": null,
    "draftInfo": "Draft Info2024: Rd 1, Pk 5 (LAC)"
  },
  {
    "team": "LAC",
    "number": "",
    "name": "Mekhi Becton",
    "position": "OT",
    "height": "26",
    "weight": "6' 7\"",
    "age": "363 lbs",
    "college": "5",
    "playerId": "4240090",
    "profileUrl": "https://www.espn.com/nfl/player/_/id/4240090/mekhi-becton",
    "headshot": "https://a.espncdn.com/combiner/i?img=/i/headshots/nfl/players/full/4240090.png",
    "birthdate": "Birthdate4/18/1999 (26)",
    "birthplace": null,
    "experience": null,
    "draftInfo": "Draft Info2020: Rd 1, Pk 11 (NYJ)"
  },
  {
    "team": "LAC",
    "number": "",
    "name": "Tyler McLellan74",
    "position": "OT",
    "height": "25",
    "weight": "6' 8\"",
    "age": "355 lbs",
    "college": "R",
    "playerId": "4247248",
    "profileUrl": "https://www.espn.com/nfl/player/_/id/4247248/tyler-mclellan",
    "headshot": "https://a.espncdn.com/combiner/i?img=/i/headshots/nfl/players/full/4247248.png",
    "birthdate": "Birthdate7/21/1999 (25)",
    "birthplace": null,
    "experience": "ExperienceRookie",
    "draftInfo": null
  },
  {
    "team": "LAC",
    "number": "",
    "name": "Trey Pipkins III79",
    "position": "OT",
    "height": "28",
    "weight": "6' 6\"",
    "age": "307 lbs",
    "college": "6",
    "playerId": "4411189",
    "profileUrl": "https://www.espn.com/nfl/player/_/id/4411189/trey-pipkins-iii",
    "headshot": "https://a.espncdn.com/combiner/i?img=/i/headshots/nfl/players/full/4411189.png",
    "birthdate": "Birthdate9/5/1996 (28)",
    "birthplace": null,
    "experience": null,
    "draftInfo": "Draft Info2019: Rd 3, Pk 91 (LAC)"
  },
  {
    "team": "LAC",
    "number": "",
    "name": "Rashawn Slater70",
    "position": "OT",
    "height": "26",
    "weight": "6' 4\"",
    "age": "315 lbs",
    "college": "4",
    "playerId": "4242283",
    "profileUrl": "https://www.espn.com/nfl/player/_/id/4242283/rashawn-slater",
    "headshot": "https://a.espncdn.com/combiner/i?img=/i/headshots/nfl/players/full/4242283.png",
    "birthdate": "Birthdate3/26/1999 (26)",
    "birthplace": null,
    "experience": null,
    "draftInfo": "Draft Info2021: Rd 1, Pk 13 (LAC)"
  },
  {
    "team": "LAC",
    "number": "",
    "name": "Corey Stewart",
    "position": "OT",
    "height": "--",
    "weight": "6' 6\"",
    "age": "318 lbs",
    "college": "R",
    "playerId": "4606672",
    "profileUrl": "https://www.espn.com/nfl/player/_/id/4606672/corey-stewart",
    "headshot": "https://a.espncdn.com/combiner/i?img=/i/headshots/college-football/players/full/4606672.png",
    "birthdate": null,
    "birthplace": "BirthplaceNashville, TN",
    "experience": "ExperienceRookie",
    "draftInfo": null
  },
  {
    "team": "LAC",
    "number": "",
    "name": "Branson Taylor",
    "position": "OT",
    "height": "23",
    "weight": "6' 6\"",
    "age": "330 lbs",
    "college": "R",
    "playerId": "4433914",
    "profileUrl": "https://www.espn.com/nfl/player/_/id/4433914/branson-taylor",
    "headshot": "https://a.espncdn.com/combiner/i?img=/i/headshots/nfl/players/full/4433914.png",
    "birthdate": "Birthdate2/13/2002 (23)",
    "birthplace": null,
    "experience": null,
    "draftInfo": "Draft Info2025: Rd 6, Pk 199 (LAC)"
  },
  {
    "team": "LAC",
    "number": "",
    "name": "Savion Washington",
    "position": "OT",
    "height": "--",
    "weight": "6' 8\"",
    "age": "340 lbs",
    "college": "R",
    "playerId": "4565320",
    "profileUrl": "https://www.espn.com/nfl/player/_/id/4565320/savion-washington",
    "headshot": "https://a.espncdn.com/combiner/i?img=/i/headshots/college-football/players/full/4565320.png",
    "birthdate": null,
    "birthplace": "BirthplaceAkron, OH",
    "experience": "ExperienceRookie",
    "draftInfo": null
  },
  {
    "team": "LAC",
    "number": "",
    "name": "Kyle Kennard",
    "position": "DE",
    "height": "23",
    "weight": "6' 5\"",
    "age": "254 lbs",
    "college": "R",
    "playerId": "4432333",
    "profileUrl": "https://www.espn.com/nfl/player/_/id/4432333/kyle-kennard",
    "headshot": "https://a.espncdn.com/combiner/i?img=/i/headshots/nfl/players/full/4432333.png",
    "birthdate": "Birthdate12/12/2001 (23)",
    "birthplace": null,
    "experience": null,
    "draftInfo": "Draft Info2025: Rd 4, Pk 125 (LAC)"
  },
  {
    "team": "LAC",
    "number": "",
    "name": "Jamaree Caldwell",
    "position": "DT",
    "height": "24",
    "weight": "6' 1\"",
    "age": "340 lbs",
    "college": "R",
    "playerId": "5089178",
    "profileUrl": "https://www.espn.com/nfl/player/_/id/5089178/jamaree-caldwell",
    "headshot": "https://a.espncdn.com/combiner/i?img=/i/headshots/nfl/players/full/5089178.png",
    "birthdate": "Birthdate8/30/2000 (24)",
    "birthplace": null,
    "experience": null,
    "draftInfo": "Draft Info2025: Rd 3, Pk 86 (LAC)"
  },
  {
    "team": "LAC",
    "number": "",
    "name": "Justin Eboigbe92",
    "position": "DT",
    "height": "24",
    "weight": "6' 5\"",
    "age": "292 lbs",
    "college": "R",
    "playerId": "4567138",
    "profileUrl": "https://www.espn.com/nfl/player/_/id/4567138/justin-eboigbe",
    "headshot": "https://a.espncdn.com/combiner/i?img=/i/headshots/nfl/players/full/4567138.png",
    "birthdate": "Birthdate4/9/2001 (24)",
    "birthplace": null,
    "experience": null,
    "draftInfo": "Draft Info2024: Rd 4, Pk 105 (LAC)"
  },
  {
    "team": "LAC",
    "number": "",
    "name": "TeRah Edwards",
    "position": "DT",
    "height": "--",
    "weight": "6' 2\"",
    "age": "305 lbs",
    "college": "R",
    "playerId": "4431077",
    "profileUrl": "https://www.espn.com/nfl/player/_/id/4431077/terah-edwards",
    "headshot": "https://a.espncdn.com/combiner/i?img=/i/headshots/college-football/players/full/4431077.png",
    "birthdate": null,
    "birthplace": "BirthplaceGroveport, OH",
    "experience": "ExperienceRookie",
    "draftInfo": null
  },
  {
    "team": "LAC",
    "number": "",
    "name": "Josh Fuga",
    "position": "DT",
    "height": "--",
    "weight": "6' 2\"",
    "age": "313 lbs",
    "college": "R",
    "playerId": "4427234",
    "profileUrl": "https://www.espn.com/nfl/player/_/id/4427234/josh-fuga",
    "headshot": "https://a.espncdn.com/combiner/i?img=/i/headshots/college-football/players/full/4427234.png",
    "birthdate": null,
    "birthplace": "BirthplaceWoodbridge, VA",
    "experience": "ExperienceRookie",
    "draftInfo": null
  },
  {
    "team": "LAC",
    "number": "",
    "name": "Da'Shawn Hand",
    "position": "DT",
    "height": "29",
    "weight": "6' 3\"",
    "age": "297 lbs",
    "college": "7",
    "playerId": "3126352",
    "profileUrl": "https://www.espn.com/nfl/player/_/id/3126352/dashawn-hand",
    "headshot": "https://a.espncdn.com/combiner/i?img=/i/headshots/nfl/players/full/3126352.png",
    "birthdate": "Birthdate11/14/1995 (29)",
    "birthplace": null,
    "experience": null,
    "draftInfo": "Draft Info2018: Rd 4, Pk 114 (DET)"
  },
  {
    "team": "LAC",
    "number": "",
    "name": "Christopher Hinton91",
    "position": "DT",
    "height": "24",
    "weight": "6' 4\"",
    "age": "310 lbs",
    "college": "2",
    "playerId": "4426583",
    "profileUrl": "https://www.espn.com/nfl/player/_/id/4426583/christopher-hinton",
    "headshot": "https://a.espncdn.com/combiner/i?img=/i/headshots/nfl/players/full/4426583.png",
    "birthdate": "Birthdate9/14/2000 (24)",
    "birthplace": null,
    "experience": "Experience2nd Season",
    "draftInfo": null
  },
  {
    "team": "LAC",
    "number": "",
    "name": "Naquan Jones96",
    "position": "DT",
    "height": "27",
    "weight": "6' 3\"",
    "age": "313 lbs",
    "college": "4",
    "playerId": "4046716",
    "profileUrl": "https://www.espn.com/nfl/player/_/id/4046716/naquan-jones",
    "headshot": "https://a.espncdn.com/combiner/i?img=/i/headshots/nfl/players/full/4046716.png",
    "birthdate": "Birthdate2/5/1998 (27)",
    "birthplace": null,
    "experience": "Experience4th Season",
    "draftInfo": null
  },
  {
    "team": "LAC",
    "number": "",
    "name": "Scott Matlock44",
    "position": "DT",
    "height": "24",
    "weight": "6' 4\"",
    "age": "296 lbs",
    "college": "2",
    "playerId": "4373684",
    "profileUrl": "https://www.espn.com/nfl/player/_/id/4373684/scott-matlock",
    "headshot": "https://a.espncdn.com/combiner/i?img=/i/headshots/nfl/players/full/4373684.png",
    "birthdate": "Birthdate6/28/2000 (24)",
    "birthplace": null,
    "experience": null,
    "draftInfo": "Draft Info2023: Rd 6, Pk 200 (LAC)"
  },
  {
    "team": "LAC",
    "number": "",
    "name": "Otito Ogbonnia93",
    "position": "DT",
    "height": "24",
    "weight": "6' 4\"",
    "age": "320 lbs",
    "college": "3",
    "playerId": "4367210",
    "profileUrl": "https://www.espn.com/nfl/player/_/id/4367210/otito-ogbonnia",
    "headshot": "https://a.espncdn.com/combiner/i?img=/i/headshots/nfl/players/full/4367210.png",
    "birthdate": "Birthdate8/25/2000 (24)",
    "birthplace": null,
    "experience": null,
    "draftInfo": "Draft Info2022: Rd 5, Pk 160 (LAC)"
  },
  {
    "team": "LAC",
    "number": "",
    "name": "Teair Tart90",
    "position": "DT",
    "height": "28",
    "weight": "6' 2\"",
    "age": "304 lbs",
    "college": "5",
    "playerId": "4374269",
    "profileUrl": "https://www.espn.com/nfl/player/_/id/4374269/teair-tart",
    "headshot": "https://a.espncdn.com/combiner/i?img=/i/headshots/nfl/players/full/4374269.png",
    "birthdate": "Birthdate2/28/1997 (28)",
    "birthplace": null,
    "experience": "Experience5th Season",
    "draftInfo": null
  },
  {
    "team": "LAC",
    "number": "",
    "name": "Junior Colson25",
    "position": "LB",
    "height": "22",
    "weight": "6' 3\"",
    "age": "247 lbs",
    "college": "R",
    "playerId": "4431212",
    "profileUrl": "https://www.espn.com/nfl/player/_/id/4431212/junior-colson",
    "headshot": "https://a.espncdn.com/combiner/i?img=/i/headshots/nfl/players/full/4431212.png",
    "birthdate": "Birthdate12/6/2002 (22)",
    "birthplace": null,
    "experience": null,
    "draftInfo": "Draft Info2024: Rd 3, Pk 69 (LAC)"
  },
  {
    "team": "LAC",
    "number": "",
    "name": "Bud Dupree48",
    "position": "LB",
    "height": "32",
    "weight": "6' 4\"",
    "age": "269 lbs",
    "college": "10",
    "playerId": "2576702",
    "profileUrl": "https://www.espn.com/nfl/player/_/id/2576702/bud-dupree",
    "headshot": "https://a.espncdn.com/combiner/i?img=/i/headshots/nfl/players/full/2576702.png",
    "birthdate": "Birthdate2/12/1993 (32)",
    "birthplace": null,
    "experience": null,
    "draftInfo": "Draft Info2015: Rd 1, Pk 22 (PIT)"
  },
  {
    "team": "LAC",
    "number": "",
    "name": "Troy Dye43",
    "position": "LB",
    "height": "28",
    "weight": "6' 3\"",
    "age": "231 lbs",
    "college": "5",
    "playerId": "4038946",
    "profileUrl": "https://www.espn.com/nfl/player/_/id/4038946/troy-dye",
    "headshot": "https://a.espncdn.com/combiner/i?img=/i/headshots/nfl/players/full/4038946.png",
    "birthdate": "Birthdate9/18/1996 (28)",
    "birthplace": null,
    "experience": null,
    "draftInfo": "Draft Info2020: Rd 4, Pk 132 (MIN)"
  },
  {
    "team": "LAC",
    "number": "",
    "name": "Kylan Guidry",
    "position": "LB",
    "height": "--",
    "weight": "6' 4\"",
    "age": "240 lbs",
    "college": "R",
    "playerId": "5082390",
    "profileUrl": "https://www.espn.com/nfl/player/_/id/5082390/kylan-guidry",
    "headshot": "https://a.espncdn.com/combiner/i?img=/i/headshots/college-football/players/full/5082390.png",
    "birthdate": null,
    "birthplace": "BirthplaceOpelousas, LA",
    "experience": "ExperienceRookie",
    "draftInfo": null
  },
  {
    "team": "LAC",
    "number": "",
    "name": "Daiyan Henley0",
    "position": "LB",
    "height": "25",
    "weight": "6' 1\"",
    "age": "225 lbs",
    "college": "2",
    "playerId": "4241597",
    "profileUrl": "https://www.espn.com/nfl/player/_/id/4241597/daiyan-henley",
    "headshot": "https://a.espncdn.com/combiner/i?img=/i/headshots/nfl/players/full/4241597.png",
    "birthdate": "Birthdate11/18/1999 (25)",
    "birthplace": null,
    "experience": null,
    "draftInfo": "Draft Info2023: Rd 3, Pk 85 (LAC)"
  },
  {
    "team": "LAC",
    "number": "",
    "name": "Khalil Mack52",
    "position": "LB",
    "height": "34",
    "weight": "6' 3\"",
    "age": "269 lbs",
    "college": "11",
    "playerId": "16710",
    "profileUrl": "https://www.espn.com/nfl/player/_/id/16710/khalil-mack",
    "headshot": "https://a.espncdn.com/combiner/i?img=/i/headshots/nfl/players/full/16710.png",
    "birthdate": "Birthdate2/22/1991 (34)",
    "birthplace": null,
    "experience": null,
    "draftInfo": "Draft Info2014: Rd 1, Pk 5 (OAK)"
  },
  {
    "team": "LAC",
    "number": "",
    "name": "Kana'i Mauga",
    "position": "LB",
    "height": "25",
    "weight": "6' 2\"",
    "age": "245 lbs",
    "college": "3",
    "playerId": "4360855",
    "profileUrl": "https://www.espn.com/nfl/player/_/id/4360855/kanai-mauga",
    "headshot": "https://a.espncdn.com/combiner/i?img=/i/headshots/nfl/players/full/4360855.png",
    "birthdate": "Birthdate1/8/2000 (25)",
    "birthplace": null,
    "experience": "Experience3rd Season",
    "draftInfo": null
  },
  {
    "team": "LAC",
    "number": "",
    "name": "Tre'Mon Morris-Brash57",
    "position": "LB",
    "height": "24",
    "weight": "6' 2\"",
    "age": "245 lbs",
    "college": "R",
    "playerId": "4428058",
    "profileUrl": "https://www.espn.com/nfl/player/_/id/4428058/tremon-morris-brash",
    "headshot": "https://a.espncdn.com/combiner/i?img=/i/headshots/nfl/players/full/4428058.png",
    "birthdate": "Birthdate9/29/2000 (24)",
    "birthplace": null,
    "experience": "ExperienceRookie",
    "draftInfo": null
  },
  {
    "team": "LAC",
    "number": "",
    "name": "Caleb Murphy50",
    "position": "LB",
    "height": "25",
    "weight": "6' 3\"",
    "age": "254 lbs",
    "college": "2",
    "playerId": "4911489",
    "profileUrl": "https://www.espn.com/nfl/player/_/id/4911489/caleb-murphy",
    "headshot": "https://a.espncdn.com/combiner/i?img=/i/headshots/nfl/players/full/4911489.png",
    "birthdate": "Birthdate12/15/1999 (25)",
    "birthplace": null,
    "experience": "Experience2nd Season",
    "draftInfo": null
  },
  {
    "team": "LAC",
    "number": "",
    "name": "Denzel Perryman6",
    "position": "LB",
    "height": "32",
    "weight": "5' 11\"",
    "age": "240 lbs",
    "college": "10",
    "playerId": "2579621",
    "profileUrl": "https://www.espn.com/nfl/player/_/id/2579621/denzel-perryman",
    "headshot": "https://a.espncdn.com/combiner/i?img=/i/headshots/nfl/players/full/2579621.png",
    "birthdate": "Birthdate12/5/1992 (32)",
    "birthplace": null,
    "experience": null,
    "draftInfo": "Draft Info2015: Rd 2, Pk 48 (SD)"
  },
  {
    "team": "LAC",
    "number": "",
    "name": "Del'Shawn Phillips",
    "position": "LB",
    "height": "28",
    "weight": "6' 2\"",
    "age": "230 lbs",
    "college": "5",
    "playerId": "4240528",
    "profileUrl": "https://www.espn.com/nfl/player/_/id/4240528/delshawn-phillips",
    "headshot": "https://a.espncdn.com/combiner/i?img=/i/headshots/nfl/players/full/4240528.png",
    "birthdate": "Birthdate10/9/1996 (28)",
    "birthplace": null,
    "experience": "Experience5th Season",
    "draftInfo": null
  },
  {
    "team": "LAC",
    "number": "",
    "name": "Garmon Randolph",
    "position": "LB",
    "height": "--",
    "weight": "6' 8\"",
    "age": "260 lbs",
    "college": "R",
    "playerId": "4428304",
    "profileUrl": "https://www.espn.com/nfl/player/_/id/4428304/garmon-randolph",
    "headshot": "https://a.espncdn.com/combiner/i?img=/i/headshots/college-football/players/full/4428304.png",
    "birthdate": null,
    "birthplace": "BirthplaceJefferson, GA",
    "experience": "ExperienceRookie",
    "draftInfo": null
  },
  {
    "team": "LAC",
    "number": "",
    "name": "Tuli Tuipulotu45",
    "position": "LB",
    "height": "22",
    "weight": "6' 3\"",
    "age": "266 lbs",
    "college": "2",
    "playerId": "4431442",
    "profileUrl": "https://www.espn.com/nfl/player/_/id/4431442/tuli-tuipulotu",
    "headshot": "https://a.espncdn.com/combiner/i?img=/i/headshots/nfl/players/full/4431442.png",
    "birthdate": "Birthdate9/3/2002 (22)",
    "birthplace": null,
    "experience": null,
    "draftInfo": "Draft Info2023: Rd 2, Pk 54 (LAC)"
  },
  {
    "team": "LAC",
    "number": "",
    "name": "Marlowe Wax",
    "position": "LB",
    "height": "22",
    "weight": "6' 1\"",
    "age": "236 lbs",
    "college": "R",
    "playerId": "4431467",
    "profileUrl": "https://www.espn.com/nfl/player/_/id/4431467/marlowe-wax",
    "headshot": "https://a.espncdn.com/combiner/i?img=/i/headshots/college-football/players/full/4431467.png",
    "birthdate": "Birthdate12/13/2002 (22)",
    "birthplace": null,
    "experience": "ExperienceRookie",
    "draftInfo": null
  },
  {
    "team": "LAC",
    "number": "",
    "name": "Cam Hart20",
    "position": "CB",
    "height": "25",
    "weight": "6' 2\"",
    "age": "207 lbs",
    "college": "R",
    "playerId": "4427404",
    "profileUrl": "https://www.espn.com/nfl/player/_/id/4427404/cam-hart",
    "headshot": "https://a.espncdn.com/combiner/i?img=/i/headshots/nfl/players/full/4427404.png",
    "birthdate": "Birthdate5/5/2000 (25)",
    "birthplace": null,
    "experience": null,
    "draftInfo": "Draft Info2024: Rd 5, Pk 140 (LAC)"
  },
  {
    "team": "LAC",
    "number": "",
    "name": "Donte Jackson",
    "position": "CB",
    "height": "29",
    "weight": "5' 10\"",
    "age": "180 lbs",
    "college": "6",
    "playerId": "3843769",
    "profileUrl": "https://www.espn.com/nfl/player/_/id/3843769/donte-jackson",
    "headshot": "https://a.espncdn.com/combiner/i?img=/i/headshots/nfl/players/full/3843769.png",
    "birthdate": "Birthdate11/8/1995 (29)",
    "birthplace": null,
    "experience": null,
    "draftInfo": "Draft Info2018: Rd 2, Pk 55 (CAR)"
  },
  {
    "team": "LAC",
    "number": "",
    "name": "Deane Leonard33",
    "position": "CB",
    "height": "25",
    "weight": "6' 0\"",
    "age": "195 lbs",
    "college": "3",
    "playerId": "4690171",
    "profileUrl": "https://www.espn.com/nfl/player/_/id/4690171/deane-leonard",
    "headshot": "https://a.espncdn.com/combiner/i?img=/i/headshots/nfl/players/full/4690171.png",
    "birthdate": "Birthdate11/20/1999 (25)",
    "birthplace": null,
    "experience": null,
    "draftInfo": "Draft Info2022: Rd 7, Pk 236 (LAC)"
  },
  {
    "team": "LAC",
    "number": "",
    "name": "Elijah Molden22",
    "position": "CB",
    "height": "26",
    "weight": "5' 10\"",
    "age": "191 lbs",
    "college": "4",
    "playerId": "4243328",
    "profileUrl": "https://www.espn.com/nfl/player/_/id/4243328/elijah-molden",
    "headshot": "https://a.espncdn.com/combiner/i?img=/i/headshots/nfl/players/full/4243328.png",
    "birthdate": "Birthdate1/30/1999 (26)",
    "birthplace": null,
    "experience": null,
    "draftInfo": "Draft Info2021: Rd 3, Pk 100 (TEN)"
  },
  {
    "team": "LAC",
    "number": "",
    "name": "Jordan Oladokun",
    "position": "CB",
    "height": "--",
    "weight": "6' 0\"",
    "age": "190 lbs",
    "college": "R",
    "playerId": "4601079",
    "profileUrl": "https://www.espn.com/nfl/player/_/id/4601079/jordan-oladokun",
    "headshot": "https://a.espncdn.com/combiner/i?img=/i/headshots/college-football/players/full/4601079.png",
    "birthdate": null,
    "birthplace": "BirthplaceTampa, FL",
    "experience": "ExperienceRookie",
    "draftInfo": null
  },
  {
    "team": "LAC",
    "number": "",
    "name": "Myles Purchase",
    "position": "CB",
    "height": "--",
    "weight": "5' 11\"",
    "age": "205 lbs",
    "college": "R",
    "playerId": "4701177",
    "profileUrl": "https://www.espn.com/nfl/player/_/id/4701177/myles-purchase",
    "headshot": "https://a.espncdn.com/combiner/i?img=/i/headshots/college-football/players/full/4701177.png",
    "birthdate": null,
    "birthplace": "BirthplaceDenver, CO",
    "experience": "ExperienceRookie",
    "draftInfo": null
  },
  {
    "team": "LAC",
    "number": "",
    "name": "Nikko Reed",
    "position": "CB",
    "height": "22",
    "weight": "5' 10\"",
    "age": "180 lbs",
    "college": "R",
    "playerId": "4691043",
    "profileUrl": "https://www.espn.com/nfl/player/_/id/4691043/nikko-reed",
    "headshot": "https://a.espncdn.com/combiner/i?img=/i/headshots/college-football/players/full/4691043.png",
    "birthdate": "Birthdate3/3/2003 (22)",
    "birthplace": null,
    "experience": "ExperienceRookie",
    "draftInfo": null
  },
  {
    "team": "LAC",
    "number": "",
    "name": "Eric Rogers",
    "position": "CB",
    "height": "--",
    "weight": "6' 2\"",
    "age": "189 lbs",
    "college": "R",
    "playerId": "4433895",
    "profileUrl": "https://www.espn.com/nfl/player/_/id/4433895/eric-rogers",
    "headshot": "https://a.espncdn.com/combiner/i?img=/i/headshots/college-football/players/full/4433895.png",
    "birthdate": null,
    "birthplace": "BirthplaceBurlington, NJ",
    "experience": "ExperienceRookie",
    "draftInfo": null
  },
  {
    "team": "LAC",
    "number": "",
    "name": "Benjamin St-Juste",
    "position": "CB",
    "height": "27",
    "weight": "6' 3\"",
    "age": "200 lbs",
    "college": "5",
    "playerId": "4258206",
    "profileUrl": "https://www.espn.com/nfl/player/_/id/4258206/benjamin-st-juste",
    "headshot": "https://a.espncdn.com/combiner/i?img=/i/headshots/nfl/players/full/4258206.png",
    "birthdate": "Birthdate9/8/1997 (27)",
    "birthplace": null,
    "experience": null,
    "draftInfo": "Draft Info2021: Rd 3, Pk 74 (WSH)"
  },
  {
    "team": "LAC",
    "number": "",
    "name": "Tarheeb Still29",
    "position": "CB",
    "height": "22",
    "weight": "6' 1\"",
    "age": "196 lbs",
    "college": "R",
    "playerId": "4432571",
    "profileUrl": "https://www.espn.com/nfl/player/_/id/4432571/tarheeb-still",
    "headshot": "https://a.espncdn.com/combiner/i?img=/i/headshots/nfl/players/full/4432571.png",
    "birthdate": "Birthdate6/9/2002 (22)",
    "birthplace": null,
    "experience": null,
    "draftInfo": "Draft Info2024: Rd 5, Pk 137 (LAC)"
  },
  {
    "team": "LAC",
    "number": "",
    "name": "Ja'Sir Taylor36",
    "position": "CB",
    "height": "26",
    "weight": "5' 10\"",
    "age": "185 lbs",
    "college": "3",
    "playerId": "4240434",
    "profileUrl": "https://www.espn.com/nfl/player/_/id/4240434/jasir-taylor",
    "headshot": "https://a.espncdn.com/combiner/i?img=/i/headshots/nfl/players/full/4240434.png",
    "birthdate": "Birthdate1/8/1999 (26)",
    "birthplace": null,
    "experience": null,
    "draftInfo": "Draft Info2022: Rd 6, Pk 214 (LAC)"
  },
  {
    "team": "LAC",
    "number": "",
    "name": "Trikweze Bridges",
    "position": "S",
    "height": "--",
    "weight": "6' 2\"",
    "age": "200 lbs",
    "college": "R",
    "playerId": "4426513",
    "profileUrl": "https://www.espn.com/nfl/player/_/id/4426513/trikweze-bridges",
    "headshot": "https://a.espncdn.com/combiner/i?img=/i/headshots/nfl/players/full/4426513.png",
    "birthdate": null,
    "birthplace": null,
    "experience": "ExperienceRookie",
    "draftInfo": "Draft Info2025: Rd 7, Pk 256 (LAC)"
  },
  {
    "team": "LAC",
    "number": "",
    "name": "Alohi Gilman32",
    "position": "S",
    "height": "27",
    "weight": "5' 10\"",
    "age": "201 lbs",
    "college": "5",
    "playerId": "4039413",
    "profileUrl": "https://www.espn.com/nfl/player/_/id/4039413/alohi-gilman",
    "headshot": "https://a.espncdn.com/combiner/i?img=/i/headshots/nfl/players/full/4039413.png",
    "birthdate": "Birthdate9/17/1997 (27)",
    "birthplace": null,
    "experience": null,
    "draftInfo": "Draft Info2020: Rd 6, Pk 186 (LAC)"
  },
  {
    "team": "LAC",
    "number": "",
    "name": "Derwin James Jr.3",
    "position": "S",
    "height": "28",
    "weight": "6' 2\"",
    "age": "215 lbs",
    "college": "7",
    "playerId": "3691739",
    "profileUrl": "https://www.espn.com/nfl/player/_/id/3691739/derwin-james-jr",
    "headshot": "https://a.espncdn.com/combiner/i?img=/i/headshots/nfl/players/full/3691739.png",
    "birthdate": "Birthdate8/3/1996 (28)",
    "birthplace": null,
    "experience": null,
    "draftInfo": "Draft Info2018: Rd 1, Pk 17 (LAC)"
  },
  {
    "team": "LAC",
    "number": "",
    "name": "Tony Jefferson23",
    "position": "S",
    "height": "33",
    "weight": "5' 11\"",
    "age": "212 lbs",
    "college": "10",
    "playerId": "16195",
    "profileUrl": "https://www.espn.com/nfl/player/_/id/16195/tony-jefferson",
    "headshot": "https://a.espncdn.com/combiner/i?img=/i/headshots/nfl/players/full/16195.png",
    "birthdate": "Birthdate1/27/1992 (33)",
    "birthplace": null,
    "experience": "Experience10th Season",
    "draftInfo": null
  },
  {
    "team": "LAC",
    "number": "",
    "name": "Emany Johnson",
    "position": "S",
    "height": "24",
    "weight": "6' 2\"",
    "age": "218 lbs",
    "college": "R",
    "playerId": "4361437",
    "profileUrl": "https://www.espn.com/nfl/player/_/id/4361437/emany-johnson",
    "headshot": "https://a.espncdn.com/combiner/i?img=/i/headshots/nfl/players/full/4361437.png",
    "birthdate": "Birthdate11/17/2000 (24)",
    "birthplace": null,
    "experience": "ExperienceRookie",
    "draftInfo": null
  },
  {
    "team": "LAC",
    "number": "",
    "name": "Jaylen Jones",
    "position": "S",
    "height": "--",
    "weight": "6' 1\"",
    "age": "203 lbs",
    "college": "R",
    "playerId": "4683330",
    "profileUrl": "https://www.espn.com/nfl/player/_/id/4683330/jaylen-jones",
    "headshot": "https://a.espncdn.com/combiner/i?img=/i/headshots/college-football/players/full/4683330.png",
    "birthdate": null,
    "birthplace": "BirthplaceRichmond, VA",
    "experience": "ExperienceRookie",
    "draftInfo": null
  },
  {
    "team": "LAC",
    "number": "",
    "name": "R.J. Mickens",
    "position": "S",
    "height": "23",
    "weight": "6' 0\"",
    "age": "210 lbs",
    "college": "R",
    "playerId": "4429018",
    "profileUrl": "https://www.espn.com/nfl/player/_/id/4429018/rj-mickens",
    "headshot": "https://a.espncdn.com/combiner/i?img=/i/headshots/nfl/players/full/4429018.png",
    "birthdate": "Birthdate7/10/2001 (23)",
    "birthplace": null,
    "experience": null,
    "draftInfo": "Draft Info2025: Rd 6, Pk 214 (LAC)"
  },
  {
    "team": "LAC",
    "number": "",
    "name": "Kendall Williamson40",
    "position": "S",
    "height": "24",
    "weight": "6' 0\"",
    "age": "203 lbs",
    "college": "1",
    "playerId": "4360745",
    "profileUrl": "https://www.espn.com/nfl/player/_/id/4360745/kendall-williamson",
    "headshot": "https://a.espncdn.com/combiner/i?img=/i/headshots/nfl/players/full/4360745.png",
    "birthdate": "Birthdate8/24/2000 (24)",
    "birthplace": null,
    "experience": null,
    "draftInfo": "Draft Info2023: Rd 7, Pk 258 (CHI)"
  },
  {
    "team": "LAC",
    "number": "",
    "name": "Cameron Dicker11",
    "position": "PK",
    "height": "25",
    "weight": "6' 1\"",
    "age": "216 lbs",
    "college": "3",
    "playerId": "4362081",
    "profileUrl": "https://www.espn.com/nfl/player/_/id/4362081/cameron-dicker",
    "headshot": "https://a.espncdn.com/combiner/i?img=/i/headshots/nfl/players/full/4362081.png",
    "birthdate": "Birthdate5/6/2000 (25)",
    "birthplace": null,
    "experience": "Experience3rd Season",
    "draftInfo": null
  },
  {
    "team": "LAC",
    "number": "",
    "name": "JK Scott16",
    "position": "P",
    "height": "29",
    "weight": "6' 5\"",
    "age": "208 lbs",
    "college": "6",
    "playerId": "3126368",
    "profileUrl": "https://www.espn.com/nfl/player/_/id/3126368/jk-scott",
    "headshot": "https://a.espncdn.com/combiner/i?img=/i/headshots/nfl/players/full/3126368.png",
    "birthdate": "Birthdate10/30/1995 (29)",
    "birthplace": null,
    "experience": null,
    "draftInfo": "Draft Info2018: Rd 5, Pk 172 (GB)"
  },
  {
    "team": "LAC",
    "number": "",
    "name": "Josh Harris47",
    "position": "LS",
    "height": "36",
    "weight": "6' 1\"",
    "age": "224 lbs",
    "college": "13",
    "playerId": "15151",
    "profileUrl": "https://www.espn.com/nfl/player/_/id/15151/josh-harris",
    "headshot": "https://a.espncdn.com/combiner/i?img=/i/headshots/nfl/players/full/15151.png",
    "birthdate": "Birthdate4/27/1989 (36)",
    "birthplace": null,
    "experience": "Experience13th Season",
    "draftInfo": null
  }
]