[
  {
    "team": "LAR",
    "number": "",
    "name": "Stetson Bennett13",
    "position": "QB",
    "height": "27",
    "weight": "5' 11\"",
    "age": "190 lbs",
    "college": "1",
    "playerId": "4259553",
    "profileUrl": "https://www.espn.com/nfl/player/_/id/4259553/stetson-bennett",
    "headshot": "https://a.espncdn.com/combiner/i?img=/i/headshots/nfl/players/full/4259553.png",
    "birthdate": "Birthdate10/28/1997 (27)",
    "birthplace": null,
    "experience": null,
    "draftInfo": "Draft Info2023: Rd 4, Pk 128 (LAR)"
  },
  {
    "team": "LAR",
    "number": "",
    "name": "Jimmy Garoppolo11",
    "position": "QB",
    "height": "33",
    "weight": "6' 2\"",
    "age": "225 lbs",
    "college": "11",
    "playerId": "16760",
    "profileUrl": "https://www.espn.com/nfl/player/_/id/16760/jimmy-garoppolo",
    "headshot": "https://a.espncdn.com/combiner/i?img=/i/headshots/nfl/players/full/16760.png",
    "birthdate": "Birthdate11/2/1991 (33)",
    "birthplace": null,
    "experience": null,
    "draftInfo": "Draft Info2014: Rd 2, Pk 62 (NE)"
  },
  {
    "team": "LAR",
    "number": "",
    "name": "Matthew Stafford9",
    "position": "QB",
    "height": "37",
    "weight": "6' 3\"",
    "age": "214 lbs",
    "college": "16",
    "playerId": "12483",
    "profileUrl": "https://www.espn.com/nfl/player/_/id/12483/matthew-stafford",
    "headshot": "https://a.espncdn.com/combiner/i?img=/i/headshots/nfl/players/full/12483.png",
    "birthdate": "Birthdate2/7/1988 (37)",
    "birthplace": null,
    "experience": null,
    "draftInfo": "Draft Info2009: Rd 1, Pk 1 (DET)"
  },
  {
    "team": "LAR",
    "number": "",
    "name": "Blake Corum22",
    "position": "RB",
    "height": "24",
    "weight": "5' 8\"",
    "age": "210 lbs",
    "college": "R",
    "playerId": "4429096",
    "profileUrl": "https://www.espn.com/nfl/player/_/id/4429096/blake-corum",
    "headshot": "https://a.espncdn.com/combiner/i?img=/i/headshots/nfl/players/full/4429096.png",
    "birthdate": "Birthdate11/25/2000 (24)",
    "birthplace": null,
    "experience": null,
    "draftInfo": "Draft Info2024: Rd 3, Pk 83 (LAR)"
  },
  {
    "team": "LAR",
    "number": "",
    "name": "Jarquez Hunter",
    "position": "RB",
    "height": "22",
    "weight": "5' 10\"",
    "age": "209 lbs",
    "college": "R",
    "playerId": "4710341",
    "profileUrl": "https://www.espn.com/nfl/player/_/id/4710341/jarquez-hunter",
    "headshot": "https://a.espncdn.com/combiner/i?img=/i/headshots/nfl/players/full/4710341.png",
    "birthdate": "Birthdate12/29/2002 (22)",
    "birthplace": null,
    "experience": null,
    "draftInfo": "Draft Info2025: Rd 4, Pk 117 (LAR)"
  },
  {
    "team": "LAR",
    "number": "",
    "name": "Ronnie Rivers20",
    "position": "RB",
    "height": "26",
    "weight": "5' 9\"",
    "age": "192 lbs",
    "college": "3",
    "playerId": "4243003",
    "profileUrl": "https://www.espn.com/nfl/player/_/id/4243003/ronnie-rivers",
    "headshot": "https://a.espncdn.com/combiner/i?img=/i/headshots/nfl/players/full/4243003.png",
    "birthdate": "Birthdate1/31/1999 (26)",
    "birthplace": null,
    "experience": "Experience3rd Season",
    "draftInfo": null
  },
  {
    "team": "LAR",
    "number": "",
    "name": "Cody Schrader32",
    "position": "RB",
    "height": "25",
    "weight": "5' 9\"",
    "age": "214 lbs",
    "college": "R",
    "playerId": "4391845",
    "profileUrl": "https://www.espn.com/nfl/player/_/id/4391845/cody-schrader",
    "headshot": "https://a.espncdn.com/combiner/i?img=/i/headshots/nfl/players/full/4391845.png",
    "birthdate": "Birthdate9/8/1999 (25)",
    "birthplace": null,
    "experience": "ExperienceRookie",
    "draftInfo": null
  },
  {
    "team": "LAR",
    "number": "",
    "name": "Jordan Waters",
    "position": "RB",
    "height": "--",
    "weight": "6' 0\"",
    "age": "215 lbs",
    "college": "R",
    "playerId": "4428803",
    "profileUrl": "https://www.espn.com/nfl/player/_/id/4428803/jordan-waters",
    "headshot": "https://a.espncdn.com/combiner/i?img=/i/headshots/college-football/players/full/4428803.png",
    "birthdate": null,
    "birthplace": "BirthplaceFairmont, NC",
    "experience": "ExperienceRookie",
    "draftInfo": null
  },
  {
    "team": "LAR",
    "number": "",
    "name": "Kyren Williams23",
    "position": "RB",
    "height": "24",
    "weight": "5' 9\"",
    "age": "202 lbs",
    "college": "3",
    "playerId": "4430737",
    "profileUrl": "https://www.espn.com/nfl/player/_/id/4430737/kyren-williams",
    "headshot": "https://a.espncdn.com/combiner/i?img=/i/headshots/nfl/players/full/4430737.png",
    "birthdate": "Birthdate8/26/2000 (24)",
    "birthplace": null,
    "experience": null,
    "draftInfo": "Draft Info2022: Rd 5, Pk 164 (LAR)"
  },
  {
    "team": "LAR",
    "number": "",
    "name": "Davante Adams17",
    "position": "WR",
    "height": "32",
    "weight": "6' 1\"",
    "age": "215 lbs",
    "college": "11",
    "playerId": "16800",
    "profileUrl": "https://www.espn.com/nfl/player/_/id/16800/davante-adams",
    "headshot": "https://a.espncdn.com/combiner/i?img=/i/headshots/nfl/players/full/16800.png",
    "birthdate": "Birthdate12/24/1992 (32)",
    "birthplace": null,
    "experience": null,
    "draftInfo": "Draft Info2014: Rd 2, Pk 53 (GB)"
  },
  {
    "team": "LAR",
    "number": "",
    "name": "Tutu Atwell5",
    "position": "WR",
    "height": "25",
    "weight": "5' 9\"",
    "age": "165 lbs",
    "college": "4",
    "playerId": "4360797",
    "profileUrl": "https://www.espn.com/nfl/player/_/id/4360797/tutu-atwell",
    "headshot": "https://a.espncdn.com/combiner/i?img=/i/headshots/nfl/players/full/4360797.png",
    "birthdate": "Birthdate10/7/1999 (25)",
    "birthplace": null,
    "experience": null,
    "draftInfo": "Draft Info2021: Rd 2, Pk 57 (LAR)"
  },
  {
    "team": "LAR",
    "number": "",
    "name": "Quintez Cephus2",
    "position": "WR",
    "height": "27",
    "weight": "6' 1\"",
    "age": "208 lbs",
    "college": "4",
    "playerId": "4035793",
    "profileUrl": "https://www.espn.com/nfl/player/_/id/4035793/quintez-cephus",
    "headshot": "https://a.espncdn.com/combiner/i?img=/i/headshots/nfl/players/full/4035793.png",
    "birthdate": "Birthdate4/1/1998 (27)",
    "birthplace": null,
    "experience": null,
    "draftInfo": "Draft Info2020: Rd 5, Pk 166 (DET)"
  },
  {
    "team": "LAR",
    "number": "",
    "name": "Britain Covey",
    "position": "WR",
    "height": "28",
    "weight": "5' 8\"",
    "age": "173 lbs",
    "college": "3",
    "playerId": "3926231",
    "profileUrl": "https://www.espn.com/nfl/player/_/id/3926231/britain-covey",
    "headshot": "https://a.espncdn.com/combiner/i?img=/i/headshots/nfl/players/full/3926231.png",
    "birthdate": "Birthdate3/18/1997 (28)",
    "birthplace": null,
    "experience": "Experience3rd Season",
    "draftInfo": null
  },
  {
    "team": "LAR",
    "number": "",
    "name": "Tru Edwards",
    "position": "WR",
    "height": "23",
    "weight": "6' 3\"",
    "age": "201 lbs",
    "college": "R",
    "playerId": "4875786",
    "profileUrl": "https://www.espn.com/nfl/player/_/id/4875786/tru-edwards",
    "headshot": "https://a.espncdn.com/combiner/i?img=/i/headshots/college-football/players/full/4875786.png",
    "birthdate": "Birthdate6/9/2001 (23)",
    "birthplace": null,
    "experience": "ExperienceRookie",
    "draftInfo": null
  },
  {
    "team": "LAR",
    "number": "",
    "name": "Konata Mumpfield",
    "position": "WR",
    "height": "22",
    "weight": "6' 1\"",
    "age": "185 lbs",
    "college": "R",
    "playerId": "4710855",
    "profileUrl": "https://www.espn.com/nfl/player/_/id/4710855/konata-mumpfield",
    "headshot": "https://a.espncdn.com/combiner/i?img=/i/headshots/nfl/players/full/4710855.png",
    "birthdate": "Birthdate10/24/2002 (22)",
    "birthplace": null,
    "experience": null,
    "draftInfo": "Draft Info2025: Rd 7, Pk 242 (LAR)"
  },
  {
    "team": "LAR",
    "number": "",
    "name": "Puka Nacua12",
    "position": "WR",
    "height": "23",
    "weight": "6' 2\"",
    "age": "212 lbs",
    "college": "2",
    "playerId": "4426515",
    "profileUrl": "https://www.espn.com/nfl/player/_/id/4426515/puka-nacua",
    "headshot": "https://a.espncdn.com/combiner/i?img=/i/headshots/nfl/players/full/4426515.png",
    "birthdate": "Birthdate5/29/2001 (23)",
    "birthplace": null,
    "experience": null,
    "draftInfo": "Draft Info2023: Rd 5, Pk 177 (LAR)"
  },
  {
    "team": "LAR",
    "number": "",
    "name": "Brennan Presley",
    "position": "WR",
    "height": "--",
    "weight": "5' 8\"",
    "age": "175 lbs",
    "college": "R",
    "playerId": "4431342",
    "profileUrl": "https://www.espn.com/nfl/player/_/id/4431342/brennan-presley",
    "headshot": "https://a.espncdn.com/combiner/i?img=/i/headshots/college-football/players/full/4431342.png",
    "birthdate": null,
    "birthplace": "BirthplaceTulsa, OK",
    "experience": "ExperienceRookie",
    "draftInfo": null
  },
  {
    "team": "LAR",
    "number": "",
    "name": "Xavier Smith19",
    "position": "WR",
    "height": "27",
    "weight": "5' 9\"",
    "age": "176 lbs",
    "college": "1",
    "playerId": "4386544",
    "profileUrl": "https://www.espn.com/nfl/player/_/id/4386544/xavier-smith",
    "headshot": "https://a.espncdn.com/combiner/i?img=/i/headshots/nfl/players/full/4386544.png",
    "birthdate": "Birthdate9/21/1997 (27)",
    "birthplace": null,
    "experience": "Experience1st Season",
    "draftInfo": null
  },
  {
    "team": "LAR",
    "number": "",
    "name": "Drake Stoops6",
    "position": "WR",
    "height": "25",
    "weight": "5' 10\"",
    "age": "189 lbs",
    "college": "R",
    "playerId": "4360282",
    "profileUrl": "https://www.espn.com/nfl/player/_/id/4360282/drake-stoops",
    "headshot": "https://a.espncdn.com/combiner/i?img=/i/headshots/nfl/players/full/4360282.png",
    "birthdate": "Birthdate6/16/1999 (25)",
    "birthplace": null,
    "experience": "ExperienceRookie",
    "draftInfo": null
  },
  {
    "team": "LAR",
    "number": "",
    "name": "Jordan Whittington88",
    "position": "WR",
    "height": "24",
    "weight": "6' 1\"",
    "age": "202 lbs",
    "college": "R",
    "playerId": "4569382",
    "profileUrl": "https://www.espn.com/nfl/player/_/id/4569382/jordan-whittington",
    "headshot": "https://a.espncdn.com/combiner/i?img=/i/headshots/nfl/players/full/4569382.png",
    "birthdate": "Birthdate10/1/2000 (24)",
    "birthplace": null,
    "experience": null,
    "draftInfo": "Draft Info2024: Rd 6, Pk 213 (LAR)"
  },
  {
    "team": "LAR",
    "number": "",
    "name": "Mario Williams",
    "position": "WR",
    "height": "--",
    "weight": "5' 9\"",
    "age": "178 lbs",
    "college": "R",
    "playerId": "4431618",
    "profileUrl": "https://www.espn.com/nfl/player/_/id/4431618/mario-williams",
    "headshot": "https://a.espncdn.com/combiner/i?img=/i/headshots/college-football/players/full/4431618.png",
    "birthdate": null,
    "birthplace": "BirthplaceTampa, FL",
    "experience": "ExperienceRookie",
    "draftInfo": null
  },
  {
    "team": "LAR",
    "number": "",
    "name": "Davis Allen87",
    "position": "TE",
    "height": "24",
    "weight": "6' 6\"",
    "age": "251 lbs",
    "college": "2",
    "playerId": "4426553",
    "profileUrl": "https://www.espn.com/nfl/player/_/id/4426553/davis-allen",
    "headshot": "https://a.espncdn.com/combiner/i?img=/i/headshots/nfl/players/full/4426553.png",
    "birthdate": "Birthdate2/3/2001 (24)",
    "birthplace": null,
    "experience": null,
    "draftInfo": "Draft Info2023: Rd 5, Pk 175 (LAR)"
  },
  {
    "team": "LAR",
    "number": "",
    "name": "Terrance Ferguson",
    "position": "TE",
    "height": "22",
    "weight": "6' 5\"",
    "age": "255 lbs",
    "college": "R",
    "playerId": "4570037",
    "profileUrl": "https://www.espn.com/nfl/player/_/id/4570037/terrance-ferguson",
    "headshot": "https://a.espncdn.com/combiner/i?img=/i/headshots/nfl/players/full/4570037.png",
    "birthdate": "Birthdate3/7/2003 (22)",
    "birthplace": null,
    "experience": null,
    "draftInfo": "Draft Info2025: Rd 2, Pk 46 (LAR)"
  },
  {
    "team": "LAR",
    "number": "",
    "name": "Tyler Higbee89",
    "position": "TE",
    "height": "32",
    "weight": "6' 6\"",
    "age": "255 lbs",
    "college": "9",
    "playerId": "2573401",
    "profileUrl": "https://www.espn.com/nfl/player/_/id/2573401/tyler-higbee",
    "headshot": "https://a.espncdn.com/combiner/i?img=/i/headshots/nfl/players/full/2573401.png",
    "birthdate": "Birthdate1/1/1993 (32)",
    "birthplace": null,
    "experience": null,
    "draftInfo": "Draft Info2016: Rd 4, Pk 110 (LAR)"
  },
  {
    "team": "LAR",
    "number": "",
    "name": "Colby Parkinson86",
    "position": "TE",
    "height": "26",
    "weight": "6' 7\"",
    "age": "265 lbs",
    "college": "5",
    "playerId": "4242557",
    "profileUrl": "https://www.espn.com/nfl/player/_/id/4242557/colby-parkinson",
    "headshot": "https://a.espncdn.com/combiner/i?img=/i/headshots/nfl/players/full/4242557.png",
    "birthdate": "Birthdate1/8/1999 (26)",
    "birthplace": null,
    "experience": null,
    "draftInfo": "Draft Info2020: Rd 4, Pk 133 (SEA)"
  },
  {
    "team": "LAR",
    "number": "",
    "name": "Mark Redman",
    "position": "TE",
    "height": "--",
    "weight": "6' 5\"",
    "age": "255 lbs",
    "college": "R",
    "playerId": "4431346",
    "profileUrl": "https://www.espn.com/nfl/player/_/id/4431346/mark-redman",
    "headshot": "https://a.espncdn.com/combiner/i?img=/i/headshots/college-football/players/full/4431346.png",
    "birthdate": null,
    "birthplace": "BirthplaceNewport Beach, CA",
    "experience": "ExperienceRookie",
    "draftInfo": null
  },
  {
    "team": "LAR",
    "number": "",
    "name": "Anthony Torres",
    "position": "TE",
    "height": "--",
    "weight": "6' 6\"",
    "age": "250 lbs",
    "college": "R",
    "playerId": "4362248",
    "profileUrl": "https://www.espn.com/nfl/player/_/id/4362248/anthony-torres",
    "headshot": "https://a.espncdn.com/combiner/i?img=/i/headshots/college-football/players/full/4362248.png",
    "birthdate": null,
    "birthplace": "BirthplaceMishawaka, IN",
    "experience": "ExperienceRookie",
    "draftInfo": null
  },
  {
    "team": "LAR",
    "number": "",
    "name": "Willie Lampkin",
    "position": "C",
    "height": "--",
    "weight": "5' 11\"",
    "age": "290 lbs",
    "college": "R",
    "playerId": "4582836",
    "profileUrl": "https://www.espn.com/nfl/player/_/id/4582836/willie-lampkin",
    "headshot": "https://a.espncdn.com/combiner/i?img=/i/headshots/college-football/players/full/4582836.png",
    "birthdate": null,
    "birthplace": "BirthplaceLakeland, FL",
    "experience": "ExperienceRookie",
    "draftInfo": null
  },
  {
    "team": "LAR",
    "number": "",
    "name": "Beaux Limmer50",
    "position": "C",
    "height": "23",
    "weight": "6' 5\"",
    "age": "312 lbs",
    "college": "R",
    "playerId": "4567175",
    "profileUrl": "https://www.espn.com/nfl/player/_/id/4567175/beaux-limmer",
    "headshot": "https://a.espncdn.com/combiner/i?img=/i/headshots/nfl/players/full/4567175.png",
    "birthdate": "Birthdate6/10/2001 (23)",
    "birthplace": null,
    "experience": null,
    "draftInfo": "Draft Info2024: Rd 6, Pk 217 (LAR)"
  },
  {
    "team": "LAR",
    "number": "",
    "name": "Dylan McMahon63",
    "position": "C",
    "height": "24",
    "weight": "6' 3\"",
    "age": "298 lbs",
    "college": "R",
    "playerId": "4430155",
    "profileUrl": "https://www.espn.com/nfl/player/_/id/4430155/dylan-mcmahon",
    "headshot": "https://a.espncdn.com/combiner/i?img=/i/headshots/nfl/players/full/4430155.png",
    "birthdate": "Birthdate1/22/2001 (24)",
    "birthplace": null,
    "experience": null,
    "draftInfo": "Draft Info2024: Rd 6, Pk 190 (PHI)"
  },
  {
    "team": "LAR",
    "number": "",
    "name": "Coleman Shelton",
    "position": "C",
    "height": "29",
    "weight": "6' 5\"",
    "age": "285 lbs",
    "college": "6",
    "playerId": "3052180",
    "profileUrl": "https://www.espn.com/nfl/player/_/id/3052180/coleman-shelton",
    "headshot": "https://a.espncdn.com/combiner/i?img=/i/headshots/nfl/players/full/3052180.png",
    "birthdate": "Birthdate7/28/1995 (29)",
    "birthplace": null,
    "experience": "Experience6th Season",
    "draftInfo": null
  },
  {
    "team": "LAR",
    "number": "",
    "name": "Steve Avila73",
    "position": "G",
    "height": "25",
    "weight": "6' 3\"",
    "age": "338 lbs",
    "college": "2",
    "playerId": "4362474",
    "profileUrl": "https://www.espn.com/nfl/player/_/id/4362474/steve-avila",
    "headshot": "https://a.espncdn.com/combiner/i?img=/i/headshots/nfl/players/full/4362474.png",
    "birthdate": "Birthdate10/16/1999 (25)",
    "birthplace": null,
    "experience": null,
    "draftInfo": "Draft Info2023: Rd 2, Pk 36 (LAR)"
  },
  {
    "team": "LAR",
    "number": "",
    "name": "Wyatt Bowles",
    "position": "G",
    "height": "--",
    "weight": "6' 5\"",
    "age": "300 lbs",
    "college": "R",
    "playerId": "4374196",
    "profileUrl": "https://www.espn.com/nfl/player/_/id/4374196/wyatt-bowles",
    "headshot": "https://a.espncdn.com/combiner/i?img=/i/headshots/college-football/players/full/4374196.png",
    "birthdate": null,
    "birthplace": "BirthplaceWest Point, UT",
    "experience": "ExperienceRookie",
    "draftInfo": null
  },
  {
    "team": "LAR",
    "number": "",
    "name": "Justin Dedich67",
    "position": "G",
    "height": "25",
    "weight": "6' 2\"",
    "age": "300 lbs",
    "college": "R",
    "playerId": "4360859",
    "profileUrl": "https://www.espn.com/nfl/player/_/id/4360859/justin-dedich",
    "headshot": "https://a.espncdn.com/combiner/i?img=/i/headshots/nfl/players/full/4360859.png",
    "birthdate": "Birthdate4/21/2000 (25)",
    "birthplace": null,
    "experience": "ExperienceRookie",
    "draftInfo": null
  },
  {
    "team": "LAR",
    "number": "",
    "name": "Kevin Dotson69",
    "position": "G",
    "height": "28",
    "weight": "6' 4\"",
    "age": "330 lbs",
    "college": "5",
    "playerId": "3917599",
    "profileUrl": "https://www.espn.com/nfl/player/_/id/3917599/kevin-dotson",
    "headshot": "https://a.espncdn.com/combiner/i?img=/i/headshots/nfl/players/full/3917599.png",
    "birthdate": "Birthdate9/18/1996 (28)",
    "birthplace": null,
    "experience": null,
    "draftInfo": "Draft Info2020: Rd 4, Pk 135 (PIT)"
  },
  {
    "team": "LAR",
    "number": "",
    "name": "KT Leveston66",
    "position": "G",
    "height": "25",
    "weight": "6' 4\"",
    "age": "336 lbs",
    "college": "R",
    "playerId": "4373079",
    "profileUrl": "https://www.espn.com/nfl/player/_/id/4373079/kt-leveston",
    "headshot": "https://a.espncdn.com/combiner/i?img=/i/headshots/nfl/players/full/4373079.png",
    "birthdate": "Birthdate10/28/1999 (25)",
    "birthplace": null,
    "experience": null,
    "draftInfo": "Draft Info2024: Rd 7, Pk 254 (LAR)"
  },
  {
    "team": "LAR",
    "number": "",
    "name": "AJ Arcuri61",
    "position": "OT",
    "height": "27",
    "weight": "6' 7\"",
    "age": "308 lbs",
    "college": "2",
    "playerId": "4046707",
    "profileUrl": "https://www.espn.com/nfl/player/_/id/4046707/aj-arcuri",
    "headshot": "https://a.espncdn.com/combiner/i?img=/i/headshots/nfl/players/full/4046707.png",
    "birthdate": "Birthdate8/13/1997 (27)",
    "birthplace": null,
    "experience": null,
    "draftInfo": "Draft Info2022: Rd 7, Pk 261 (LAR)"
  },
  {
    "team": "LAR",
    "number": "",
    "name": "Ben Dooley",
    "position": "OT",
    "height": "--",
    "weight": "6' 5\"",
    "age": "310 lbs",
    "college": "R",
    "playerId": "4429538",
    "profileUrl": "https://www.espn.com/nfl/player/_/id/4429538/ben-dooley",
    "headshot": "https://a.espncdn.com/combiner/i?img=/i/headshots/college-football/players/full/4429538.png",
    "birthdate": null,
    "birthplace": "BirthplaceFallon, NV",
    "experience": "ExperienceRookie",
    "draftInfo": null
  },
  {
    "team": "LAR",
    "number": "",
    "name": "Rob Havenstein79",
    "position": "OT",
    "height": "33",
    "weight": "6' 8\"",
    "age": "323 lbs",
    "college": "10",
    "playerId": "2515613",
    "profileUrl": "https://www.espn.com/nfl/player/_/id/2515613/rob-havenstein",
    "headshot": "https://a.espncdn.com/combiner/i?img=/i/headshots/nfl/players/full/2515613.png",
    "birthdate": "Birthdate5/13/1992 (33)",
    "birthplace": null,
    "experience": null,
    "draftInfo": "Draft Info2015: Rd 2, Pk 57 (STL)"
  },
  {
    "team": "LAR",
    "number": "",
    "name": "Alaric Jackson77",
    "position": "OT",
    "height": "26",
    "weight": "6' 7\"",
    "age": "345 lbs",
    "college": "4",
    "playerId": "4036135",
    "profileUrl": "https://www.espn.com/nfl/player/_/id/4036135/alaric-jackson",
    "headshot": "https://a.espncdn.com/combiner/i?img=/i/headshots/nfl/players/full/4036135.png",
    "birthdate": "Birthdate7/14/1998 (26)",
    "birthplace": null,
    "experience": "Experience4th Season",
    "draftInfo": null
  },
  {
    "team": "LAR",
    "number": "",
    "name": "Warren McClendon Jr.71",
    "position": "OT",
    "height": "24",
    "weight": "6' 4\"",
    "age": "317 lbs",
    "college": "2",
    "playerId": "4426512",
    "profileUrl": "https://www.espn.com/nfl/player/_/id/4426512/warren-mcclendon-jr",
    "headshot": "https://a.espncdn.com/combiner/i?img=/i/headshots/nfl/players/full/4426512.png",
    "birthdate": "Birthdate4/11/2001 (24)",
    "birthplace": null,
    "experience": null,
    "draftInfo": "Draft Info2023: Rd 5, Pk 174 (LAR)"
  },
  {
    "team": "LAR",
    "number": "",
    "name": "Trey Wedig",
    "position": "OT",
    "height": "--",
    "weight": "6' 7\"",
    "age": "319 lbs",
    "college": "R",
    "playerId": "4430812",
    "profileUrl": "https://www.espn.com/nfl/player/_/id/4430812/trey-wedig",
    "headshot": "https://a.espncdn.com/combiner/i?img=/i/headshots/college-football/players/full/4430812.png",
    "birthdate": null,
    "birthplace": "BirthplaceOconomowoc, WI",
    "experience": "ExperienceRookie",
    "draftInfo": null
  },
  {
    "team": "LAR",
    "number": "",
    "name": "Desjuan Johnson94",
    "position": "DE",
    "height": "25",
    "weight": "6' 3\"",
    "age": "285 lbs",
    "college": "2",
    "playerId": "4362294",
    "profileUrl": "https://www.espn.com/nfl/player/_/id/4362294/desjuan-johnson",
    "headshot": "https://a.espncdn.com/combiner/i?img=/i/headshots/nfl/players/full/4362294.png",
    "birthdate": "Birthdate9/2/1999 (25)",
    "birthplace": null,
    "experience": null,
    "draftInfo": "Draft Info2023: Rd 7, Pk 259 (LAR)"
  },
  {
    "team": "LAR",
    "number": "",
    "name": "Tyler Davis90",
    "position": "DT",
    "height": "24",
    "weight": "6' 2\"",
    "age": "299 lbs",
    "college": "R",
    "playerId": "4568217",
    "profileUrl": "https://www.espn.com/nfl/player/_/id/4568217/tyler-davis",
    "headshot": "https://a.espncdn.com/combiner/i?img=/i/headshots/nfl/players/full/4568217.png",
    "birthdate": "Birthdate11/1/2000 (24)",
    "birthplace": null,
    "experience": null,
    "draftInfo": "Draft Info2024: Rd 6, Pk 196 (LAR)"
  },
  {
    "team": "LAR",
    "number": "",
    "name": "Braden Fiske55",
    "position": "DT",
    "height": "25",
    "weight": "6' 4\"",
    "age": "291 lbs",
    "college": "R",
    "playerId": "4362245",
    "profileUrl": "https://www.espn.com/nfl/player/_/id/4362245/braden-fiske",
    "headshot": "https://a.espncdn.com/combiner/i?img=/i/headshots/nfl/players/full/4362245.png",
    "birthdate": "Birthdate1/18/2000 (25)",
    "birthplace": null,
    "experience": null,
    "draftInfo": "Draft Info2024: Rd 2, Pk 39 (LAR)"
  },
  {
    "team": "LAR",
    "number": "",
    "name": "Poona Ford95",
    "position": "DT",
    "height": "29",
    "weight": "5' 11\"",
    "age": "310 lbs",
    "college": "7",
    "playerId": "3125114",
    "profileUrl": "https://www.espn.com/nfl/player/_/id/3125114/poona-ford",
    "headshot": "https://a.espncdn.com/combiner/i?img=/i/headshots/nfl/players/full/3125114.png",
    "birthdate": "Birthdate11/19/1995 (29)",
    "birthplace": null,
    "experience": "Experience7th Season",
    "draftInfo": null
  },
  {
    "team": "LAR",
    "number": "",
    "name": "Ty Hamilton",
    "position": "DT",
    "height": "23",
    "weight": "6' 3\"",
    "age": "295 lbs",
    "college": "R",
    "playerId": "4431118",
    "profileUrl": "https://www.espn.com/nfl/player/_/id/4431118/ty-hamilton",
    "headshot": "https://a.espncdn.com/combiner/i?img=/i/headshots/nfl/players/full/4431118.png",
    "birthdate": "Birthdate4/15/2002 (23)",
    "birthplace": null,
    "experience": null,
    "draftInfo": "Draft Info2025: Rd 5, Pk 148 (LAR)"
  },
  {
    "team": "LAR",
    "number": "",
    "name": "Jack Heflin93",
    "position": "DT",
    "height": "27",
    "weight": "6' 3\"",
    "age": "304 lbs",
    "college": "2",
    "playerId": "4039485",
    "profileUrl": "https://www.espn.com/nfl/player/_/id/4039485/jack-heflin",
    "headshot": "https://a.espncdn.com/combiner/i?img=/i/headshots/nfl/players/full/4039485.png",
    "birthdate": "Birthdate3/8/1998 (27)",
    "birthplace": null,
    "experience": "Experience2nd Season",
    "draftInfo": null
  },
  {
    "team": "LAR",
    "number": "",
    "name": "Larrell Murchison52",
    "position": "DT",
    "height": "28",
    "weight": "6' 2\"",
    "age": "285 lbs",
    "college": "5",
    "playerId": "4240123",
    "profileUrl": "https://www.espn.com/nfl/player/_/id/4240123/larrell-murchison",
    "headshot": "https://a.espncdn.com/combiner/i?img=/i/headshots/nfl/players/full/4240123.png",
    "birthdate": "Birthdate4/24/1997 (28)",
    "birthplace": null,
    "experience": null,
    "draftInfo": "Draft Info2020: Rd 5, Pk 174 (TEN)"
  },
  {
    "team": "LAR",
    "number": "",
    "name": "Bill Norton",
    "position": "DT",
    "height": "--",
    "weight": "6' 6\"",
    "age": "335 lbs",
    "college": "R",
    "playerId": "4426401",
    "profileUrl": "https://www.espn.com/nfl/player/_/id/4426401/bill-norton",
    "headshot": "https://a.espncdn.com/combiner/i?img=/i/headshots/college-football/players/full/4426401.png",
    "birthdate": null,
    "birthplace": "BirthplaceMemphis, TN",
    "experience": "ExperienceRookie",
    "draftInfo": null
  },
  {
    "team": "LAR",
    "number": "",
    "name": "Da'Jon Terry",
    "position": "DT",
    "height": "24",
    "weight": "6' 3\"",
    "age": "323 lbs",
    "college": "R",
    "playerId": "4428637",
    "profileUrl": "https://www.espn.com/nfl/player/_/id/4428637/dajon-terry",
    "headshot": "https://a.espncdn.com/combiner/i?img=/i/headshots/college-football/players/full/4428637.png",
    "birthdate": "Birthdate10/20/2000 (24)",
    "birthplace": null,
    "experience": "ExperienceRookie",
    "draftInfo": null
  },
  {
    "team": "LAR",
    "number": "",
    "name": "Kobie Turner91",
    "position": "DT",
    "height": "26",
    "weight": "6' 2\"",
    "age": "297 lbs",
    "college": "2",
    "playerId": "4250621",
    "profileUrl": "https://www.espn.com/nfl/player/_/id/4250621/kobie-turner",
    "headshot": "https://a.espncdn.com/combiner/i?img=/i/headshots/nfl/players/full/4250621.png",
    "birthdate": "Birthdate4/26/1999 (26)",
    "birthplace": null,
    "experience": null,
    "draftInfo": "Draft Info2023: Rd 3, Pk 89 (LAR)"
  },
  {
    "team": "LAR",
    "number": "",
    "name": "Shaun Dolac",
    "position": "LB",
    "height": "--",
    "weight": "6' 1\"",
    "age": "225 lbs",
    "college": "R",
    "playerId": "4693848",
    "profileUrl": "https://www.espn.com/nfl/player/_/id/4693848/shaun-dolac",
    "headshot": "https://a.espncdn.com/combiner/i?img=/i/headshots/college-football/players/full/4693848.png",
    "birthdate": null,
    "birthplace": "BirthplaceWest Seneca, NY",
    "experience": "ExperienceRookie",
    "draftInfo": null
  },
  {
    "team": "LAR",
    "number": "",
    "name": "Tony Fields II40",
    "position": "LB",
    "height": "25",
    "weight": "6' 0\"",
    "age": "222 lbs",
    "college": "4",
    "playerId": "4245655",
    "profileUrl": "https://www.espn.com/nfl/player/_/id/4245655/tony-fields-ii",
    "headshot": "https://a.espncdn.com/combiner/i?img=/i/headshots/nfl/players/full/4245655.png",
    "birthdate": "Birthdate6/18/1999 (25)",
    "birthplace": null,
    "experience": null,
    "draftInfo": "Draft Info2021: Rd 5, Pk 153 (CLE)"
  },
  {
    "team": "LAR",
    "number": "",
    "name": "Nick Hampton31",
    "position": "LB",
    "height": "25",
    "weight": "6' 3\"",
    "age": "247 lbs",
    "college": "2",
    "playerId": "4360773",
    "profileUrl": "https://www.espn.com/nfl/player/_/id/4360773/nick-hampton",
    "headshot": "https://a.espncdn.com/combiner/i?img=/i/headshots/nfl/players/full/4360773.png",
    "birthdate": "Birthdate4/5/2000 (25)",
    "birthplace": null,
    "experience": null,
    "draftInfo": "Draft Info2023: Rd 5, Pk 161 (LAR)"
  },
  {
    "team": "LAR",
    "number": "",
    "name": "Brennan Jackson44",
    "position": "LB",
    "height": "24",
    "weight": "6' 4\"",
    "age": "263 lbs",
    "college": "R",
    "playerId": "4373471",
    "profileUrl": "https://www.espn.com/nfl/player/_/id/4373471/brennan-jackson",
    "headshot": "https://a.espncdn.com/combiner/i?img=/i/headshots/nfl/players/full/4373471.png",
    "birthdate": "Birthdate10/14/2000 (24)",
    "birthplace": null,
    "experience": null,
    "draftInfo": "Draft Info2024: Rd 5, Pk 154 (LAR)"
  },
  {
    "team": "LAR",
    "number": "",
    "name": "Nate Landman",
    "position": "LB",
    "height": "26",
    "weight": "6' 3\"",
    "age": "240 lbs",
    "college": "3",
    "playerId": "4243181",
    "profileUrl": "https://www.espn.com/nfl/player/_/id/4243181/nate-landman",
    "headshot": "https://a.espncdn.com/combiner/i?img=/i/headshots/nfl/players/full/4243181.png",
    "birthdate": "Birthdate11/19/1998 (26)",
    "birthplace": null,
    "experience": "Experience3rd Season",
    "draftInfo": null
  },
  {
    "team": "LAR",
    "number": "",
    "name": "Elias Neal58",
    "position": "LB",
    "height": "23",
    "weight": "6' 0\"",
    "age": "227 lbs",
    "college": "R",
    "playerId": "4428098",
    "profileUrl": "https://www.espn.com/nfl/player/_/id/4428098/elias-neal",
    "headshot": "https://a.espncdn.com/combiner/i?img=/i/headshots/nfl/players/full/4428098.png",
    "birthdate": "Birthdate9/11/2001 (23)",
    "birthplace": null,
    "experience": "ExperienceRookie",
    "draftInfo": null
  },
  {
    "team": "LAR",
    "number": "",
    "name": "Chris Paul Jr.",
    "position": "LB",
    "height": "22",
    "weight": "6' 1\"",
    "age": "235 lbs",
    "college": "R",
    "playerId": "4602943",
    "profileUrl": "https://www.espn.com/nfl/player/_/id/4602943/chris-paul-jr",
    "headshot": "https://a.espncdn.com/combiner/i?img=/i/headshots/nfl/players/full/4602943.png",
    "birthdate": "Birthdate11/4/2002 (22)",
    "birthplace": null,
    "experience": null,
    "draftInfo": "Draft Info2025: Rd 5, Pk 172 (LAR)"
  },
  {
    "team": "LAR",
    "number": "",
    "name": "Troy Reeder51",
    "position": "LB",
    "height": "30",
    "weight": "6' 3\"",
    "age": "228 lbs",
    "college": "6",
    "playerId": "3116177",
    "profileUrl": "https://www.espn.com/nfl/player/_/id/3116177/troy-reeder",
    "headshot": "https://a.espncdn.com/combiner/i?img=/i/headshots/nfl/players/full/3116177.png",
    "birthdate": "Birthdate9/13/1994 (30)",
    "birthplace": null,
    "experience": "Experience6th Season",
    "draftInfo": null
  },
  {
    "team": "LAR",
    "number": "",
    "name": "Omar Speights48",
    "position": "LB",
    "height": "24",
    "weight": "6' 1\"",
    "age": "228 lbs",
    "college": "R",
    "playerId": "4428550",
    "profileUrl": "https://www.espn.com/nfl/player/_/id/4428550/omar-speights",
    "headshot": "https://a.espncdn.com/combiner/i?img=/i/headshots/nfl/players/full/4428550.png",
    "birthdate": "Birthdate3/2/2001 (24)",
    "birthplace": null,
    "experience": "ExperienceRookie",
    "draftInfo": null
  },
  {
    "team": "LAR",
    "number": "",
    "name": "Josaiah Stewart",
    "position": "LB",
    "height": "22",
    "weight": "6' 1\"",
    "age": "245 lbs",
    "college": "R",
    "playerId": "4682983",
    "profileUrl": "https://www.espn.com/nfl/player/_/id/4682983/josaiah-stewart",
    "headshot": "https://a.espncdn.com/combiner/i?img=/i/headshots/nfl/players/full/4682983.png",
    "birthdate": "Birthdate4/26/2003 (22)",
    "birthplace": null,
    "experience": null,
    "draftInfo": "Draft Info2025: Rd 3, Pk 90 (LAR)"
  },
  {
    "team": "LAR",
    "number": "",
    "name": "Keir Thomas96",
    "position": "LB",
    "height": "27",
    "weight": "6' 2\"",
    "age": "260 lbs",
    "college": "3",
    "playerId": "4038843",
    "profileUrl": "https://www.espn.com/nfl/player/_/id/4038843/keir-thomas",
    "headshot": "https://a.espncdn.com/combiner/i?img=/i/headshots/nfl/players/full/4038843.png",
    "birthdate": "Birthdate1/25/1998 (27)",
    "birthplace": null,
    "experience": "Experience3rd Season",
    "draftInfo": null
  },
  {
    "team": "LAR",
    "number": "",
    "name": "Jared Verse8",
    "position": "LB",
    "height": "24",
    "weight": "6' 4\"",
    "age": "260 lbs",
    "college": "R",
    "playerId": "4578085",
    "profileUrl": "https://www.espn.com/nfl/player/_/id/4578085/jared-verse",
    "headshot": "https://a.espncdn.com/combiner/i?img=/i/headshots/nfl/players/full/4578085.png",
    "birthdate": "Birthdate11/4/2000 (24)",
    "birthplace": null,
    "experience": null,
    "draftInfo": "Draft Info2024: Rd 1, Pk 19 (LAR)"
  },
  {
    "team": "LAR",
    "number": "",
    "name": "Byron Young0",
    "position": "LB",
    "height": "27",
    "weight": "6' 2\"",
    "age": "258 lbs",
    "college": "2",
    "playerId": "4875196",
    "profileUrl": "https://www.espn.com/nfl/player/_/id/4875196/byron-young",
    "headshot": "https://a.espncdn.com/combiner/i?img=/i/headshots/nfl/players/full/4875196.png",
    "birthdate": "Birthdate3/13/1998 (27)",
    "birthplace": null,
    "experience": null,
    "draftInfo": "Draft Info2023: Rd 3, Pk 77 (LAR)"
  },
  {
    "team": "LAR",
    "number": "",
    "name": "Cobie Durant14",
    "position": "CB",
    "height": "27",
    "weight": "5' 11\"",
    "age": "182 lbs",
    "college": "3",
    "playerId": "4384549",
    "profileUrl": "https://www.espn.com/nfl/player/_/id/4384549/cobie-durant",
    "headshot": "https://a.espncdn.com/combiner/i?img=/i/headshots/nfl/players/full/4384549.png",
    "birthdate": "Birthdate2/9/1998 (27)",
    "birthplace": null,
    "experience": null,
    "draftInfo": "Draft Info2022: Rd 4, Pk 142 (LAR)"
  },
  {
    "team": "LAR",
    "number": "",
    "name": "Emmanuel Forbes Jr.25",
    "position": "CB",
    "height": "24",
    "weight": "6' 0\"",
    "age": "180 lbs",
    "college": "2",
    "playerId": "4429767",
    "profileUrl": "https://www.espn.com/nfl/player/_/id/4429767/emmanuel-forbes-jr",
    "headshot": "https://a.espncdn.com/combiner/i?img=/i/headshots/nfl/players/full/4429767.png",
    "birthdate": "Birthdate1/13/2001 (24)",
    "birthplace": null,
    "experience": null,
    "draftInfo": "Draft Info2023: Rd 1, Pk 16 (WSH)"
  },
  {
    "team": "LAR",
    "number": "",
    "name": "A.J. Green III27",
    "position": "CB",
    "height": "26",
    "weight": "6' 2\"",
    "age": "198 lbs",
    "college": "3",
    "playerId": "4038437",
    "profileUrl": "https://www.espn.com/nfl/player/_/id/4038437/aj-green-iii",
    "headshot": "https://a.espncdn.com/combiner/i?img=/i/headshots/nfl/players/full/4038437.png",
    "birthdate": "Birthdate6/9/1998 (26)",
    "birthplace": null,
    "experience": "Experience3rd Season",
    "draftInfo": null
  },
  {
    "team": "LAR",
    "number": "",
    "name": "Shaun Jolly38",
    "position": "CB",
    "height": "26",
    "weight": "5' 9\"",
    "age": "186 lbs",
    "college": "3",
    "playerId": "4241008",
    "profileUrl": "https://www.espn.com/nfl/player/_/id/4241008/shaun-jolly",
    "headshot": "https://a.espncdn.com/combiner/i?img=/i/headshots/nfl/players/full/4241008.png",
    "birthdate": "Birthdate10/17/1998 (26)",
    "birthplace": null,
    "experience": "Experience3rd Season",
    "draftInfo": null
  },
  {
    "team": "LAR",
    "number": "",
    "name": "Derion Kendrick1",
    "position": "CB",
    "height": "24",
    "weight": "6' 0\"",
    "age": "199 lbs",
    "college": "3",
    "playerId": "4360307",
    "profileUrl": "https://www.espn.com/nfl/player/_/id/4360307/derion-kendrick",
    "headshot": "https://a.espncdn.com/combiner/i?img=/i/headshots/nfl/players/full/4360307.png",
    "birthdate": "Birthdate8/24/2000 (24)",
    "birthplace": null,
    "experience": null,
    "draftInfo": "Draft Info2022: Rd 6, Pk 212 (LAR)"
  },
  {
    "team": "LAR",
    "number": "",
    "name": "Cam Lampkin33",
    "position": "CB",
    "height": "23",
    "weight": "5' 11\"",
    "age": "176 lbs",
    "college": "R",
    "playerId": "4427752",
    "profileUrl": "https://www.espn.com/nfl/player/_/id/4427752/cam-lampkin",
    "headshot": "https://a.espncdn.com/combiner/i?img=/i/headshots/nfl/players/full/4427752.png",
    "birthdate": "Birthdate7/31/2001 (23)",
    "birthplace": null,
    "experience": "ExperienceRookie",
    "draftInfo": null
  },
  {
    "team": "LAR",
    "number": "",
    "name": "Josh Wallace30",
    "position": "CB",
    "height": "24",
    "weight": "6' 0\"",
    "age": "189 lbs",
    "college": "R",
    "playerId": "4572371",
    "profileUrl": "https://www.espn.com/nfl/player/_/id/4572371/josh-wallace",
    "headshot": "https://a.espncdn.com/combiner/i?img=/i/headshots/nfl/players/full/4572371.png",
    "birthdate": "Birthdate7/5/2000 (24)",
    "birthplace": null,
    "experience": "ExperienceRookie",
    "draftInfo": null
  },
  {
    "team": "LAR",
    "number": "",
    "name": "Darious Williams24",
    "position": "CB",
    "height": "32",
    "weight": "5' 9\"",
    "age": "192 lbs",
    "college": "7",
    "playerId": "4239833",
    "profileUrl": "https://www.espn.com/nfl/player/_/id/4239833/darious-williams",
    "headshot": "https://a.espncdn.com/combiner/i?img=/i/headshots/nfl/players/full/4239833.png",
    "birthdate": "Birthdate3/15/1993 (32)",
    "birthplace": null,
    "experience": "Experience7th Season",
    "draftInfo": null
  },
  {
    "team": "LAR",
    "number": "",
    "name": "Ahkello Witherspoon4",
    "position": "CB",
    "height": "30",
    "weight": "6' 2\"",
    "age": "195 lbs",
    "college": "8",
    "playerId": "3122630",
    "profileUrl": "https://www.espn.com/nfl/player/_/id/3122630/ahkello-witherspoon",
    "headshot": "https://a.espncdn.com/combiner/i?img=/i/headshots/nfl/players/full/3122630.png",
    "birthdate": "Birthdate3/21/1995 (30)",
    "birthplace": null,
    "experience": null,
    "draftInfo": "Draft Info2017: Rd 3, Pk 66 (SF)"
  },
  {
    "team": "LAR",
    "number": "",
    "name": "Charles Woods21",
    "position": "CB",
    "height": "24",
    "weight": "5' 11\"",
    "age": "185 lbs",
    "college": "R",
    "playerId": "4368113",
    "profileUrl": "https://www.espn.com/nfl/player/_/id/4368113/charles-woods",
    "headshot": "https://a.espncdn.com/combiner/i?img=/i/headshots/nfl/players/full/4368113.png",
    "birthdate": "Birthdate6/17/2000 (24)",
    "birthplace": null,
    "experience": "ExperienceRookie",
    "draftInfo": null
  },
  {
    "team": "LAR",
    "number": "",
    "name": "Kamren Curl3",
    "position": "S",
    "height": "26",
    "weight": "6' 2\"",
    "age": "205 lbs",
    "college": "5",
    "playerId": "4242154",
    "profileUrl": "https://www.espn.com/nfl/player/_/id/4242154/kamren-curl",
    "headshot": "https://a.espncdn.com/combiner/i?img=/i/headshots/nfl/players/full/4242154.png",
    "birthdate": "Birthdate3/31/1999 (26)",
    "birthplace": null,
    "experience": null,
    "draftInfo": "Draft Info2020: Rd 7, Pk 216 (WSH)"
  },
  {
    "team": "LAR",
    "number": "",
    "name": "Malik Dixon-Williams",
    "position": "S",
    "height": "--",
    "weight": "6' 1\"",
    "age": "200 lbs",
    "college": "R",
    "playerId": "4569006",
    "profileUrl": "https://www.espn.com/nfl/player/_/id/4569006/malik-dixon-williams",
    "headshot": "https://a.espncdn.com/combiner/i?img=/i/headshots/college-football/players/full/4569006.png",
    "birthdate": null,
    "birthplace": "BirthplaceOrlando, FL",
    "experience": "ExperienceRookie",
    "draftInfo": null
  },
  {
    "team": "LAR",
    "number": "",
    "name": "Tanner Ingle34",
    "position": "S",
    "height": "25",
    "weight": "5' 8\"",
    "age": "195 lbs",
    "college": "1",
    "playerId": "4361651",
    "profileUrl": "https://www.espn.com/nfl/player/_/id/4361651/tanner-ingle",
    "headshot": "https://a.espncdn.com/combiner/i?img=/i/headshots/nfl/players/full/4361651.png",
    "birthdate": "Birthdate10/29/1999 (25)",
    "birthplace": null,
    "experience": "Experience1st Season",
    "draftInfo": null
  },
  {
    "team": "LAR",
    "number": "",
    "name": "Kamren Kinchens26",
    "position": "S",
    "height": "22",
    "weight": "5' 11\"",
    "age": "207 lbs",
    "college": "R",
    "playerId": "4596363",
    "profileUrl": "https://www.espn.com/nfl/player/_/id/4596363/kamren-kinchens",
    "headshot": "https://a.espncdn.com/combiner/i?img=/i/headshots/nfl/players/full/4596363.png",
    "birthdate": "Birthdate9/29/2002 (22)",
    "birthplace": null,
    "experience": null,
    "draftInfo": "Draft Info2024: Rd 3, Pk 99 (LAR)"
  },
  {
    "team": "LAR",
    "number": "",
    "name": "Quentin Lake37",
    "position": "S",
    "height": "26",
    "weight": "6' 1\"",
    "age": "196 lbs",
    "college": "3",
    "playerId": "4249128",
    "profileUrl": "https://www.espn.com/nfl/player/_/id/4249128/quentin-lake",
    "headshot": "https://a.espncdn.com/combiner/i?img=/i/headshots/nfl/players/full/4249128.png",
    "birthdate": "Birthdate1/29/1999 (26)",
    "birthplace": null,
    "experience": null,
    "draftInfo": "Draft Info2022: Rd 6, Pk 211 (LAR)"
  },
  {
    "team": "LAR",
    "number": "",
    "name": "Jaylen McCollough39",
    "position": "S",
    "height": "24",
    "weight": "6' 0\"",
    "age": "202 lbs",
    "college": "R",
    "playerId": "4427120",
    "profileUrl": "https://www.espn.com/nfl/player/_/id/4427120/jaylen-mccollough",
    "headshot": "https://a.espncdn.com/combiner/i?img=/i/headshots/nfl/players/full/4427120.png",
    "birthdate": "Birthdate10/12/2000 (24)",
    "birthplace": null,
    "experience": "ExperienceRookie",
    "draftInfo": null
  },
  {
    "team": "LAR",
    "number": "",
    "name": "Nate Valcarcel",
    "position": "S",
    "height": "--",
    "weight": "6' 1\"",
    "age": "192 lbs",
    "college": "R",
    "playerId": "4695781",
    "profileUrl": "https://www.espn.com/nfl/player/_/id/4695781/nate-valcarcel",
    "headshot": "https://a.espncdn.com/combiner/i?img=/i/headshots/college-football/players/full/4695781.png",
    "birthdate": null,
    "birthplace": "BirthplaceGreenfield, WI",
    "experience": "ExperienceRookie",
    "draftInfo": null
  },
  {
    "team": "LAR",
    "number": "",
    "name": "Joshua Karty16",
    "position": "PK",
    "height": "23",
    "weight": "6' 2\"",
    "age": "207 lbs",
    "college": "R",
    "playerId": "4566192",
    "profileUrl": "https://www.espn.com/nfl/player/_/id/4566192/joshua-karty",
    "headshot": "https://a.espncdn.com/combiner/i?img=/i/headshots/nfl/players/full/4566192.png",
    "birthdate": "Birthdate3/7/2002 (23)",
    "birthplace": null,
    "experience": null,
    "draftInfo": "Draft Info2024: Rd 6, Pk 209 (LAR)"
  },
  {
    "team": "LAR",
    "number": "",
    "name": "Ethan Evans42",
    "position": "P",
    "height": "23",
    "weight": "6' 3\"",
    "age": "250 lbs",
    "college": "2",
    "playerId": "5125875",
    "profileUrl": "https://www.espn.com/nfl/player/_/id/5125875/ethan-evans",
    "headshot": "https://a.espncdn.com/combiner/i?img=/i/headshots/nfl/players/full/5125875.png",
    "birthdate": "Birthdate7/19/2001 (23)",
    "birthplace": null,
    "experience": null,
    "draftInfo": "Draft Info2023: Rd 7, Pk 223 (LAR)"
  },
  {
    "team": "LAR",
    "number": "",
    "name": "Alex Ward47",
    "position": "LS",
    "height": "26",
    "weight": "6' 4\"",
    "age": "241 lbs",
    "college": "2",
    "playerId": "4243545",
    "profileUrl": "https://www.espn.com/nfl/player/_/id/4243545/alex-ward",
    "headshot": "https://a.espncdn.com/combiner/i?img=/i/headshots/nfl/players/full/4243545.png",
    "birthdate": "Birthdate4/22/1999 (26)",
    "birthplace": null,
    "experience": "Experience2nd Season",
    "draftInfo": null
  }
]