[
  {
    "team": "LV",
    "number": "",
    "name": "Carter Bradley14",
    "position": "QB",
    "height": "25",
    "weight": "6' 3\"",
    "age": "213 lbs",
    "college": "R",
    "playerId": "4362260",
    "profileUrl": "https://www.espn.com/nfl/player/_/id/4362260/carter-bradley",
    "headshot": "https://a.espncdn.com/combiner/i?img=/i/headshots/nfl/players/full/4362260.png",
    "birthdate": "Birthdate3/9/2000 (25)",
    "birthplace": null,
    "experience": "ExperienceRookie",
    "draftInfo": null
  },
  {
    "team": "LV",
    "number": "",
    "name": "Cam Miller",
    "position": "QB",
    "height": "23",
    "weight": "6' 1\"",
    "age": "212 lbs",
    "college": "R",
    "playerId": "4693331",
    "profileUrl": "https://www.espn.com/nfl/player/_/id/4693331/cam-miller",
    "headshot": "https://a.espncdn.com/combiner/i?img=/i/headshots/nfl/players/full/4693331.png",
    "birthdate": "Birthdate6/18/2001 (23)",
    "birthplace": null,
    "experience": null,
    "draftInfo": "Draft Info2025: Rd 6, Pk 215 (LV)"
  },
  {
    "team": "LV",
    "number": "",
    "name": "Aidan O'Connell12",
    "position": "QB",
    "height": "26",
    "weight": "6' 3\"",
    "age": "210 lbs",
    "college": "2",
    "playerId": "4260394",
    "profileUrl": "https://www.espn.com/nfl/player/_/id/4260394/aidan-oconnell",
    "headshot": "https://a.espncdn.com/combiner/i?img=/i/headshots/nfl/players/full/4260394.png",
    "birthdate": "Birthdate9/1/1998 (26)",
    "birthplace": null,
    "experience": null,
    "draftInfo": "Draft Info2023: Rd 4, Pk 135 (LV)"
  },
  {
    "team": "LV",
    "number": "",
    "name": "Geno Smith",
    "position": "QB",
    "height": "34",
    "weight": "6' 3\"",
    "age": "221 lbs",
    "college": "12",
    "playerId": "15864",
    "profileUrl": "https://www.espn.com/nfl/player/_/id/15864/geno-smith",
    "headshot": "https://a.espncdn.com/combiner/i?img=/i/headshots/nfl/players/full/15864.png",
    "birthdate": "Birthdate10/10/1990 (34)",
    "birthplace": null,
    "experience": null,
    "draftInfo": "Draft Info2013: Rd 2, Pk 39 (NYJ)"
  },
  {
    "team": "LV",
    "number": "",
    "name": "Chris Collier33",
    "position": "RB",
    "height": "25",
    "weight": "5' 11\"",
    "age": "210 lbs",
    "college": "R",
    "playerId": "4698191",
    "profileUrl": "https://www.espn.com/nfl/player/_/id/4698191/chris-collier",
    "headshot": "https://a.espncdn.com/combiner/i?img=/i/headshots/nfl/players/full/4698191.png",
    "birthdate": "Birthdate3/24/2000 (25)",
    "birthplace": null,
    "experience": "ExperienceRookie",
    "draftInfo": null
  },
  {
    "team": "LV",
    "number": "",
    "name": "Ashton Jeanty",
    "position": "RB",
    "height": "21",
    "weight": "5' 9\"",
    "age": "215 lbs",
    "college": "R",
    "playerId": "4890973",
    "profileUrl": "https://www.espn.com/nfl/player/_/id/4890973/ashton-jeanty",
    "headshot": "https://a.espncdn.com/combiner/i?img=/i/headshots/nfl/players/full/4890973.png",
    "birthdate": "Birthdate12/2/2003 (21)",
    "birthplace": null,
    "experience": null,
    "draftInfo": "Draft Info2025: Rd 1, Pk 6 (LV)"
  },
  {
    "team": "LV",
    "number": "",
    "name": "Dylan Laube23",
    "position": "RB",
    "height": "25",
    "weight": "5' 10\"",
    "age": "208 lbs",
    "college": "R",
    "playerId": "4366963",
    "profileUrl": "https://www.espn.com/nfl/player/_/id/4366963/dylan-laube",
    "headshot": "https://a.espncdn.com/combiner/i?img=/i/headshots/nfl/players/full/4366963.png",
    "birthdate": "Birthdate12/14/1999 (25)",
    "birthplace": null,
    "experience": null,
    "draftInfo": "Draft Info2024: Rd 6, Pk 208 (LV)"
  },
  {
    "team": "LV",
    "number": "",
    "name": "Sincere McCormick28",
    "position": "RB",
    "height": "24",
    "weight": "5' 9\"",
    "age": "205 lbs",
    "college": "2",
    "playerId": "4430104",
    "profileUrl": "https://www.espn.com/nfl/player/_/id/4430104/sincere-mccormick",
    "headshot": "https://a.espncdn.com/combiner/i?img=/i/headshots/nfl/players/full/4430104.png",
    "birthdate": "Birthdate9/10/2000 (24)",
    "birthplace": null,
    "experience": "Experience2nd Season",
    "draftInfo": null
  },
  {
    "team": "LV",
    "number": "",
    "name": "Raheem Mostert",
    "position": "RB",
    "height": "33",
    "weight": "5' 10\"",
    "age": "205 lbs",
    "college": "10",
    "playerId": "2576414",
    "profileUrl": "https://www.espn.com/nfl/player/_/id/2576414/raheem-mostert",
    "headshot": "https://a.espncdn.com/combiner/i?img=/i/headshots/nfl/players/full/2576414.png",
    "birthdate": "Birthdate4/9/1992 (33)",
    "birthplace": null,
    "experience": "Experience10th Season",
    "draftInfo": null
  },
  {
    "team": "LV",
    "number": "",
    "name": "Zamir White3",
    "position": "RB",
    "height": "25",
    "weight": "6' 0\"",
    "age": "215 lbs",
    "college": "3",
    "playerId": "4361777",
    "profileUrl": "https://www.espn.com/nfl/player/_/id/4361777/zamir-white",
    "headshot": "https://a.espncdn.com/combiner/i?img=/i/headshots/nfl/players/full/4361777.png",
    "birthdate": "Birthdate9/18/1999 (25)",
    "birthplace": null,
    "experience": null,
    "draftInfo": "Draft Info2022: Rd 4, Pk 122 (LV)"
  },
  {
    "team": "LV",
    "number": "",
    "name": "Alex Bachman81",
    "position": "WR",
    "height": "28",
    "weight": "6' 0\"",
    "age": "190 lbs",
    "college": "1",
    "playerId": "3919510",
    "profileUrl": "https://www.espn.com/nfl/player/_/id/3919510/alex-bachman",
    "headshot": "https://a.espncdn.com/combiner/i?img=/i/headshots/nfl/players/full/3919510.png",
    "birthdate": "Birthdate5/29/1996 (28)",
    "birthplace": null,
    "experience": "Experience1st Season",
    "draftInfo": null
  },
  {
    "team": "LV",
    "number": "",
    "name": "Jack Bech",
    "position": "WR",
    "height": "22",
    "weight": "6' 2\"",
    "age": "215 lbs",
    "college": "R",
    "playerId": "4603186",
    "profileUrl": "https://www.espn.com/nfl/player/_/id/4603186/jack-bech",
    "headshot": "https://a.espncdn.com/combiner/i?img=/i/headshots/nfl/players/full/4603186.png",
    "birthdate": "Birthdate12/18/2002 (22)",
    "birthplace": null,
    "experience": null,
    "draftInfo": "Draft Info2025: Rd 2, Pk 58 (LV)"
  },
  {
    "team": "LV",
    "number": "",
    "name": "Zakhari Franklin",
    "position": "WR",
    "height": "--",
    "weight": "6' 1\"",
    "age": "190 lbs",
    "college": "R",
    "playerId": "4427225",
    "profileUrl": "https://www.espn.com/nfl/player/_/id/4427225/zakhari-franklin",
    "headshot": "https://a.espncdn.com/combiner/i?img=/i/headshots/college-football/players/full/4427225.png",
    "birthdate": null,
    "birthplace": "BirthplaceCedar Hill, TX",
    "experience": "ExperienceRookie",
    "draftInfo": null
  },
  {
    "team": "LV",
    "number": "",
    "name": "Shedrick Jackson4",
    "position": "WR",
    "height": "25",
    "weight": "6' 1\"",
    "age": "200 lbs",
    "college": "1",
    "playerId": "4361332",
    "profileUrl": "https://www.espn.com/nfl/player/_/id/4361332/shedrick-jackson",
    "headshot": "https://a.espncdn.com/combiner/i?img=/i/headshots/nfl/players/full/4361332.png",
    "birthdate": "Birthdate10/20/1999 (25)",
    "birthplace": null,
    "experience": "Experience1st Season",
    "draftInfo": null
  },
  {
    "team": "LV",
    "number": "",
    "name": "Ketron Jackson Jr.",
    "position": "WR",
    "height": "--",
    "weight": "6' 3\"",
    "age": "205 lbs",
    "college": "R",
    "playerId": "4431389",
    "profileUrl": "https://www.espn.com/nfl/player/_/id/4431389/ketron-jackson-jr",
    "headshot": "https://a.espncdn.com/combiner/i?img=/i/headshots/college-football/players/full/4431389.png",
    "birthdate": null,
    "birthplace": "BirthplaceRoyse City, TX",
    "experience": "ExperienceRookie",
    "draftInfo": null
  },
  {
    "team": "LV",
    "number": "",
    "name": "Collin Johnson",
    "position": "WR",
    "height": "27",
    "weight": "6' 6\"",
    "age": "222 lbs",
    "college": "4",
    "playerId": "4039043",
    "profileUrl": "https://www.espn.com/nfl/player/_/id/4039043/collin-johnson",
    "headshot": "https://a.espncdn.com/combiner/i?img=/i/headshots/nfl/players/full/4039043.png",
    "birthdate": "Birthdate9/23/1997 (27)",
    "birthplace": null,
    "experience": null,
    "draftInfo": "Draft Info2020: Rd 5, Pk 165 (JAX)"
  },
  {
    "team": "LV",
    "number": "",
    "name": "Tommy Mellott",
    "position": "WR",
    "height": "--",
    "weight": "6' 0\"",
    "age": "208 lbs",
    "college": "R",
    "playerId": "4775196",
    "profileUrl": "https://www.espn.com/nfl/player/_/id/4775196/tommy-mellott",
    "headshot": "https://a.espncdn.com/combiner/i?img=/i/headshots/nfl/players/full/4775196.png",
    "birthdate": null,
    "birthplace": null,
    "experience": "ExperienceRookie",
    "draftInfo": "Draft Info2025: Rd 6, Pk 213 (LV)"
  },
  {
    "team": "LV",
    "number": "",
    "name": "Jakobi Meyers16",
    "position": "WR",
    "height": "28",
    "weight": "6' 2\"",
    "age": "200 lbs",
    "college": "6",
    "playerId": "3916433",
    "profileUrl": "https://www.espn.com/nfl/player/_/id/3916433/jakobi-meyers",
    "headshot": "https://a.espncdn.com/combiner/i?img=/i/headshots/nfl/players/full/3916433.png",
    "birthdate": "Birthdate11/9/1996 (28)",
    "birthplace": null,
    "experience": "Experience6th Season",
    "draftInfo": null
  },
  {
    "team": "LV",
    "number": "",
    "name": "Kyle Philips",
    "position": "WR",
    "height": "25",
    "weight": "5' 11\"",
    "age": "189 lbs",
    "college": "3",
    "playerId": "4367175",
    "profileUrl": "https://www.espn.com/nfl/player/_/id/4367175/kyle-philips",
    "headshot": "https://a.espncdn.com/combiner/i?img=/i/headshots/nfl/players/full/4367175.png",
    "birthdate": "Birthdate6/17/1999 (25)",
    "birthplace": null,
    "experience": null,
    "draftInfo": "Draft Info2022: Rd 5, Pk 163 (TEN)"
  },
  {
    "team": "LV",
    "number": "",
    "name": "Key'Shawn Smith",
    "position": "WR",
    "height": "--",
    "weight": "6' 1\"",
    "age": "191 lbs",
    "college": "R",
    "playerId": "4607419",
    "profileUrl": "https://www.espn.com/nfl/player/_/id/4607419/keyshawn-smith",
    "headshot": "https://a.espncdn.com/combiner/i?img=/i/headshots/college-football/players/full/4607419.png",
    "birthdate": null,
    "birthplace": "BirthplaceSan Diego, CA",
    "experience": "ExperienceRookie",
    "draftInfo": null
  },
  {
    "team": "LV",
    "number": "",
    "name": "Dont'e Thornton Jr.",
    "position": "WR",
    "height": "22",
    "weight": "6' 5\"",
    "age": "214 lbs",
    "college": "R",
    "playerId": "4432775",
    "profileUrl": "https://www.espn.com/nfl/player/_/id/4432775/donte-thornton-jr",
    "headshot": "https://a.espncdn.com/combiner/i?img=/i/headshots/nfl/players/full/4432775.png",
    "birthdate": "Birthdate11/30/2002 (22)",
    "birthplace": null,
    "experience": null,
    "draftInfo": "Draft Info2025: Rd 4, Pk 108 (LV)"
  },
  {
    "team": "LV",
    "number": "",
    "name": "Tre Tucker11",
    "position": "WR",
    "height": "24",
    "weight": "5' 9\"",
    "age": "185 lbs",
    "college": "2",
    "playerId": "4428718",
    "profileUrl": "https://www.espn.com/nfl/player/_/id/4428718/tre-tucker",
    "headshot": "https://a.espncdn.com/combiner/i?img=/i/headshots/nfl/players/full/4428718.png",
    "birthdate": "Birthdate3/8/2001 (24)",
    "birthplace": null,
    "experience": null,
    "draftInfo": "Draft Info2023: Rd 3, Pk 100 (LV)"
  },
  {
    "team": "LV",
    "number": "",
    "name": "Brock Bowers89",
    "position": "TE",
    "height": "22",
    "weight": "6' 4\"",
    "age": "230 lbs",
    "college": "R",
    "playerId": "4432665",
    "profileUrl": "https://www.espn.com/nfl/player/_/id/4432665/brock-bowers",
    "headshot": "https://a.espncdn.com/combiner/i?img=/i/headshots/nfl/players/full/4432665.png",
    "birthdate": "Birthdate12/13/2002 (22)",
    "birthplace": null,
    "experience": null,
    "draftInfo": "Draft Info2024: Rd 1, Pk 13 (LV)"
  },
  {
    "team": "LV",
    "number": "",
    "name": "Pat Conroy",
    "position": "TE",
    "height": "--",
    "weight": "6' 2\"",
    "age": "235 lbs",
    "college": "R",
    "playerId": "4579667",
    "profileUrl": "https://www.espn.com/nfl/player/_/id/4579667/pat-conroy",
    "headshot": "https://a.espncdn.com/combiner/i?img=/i/headshots/college-football/players/full/4579667.png",
    "birthdate": null,
    "birthplace": "BirthplaceReading, MA",
    "experience": "ExperienceRookie",
    "draftInfo": null
  },
  {
    "team": "LV",
    "number": "",
    "name": "Qadir Ismail",
    "position": "TE",
    "height": "25",
    "weight": "6' 6\"",
    "age": "232 lbs",
    "college": "R",
    "playerId": "4379769",
    "profileUrl": "https://www.espn.com/nfl/player/_/id/4379769/qadir-ismail",
    "headshot": "https://a.espncdn.com/combiner/i?img=/i/headshots/nfl/players/full/4379769.png",
    "birthdate": "Birthdate2/17/2000 (25)",
    "birthplace": null,
    "experience": "ExperienceRookie",
    "draftInfo": null
  },
  {
    "team": "LV",
    "number": "",
    "name": "Michael Mayer87",
    "position": "TE",
    "height": "23",
    "weight": "6' 4\"",
    "age": "265 lbs",
    "college": "2",
    "playerId": "4429086",
    "profileUrl": "https://www.espn.com/nfl/player/_/id/4429086/michael-mayer",
    "headshot": "https://a.espncdn.com/combiner/i?img=/i/headshots/nfl/players/full/4429086.png",
    "birthdate": "Birthdate7/6/2001 (23)",
    "birthplace": null,
    "experience": null,
    "draftInfo": "Draft Info2023: Rd 2, Pk 35 (LV)"
  },
  {
    "team": "LV",
    "number": "",
    "name": "Carter Runyon",
    "position": "TE",
    "height": "--",
    "weight": "6' 6\"",
    "age": "235 lbs",
    "college": "R",
    "playerId": "5155825",
    "profileUrl": "https://www.espn.com/nfl/player/_/id/5155825/carter-runyon",
    "headshot": "https://a.espncdn.com/combiner/i?img=/i/teamlogos/nfl/500/lv.png",
    "birthdate": null,
    "birthplace": "BirthplaceFairfax, VA",
    "experience": "ExperienceRookie",
    "draftInfo": null
  },
  {
    "team": "LV",
    "number": "",
    "name": "Justin Shorter88",
    "position": "TE",
    "height": "25",
    "weight": "6' 5\"",
    "age": "228 lbs",
    "college": "2",
    "playerId": "4361426",
    "profileUrl": "https://www.espn.com/nfl/player/_/id/4361426/justin-shorter",
    "headshot": "https://a.espncdn.com/combiner/i?img=/i/headshots/nfl/players/full/4361426.png",
    "birthdate": "Birthdate4/17/2000 (25)",
    "birthplace": null,
    "experience": null,
    "draftInfo": "Draft Info2023: Rd 5, Pk 150 (BUF)"
  },
  {
    "team": "LV",
    "number": "",
    "name": "Ian Thomas",
    "position": "TE",
    "height": "28",
    "weight": "6' 4\"",
    "age": "260 lbs",
    "college": "7",
    "playerId": "4045305",
    "profileUrl": "https://www.espn.com/nfl/player/_/id/4045305/ian-thomas",
    "headshot": "https://a.espncdn.com/combiner/i?img=/i/headshots/nfl/players/full/4045305.png",
    "birthdate": "Birthdate6/6/1996 (28)",
    "birthplace": null,
    "experience": null,
    "draftInfo": "Draft Info2018: Rd 4, Pk 101 (CAR)"
  },
  {
    "team": "LV",
    "number": "",
    "name": "Will Putnam67",
    "position": "C",
    "height": "24",
    "weight": "6' 4\"",
    "age": "301 lbs",
    "college": "R",
    "playerId": "4426393",
    "profileUrl": "https://www.espn.com/nfl/player/_/id/4426393/will-putnam",
    "headshot": "https://a.espncdn.com/combiner/i?img=/i/headshots/nfl/players/full/4426393.png",
    "birthdate": "Birthdate8/13/2000 (24)",
    "birthplace": null,
    "experience": "ExperienceRookie",
    "draftInfo": null
  },
  {
    "team": "LV",
    "number": "",
    "name": "Alex Cappa",
    "position": "G",
    "height": "30",
    "weight": "6' 6\"",
    "age": "312 lbs",
    "college": "7",
    "playerId": "3059021",
    "profileUrl": "https://www.espn.com/nfl/player/_/id/3059021/alex-cappa",
    "headshot": "https://a.espncdn.com/combiner/i?img=/i/headshots/nfl/players/full/3059021.png",
    "birthdate": "Birthdate1/27/1995 (30)",
    "birthplace": null,
    "experience": null,
    "draftInfo": "Draft Info2018: Rd 3, Pk 94 (TB)"
  },
  {
    "team": "LV",
    "number": "",
    "name": "Jordan Meredith61",
    "position": "G",
    "height": "27",
    "weight": "6' 2\"",
    "age": "300 lbs",
    "college": "2",
    "playerId": "4076803",
    "profileUrl": "https://www.espn.com/nfl/player/_/id/4076803/jordan-meredith",
    "headshot": "https://a.espncdn.com/combiner/i?img=/i/headshots/nfl/players/full/4076803.png",
    "birthdate": "Birthdate1/4/1998 (27)",
    "birthplace": null,
    "experience": "Experience2nd Season",
    "draftInfo": null
  },
  {
    "team": "LV",
    "number": "",
    "name": "Dylan Parham66",
    "position": "G",
    "height": "25",
    "weight": "6' 3\"",
    "age": "285 lbs",
    "college": "3",
    "playerId": "4243375",
    "profileUrl": "https://www.espn.com/nfl/player/_/id/4243375/dylan-parham",
    "headshot": "https://a.espncdn.com/combiner/i?img=/i/headshots/nfl/players/full/4243375.png",
    "birthdate": "Birthdate8/24/1999 (25)",
    "birthplace": null,
    "experience": null,
    "draftInfo": "Draft Info2022: Rd 3, Pk 90 (LV)"
  },
  {
    "team": "LV",
    "number": "",
    "name": "Jackson Powers-Johnson58",
    "position": "G",
    "height": "22",
    "weight": "6' 3\"",
    "age": "334 lbs",
    "college": "R",
    "playerId": "4875295",
    "profileUrl": "https://www.espn.com/nfl/player/_/id/4875295/jackson-powers-johnson",
    "headshot": "https://a.espncdn.com/combiner/i?img=/i/headshots/nfl/players/full/4875295.png",
    "birthdate": "Birthdate1/23/2003 (22)",
    "birthplace": null,
    "experience": null,
    "draftInfo": "Draft Info2024: Rd 2, Pk 44 (LV)"
  },
  {
    "team": "LV",
    "number": "",
    "name": "Parker Clements",
    "position": "OL",
    "height": "--",
    "weight": "6' 7\"",
    "age": "300 lbs",
    "college": "R",
    "playerId": "4431023",
    "profileUrl": "https://www.espn.com/nfl/player/_/id/4431023/parker-clements",
    "headshot": "https://a.espncdn.com/combiner/i?img=/i/headshots/college-football/players/full/4431023.png",
    "birthdate": null,
    "birthplace": "BirthplaceLugoff, SC",
    "experience": "ExperienceRookie",
    "draftInfo": null
  },
  {
    "team": "LV",
    "number": "",
    "name": "Jarrod Hufford",
    "position": "OL",
    "height": "--",
    "weight": "6' 5\"",
    "age": "320 lbs",
    "college": "R",
    "playerId": "4429871",
    "profileUrl": "https://www.espn.com/nfl/player/_/id/4429871/jarrod-hufford",
    "headshot": "https://a.espncdn.com/combiner/i?img=/i/headshots/college-football/players/full/4429871.png",
    "birthdate": null,
    "birthplace": "BirthplaceNewark, OH",
    "experience": "ExperienceRookie",
    "draftInfo": null
  },
  {
    "team": "LV",
    "number": "",
    "name": "Gottlieb Ayedze72",
    "position": "OT",
    "height": "25",
    "weight": "6' 4\"",
    "age": "309 lbs",
    "college": "R",
    "playerId": "5145719",
    "profileUrl": "https://www.espn.com/nfl/player/_/id/5145719/gottlieb-ayedze",
    "headshot": "https://a.espncdn.com/combiner/i?img=/i/headshots/nfl/players/full/5145719.png",
    "birthdate": "Birthdate4/10/2000 (25)",
    "birthplace": null,
    "experience": "ExperienceRookie",
    "draftInfo": null
  },
  {
    "team": "LV",
    "number": "",
    "name": "DJ Glaze71",
    "position": "OT",
    "height": "22",
    "weight": "6' 4\"",
    "age": "323 lbs",
    "college": "R",
    "playerId": "4606683",
    "profileUrl": "https://www.espn.com/nfl/player/_/id/4606683/dj-glaze",
    "headshot": "https://a.espncdn.com/combiner/i?img=/i/headshots/nfl/players/full/4606683.png",
    "birthdate": "Birthdate8/4/2002 (22)",
    "birthplace": null,
    "experience": null,
    "draftInfo": "Draft Info2024: Rd 3, Pk 77 (LV)"
  },
  {
    "team": "LV",
    "number": "",
    "name": "Charles Grant",
    "position": "OT",
    "height": "23",
    "weight": "6' 4\"",
    "age": "300 lbs",
    "college": "R",
    "playerId": "4694505",
    "profileUrl": "https://www.espn.com/nfl/player/_/id/4694505/charles-grant",
    "headshot": "https://a.espncdn.com/combiner/i?img=/i/headshots/nfl/players/full/4694505.png",
    "birthdate": "Birthdate3/22/2002 (23)",
    "birthplace": null,
    "experience": null,
    "draftInfo": "Draft Info2025: Rd 3, Pk 99 (LV)"
  },
  {
    "team": "LV",
    "number": "",
    "name": "Kolton Miller74",
    "position": "OT",
    "height": "29",
    "weight": "6' 8\"",
    "age": "325 lbs",
    "college": "7",
    "playerId": "3134312",
    "profileUrl": "https://www.espn.com/nfl/player/_/id/3134312/kolton-miller",
    "headshot": "https://a.espncdn.com/combiner/i?img=/i/headshots/nfl/players/full/3134312.png",
    "birthdate": "Birthdate9/2/1995 (29)",
    "birthplace": null,
    "experience": null,
    "draftInfo": "Draft Info2018: Rd 1, Pk 15 (OAK)"
  },
  {
    "team": "LV",
    "number": "",
    "name": "Thayer Munford Jr.77",
    "position": "OT",
    "height": "25",
    "weight": "6' 6\"",
    "age": "315 lbs",
    "college": "3",
    "playerId": "4242001",
    "profileUrl": "https://www.espn.com/nfl/player/_/id/4242001/thayer-munford-jr",
    "headshot": "https://a.espncdn.com/combiner/i?img=/i/headshots/nfl/players/full/4242001.png",
    "birthdate": "Birthdate9/18/1999 (25)",
    "birthplace": null,
    "experience": null,
    "draftInfo": "Draft Info2022: Rd 7, Pk 238 (LV)"
  },
  {
    "team": "LV",
    "number": "",
    "name": "Caleb Rogers",
    "position": "OT",
    "height": "23",
    "weight": "6' 5\"",
    "age": "310 lbs",
    "college": "R",
    "playerId": "4433889",
    "profileUrl": "https://www.espn.com/nfl/player/_/id/4433889/caleb-rogers",
    "headshot": "https://a.espncdn.com/combiner/i?img=/i/headshots/nfl/players/full/4433889.png",
    "birthdate": "Birthdate10/3/2001 (23)",
    "birthplace": null,
    "experience": null,
    "draftInfo": "Draft Info2025: Rd 3, Pk 98 (LV)"
  },
  {
    "team": "LV",
    "number": "",
    "name": "Dalton Wagner78",
    "position": "OT",
    "height": "26",
    "weight": "6' 8\"",
    "age": "320 lbs",
    "college": "2",
    "playerId": "4242177",
    "profileUrl": "https://www.espn.com/nfl/player/_/id/4242177/dalton-wagner",
    "headshot": "https://a.espncdn.com/combiner/i?img=/i/headshots/nfl/players/full/4242177.png",
    "birthdate": "Birthdate10/5/1998 (26)",
    "birthplace": null,
    "experience": "Experience2nd Season",
    "draftInfo": null
  },
  {
    "team": "LV",
    "number": "",
    "name": "Treven Ma'ae",
    "position": "DL",
    "height": "--",
    "weight": "6' 5\"",
    "age": "290 lbs",
    "college": "R",
    "playerId": "4427852",
    "profileUrl": "https://www.espn.com/nfl/player/_/id/4427852/treven-maae",
    "headshot": "https://a.espncdn.com/combiner/i?img=/i/headshots/college-football/players/full/4427852.png",
    "birthdate": null,
    "birthplace": "BirthplaceKapolei, HI",
    "experience": "ExperienceRookie",
    "draftInfo": null
  },
  {
    "team": "LV",
    "number": "",
    "name": "Andre Carter II99",
    "position": "DE",
    "height": "25",
    "weight": "6' 6\"",
    "age": "256 lbs",
    "college": "2",
    "playerId": "4577333",
    "profileUrl": "https://www.espn.com/nfl/player/_/id/4577333/andre-carter-ii",
    "headshot": "https://a.espncdn.com/combiner/i?img=/i/headshots/nfl/players/full/4577333.png",
    "birthdate": "Birthdate3/28/2000 (25)",
    "birthplace": null,
    "experience": "Experience2nd Season",
    "draftInfo": null
  },
  {
    "team": "LV",
    "number": "",
    "name": "Maxx Crosby98",
    "position": "DE",
    "height": "27",
    "weight": "6' 5\"",
    "age": "255 lbs",
    "college": "6",
    "playerId": "3916655",
    "profileUrl": "https://www.espn.com/nfl/player/_/id/3916655/maxx-crosby",
    "headshot": "https://a.espncdn.com/combiner/i?img=/i/headshots/nfl/players/full/3916655.png",
    "birthdate": "Birthdate8/22/1997 (27)",
    "birthplace": null,
    "experience": null,
    "draftInfo": "Draft Info2019: Rd 4, Pk 106 (OAK)"
  },
  {
    "team": "LV",
    "number": "",
    "name": "Jahfari Harvey",
    "position": "DE",
    "height": "--",
    "weight": "6' 4\"",
    "age": "252 lbs",
    "college": "R",
    "playerId": "4427408",
    "profileUrl": "https://www.espn.com/nfl/player/_/id/4427408/jahfari-harvey",
    "headshot": "https://a.espncdn.com/combiner/i?img=/i/headshots/college-football/players/full/4427408.png",
    "birthdate": null,
    "birthplace": "BirthplacePort Saint Lucie, FL",
    "experience": "ExperienceRookie",
    "draftInfo": null
  },
  {
    "team": "LV",
    "number": "",
    "name": "Jah Joyner",
    "position": "DE",
    "height": "23",
    "weight": "6' 5\"",
    "age": "265 lbs",
    "college": "R",
    "playerId": "4430111",
    "profileUrl": "https://www.espn.com/nfl/player/_/id/4430111/jah-joyner",
    "headshot": "https://a.espncdn.com/combiner/i?img=/i/headshots/college-football/players/full/4430111.png",
    "birthdate": "Birthdate7/30/2001 (23)",
    "birthplace": null,
    "experience": "ExperienceRookie",
    "draftInfo": null
  },
  {
    "team": "LV",
    "number": "",
    "name": "Malcolm Koonce51",
    "position": "DE",
    "height": "26",
    "weight": "6' 3\"",
    "age": "250 lbs",
    "college": "4",
    "playerId": "4239719",
    "profileUrl": "https://www.espn.com/nfl/player/_/id/4239719/malcolm-koonce",
    "headshot": "https://a.espncdn.com/combiner/i?img=/i/headshots/nfl/players/full/4239719.png",
    "birthdate": "Birthdate6/6/1998 (26)",
    "birthplace": null,
    "experience": null,
    "draftInfo": "Draft Info2021: Rd 3, Pk 79 (LV)"
  },
  {
    "team": "LV",
    "number": "",
    "name": "Ovie Oghoufo90",
    "position": "DE",
    "height": "25",
    "weight": "6' 4\"",
    "age": "250 lbs",
    "college": "R",
    "playerId": "4361326",
    "profileUrl": "https://www.espn.com/nfl/player/_/id/4361326/ovie-oghoufo",
    "headshot": "https://a.espncdn.com/combiner/i?img=/i/headshots/nfl/players/full/4361326.png",
    "birthdate": "Birthdate3/27/2000 (25)",
    "birthplace": null,
    "experience": "ExperienceRookie",
    "draftInfo": null
  },
  {
    "team": "LV",
    "number": "",
    "name": "Charles Snowden49",
    "position": "DE",
    "height": "27",
    "weight": "6' 7\"",
    "age": "245 lbs",
    "college": "1",
    "playerId": "4240849",
    "profileUrl": "https://www.espn.com/nfl/player/_/id/4240849/charles-snowden",
    "headshot": "https://a.espncdn.com/combiner/i?img=/i/headshots/nfl/players/full/4240849.png",
    "birthdate": "Birthdate3/27/1998 (27)",
    "birthplace": null,
    "experience": "Experience1st Season",
    "draftInfo": null
  },
  {
    "team": "LV",
    "number": "",
    "name": "Tyree Wilson9",
    "position": "DE",
    "height": "24",
    "weight": "6' 6\"",
    "age": "275 lbs",
    "college": "2",
    "playerId": "4372533",
    "profileUrl": "https://www.espn.com/nfl/player/_/id/4372533/tyree-wilson",
    "headshot": "https://a.espncdn.com/combiner/i?img=/i/headshots/nfl/players/full/4372533.png",
    "birthdate": "Birthdate5/20/2000 (24)",
    "birthplace": null,
    "experience": null,
    "draftInfo": "Draft Info2023: Rd 1, Pk 7 (LV)"
  },
  {
    "team": "LV",
    "number": "",
    "name": "Anthony Booker Jr.",
    "position": "DT",
    "height": "--",
    "weight": "6' 4\"",
    "age": "351 lbs",
    "college": "R",
    "playerId": "4569496",
    "profileUrl": "https://www.espn.com/nfl/player/_/id/4569496/anthony-booker-jr",
    "headshot": "https://a.espncdn.com/combiner/i?img=/i/headshots/college-football/players/full/4569496.png",
    "birthdate": null,
    "birthplace": "BirthplaceCincinnati, OH",
    "experience": "ExperienceRookie",
    "draftInfo": null
  },
  {
    "team": "LV",
    "number": "",
    "name": "Adam Butler69",
    "position": "DT",
    "height": "31",
    "weight": "6' 5\"",
    "age": "300 lbs",
    "college": "6",
    "playerId": "2972342",
    "profileUrl": "https://www.espn.com/nfl/player/_/id/2972342/adam-butler",
    "headshot": "https://a.espncdn.com/combiner/i?img=/i/headshots/nfl/players/full/2972342.png",
    "birthdate": "Birthdate4/12/1994 (31)",
    "birthplace": null,
    "experience": "Experience6th Season",
    "draftInfo": null
  },
  {
    "team": "LV",
    "number": "",
    "name": "Zach Carter93",
    "position": "DT",
    "height": "26",
    "weight": "6' 4\"",
    "age": "290 lbs",
    "college": "3",
    "playerId": "4240619",
    "profileUrl": "https://www.espn.com/nfl/player/_/id/4240619/zach-carter",
    "headshot": "https://a.espncdn.com/combiner/i?img=/i/headshots/nfl/players/full/4240619.png",
    "birthdate": "Birthdate4/7/1999 (26)",
    "birthplace": null,
    "experience": null,
    "draftInfo": "Draft Info2022: Rd 3, Pk 95 (CIN)"
  },
  {
    "team": "LV",
    "number": "",
    "name": "Leki Fotu",
    "position": "DT",
    "height": "26",
    "weight": "6' 5\"",
    "age": "335 lbs",
    "college": "5",
    "playerId": "4035666",
    "profileUrl": "https://www.espn.com/nfl/player/_/id/4035666/leki-fotu",
    "headshot": "https://a.espncdn.com/combiner/i?img=/i/headshots/nfl/players/full/4035666.png",
    "birthdate": "Birthdate8/23/1998 (26)",
    "birthplace": null,
    "experience": null,
    "draftInfo": "Draft Info2020: Rd 4, Pk 114 (ARI)"
  },
  {
    "team": "LV",
    "number": "",
    "name": "Tonka Hemingway",
    "position": "DT",
    "height": "23",
    "weight": "6' 3\"",
    "age": "288 lbs",
    "college": "R",
    "playerId": "4429109",
    "profileUrl": "https://www.espn.com/nfl/player/_/id/4429109/tonka-hemingway",
    "headshot": "https://a.espncdn.com/combiner/i?img=/i/headshots/nfl/players/full/4429109.png",
    "birthdate": "Birthdate10/31/2001 (23)",
    "birthplace": null,
    "experience": null,
    "draftInfo": "Draft Info2025: Rd 4, Pk 135 (LV)"
  },
  {
    "team": "LV",
    "number": "",
    "name": "Jonah Laulu96",
    "position": "DT",
    "height": "24",
    "weight": "6' 5\"",
    "age": "292 lbs",
    "college": "R",
    "playerId": "4373956",
    "profileUrl": "https://www.espn.com/nfl/player/_/id/4373956/jonah-laulu",
    "headshot": "https://a.espncdn.com/combiner/i?img=/i/headshots/nfl/players/full/4373956.png",
    "birthdate": "Birthdate6/30/2000 (24)",
    "birthplace": null,
    "experience": null,
    "draftInfo": "Draft Info2024: Rd 7, Pk 234 (IND)"
  },
  {
    "team": "LV",
    "number": "",
    "name": "JJ Pegues",
    "position": "DT",
    "height": "23",
    "weight": "6' 2\"",
    "age": "325 lbs",
    "college": "R",
    "playerId": "4430896",
    "profileUrl": "https://www.espn.com/nfl/player/_/id/4430896/jj-pegues",
    "headshot": "https://a.espncdn.com/combiner/i?img=/i/headshots/nfl/players/full/4430896.png",
    "birthdate": "Birthdate11/25/2001 (23)",
    "birthplace": null,
    "experience": null,
    "draftInfo": "Draft Info2025: Rd 6, Pk 180 (LV)"
  },
  {
    "team": "LV",
    "number": "",
    "name": "Laki Tasi",
    "position": "DT",
    "height": "--",
    "weight": "6' 6\"",
    "age": "348 lbs",
    "college": "R",
    "playerId": "5278710",
    "profileUrl": "https://www.espn.com/nfl/player/_/id/5278710/laki-tasi",
    "headshot": "https://a.espncdn.com/combiner/i?img=/i/teamlogos/nfl/500/lv.png",
    "birthdate": null,
    "birthplace": null,
    "experience": "ExperienceRookie",
    "draftInfo": null
  },
  {
    "team": "LV",
    "number": "",
    "name": "Christian Wilkins94",
    "position": "DT",
    "height": "29",
    "weight": "6' 4\"",
    "age": "310 lbs",
    "college": "6",
    "playerId": "3728266",
    "profileUrl": "https://www.espn.com/nfl/player/_/id/3728266/christian-wilkins",
    "headshot": "https://a.espncdn.com/combiner/i?img=/i/headshots/nfl/players/full/3728266.png",
    "birthdate": "Birthdate12/20/1995 (29)",
    "birthplace": null,
    "experience": null,
    "draftInfo": "Draft Info2019: Rd 1, Pk 13 (MIA)"
  },
  {
    "team": "LV",
    "number": "",
    "name": "Tommy Eichenberg45",
    "position": "LB",
    "height": "24",
    "weight": "6' 2\"",
    "age": "239 lbs",
    "college": "R",
    "playerId": "4429560",
    "profileUrl": "https://www.espn.com/nfl/player/_/id/4429560/tommy-eichenberg",
    "headshot": "https://a.espncdn.com/combiner/i?img=/i/headshots/nfl/players/full/4429560.png",
    "birthdate": "Birthdate1/11/2001 (24)",
    "birthplace": null,
    "experience": null,
    "draftInfo": "Draft Info2024: Rd 5, Pk 148 (LV)"
  },
  {
    "team": "LV",
    "number": "",
    "name": "Amari Gainer53",
    "position": "LB",
    "height": "24",
    "weight": "6' 3\"",
    "age": "236 lbs",
    "college": "R",
    "playerId": "4360469",
    "profileUrl": "https://www.espn.com/nfl/player/_/id/4360469/amari-gainer",
    "headshot": "https://a.espncdn.com/combiner/i?img=/i/headshots/nfl/players/full/4360469.png",
    "birthdate": "Birthdate6/22/2000 (24)",
    "birthplace": null,
    "experience": "ExperienceRookie",
    "draftInfo": null
  },
  {
    "team": "LV",
    "number": "",
    "name": "Matt Jones",
    "position": "LB",
    "height": "--",
    "weight": "6' 4\"",
    "age": "246 lbs",
    "college": "R",
    "playerId": "4571882",
    "profileUrl": "https://www.espn.com/nfl/player/_/id/4571882/matt-jones",
    "headshot": "https://a.espncdn.com/combiner/i?img=/i/headshots/college-football/players/full/4571882.png",
    "birthdate": null,
    "birthplace": "BirthplaceOdessa, TX",
    "experience": "ExperienceRookie",
    "draftInfo": null
  },
  {
    "team": "LV",
    "number": "",
    "name": "Cody Lindenberg",
    "position": "LB",
    "height": "23",
    "weight": "6' 3\"",
    "age": "240 lbs",
    "college": "R",
    "playerId": "4685126",
    "profileUrl": "https://www.espn.com/nfl/player/_/id/4685126/cody-lindenberg",
    "headshot": "https://a.espncdn.com/combiner/i?img=/i/headshots/nfl/players/full/4685126.png",
    "birthdate": "Birthdate1/15/2002 (23)",
    "birthplace": null,
    "experience": null,
    "draftInfo": "Draft Info2025: Rd 7, Pk 222 (LV)"
  },
  {
    "team": "LV",
    "number": "",
    "name": "Elandon Roberts",
    "position": "LB",
    "height": "31",
    "weight": "6' 1\"",
    "age": "238 lbs",
    "college": "9",
    "playerId": "2987743",
    "profileUrl": "https://www.espn.com/nfl/player/_/id/2987743/elandon-roberts",
    "headshot": "https://a.espncdn.com/combiner/i?img=/i/headshots/nfl/players/full/2987743.png",
    "birthdate": "Birthdate4/22/1994 (31)",
    "birthplace": null,
    "experience": null,
    "draftInfo": "Draft Info2016: Rd 6, Pk 214 (NE)"
  },
  {
    "team": "LV",
    "number": "",
    "name": "Jaylon Smith",
    "position": "LB",
    "height": "29",
    "weight": "6' 2\"",
    "age": "240 lbs",
    "college": "8",
    "playerId": "3052896",
    "profileUrl": "https://www.espn.com/nfl/player/_/id/3052896/jaylon-smith",
    "headshot": "https://a.espncdn.com/combiner/i?img=/i/headshots/nfl/players/full/3052896.png",
    "birthdate": "Birthdate6/14/1995 (29)",
    "birthplace": null,
    "experience": null,
    "draftInfo": "Draft Info2016: Rd 2, Pk 34 (DAL)"
  },
  {
    "team": "LV",
    "number": "",
    "name": "Wesley Steiner",
    "position": "LB",
    "height": "--",
    "weight": "6' 1\"",
    "age": "242 lbs",
    "college": "R",
    "playerId": "4429008",
    "profileUrl": "https://www.espn.com/nfl/player/_/id/4429008/wesley-steiner",
    "headshot": "https://a.espncdn.com/combiner/i?img=/i/headshots/college-football/players/full/4429008.png",
    "birthdate": null,
    "birthplace": "BirthplaceWarner Robins, GA",
    "experience": "ExperienceRookie",
    "draftInfo": null
  },
  {
    "team": "LV",
    "number": "",
    "name": "Jailin Walker",
    "position": "LB",
    "height": "--",
    "weight": "6' 1\"",
    "age": "218 lbs",
    "college": "R",
    "playerId": "4877817",
    "profileUrl": "https://www.espn.com/nfl/player/_/id/4877817/jailin-walker",
    "headshot": "https://a.espncdn.com/combiner/i?img=/i/headshots/college-football/players/full/4877817.png",
    "birthdate": null,
    "birthplace": "BirthplaceRichmond, VA",
    "experience": "ExperienceRookie",
    "draftInfo": null
  },
  {
    "team": "LV",
    "number": "",
    "name": "Devin White45",
    "position": "LB",
    "height": "27",
    "weight": "6' 0\"",
    "age": "237 lbs",
    "college": "6",
    "playerId": "4035434",
    "profileUrl": "https://www.espn.com/nfl/player/_/id/4035434/devin-white",
    "headshot": "https://a.espncdn.com/combiner/i?img=/i/headshots/nfl/players/full/4035434.png",
    "birthdate": "Birthdate2/17/1998 (27)",
    "birthplace": null,
    "experience": null,
    "draftInfo": "Draft Info2019: Rd 1, Pk 5 (TB)"
  },
  {
    "team": "LV",
    "number": "",
    "name": "Jakorian Bennett0",
    "position": "CB",
    "height": "24",
    "weight": "5' 11\"",
    "age": "195 lbs",
    "college": "2",
    "playerId": "4686911",
    "profileUrl": "https://www.espn.com/nfl/player/_/id/4686911/jakorian-bennett",
    "headshot": "https://a.espncdn.com/combiner/i?img=/i/headshots/nfl/players/full/4686911.png",
    "birthdate": "Birthdate8/23/2000 (24)",
    "birthplace": null,
    "experience": null,
    "draftInfo": "Draft Info2023: Rd 4, Pk 104 (LV)"
  },
  {
    "team": "LV",
    "number": "",
    "name": "Mello Dotson",
    "position": "CB",
    "height": "23",
    "weight": "6' 1\"",
    "age": "190 lbs",
    "college": "R",
    "playerId": "4431356",
    "profileUrl": "https://www.espn.com/nfl/player/_/id/4431356/mello-dotson",
    "headshot": "https://a.espncdn.com/combiner/i?img=/i/headshots/college-football/players/full/4431356.png",
    "birthdate": "Birthdate2/19/2002 (23)",
    "birthplace": null,
    "experience": "ExperienceRookie",
    "draftInfo": null
  },
  {
    "team": "LV",
    "number": "",
    "name": "Darnay Holmes30",
    "position": "CB",
    "height": "26",
    "weight": "5' 10\"",
    "age": "195 lbs",
    "college": "5",
    "playerId": "4242973",
    "profileUrl": "https://www.espn.com/nfl/player/_/id/4242973/darnay-holmes",
    "headshot": "https://a.espncdn.com/combiner/i?img=/i/headshots/nfl/players/full/4242973.png",
    "birthdate": "Birthdate6/23/1998 (26)",
    "birthplace": null,
    "experience": null,
    "draftInfo": "Draft Info2020: Rd 4, Pk 110 (NYG)"
  },
  {
    "team": "LV",
    "number": "",
    "name": "John Humphrey",
    "position": "CB",
    "height": "--",
    "weight": "6' 2\"",
    "age": "196 lbs",
    "college": "R",
    "playerId": "4565811",
    "profileUrl": "https://www.espn.com/nfl/player/_/id/4565811/john-humphrey",
    "headshot": "https://a.espncdn.com/combiner/i?img=/i/headshots/college-football/players/full/4565811.png",
    "birthdate": null,
    "birthplace": "BirthplacePasadena, CA",
    "experience": "ExperienceRookie",
    "draftInfo": null
  },
  {
    "team": "LV",
    "number": "",
    "name": "Lonnie Johnson Jr.",
    "position": "CB",
    "height": "29",
    "weight": "6' 2\"",
    "age": "213 lbs",
    "college": "6",
    "playerId": "4240780",
    "profileUrl": "https://www.espn.com/nfl/player/_/id/4240780/lonnie-johnson-jr",
    "headshot": "https://a.espncdn.com/combiner/i?img=/i/headshots/nfl/players/full/4240780.png",
    "birthdate": "Birthdate11/4/1995 (29)",
    "birthplace": null,
    "experience": null,
    "draftInfo": "Draft Info2019: Rd 2, Pk 54 (HOU)"
  },
  {
    "team": "LV",
    "number": "",
    "name": "Kyu Blu Kelly36",
    "position": "CB",
    "height": "23",
    "weight": "6' 1\"",
    "age": "185 lbs",
    "college": "2",
    "playerId": "4427695",
    "profileUrl": "https://www.espn.com/nfl/player/_/id/4427695/kyu-blu-kelly",
    "headshot": "https://a.espncdn.com/combiner/i?img=/i/headshots/nfl/players/full/4427695.png",
    "birthdate": "Birthdate5/22/2001 (23)",
    "birthplace": null,
    "experience": null,
    "draftInfo": "Draft Info2023: Rd 5, Pk 157 (BAL)"
  },
  {
    "team": "LV",
    "number": "",
    "name": "Darien Porter",
    "position": "CB",
    "height": "24",
    "weight": "6' 4\"",
    "age": "200 lbs",
    "college": "R",
    "playerId": "4430330",
    "profileUrl": "https://www.espn.com/nfl/player/_/id/4430330/darien-porter",
    "headshot": "https://a.espncdn.com/combiner/i?img=/i/headshots/nfl/players/full/4430330.png",
    "birthdate": "Birthdate1/6/2001 (24)",
    "birthplace": null,
    "experience": null,
    "draftInfo": "Draft Info2025: Rd 3, Pk 68 (LV)"
  },
  {
    "team": "LV",
    "number": "",
    "name": "Decamerion Richardson25",
    "position": "CB",
    "height": "24",
    "weight": "6' 2\"",
    "age": "195 lbs",
    "college": "R",
    "playerId": "4605498",
    "profileUrl": "https://www.espn.com/nfl/player/_/id/4605498/decamerion-richardson",
    "headshot": "https://a.espncdn.com/combiner/i?img=/i/headshots/nfl/players/full/4605498.png",
    "birthdate": "Birthdate3/16/2001 (24)",
    "birthplace": null,
    "experience": null,
    "draftInfo": "Draft Info2024: Rd 4, Pk 112 (LV)"
  },
  {
    "team": "LV",
    "number": "",
    "name": "Eric Stokes",
    "position": "CB",
    "height": "26",
    "weight": "6' 1\"",
    "age": "194 lbs",
    "college": "4",
    "playerId": "4259561",
    "profileUrl": "https://www.espn.com/nfl/player/_/id/4259561/eric-stokes",
    "headshot": "https://a.espncdn.com/combiner/i?img=/i/headshots/nfl/players/full/4259561.png",
    "birthdate": "Birthdate3/1/1999 (26)",
    "birthplace": null,
    "experience": null,
    "draftInfo": "Draft Info2021: Rd 1, Pk 29 (GB)"
  },
  {
    "team": "LV",
    "number": "",
    "name": "Greedy Vance Jr.",
    "position": "CB",
    "height": "--",
    "weight": "5' 11\"",
    "age": "170 lbs",
    "college": "R",
    "playerId": "4686337",
    "profileUrl": "https://www.espn.com/nfl/player/_/id/4686337/greedy-vance-jr",
    "headshot": "https://a.espncdn.com/combiner/i?img=/i/headshots/college-football/players/full/4686337.png",
    "birthdate": null,
    "birthplace": "BirthplaceKenner, LA",
    "experience": "ExperienceRookie",
    "draftInfo": null
  },
  {
    "team": "LV",
    "number": "",
    "name": "Sam Webb27",
    "position": "CB",
    "height": "26",
    "weight": "6' 2\"",
    "age": "195 lbs",
    "college": "2",
    "playerId": "4700660",
    "profileUrl": "https://www.espn.com/nfl/player/_/id/4700660/sam-webb",
    "headshot": "https://a.espncdn.com/combiner/i?img=/i/headshots/nfl/players/full/4700660.png",
    "birthdate": "Birthdate5/19/1998 (26)",
    "birthplace": null,
    "experience": "Experience2nd Season",
    "draftInfo": null
  },
  {
    "team": "LV",
    "number": "",
    "name": "Jeremy Chinn",
    "position": "S",
    "height": "27",
    "weight": "6' 3\"",
    "age": "220 lbs",
    "college": "5",
    "playerId": "4043169",
    "profileUrl": "https://www.espn.com/nfl/player/_/id/4043169/jeremy-chinn",
    "headshot": "https://a.espncdn.com/combiner/i?img=/i/headshots/nfl/players/full/4043169.png",
    "birthdate": "Birthdate2/26/1998 (27)",
    "birthplace": null,
    "experience": null,
    "draftInfo": "Draft Info2020: Rd 2, Pk 64 (CAR)"
  },
  {
    "team": "LV",
    "number": "",
    "name": "Hudson Clark",
    "position": "S",
    "height": "--",
    "weight": "6' 2\"",
    "age": "191 lbs",
    "college": "R",
    "playerId": "4567158",
    "profileUrl": "https://www.espn.com/nfl/player/_/id/4567158/hudson-clark",
    "headshot": "https://a.espncdn.com/combiner/i?img=/i/headshots/college-football/players/full/4567158.png",
    "birthdate": null,
    "birthplace": "BirthplaceDallas, TX",
    "experience": "ExperienceRookie",
    "draftInfo": null
  },
  {
    "team": "LV",
    "number": "",
    "name": "Thomas Harper34",
    "position": "S",
    "height": "24",
    "weight": "5' 10\"",
    "age": "195 lbs",
    "college": "R",
    "playerId": "4569323",
    "profileUrl": "https://www.espn.com/nfl/player/_/id/4569323/thomas-harper",
    "headshot": "https://a.espncdn.com/combiner/i?img=/i/headshots/nfl/players/full/4569323.png",
    "birthdate": "Birthdate11/5/2000 (24)",
    "birthplace": null,
    "experience": "ExperienceRookie",
    "draftInfo": null
  },
  {
    "team": "LV",
    "number": "",
    "name": "Isaiah Pola-Mao20",
    "position": "S",
    "height": "25",
    "weight": "6' 4\"",
    "age": "205 lbs",
    "college": "3",
    "playerId": "4259632",
    "profileUrl": "https://www.espn.com/nfl/player/_/id/4259632/isaiah-pola-mao",
    "headshot": "https://a.espncdn.com/combiner/i?img=/i/headshots/nfl/players/full/4259632.png",
    "birthdate": "Birthdate6/30/1999 (25)",
    "birthplace": null,
    "experience": "Experience3rd Season",
    "draftInfo": null
  },
  {
    "team": "LV",
    "number": "",
    "name": "Jonathan Sutherland",
    "position": "S",
    "height": "26",
    "weight": "5' 11\"",
    "age": "214 lbs",
    "college": "2",
    "playerId": "4259608",
    "profileUrl": "https://www.espn.com/nfl/player/_/id/4259608/jonathan-sutherland",
    "headshot": "https://a.espncdn.com/combiner/i?img=/i/headshots/nfl/players/full/4259608.png",
    "birthdate": "Birthdate8/9/1998 (26)",
    "birthplace": null,
    "experience": "Experience2nd Season",
    "draftInfo": null
  },
  {
    "team": "LV",
    "number": "",
    "name": "Trey Taylor37",
    "position": "S",
    "height": "24",
    "weight": "6' 0\"",
    "age": "213 lbs",
    "college": "R",
    "playerId": "4693816",
    "profileUrl": "https://www.espn.com/nfl/player/_/id/4693816/trey-taylor",
    "headshot": "https://a.espncdn.com/combiner/i?img=/i/headshots/nfl/players/full/4693816.png",
    "birthdate": "Birthdate1/30/2001 (24)",
    "birthplace": null,
    "experience": null,
    "draftInfo": "Draft Info2024: Rd 7, Pk 223 (LV)"
  },
  {
    "team": "LV",
    "number": "",
    "name": "Daniel Carlson2",
    "position": "PK",
    "height": "30",
    "weight": "6' 5\"",
    "age": "215 lbs",
    "college": "7",
    "playerId": "3051909",
    "profileUrl": "https://www.espn.com/nfl/player/_/id/3051909/daniel-carlson",
    "headshot": "https://a.espncdn.com/combiner/i?img=/i/headshots/nfl/players/full/3051909.png",
    "birthdate": "Birthdate1/23/1995 (30)",
    "birthplace": null,
    "experience": null,
    "draftInfo": "Draft Info2018: Rd 5, Pk 167 (MIN)"
  },
  {
    "team": "LV",
    "number": "",
    "name": "AJ Cole6",
    "position": "P",
    "height": "29",
    "weight": "6' 4\"",
    "age": "220 lbs",
    "college": "6",
    "playerId": "3686689",
    "profileUrl": "https://www.espn.com/nfl/player/_/id/3686689/aj-cole",
    "headshot": "https://a.espncdn.com/combiner/i?img=/i/headshots/nfl/players/full/3686689.png",
    "birthdate": "Birthdate11/27/1995 (29)",
    "birthplace": null,
    "experience": "Experience6th Season",
    "draftInfo": null
  },
  {
    "team": "LV",
    "number": "",
    "name": "Jacob Bobenmoyer50",
    "position": "LS",
    "height": "27",
    "weight": "6' 2\"",
    "age": "235 lbs",
    "college": "5",
    "playerId": "3925443",
    "profileUrl": "https://www.espn.com/nfl/player/_/id/3925443/jacob-bobenmoyer",
    "headshot": "https://a.espncdn.com/combiner/i?img=/i/headshots/nfl/players/full/3925443.png",
    "birthdate": "Birthdate5/28/1997 (27)",
    "birthplace": null,
    "experience": "Experience5th Season",
    "draftInfo": null
  }
]