[
  {
    "team": "MIA",
    "number": "",
    "name": "Quinn Ewers",
    "position": "QB",
    "height": "22",
    "weight": "6' 2\"",
    "age": "210 lbs",
    "college": "R",
    "playerId": "4889929",
    "profileUrl": "https://www.espn.com/nfl/player/_/id/4889929/quinn-ewers",
    "headshot": "https://a.espncdn.com/combiner/i?img=/i/headshots/nfl/players/full/4889929.png",
    "birthdate": "Birthdate3/15/2003 (22)",
    "birthplace": null,
    "experience": null,
    "draftInfo": "Draft Info2025: Rd 7, Pk 231 (MIA)"
  },
  {
    "team": "MIA",
    "number": "",
    "name": "Tua Tagovailoa1",
    "position": "QB",
    "height": "27",
    "weight": "6' 1\"",
    "age": "225 lbs",
    "college": "5",
    "playerId": "4241479",
    "profileUrl": "https://www.espn.com/nfl/player/_/id/4241479/tua-tagovailoa",
    "headshot": "https://a.espncdn.com/combiner/i?img=/i/headshots/nfl/players/full/4241479.png",
    "birthdate": "Birthdate3/2/1998 (27)",
    "birthplace": null,
    "experience": null,
    "draftInfo": "Draft Info2020: Rd 1, Pk 5 (MIA)"
  },
  {
    "team": "MIA",
    "number": "",
    "name": "Zach Wilson",
    "position": "QB",
    "height": "25",
    "weight": "6' 2\"",
    "age": "214 lbs",
    "college": "4",
    "playerId": "4361259",
    "profileUrl": "https://www.espn.com/nfl/player/_/id/4361259/zach-wilson",
    "headshot": "https://a.espncdn.com/combiner/i?img=/i/headshots/nfl/players/full/4361259.png",
    "birthdate": "Birthdate8/3/1999 (25)",
    "birthplace": null,
    "experience": null,
    "draftInfo": "Draft Info2021: Rd 1, Pk 2 (NYJ)"
  },
  {
    "team": "MIA",
    "number": "",
    "name": "De'Von Achane28",
    "position": "RB",
    "height": "23",
    "weight": "5' 9\"",
    "age": "188 lbs",
    "college": "2",
    "playerId": "4429160",
    "profileUrl": "https://www.espn.com/nfl/player/_/id/4429160/devon-achane",
    "headshot": "https://a.espncdn.com/combiner/i?img=/i/headshots/nfl/players/full/4429160.png",
    "birthdate": "Birthdate10/13/2001 (23)",
    "birthplace": null,
    "experience": null,
    "draftInfo": "Draft Info2023: Rd 3, Pk 84 (MIA)"
  },
  {
    "team": "MIA",
    "number": "",
    "name": "Ollie Gordon II",
    "position": "RB",
    "height": "21",
    "weight": "6' 2\"",
    "age": "225 lbs",
    "college": "R",
    "playerId": "4711533",
    "profileUrl": "https://www.espn.com/nfl/player/_/id/4711533/ollie-gordon-ii",
    "headshot": "https://a.espncdn.com/combiner/i?img=/i/headshots/nfl/players/full/4711533.png",
    "birthdate": "Birthdate1/15/2004 (21)",
    "birthplace": null,
    "experience": null,
    "draftInfo": "Draft Info2025: Rd 6, Pk 179 (MIA)"
  },
  {
    "team": "MIA",
    "number": "",
    "name": "Alexander Mattison",
    "position": "RB",
    "height": "26",
    "weight": "5' 11\"",
    "age": "220 lbs",
    "college": "6",
    "playerId": "4048244",
    "profileUrl": "https://www.espn.com/nfl/player/_/id/4048244/alexander-mattison",
    "headshot": "https://a.espncdn.com/combiner/i?img=/i/headshots/nfl/players/full/4048244.png",
    "birthdate": "Birthdate6/19/1998 (26)",
    "birthplace": null,
    "experience": null,
    "draftInfo": "Draft Info2019: Rd 3, Pk 102 (MIN)"
  },
  {
    "team": "MIA",
    "number": "",
    "name": "Nate Noel",
    "position": "RB",
    "height": "--",
    "weight": "5' 10\"",
    "age": "190 lbs",
    "college": "R",
    "playerId": "4613032",
    "profileUrl": "https://www.espn.com/nfl/player/_/id/4613032/nate-noel",
    "headshot": "https://a.espncdn.com/combiner/i?img=/i/headshots/college-football/players/full/4613032.png",
    "birthdate": null,
    "birthplace": "BirthplaceMiami, FL",
    "experience": "ExperienceRookie",
    "draftInfo": null
  },
  {
    "team": "MIA",
    "number": "",
    "name": "Jaylen Wright25",
    "position": "RB",
    "height": "22",
    "weight": "5' 10\"",
    "age": "210 lbs",
    "college": "R",
    "playerId": "4682745",
    "profileUrl": "https://www.espn.com/nfl/player/_/id/4682745/jaylen-wright",
    "headshot": "https://a.espncdn.com/combiner/i?img=/i/headshots/nfl/players/full/4682745.png",
    "birthdate": "Birthdate4/1/2003 (22)",
    "birthplace": null,
    "experience": null,
    "draftInfo": "Draft Info2024: Rd 4, Pk 120 (MIA)"
  },
  {
    "team": "MIA",
    "number": "",
    "name": "Alec Ingold30",
    "position": "FB",
    "height": "28",
    "weight": "6' 1\"",
    "age": "232 lbs",
    "college": "6",
    "playerId": "3917668",
    "profileUrl": "https://www.espn.com/nfl/player/_/id/3917668/alec-ingold",
    "headshot": "https://a.espncdn.com/combiner/i?img=/i/headshots/nfl/players/full/3917668.png",
    "birthdate": "Birthdate7/9/1996 (28)",
    "birthplace": null,
    "experience": "Experience6th Season",
    "draftInfo": null
  },
  {
    "team": "MIA",
    "number": "",
    "name": "Andrew Armstrong",
    "position": "WR",
    "height": "--",
    "weight": "6' 4\"",
    "age": "202 lbs",
    "college": "R",
    "playerId": "5093923",
    "profileUrl": "https://www.espn.com/nfl/player/_/id/5093923/andrew-armstrong",
    "headshot": "https://a.espncdn.com/combiner/i?img=/i/headshots/college-football/players/full/5093923.png",
    "birthdate": null,
    "birthplace": "BirthplaceDallas, TX",
    "experience": "ExperienceRookie",
    "draftInfo": null
  },
  {
    "team": "MIA",
    "number": "",
    "name": "Monaray Baldwin",
    "position": "WR",
    "height": "--",
    "weight": "5' 9\"",
    "age": "172 lbs",
    "college": "R",
    "playerId": "4708127",
    "profileUrl": "https://www.espn.com/nfl/player/_/id/4708127/monaray-baldwin",
    "headshot": "https://a.espncdn.com/combiner/i?img=/i/headshots/college-football/players/full/4708127.png",
    "birthdate": null,
    "birthplace": "BirthplaceKilleen, TX",
    "experience": "ExperienceRookie",
    "draftInfo": null
  },
  {
    "team": "MIA",
    "number": "",
    "name": "Tarik Black86",
    "position": "WR",
    "height": "27",
    "weight": "6' 3\"",
    "age": "213 lbs",
    "college": "1",
    "playerId": "4258170",
    "profileUrl": "https://www.espn.com/nfl/player/_/id/4258170/tarik-black",
    "headshot": "https://a.espncdn.com/combiner/i?img=/i/headshots/nfl/players/full/4258170.png",
    "birthdate": "Birthdate2/10/1998 (27)",
    "birthplace": null,
    "experience": "Experience1st Season",
    "draftInfo": null
  },
  {
    "team": "MIA",
    "number": "",
    "name": "Dee Eskridge82",
    "position": "WR",
    "height": "28",
    "weight": "5' 9\"",
    "age": "190 lbs",
    "college": "4",
    "playerId": "4043016",
    "profileUrl": "https://www.espn.com/nfl/player/_/id/4043016/dee-eskridge",
    "headshot": "https://a.espncdn.com/combiner/i?img=/i/headshots/nfl/players/full/4043016.png",
    "birthdate": "Birthdate3/23/1997 (28)",
    "birthplace": null,
    "experience": null,
    "draftInfo": "Draft Info2021: Rd 2, Pk 56 (SEA)"
  },
  {
    "team": "MIA",
    "number": "",
    "name": "Erik Ezukanma84",
    "position": "WR",
    "height": "25",
    "weight": "6' 2\"",
    "age": "206 lbs",
    "college": "3",
    "playerId": "4362186",
    "profileUrl": "https://www.espn.com/nfl/player/_/id/4362186/erik-ezukanma",
    "headshot": "https://a.espncdn.com/combiner/i?img=/i/headshots/nfl/players/full/4362186.png",
    "birthdate": "Birthdate1/25/2000 (25)",
    "birthplace": null,
    "experience": null,
    "draftInfo": "Draft Info2022: Rd 4, Pk 125 (MIA)"
  },
  {
    "team": "MIA",
    "number": "",
    "name": "A.J. Henning",
    "position": "WR",
    "height": "--",
    "weight": "5' 10\"",
    "age": "192 lbs",
    "college": "R",
    "playerId": "4429053",
    "profileUrl": "https://www.espn.com/nfl/player/_/id/4429053/aj-henning",
    "headshot": "https://a.espncdn.com/combiner/i?img=/i/headshots/college-football/players/full/4429053.png",
    "birthdate": null,
    "birthplace": "BirthplaceFrankfort, IL",
    "experience": "ExperienceRookie",
    "draftInfo": null
  },
  {
    "team": "MIA",
    "number": "",
    "name": "Tyreek Hill10",
    "position": "WR",
    "height": "31",
    "weight": "5' 10\"",
    "age": "191 lbs",
    "college": "9",
    "playerId": "3116406",
    "profileUrl": "https://www.espn.com/nfl/player/_/id/3116406/tyreek-hill",
    "headshot": "https://a.espncdn.com/combiner/i?img=/i/headshots/nfl/players/full/3116406.png",
    "birthdate": "Birthdate3/1/1994 (31)",
    "birthplace": null,
    "experience": null,
    "draftInfo": "Draft Info2016: Rd 5, Pk 165 (KC)"
  },
  {
    "team": "MIA",
    "number": "",
    "name": "Jaylen Waddle17",
    "position": "WR",
    "height": "26",
    "weight": "5' 10\"",
    "age": "185 lbs",
    "college": "4",
    "playerId": "4372016",
    "profileUrl": "https://www.espn.com/nfl/player/_/id/4372016/jaylen-waddle",
    "headshot": "https://a.espncdn.com/combiner/i?img=/i/headshots/nfl/players/full/4372016.png",
    "birthdate": "Birthdate11/25/1998 (26)",
    "birthplace": null,
    "experience": null,
    "draftInfo": "Draft Info2021: Rd 1, Pk 6 (MIA)"
  },
  {
    "team": "MIA",
    "number": "",
    "name": "Malik Washington83",
    "position": "WR",
    "height": "24",
    "weight": "5' 8\"",
    "age": "191 lbs",
    "college": "R",
    "playerId": "4569603",
    "profileUrl": "https://www.espn.com/nfl/player/_/id/4569603/malik-washington",
    "headshot": "https://a.espncdn.com/combiner/i?img=/i/headshots/nfl/players/full/4569603.png",
    "birthdate": "Birthdate1/4/2001 (24)",
    "birthplace": null,
    "experience": null,
    "draftInfo": "Draft Info2024: Rd 6, Pk 184 (MIA)"
  },
  {
    "team": "MIA",
    "number": "",
    "name": "Tahj Washington82",
    "position": "WR",
    "height": "24",
    "weight": "5' 10\"",
    "age": "174 lbs",
    "college": "R",
    "playerId": "4567506",
    "profileUrl": "https://www.espn.com/nfl/player/_/id/4567506/tahj-washington",
    "headshot": "https://a.espncdn.com/combiner/i?img=/i/headshots/nfl/players/full/4567506.png",
    "birthdate": "Birthdate5/16/2001 (24)",
    "birthplace": null,
    "experience": null,
    "draftInfo": "Draft Info2024: Rd 7, Pk 241 (MIA)"
  },
  {
    "team": "MIA",
    "number": "",
    "name": "Theo Wease Jr.",
    "position": "WR",
    "height": "--",
    "weight": "6' 2\"",
    "age": "192 lbs",
    "college": "R",
    "playerId": "4426535",
    "profileUrl": "https://www.espn.com/nfl/player/_/id/4426535/theo-wease-jr",
    "headshot": "https://a.espncdn.com/combiner/i?img=/i/headshots/college-football/players/full/4426535.png",
    "birthdate": null,
    "birthplace": "BirthplaceAllen, TX",
    "experience": "ExperienceRookie",
    "draftInfo": null
  },
  {
    "team": "MIA",
    "number": "",
    "name": "Nick Westbrook-Ikhine",
    "position": "WR",
    "height": "28",
    "weight": "6' 2\"",
    "age": "211 lbs",
    "college": "5",
    "playerId": "3929785",
    "profileUrl": "https://www.espn.com/nfl/player/_/id/3929785/nick-westbrook-ikhine",
    "headshot": "https://a.espncdn.com/combiner/i?img=/i/headshots/nfl/players/full/3929785.png",
    "birthdate": "Birthdate3/21/1997 (28)",
    "birthplace": null,
    "experience": "Experience5th Season",
    "draftInfo": null
  },
  {
    "team": "MIA",
    "number": "",
    "name": "Pharaoh Brown",
    "position": "TE",
    "height": "31",
    "weight": "6' 5\"",
    "age": "246 lbs",
    "college": "7",
    "playerId": "2971281",
    "profileUrl": "https://www.espn.com/nfl/player/_/id/2971281/pharaoh-brown",
    "headshot": "https://a.espncdn.com/combiner/i?img=/i/headshots/nfl/players/full/2971281.png",
    "birthdate": "Birthdate5/4/1994 (31)",
    "birthplace": null,
    "experience": "Experience7th Season",
    "draftInfo": null
  },
  {
    "team": "MIA",
    "number": "",
    "name": "Tanner Conner80",
    "position": "TE",
    "height": "27",
    "weight": "6' 3\"",
    "age": "232 lbs",
    "college": "2",
    "playerId": "4047422",
    "profileUrl": "https://www.espn.com/nfl/player/_/id/4047422/tanner-conner",
    "headshot": "https://a.espncdn.com/combiner/i?img=/i/headshots/nfl/players/full/4047422.png",
    "birthdate": "Birthdate3/20/1998 (27)",
    "birthplace": null,
    "experience": "Experience2nd Season",
    "draftInfo": null
  },
  {
    "team": "MIA",
    "number": "",
    "name": "Jalin Conyers",
    "position": "TE",
    "height": "--",
    "weight": "6' 4\"",
    "age": "265 lbs",
    "college": "R",
    "playerId": "4431044",
    "profileUrl": "https://www.espn.com/nfl/player/_/id/4431044/jalin-conyers",
    "headshot": "https://a.espncdn.com/combiner/i?img=/i/teamlogos/nfl/500/mia.png",
    "birthdate": null,
    "birthplace": "BirthplaceGruver, TX",
    "experience": "ExperienceRookie",
    "draftInfo": null
  },
  {
    "team": "MIA",
    "number": "",
    "name": "Julian Hill89",
    "position": "TE",
    "height": "24",
    "weight": "6' 4\"",
    "age": "251 lbs",
    "college": "2",
    "playerId": "4365395",
    "profileUrl": "https://www.espn.com/nfl/player/_/id/4365395/julian-hill",
    "headshot": "https://a.espncdn.com/combiner/i?img=/i/headshots/nfl/players/full/4365395.png",
    "birthdate": "Birthdate7/9/2000 (24)",
    "birthplace": null,
    "experience": "Experience2nd Season",
    "draftInfo": null
  },
  {
    "team": "MIA",
    "number": "",
    "name": "Hayden Rucci87",
    "position": "TE",
    "height": "24",
    "weight": "6' 5\"",
    "age": "247 lbs",
    "college": "R",
    "playerId": "4428396",
    "profileUrl": "https://www.espn.com/nfl/player/_/id/4428396/hayden-rucci",
    "headshot": "https://a.espncdn.com/combiner/i?img=/i/headshots/nfl/players/full/4428396.png",
    "birthdate": "Birthdate1/27/2001 (24)",
    "birthplace": null,
    "experience": "ExperienceRookie",
    "draftInfo": null
  },
  {
    "team": "MIA",
    "number": "",
    "name": "Jonnu Smith9",
    "position": "TE",
    "height": "29",
    "weight": "6' 3\"",
    "age": "248 lbs",
    "college": "8",
    "playerId": "3054212",
    "profileUrl": "https://www.espn.com/nfl/player/_/id/3054212/jonnu-smith",
    "headshot": "https://a.espncdn.com/combiner/i?img=/i/headshots/nfl/players/full/3054212.png",
    "birthdate": "Birthdate8/22/1995 (29)",
    "birthplace": null,
    "experience": null,
    "draftInfo": "Draft Info2017: Rd 3, Pk 100 (TEN)"
  },
  {
    "team": "MIA",
    "number": "",
    "name": "Sean Harlow64",
    "position": "C",
    "height": "30",
    "weight": "6' 4\"",
    "age": "284 lbs",
    "college": "4",
    "playerId": "3045286",
    "profileUrl": "https://www.espn.com/nfl/player/_/id/3045286/sean-harlow",
    "headshot": "https://a.espncdn.com/combiner/i?img=/i/headshots/nfl/players/full/3045286.png",
    "birthdate": "Birthdate3/28/1995 (30)",
    "birthplace": null,
    "experience": null,
    "draftInfo": "Draft Info2017: Rd 4, Pk 136 (ATL)"
  },
  {
    "team": "MIA",
    "number": "",
    "name": "Andrew Meyer60",
    "position": "C",
    "height": "25",
    "weight": "6' 3\"",
    "age": "295 lbs",
    "college": "R",
    "playerId": "4362064",
    "profileUrl": "https://www.espn.com/nfl/player/_/id/4362064/andrew-meyer",
    "headshot": "https://a.espncdn.com/combiner/i?img=/i/headshots/nfl/players/full/4362064.png",
    "birthdate": "Birthdate1/14/2000 (25)",
    "birthplace": null,
    "experience": "ExperienceRookie",
    "draftInfo": null
  },
  {
    "team": "MIA",
    "number": "",
    "name": "Aaron Brewer55",
    "position": "G",
    "height": "27",
    "weight": "6' 1\"",
    "age": "295 lbs",
    "college": "5",
    "playerId": "4040537",
    "profileUrl": "https://www.espn.com/nfl/player/_/id/4040537/aaron-brewer",
    "headshot": "https://a.espncdn.com/combiner/i?img=/i/headshots/nfl/players/full/4040537.png",
    "birthdate": "Birthdate10/28/1997 (27)",
    "birthplace": null,
    "experience": "Experience5th Season",
    "draftInfo": null
  },
  {
    "team": "MIA",
    "number": "",
    "name": "James Daniels",
    "position": "G",
    "height": "27",
    "weight": "6' 4\"",
    "age": "327 lbs",
    "college": "7",
    "playerId": "3894849",
    "profileUrl": "https://www.espn.com/nfl/player/_/id/3894849/james-daniels",
    "headshot": "https://a.espncdn.com/combiner/i?img=/i/headshots/nfl/players/full/3894849.png",
    "birthdate": "Birthdate9/13/1997 (27)",
    "birthplace": null,
    "experience": null,
    "draftInfo": "Draft Info2018: Rd 2, Pk 39 (CHI)"
  },
  {
    "team": "MIA",
    "number": "",
    "name": "Austin Jackson73",
    "position": "G",
    "height": "25",
    "weight": "6' 5\"",
    "age": "320 lbs",
    "college": "5",
    "playerId": "4271632",
    "profileUrl": "https://www.espn.com/nfl/player/_/id/4271632/austin-jackson",
    "headshot": "https://a.espncdn.com/combiner/i?img=/i/headshots/nfl/players/full/4271632.png",
    "birthdate": "Birthdate8/11/1999 (25)",
    "birthplace": null,
    "experience": null,
    "draftInfo": "Draft Info2020: Rd 1, Pk 18 (MIA)"
  },
  {
    "team": "MIA",
    "number": "",
    "name": "Jonah Savaiinaea",
    "position": "G",
    "height": "21",
    "weight": "6' 5\"",
    "age": "336 lbs",
    "college": "R",
    "playerId": "4819257",
    "profileUrl": "https://www.espn.com/nfl/player/_/id/4819257/jonah-savaiinaea",
    "headshot": "https://a.espncdn.com/combiner/i?img=/i/headshots/nfl/players/full/4819257.png",
    "birthdate": "Birthdate1/13/2004 (21)",
    "birthplace": null,
    "experience": null,
    "draftInfo": "Draft Info2025: Rd 2, Pk 37 (MIA)"
  },
  {
    "team": "MIA",
    "number": "",
    "name": "Tedi Kushi",
    "position": "OL",
    "height": "--",
    "weight": "6' 7\"",
    "age": "305 lbs",
    "college": "R",
    "playerId": "4577950",
    "profileUrl": "https://www.espn.com/nfl/player/_/id/4577950/tedi-kushi",
    "headshot": "https://a.espncdn.com/combiner/i?img=/i/headshots/college-football/players/full/4577950.png",
    "birthdate": null,
    "birthplace": "BirthplaceStaten Island, NY",
    "experience": "ExperienceRookie",
    "draftInfo": null
  },
  {
    "team": "MIA",
    "number": "",
    "name": "Josh Priebe",
    "position": "OL",
    "height": "--",
    "weight": "6' 5\"",
    "age": "306 lbs",
    "college": "R",
    "playerId": "4432503",
    "profileUrl": "https://www.espn.com/nfl/player/_/id/4432503/josh-priebe",
    "headshot": "https://a.espncdn.com/combiner/i?img=/i/headshots/college-football/players/full/4432503.png",
    "birthdate": null,
    "birthplace": "BirthplaceNiles, MI",
    "experience": "ExperienceRookie",
    "draftInfo": null
  },
  {
    "team": "MIA",
    "number": "",
    "name": "Addison West",
    "position": "OL",
    "height": "--",
    "weight": "6' 3\"",
    "age": "305 lbs",
    "college": "R",
    "playerId": "4428823",
    "profileUrl": "https://www.espn.com/nfl/player/_/id/4428823/addison-west",
    "headshot": "https://a.espncdn.com/combiner/i?img=/i/headshots/college-football/players/full/4428823.png",
    "birthdate": null,
    "birthplace": "BirthplaceCary, IL",
    "experience": "ExperienceRookie",
    "draftInfo": null
  },
  {
    "team": "MIA",
    "number": "",
    "name": "Larry Borom",
    "position": "OT",
    "height": "26",
    "weight": "6' 5\"",
    "age": "333 lbs",
    "college": "4",
    "playerId": "4241217",
    "profileUrl": "https://www.espn.com/nfl/player/_/id/4241217/larry-borom",
    "headshot": "https://a.espncdn.com/combiner/i?img=/i/headshots/nfl/players/full/4241217.png",
    "birthdate": "Birthdate3/30/1999 (26)",
    "birthplace": null,
    "experience": null,
    "draftInfo": "Draft Info2021: Rd 5, Pk 151 (CHI)"
  },
  {
    "team": "MIA",
    "number": "",
    "name": "Jackson Carman76",
    "position": "OT",
    "height": "25",
    "weight": "6' 5\"",
    "age": "322 lbs",
    "college": "4",
    "playerId": "4360320",
    "profileUrl": "https://www.espn.com/nfl/player/_/id/4360320/jackson-carman",
    "headshot": "https://a.espncdn.com/combiner/i?img=/i/headshots/nfl/players/full/4360320.png",
    "birthdate": "Birthdate1/22/2000 (25)",
    "birthplace": null,
    "experience": null,
    "draftInfo": "Draft Info2021: Rd 2, Pk 46 (CIN)"
  },
  {
    "team": "MIA",
    "number": "",
    "name": "Braeden Daniels66",
    "position": "OT",
    "height": "24",
    "weight": "6' 4\"",
    "age": "297 lbs",
    "college": "2",
    "playerId": "4361003",
    "profileUrl": "https://www.espn.com/nfl/player/_/id/4361003/braeden-daniels",
    "headshot": "https://a.espncdn.com/combiner/i?img=/i/headshots/nfl/players/full/4361003.png",
    "birthdate": "Birthdate8/22/2000 (24)",
    "birthplace": null,
    "experience": null,
    "draftInfo": "Draft Info2023: Rd 4, Pk 118 (WSH)"
  },
  {
    "team": "MIA",
    "number": "",
    "name": "Liam Eichenberg74",
    "position": "OT",
    "height": "27",
    "weight": "6' 6\"",
    "age": "306 lbs",
    "college": "4",
    "playerId": "4046694",
    "profileUrl": "https://www.espn.com/nfl/player/_/id/4046694/liam-eichenberg",
    "headshot": "https://a.espncdn.com/combiner/i?img=/i/headshots/nfl/players/full/4046694.png",
    "birthdate": "Birthdate1/19/1998 (27)",
    "birthplace": null,
    "experience": null,
    "draftInfo": "Draft Info2021: Rd 2, Pk 42 (MIA)"
  },
  {
    "team": "MIA",
    "number": "",
    "name": "Ryan Hayes78",
    "position": "OT",
    "height": "25",
    "weight": "6' 6\"",
    "age": "303 lbs",
    "college": "1",
    "playerId": "4372091",
    "profileUrl": "https://www.espn.com/nfl/player/_/id/4372091/ryan-hayes",
    "headshot": "https://a.espncdn.com/combiner/i?img=/i/headshots/nfl/players/full/4372091.png",
    "birthdate": "Birthdate2/28/2000 (25)",
    "birthplace": null,
    "experience": null,
    "draftInfo": "Draft Info2023: Rd 7, Pk 238 (MIA)"
  },
  {
    "team": "MIA",
    "number": "",
    "name": "Bayron Matos79",
    "position": "OT",
    "height": "24",
    "weight": "6' 7\"",
    "age": "334 lbs",
    "college": "R",
    "playerId": "4612507",
    "profileUrl": "https://www.espn.com/nfl/player/_/id/4612507/bayron-matos",
    "headshot": "https://a.espncdn.com/combiner/i?img=/i/headshots/nfl/players/full/4612507.png",
    "birthdate": "Birthdate12/8/2000 (24)",
    "birthplace": null,
    "experience": "ExperienceRookie",
    "draftInfo": null
  },
  {
    "team": "MIA",
    "number": "",
    "name": "Patrick Paul52",
    "position": "OT",
    "height": "23",
    "weight": "6' 7\"",
    "age": "331 lbs",
    "college": "R",
    "playerId": "4567493",
    "profileUrl": "https://www.espn.com/nfl/player/_/id/4567493/patrick-paul",
    "headshot": "https://a.espncdn.com/combiner/i?img=/i/headshots/nfl/players/full/4567493.png",
    "birthdate": "Birthdate11/1/2001 (23)",
    "birthplace": null,
    "experience": null,
    "draftInfo": "Draft Info2024: Rd 2, Pk 55 (MIA)"
  },
  {
    "team": "MIA",
    "number": "",
    "name": "Kion Smith71",
    "position": "OT",
    "height": "26",
    "weight": "6' 5\"",
    "age": "306 lbs",
    "college": "2",
    "playerId": "4058521",
    "profileUrl": "https://www.espn.com/nfl/player/_/id/4058521/kion-smith",
    "headshot": "https://a.espncdn.com/combiner/i?img=/i/headshots/nfl/players/full/4058521.png",
    "birthdate": "Birthdate10/7/1998 (26)",
    "birthplace": null,
    "experience": "Experience2nd Season",
    "draftInfo": null
  },
  {
    "team": "MIA",
    "number": "",
    "name": "Matt Dickerson98",
    "position": "DE",
    "height": "29",
    "weight": "6' 5\"",
    "age": "292 lbs",
    "college": "5",
    "playerId": "3134316",
    "profileUrl": "https://www.espn.com/nfl/player/_/id/3134316/matt-dickerson",
    "headshot": "https://a.espncdn.com/combiner/i?img=/i/headshots/nfl/players/full/3134316.png",
    "birthdate": "Birthdate11/9/1995 (29)",
    "birthplace": null,
    "experience": "Experience5th Season",
    "draftInfo": null
  },
  {
    "team": "MIA",
    "number": "",
    "name": "Zeek Biggers",
    "position": "DT",
    "height": "21",
    "weight": "6' 6\"",
    "age": "320 lbs",
    "college": "R",
    "playerId": "4683276",
    "profileUrl": "https://www.espn.com/nfl/player/_/id/4683276/zeek-biggers",
    "headshot": "https://a.espncdn.com/combiner/i?img=/i/headshots/nfl/players/full/4683276.png",
    "birthdate": "Birthdate10/4/2003 (21)",
    "birthplace": null,
    "experience": null,
    "draftInfo": "Draft Info2025: Rd 7, Pk 253 (MIA)"
  },
  {
    "team": "MIA",
    "number": "",
    "name": "Matthew Butler",
    "position": "DT",
    "height": "25",
    "weight": "6' 3\"",
    "age": "290 lbs",
    "college": "3",
    "playerId": "4242457",
    "profileUrl": "https://www.espn.com/nfl/player/_/id/4242457/matthew-butler",
    "headshot": "https://a.espncdn.com/combiner/i?img=/i/headshots/nfl/players/full/4242457.png",
    "birthdate": "Birthdate6/10/1999 (25)",
    "birthplace": null,
    "experience": null,
    "draftInfo": "Draft Info2022: Rd 5, Pk 175 (LV)"
  },
  {
    "team": "MIA",
    "number": "",
    "name": "Kenneth Grant",
    "position": "DT",
    "height": "21",
    "weight": "6' 3\"",
    "age": "339 lbs",
    "college": "R",
    "playerId": "4894654",
    "profileUrl": "https://www.espn.com/nfl/player/_/id/4894654/kenneth-grant",
    "headshot": "https://a.espncdn.com/combiner/i?img=/i/headshots/nfl/players/full/4894654.png",
    "birthdate": "Birthdate10/27/2003 (21)",
    "birthplace": null,
    "experience": null,
    "draftInfo": "Draft Info2025: Rd 1, Pk 13 (MIA)"
  },
  {
    "team": "MIA",
    "number": "",
    "name": "Alex Huntley",
    "position": "DT",
    "height": "--",
    "weight": "6' 4\"",
    "age": "303 lbs",
    "college": "R",
    "playerId": "4430877",
    "profileUrl": "https://www.espn.com/nfl/player/_/id/4430877/alex-huntley",
    "headshot": "https://a.espncdn.com/combiner/i?img=/i/headshots/college-football/players/full/4430877.png",
    "birthdate": null,
    "birthplace": "BirthplaceBlythewood, SC",
    "experience": "ExperienceRookie",
    "draftInfo": null
  },
  {
    "team": "MIA",
    "number": "",
    "name": "Benito Jones95",
    "position": "DT",
    "height": "27",
    "weight": "6' 1\"",
    "age": "335 lbs",
    "college": "4",
    "playerId": "4035299",
    "profileUrl": "https://www.espn.com/nfl/player/_/id/4035299/benito-jones",
    "headshot": "https://a.espncdn.com/combiner/i?img=/i/headshots/nfl/players/full/4035299.png",
    "birthdate": "Birthdate11/27/1997 (27)",
    "birthplace": null,
    "experience": "Experience4th Season",
    "draftInfo": null
  },
  {
    "team": "MIA",
    "number": "",
    "name": "Jordan Phillips",
    "position": "DT",
    "height": "20",
    "weight": "6' 3\"",
    "age": "320 lbs",
    "college": "R",
    "playerId": "4837188",
    "profileUrl": "https://www.espn.com/nfl/player/_/id/4837188/jordan-phillips",
    "headshot": "https://a.espncdn.com/combiner/i?img=/i/headshots/nfl/players/full/4837188.png",
    "birthdate": "Birthdate6/30/2004 (20)",
    "birthplace": null,
    "experience": null,
    "draftInfo": "Draft Info2025: Rd 5, Pk 143 (MIA)"
  },
  {
    "team": "MIA",
    "number": "",
    "name": "Zach Sieler92",
    "position": "DT",
    "height": "29",
    "weight": "6' 6\"",
    "age": "300 lbs",
    "college": "7",
    "playerId": "3057956",
    "profileUrl": "https://www.espn.com/nfl/player/_/id/3057956/zach-sieler",
    "headshot": "https://a.espncdn.com/combiner/i?img=/i/headshots/nfl/players/full/3057956.png",
    "birthdate": "Birthdate9/7/1995 (29)",
    "birthplace": null,
    "experience": null,
    "draftInfo": "Draft Info2018: Rd 7, Pk 238 (BAL)"
  },
  {
    "team": "MIA",
    "number": "",
    "name": "Eugene Asante",
    "position": "LB",
    "height": "--",
    "weight": "6' 1\"",
    "age": "219 lbs",
    "college": "R",
    "playerId": "4427532",
    "profileUrl": "https://www.espn.com/nfl/player/_/id/4427532/eugene-asante",
    "headshot": "https://a.espncdn.com/combiner/i?img=/i/headshots/college-football/players/full/4427532.png",
    "birthdate": null,
    "birthplace": "BirthplaceAlexandria, VA",
    "experience": "ExperienceRookie",
    "draftInfo": null
  },
  {
    "team": "MIA",
    "number": "",
    "name": "Quinton Bell56",
    "position": "LB",
    "height": "29",
    "weight": "6' 4\"",
    "age": "251 lbs",
    "college": "3",
    "playerId": "3933407",
    "profileUrl": "https://www.espn.com/nfl/player/_/id/3933407/quinton-bell",
    "headshot": "https://a.espncdn.com/combiner/i?img=/i/headshots/nfl/players/full/3933407.png",
    "birthdate": "Birthdate5/9/1996 (29)",
    "birthplace": null,
    "experience": null,
    "draftInfo": "Draft Info2019: Rd 7, Pk 230 (OAK)"
  },
  {
    "team": "MIA",
    "number": "",
    "name": "William Bradley-King58",
    "position": "LB",
    "height": "27",
    "weight": "6' 4\"",
    "age": "265 lbs",
    "college": "1",
    "playerId": "4036476",
    "profileUrl": "https://www.espn.com/nfl/player/_/id/4036476/william-bradley-king",
    "headshot": "https://a.espncdn.com/combiner/i?img=/i/headshots/nfl/players/full/4036476.png",
    "birthdate": "Birthdate12/22/1997 (27)",
    "birthplace": null,
    "experience": null,
    "draftInfo": "Draft Info2021: Rd 7, Pk 240 (WSH)"
  },
  {
    "team": "MIA",
    "number": "",
    "name": "K.J. Britt52",
    "position": "LB",
    "height": "25",
    "weight": "6' 0\"",
    "age": "235 lbs",
    "college": "4",
    "playerId": "4242521",
    "profileUrl": "https://www.espn.com/nfl/player/_/id/4242521/kj-britt",
    "headshot": "https://a.espncdn.com/combiner/i?img=/i/headshots/nfl/players/full/4242521.png",
    "birthdate": "Birthdate6/4/1999 (25)",
    "birthplace": null,
    "experience": null,
    "draftInfo": "Draft Info2021: Rd 5, Pk 176 (TB)"
  },
  {
    "team": "MIA",
    "number": "",
    "name": "Jordyn Brooks20",
    "position": "LB",
    "height": "27",
    "weight": "6' 0\"",
    "age": "240 lbs",
    "college": "5",
    "playerId": "4043130",
    "profileUrl": "https://www.espn.com/nfl/player/_/id/4043130/jordyn-brooks",
    "headshot": "https://a.espncdn.com/combiner/i?img=/i/headshots/nfl/players/full/4043130.png",
    "birthdate": "Birthdate10/21/1997 (27)",
    "birthplace": null,
    "experience": null,
    "draftInfo": "Draft Info2020: Rd 1, Pk 27 (SEA)"
  },
  {
    "team": "MIA",
    "number": "",
    "name": "Bradley Chubb2",
    "position": "LB",
    "height": "28",
    "weight": "6' 4\"",
    "age": "268 lbs",
    "college": "7",
    "playerId": "3116733",
    "profileUrl": "https://www.espn.com/nfl/player/_/id/3116733/bradley-chubb",
    "headshot": "https://a.espncdn.com/combiner/i?img=/i/headshots/nfl/players/full/3116733.png",
    "birthdate": "Birthdate6/24/1996 (28)",
    "birthplace": null,
    "experience": null,
    "draftInfo": "Draft Info2018: Rd 1, Pk 5 (DEN)"
  },
  {
    "team": "MIA",
    "number": "",
    "name": "Tyrel Dodson11",
    "position": "LB",
    "height": "26",
    "weight": "6' 0\"",
    "age": "237 lbs",
    "college": "5",
    "playerId": "4035232",
    "profileUrl": "https://www.espn.com/nfl/player/_/id/4035232/tyrel-dodson",
    "headshot": "https://a.espncdn.com/combiner/i?img=/i/headshots/nfl/players/full/4035232.png",
    "birthdate": "Birthdate6/25/1998 (26)",
    "birthplace": null,
    "experience": "Experience5th Season",
    "draftInfo": null
  },
  {
    "team": "MIA",
    "number": "",
    "name": "Willie Gay",
    "position": "LB",
    "height": "27",
    "weight": "6' 1\"",
    "age": "243 lbs",
    "college": "5",
    "playerId": "4259804",
    "profileUrl": "https://www.espn.com/nfl/player/_/id/4259804/willie-gay",
    "headshot": "https://a.espncdn.com/combiner/i?img=/i/headshots/nfl/players/full/4259804.png",
    "birthdate": "Birthdate2/15/1998 (27)",
    "birthplace": null,
    "experience": null,
    "draftInfo": "Draft Info2020: Rd 2, Pk 63 (KC)"
  },
  {
    "team": "MIA",
    "number": "",
    "name": "Cameron Goode53",
    "position": "LB",
    "height": "27",
    "weight": "6' 3\"",
    "age": "245 lbs",
    "college": "2",
    "playerId": "4035857",
    "profileUrl": "https://www.espn.com/nfl/player/_/id/4035857/cameron-goode",
    "headshot": "https://a.espncdn.com/combiner/i?img=/i/headshots/nfl/players/full/4035857.png",
    "birthdate": "Birthdate4/15/1998 (27)",
    "birthplace": null,
    "experience": null,
    "draftInfo": "Draft Info2022: Rd 7, Pk 224 (MIA)"
  },
  {
    "team": "MIA",
    "number": "",
    "name": "Dequan Jackson57",
    "position": "LB",
    "height": "25",
    "weight": "6' 1\"",
    "age": "225 lbs",
    "college": "1",
    "playerId": "4361282",
    "profileUrl": "https://www.espn.com/nfl/player/_/id/4361282/dequan-jackson",
    "headshot": "https://a.espncdn.com/combiner/i?img=/i/headshots/nfl/players/full/4361282.png",
    "birthdate": "Birthdate10/7/1999 (25)",
    "birthplace": null,
    "experience": "Experience1st Season",
    "draftInfo": null
  },
  {
    "team": "MIA",
    "number": "",
    "name": "Mohamed Kamara50",
    "position": "LB",
    "height": "25",
    "weight": "6' 1\"",
    "age": "248 lbs",
    "college": "R",
    "playerId": "4427677",
    "profileUrl": "https://www.espn.com/nfl/player/_/id/4427677/mohamed-kamara",
    "headshot": "https://a.espncdn.com/combiner/i?img=/i/headshots/nfl/players/full/4427677.png",
    "birthdate": "Birthdate5/29/1999 (25)",
    "birthplace": null,
    "experience": null,
    "draftInfo": "Draft Info2024: Rd 5, Pk 158 (MIA)"
  },
  {
    "team": "MIA",
    "number": "",
    "name": "Derrick McLendon59",
    "position": "LB",
    "height": "24",
    "weight": "6' 4\"",
    "age": "250 lbs",
    "college": "R",
    "playerId": "4430153",
    "profileUrl": "https://www.espn.com/nfl/player/_/id/4430153/derrick-mclendon",
    "headshot": "https://a.espncdn.com/combiner/i?img=/i/headshots/nfl/players/full/4430153.png",
    "birthdate": "Birthdate9/29/2000 (24)",
    "birthplace": null,
    "experience": "ExperienceRookie",
    "draftInfo": null
  },
  {
    "team": "MIA",
    "number": "",
    "name": "Grayson Murphy59",
    "position": "LB",
    "height": "24",
    "weight": "6' 2\"",
    "age": "249 lbs",
    "college": "R",
    "playerId": "4428077",
    "profileUrl": "https://www.espn.com/nfl/player/_/id/4428077/grayson-murphy",
    "headshot": "https://a.espncdn.com/combiner/i?img=/i/headshots/nfl/players/full/4428077.png",
    "birthdate": "Birthdate10/13/2000 (24)",
    "birthplace": null,
    "experience": "ExperienceRookie",
    "draftInfo": null
  },
  {
    "team": "MIA",
    "number": "",
    "name": "Jaelan Phillips15",
    "position": "LB",
    "height": "25",
    "weight": "6' 5\"",
    "age": "263 lbs",
    "college": "4",
    "playerId": "4242975",
    "profileUrl": "https://www.espn.com/nfl/player/_/id/4242975/jaelan-phillips",
    "headshot": "https://a.espncdn.com/combiner/i?img=/i/headshots/nfl/players/full/4242975.png",
    "birthdate": "Birthdate5/28/1999 (25)",
    "birthplace": null,
    "experience": null,
    "draftInfo": "Draft Info2021: Rd 1, Pk 18 (MIA)"
  },
  {
    "team": "MIA",
    "number": "",
    "name": "Chop Robinson44",
    "position": "LB",
    "height": "22",
    "weight": "6' 3\"",
    "age": "254 lbs",
    "college": "R",
    "playerId": "4431586",
    "profileUrl": "https://www.espn.com/nfl/player/_/id/4431586/chop-robinson",
    "headshot": "https://a.espncdn.com/combiner/i?img=/i/headshots/nfl/players/full/4431586.png",
    "birthdate": "Birthdate1/2/2003 (22)",
    "birthplace": null,
    "experience": null,
    "draftInfo": "Draft Info2024: Rd 1, Pk 21 (MIA)"
  },
  {
    "team": "MIA",
    "number": "",
    "name": "Channing Tindall41",
    "position": "LB",
    "height": "25",
    "weight": "6' 2\"",
    "age": "236 lbs",
    "college": "3",
    "playerId": "4379414",
    "profileUrl": "https://www.espn.com/nfl/player/_/id/4379414/channing-tindall",
    "headshot": "https://a.espncdn.com/combiner/i?img=/i/headshots/nfl/players/full/4379414.png",
    "birthdate": "Birthdate3/28/2000 (25)",
    "birthplace": null,
    "experience": null,
    "draftInfo": "Draft Info2022: Rd 3, Pk 102 (MIA)"
  },
  {
    "team": "MIA",
    "number": "",
    "name": "BJ Adams",
    "position": "CB",
    "height": "--",
    "weight": "6' 3\"",
    "age": "190 lbs",
    "college": "R",
    "playerId": "4685826",
    "profileUrl": "https://www.espn.com/nfl/player/_/id/4685826/bj-adams",
    "headshot": "https://a.espncdn.com/combiner/i?img=/i/headshots/college-football/players/full/4685826.png",
    "birthdate": null,
    "birthplace": "BirthplaceAtlanta, GA",
    "experience": "ExperienceRookie",
    "draftInfo": null
  },
  {
    "team": "MIA",
    "number": "",
    "name": "Ethan Bonner27",
    "position": "CB",
    "height": "25",
    "weight": "6' 1\"",
    "age": "186 lbs",
    "college": "1",
    "playerId": "4360746",
    "profileUrl": "https://www.espn.com/nfl/player/_/id/4360746/ethan-bonner",
    "headshot": "https://a.espncdn.com/combiner/i?img=/i/headshots/nfl/players/full/4360746.png",
    "birthdate": "Birthdate10/23/1999 (25)",
    "birthplace": null,
    "experience": "Experience1st Season",
    "draftInfo": null
  },
  {
    "team": "MIA",
    "number": "",
    "name": "Artie Burns",
    "position": "CB",
    "height": "30",
    "weight": "6' 0\"",
    "age": "187 lbs",
    "college": "9",
    "playerId": "3051921",
    "profileUrl": "https://www.espn.com/nfl/player/_/id/3051921/artie-burns",
    "headshot": "https://a.espncdn.com/combiner/i?img=/i/headshots/nfl/players/full/3051921.png",
    "birthdate": "Birthdate5/1/1995 (30)",
    "birthplace": null,
    "experience": null,
    "draftInfo": "Draft Info2016: Rd 1, Pk 25 (PIT)"
  },
  {
    "team": "MIA",
    "number": "",
    "name": "Storm Duck36",
    "position": "CB",
    "height": "24",
    "weight": "6' 0\"",
    "age": "195 lbs",
    "college": "R",
    "playerId": "4427103",
    "profileUrl": "https://www.espn.com/nfl/player/_/id/4427103/storm-duck",
    "headshot": "https://a.espncdn.com/combiner/i?img=/i/headshots/nfl/players/full/4427103.png",
    "birthdate": "Birthdate12/15/2000 (24)",
    "birthplace": null,
    "experience": "ExperienceRookie",
    "draftInfo": null
  },
  {
    "team": "MIA",
    "number": "",
    "name": "Isaiah Johnson37",
    "position": "CB",
    "height": "25",
    "weight": "6' 3\"",
    "age": "205 lbs",
    "college": "R",
    "playerId": "4367699",
    "profileUrl": "https://www.espn.com/nfl/player/_/id/4367699/isaiah-johnson",
    "headshot": "https://a.espncdn.com/combiner/i?img=/i/headshots/nfl/players/full/4367699.png",
    "birthdate": "Birthdate3/29/2000 (25)",
    "birthplace": null,
    "experience": "ExperienceRookie",
    "draftInfo": null
  },
  {
    "team": "MIA",
    "number": "",
    "name": "Kader Kohou4",
    "position": "CB",
    "height": "26",
    "weight": "5' 10\"",
    "age": "193 lbs",
    "college": "3",
    "playerId": "4291489",
    "profileUrl": "https://www.espn.com/nfl/player/_/id/4291489/kader-kohou",
    "headshot": "https://a.espncdn.com/combiner/i?img=/i/headshots/nfl/players/full/4291489.png",
    "birthdate": "Birthdate11/28/1998 (26)",
    "birthplace": null,
    "experience": "Experience3rd Season",
    "draftInfo": null
  },
  {
    "team": "MIA",
    "number": "",
    "name": "Jason Maitre43",
    "position": "CB",
    "height": "25",
    "weight": "5' 10\"",
    "age": "188 lbs",
    "college": "R",
    "playerId": "4360213",
    "profileUrl": "https://www.espn.com/nfl/player/_/id/4360213/jason-maitre",
    "headshot": "https://a.espncdn.com/combiner/i?img=/i/headshots/nfl/players/full/4360213.png",
    "birthdate": "Birthdate2/1/2000 (25)",
    "birthplace": null,
    "experience": "ExperienceRookie",
    "draftInfo": null
  },
  {
    "team": "MIA",
    "number": "",
    "name": "Jason Marshall Jr.",
    "position": "CB",
    "height": "22",
    "weight": "6' 1\"",
    "age": "201 lbs",
    "college": "R",
    "playerId": "4432730",
    "profileUrl": "https://www.espn.com/nfl/player/_/id/4432730/jason-marshall-jr",
    "headshot": "https://a.espncdn.com/combiner/i?img=/i/headshots/nfl/players/full/4432730.png",
    "birthdate": "Birthdate9/6/2002 (22)",
    "birthplace": null,
    "experience": null,
    "draftInfo": "Draft Info2025: Rd 5, Pk 150 (MIA)"
  },
  {
    "team": "MIA",
    "number": "",
    "name": "Jalen Ramsey5",
    "position": "CB",
    "height": "30",
    "weight": "6' 1\"",
    "age": "208 lbs",
    "college": "9",
    "playerId": "3045373",
    "profileUrl": "https://www.espn.com/nfl/player/_/id/3045373/jalen-ramsey",
    "headshot": "https://a.espncdn.com/combiner/i?img=/i/headshots/nfl/players/full/3045373.png",
    "birthdate": "Birthdate10/24/1994 (30)",
    "birthplace": null,
    "experience": null,
    "draftInfo": "Draft Info2016: Rd 1, Pk 5 (JAX)"
  },
  {
    "team": "MIA",
    "number": "",
    "name": "Kendall Sheffield",
    "position": "CB",
    "height": "28",
    "weight": "5' 10\"",
    "age": "212 lbs",
    "college": "4",
    "playerId": "3925358",
    "profileUrl": "https://www.espn.com/nfl/player/_/id/3925358/kendall-sheffield",
    "headshot": "https://a.espncdn.com/combiner/i?img=/i/headshots/nfl/players/full/3925358.png",
    "birthdate": "Birthdate5/30/1996 (28)",
    "birthplace": null,
    "experience": null,
    "draftInfo": "Draft Info2019: Rd 4, Pk 111 (ATL)"
  },
  {
    "team": "MIA",
    "number": "",
    "name": "Cam Smith24",
    "position": "CB",
    "height": "24",
    "weight": "6' 1\"",
    "age": "186 lbs",
    "college": "2",
    "playerId": "4570672",
    "profileUrl": "https://www.espn.com/nfl/player/_/id/4570672/cam-smith",
    "headshot": "https://a.espncdn.com/combiner/i?img=/i/headshots/nfl/players/full/4570672.png",
    "birthdate": "Birthdate12/21/2000 (24)",
    "birthplace": null,
    "experience": null,
    "draftInfo": "Draft Info2023: Rd 2, Pk 51 (MIA)"
  },
  {
    "team": "MIA",
    "number": "",
    "name": "John Saunders Jr.",
    "position": "DB",
    "height": "--",
    "weight": "6' 2\"",
    "age": "210 lbs",
    "college": "R",
    "playerId": "4608762",
    "profileUrl": "https://www.espn.com/nfl/player/_/id/4608762/john-saunders-jr",
    "headshot": "https://a.espncdn.com/combiner/i?img=/i/headshots/college-football/players/full/4608762.png",
    "birthdate": null,
    "birthplace": "BirthplaceHigh Point, NC",
    "experience": "ExperienceRookie",
    "draftInfo": null
  },
  {
    "team": "MIA",
    "number": "",
    "name": "Elijah Campbell22",
    "position": "S",
    "height": "29",
    "weight": "5' 11\"",
    "age": "200 lbs",
    "college": "5",
    "playerId": "3932901",
    "profileUrl": "https://www.espn.com/nfl/player/_/id/3932901/elijah-campbell",
    "headshot": "https://a.espncdn.com/combiner/i?img=/i/headshots/nfl/players/full/3932901.png",
    "birthdate": "Birthdate8/24/1995 (29)",
    "birthplace": null,
    "experience": "Experience5th Season",
    "draftInfo": null
  },
  {
    "team": "MIA",
    "number": "",
    "name": "Jordan Colbert34",
    "position": "S",
    "height": "25",
    "weight": "6' 2\"",
    "age": "214 lbs",
    "college": "R",
    "playerId": "4367504",
    "profileUrl": "https://www.espn.com/nfl/player/_/id/4367504/jordan-colbert",
    "headshot": "https://a.espncdn.com/combiner/i?img=/i/headshots/nfl/players/full/4367504.png",
    "birthdate": "Birthdate3/18/2000 (25)",
    "birthplace": null,
    "experience": "ExperienceRookie",
    "draftInfo": null
  },
  {
    "team": "MIA",
    "number": "",
    "name": "Ashtyn Davis",
    "position": "S",
    "height": "28",
    "weight": "6' 1\"",
    "age": "202 lbs",
    "college": "5",
    "playerId": "3858271",
    "profileUrl": "https://www.espn.com/nfl/player/_/id/3858271/ashtyn-davis",
    "headshot": "https://a.espncdn.com/combiner/i?img=/i/headshots/nfl/players/full/3858271.png",
    "birthdate": "Birthdate10/10/1996 (28)",
    "birthplace": null,
    "experience": null,
    "draftInfo": "Draft Info2020: Rd 3, Pk 68 (NYJ)"
  },
  {
    "team": "MIA",
    "number": "",
    "name": "Patrick McMorris32",
    "position": "S",
    "height": "23",
    "weight": "6' 0\"",
    "age": "206 lbs",
    "college": "R",
    "playerId": "4430158",
    "profileUrl": "https://www.espn.com/nfl/player/_/id/4430158/patrick-mcmorris",
    "headshot": "https://a.espncdn.com/combiner/i?img=/i/headshots/nfl/players/full/4430158.png",
    "birthdate": "Birthdate10/18/2001 (23)",
    "birthplace": null,
    "experience": null,
    "draftInfo": "Draft Info2024: Rd 6, Pk 198 (MIA)"
  },
  {
    "team": "MIA",
    "number": "",
    "name": "Ifeatu Melifonwu",
    "position": "S",
    "height": "26",
    "weight": "6' 3\"",
    "age": "210 lbs",
    "college": "4",
    "playerId": "4240401",
    "profileUrl": "https://www.espn.com/nfl/player/_/id/4240401/ifeatu-melifonwu",
    "headshot": "https://a.espncdn.com/combiner/i?img=/i/headshots/nfl/players/full/4240401.png",
    "birthdate": "Birthdate5/2/1999 (26)",
    "birthplace": null,
    "experience": null,
    "draftInfo": "Draft Info2021: Rd 3, Pk 101 (DET)"
  },
  {
    "team": "MIA",
    "number": "",
    "name": "Dante Trader Jr.",
    "position": "S",
    "height": "22",
    "weight": "5' 11\"",
    "age": "196 lbs",
    "college": "R",
    "playerId": "4431664",
    "profileUrl": "https://www.espn.com/nfl/player/_/id/4431664/dante-trader-jr",
    "headshot": "https://a.espncdn.com/combiner/i?img=/i/headshots/nfl/players/full/4431664.png",
    "birthdate": "Birthdate2/13/2003 (22)",
    "birthplace": null,
    "experience": null,
    "draftInfo": "Draft Info2025: Rd 5, Pk 155 (MIA)"
  },
  {
    "team": "MIA",
    "number": "",
    "name": "Jason Sanders7",
    "position": "PK",
    "height": "29",
    "weight": "5' 11\"",
    "age": "195 lbs",
    "college": "7",
    "playerId": "3124679",
    "profileUrl": "https://www.espn.com/nfl/player/_/id/3124679/jason-sanders",
    "headshot": "https://a.espncdn.com/combiner/i?img=/i/headshots/nfl/players/full/3124679.png",
    "birthdate": "Birthdate11/16/1995 (29)",
    "birthplace": null,
    "experience": null,
    "draftInfo": "Draft Info2018: Rd 7, Pk 229 (MIA)"
  },
  {
    "team": "MIA",
    "number": "",
    "name": "Jake Bailey16",
    "position": "P",
    "height": "27",
    "weight": "6' 2\"",
    "age": "214 lbs",
    "college": "6",
    "playerId": "3931395",
    "profileUrl": "https://www.espn.com/nfl/player/_/id/3931395/jake-bailey",
    "headshot": "https://a.espncdn.com/combiner/i?img=/i/headshots/nfl/players/full/3931395.png",
    "birthdate": "Birthdate6/18/1997 (27)",
    "birthplace": null,
    "experience": null,
    "draftInfo": "Draft Info2019: Rd 5, Pk 163 (NE)"
  },
  {
    "team": "MIA",
    "number": "",
    "name": "Ryan Stonehouse",
    "position": "P",
    "height": "26",
    "weight": "5' 10\"",
    "age": "193 lbs",
    "college": "4",
    "playerId": "4256051",
    "profileUrl": "https://www.espn.com/nfl/player/_/id/4256051/ryan-stonehouse",
    "headshot": "https://a.espncdn.com/combiner/i?img=/i/headshots/nfl/players/full/4256051.png",
    "birthdate": "Birthdate5/11/1999 (26)",
    "birthplace": null,
    "experience": "Experience4th Season",
    "draftInfo": null
  },
  {
    "team": "MIA",
    "number": "",
    "name": "Joe Cardona",
    "position": "LS",
    "height": "33",
    "weight": "6' 2\"",
    "age": "245 lbs",
    "college": "10",
    "playerId": "2575907",
    "profileUrl": "https://www.espn.com/nfl/player/_/id/2575907/joe-cardona",
    "headshot": "https://a.espncdn.com/combiner/i?img=/i/headshots/nfl/players/full/2575907.png",
    "birthdate": "Birthdate4/16/1992 (33)",
    "birthplace": null,
    "experience": null,
    "draftInfo": "Draft Info2015: Rd 5, Pk 166 (NE)"
  }
]