[
  {
    "team": "MIN",
    "number": "",
    "name": "Max Brosmer",
    "position": "QB",
    "height": "24",
    "weight": "6' 2\"",
    "age": "225 lbs",
    "college": "R",
    "playerId": "4573398",
    "profileUrl": "https://www.espn.com/nfl/player/_/id/4573398/max-brosmer",
    "headshot": "https://a.espncdn.com/combiner/i?img=/i/headshots/college-football/players/full/4573398.png",
    "birthdate": "Birthdate3/28/2001 (24)",
    "birthplace": null,
    "experience": "ExperienceRookie",
    "draftInfo": null
  },
  {
    "team": "MIN",
    "number": "",
    "name": "Sam Howell",
    "position": "QB",
    "height": "24",
    "weight": "6' 1\"",
    "age": "220 lbs",
    "college": "3",
    "playerId": "4426875",
    "profileUrl": "https://www.espn.com/nfl/player/_/id/4426875/sam-howell",
    "headshot": "https://a.espncdn.com/combiner/i?img=/i/headshots/nfl/players/full/4426875.png",
    "birthdate": "Birthdate9/16/2000 (24)",
    "birthplace": null,
    "experience": null,
    "draftInfo": "Draft Info2022: Rd 5, Pk 144 (WSH)"
  },
  {
    "team": "MIN",
    "number": "",
    "name": "J.J. McCarthy9",
    "position": "QB",
    "height": "22",
    "weight": "6' 3\"",
    "age": "219 lbs",
    "college": "R",
    "playerId": "4433970",
    "profileUrl": "https://www.espn.com/nfl/player/_/id/4433970/jj-mccarthy",
    "headshot": "https://a.espncdn.com/combiner/i?img=/i/headshots/nfl/players/full/4433970.png",
    "birthdate": "Birthdate1/20/2003 (22)",
    "birthplace": null,
    "experience": null,
    "draftInfo": "Draft Info2024: Rd 1, Pk 10 (MIN)"
  },
  {
    "team": "MIN",
    "number": "",
    "name": "Brett Rypien19",
    "position": "QB",
    "height": "28",
    "weight": "6' 2\"",
    "age": "210 lbs",
    "college": "6",
    "playerId": "3722362",
    "profileUrl": "https://www.espn.com/nfl/player/_/id/3722362/brett-rypien",
    "headshot": "https://a.espncdn.com/combiner/i?img=/i/headshots/nfl/players/full/3722362.png",
    "birthdate": "Birthdate7/9/1996 (28)",
    "birthplace": null,
    "experience": "Experience6th Season",
    "draftInfo": null
  },
  {
    "team": "MIN",
    "number": "",
    "name": "Ty Chandler32",
    "position": "RB",
    "height": "27",
    "weight": "5' 11\"",
    "age": "204 lbs",
    "college": "3",
    "playerId": "4242431",
    "profileUrl": "https://www.espn.com/nfl/player/_/id/4242431/ty-chandler",
    "headshot": "https://a.espncdn.com/combiner/i?img=/i/headshots/nfl/players/full/4242431.png",
    "birthdate": "Birthdate5/12/1998 (27)",
    "birthplace": null,
    "experience": null,
    "draftInfo": "Draft Info2022: Rd 5, Pk 169 (MIN)"
  },
  {
    "team": "MIN",
    "number": "",
    "name": "Aaron Jones33",
    "position": "RB",
    "height": "30",
    "weight": "5' 9\"",
    "age": "208 lbs",
    "college": "8",
    "playerId": "3042519",
    "profileUrl": "https://www.espn.com/nfl/player/_/id/3042519/aaron-jones",
    "headshot": "https://a.espncdn.com/combiner/i?img=/i/headshots/nfl/players/full/3042519.png",
    "birthdate": "Birthdate12/2/1994 (30)",
    "birthplace": null,
    "experience": null,
    "draftInfo": "Draft Info2017: Rd 5, Pk 182 (GB)"
  },
  {
    "team": "MIN",
    "number": "",
    "name": "Jordan Mason24",
    "position": "RB",
    "height": "25",
    "weight": "5' 11\"",
    "age": "223 lbs",
    "college": "3",
    "playerId": "4360569",
    "profileUrl": "https://www.espn.com/nfl/player/_/id/4360569/jordan-mason",
    "headshot": "https://a.espncdn.com/combiner/i?img=/i/headshots/nfl/players/full/4360569.png",
    "birthdate": "Birthdate5/24/1999 (25)",
    "birthplace": null,
    "experience": "Experience3rd Season",
    "draftInfo": null
  },
  {
    "team": "MIN",
    "number": "",
    "name": "Zavier Scott36",
    "position": "RB",
    "height": "25",
    "weight": "6' 1\"",
    "age": "219 lbs",
    "college": "1",
    "playerId": "4257364",
    "profileUrl": "https://www.espn.com/nfl/player/_/id/4257364/zavier-scott",
    "headshot": "https://a.espncdn.com/combiner/i?img=/i/headshots/nfl/players/full/4257364.png",
    "birthdate": "Birthdate7/17/1999 (25)",
    "birthplace": null,
    "experience": "Experience1st Season",
    "draftInfo": null
  },
  {
    "team": "MIN",
    "number": "",
    "name": "Tre Stewart",
    "position": "RB",
    "height": "22",
    "weight": "5' 10\"",
    "age": "192 lbs",
    "college": "R",
    "playerId": "5093062",
    "profileUrl": "https://www.espn.com/nfl/player/_/id/5093062/tre-stewart",
    "headshot": "https://a.espncdn.com/combiner/i?img=/i/headshots/college-football/players/full/5093062.png",
    "birthdate": "Birthdate12/14/2002 (22)",
    "birthplace": null,
    "experience": "ExperienceRookie",
    "draftInfo": null
  },
  {
    "team": "MIN",
    "number": "",
    "name": "C.J. Ham30",
    "position": "FB",
    "height": "31",
    "weight": "5' 11\"",
    "age": "250 lbs",
    "college": "8",
    "playerId": "4012556",
    "profileUrl": "https://www.espn.com/nfl/player/_/id/4012556/cj-ham",
    "headshot": "https://a.espncdn.com/combiner/i?img=/i/headshots/nfl/players/full/4012556.png",
    "birthdate": "Birthdate7/22/1993 (31)",
    "birthplace": null,
    "experience": "Experience8th Season",
    "draftInfo": null
  },
  {
    "team": "MIN",
    "number": "",
    "name": "Jordan Addison3",
    "position": "WR",
    "height": "23",
    "weight": "5' 11\"",
    "age": "175 lbs",
    "college": "2",
    "playerId": "4429205",
    "profileUrl": "https://www.espn.com/nfl/player/_/id/4429205/jordan-addison",
    "headshot": "https://a.espncdn.com/combiner/i?img=/i/headshots/nfl/players/full/4429205.png",
    "birthdate": "Birthdate1/27/2002 (23)",
    "birthplace": null,
    "experience": null,
    "draftInfo": "Draft Info2023: Rd 1, Pk 23 (MIN)"
  },
  {
    "team": "MIN",
    "number": "",
    "name": "Silas Bolden",
    "position": "WR",
    "height": "--",
    "weight": "5' 8\"",
    "age": "160 lbs",
    "college": "R",
    "playerId": "4590532",
    "profileUrl": "https://www.espn.com/nfl/player/_/id/4590532/silas-bolden",
    "headshot": "https://a.espncdn.com/combiner/i?img=/i/headshots/college-football/players/full/4590532.png",
    "birthdate": null,
    "birthplace": "BirthplaceRancho Cucamonga, CA",
    "experience": "ExperienceRookie",
    "draftInfo": null
  },
  {
    "team": "MIN",
    "number": "",
    "name": "Tai Felton",
    "position": "WR",
    "height": "22",
    "weight": "6' 2\"",
    "age": "181 lbs",
    "college": "R",
    "playerId": "4565185",
    "profileUrl": "https://www.espn.com/nfl/player/_/id/4565185/tai-felton",
    "headshot": "https://a.espncdn.com/combiner/i?img=/i/headshots/nfl/players/full/4565185.png",
    "birthdate": "Birthdate3/15/2003 (22)",
    "birthplace": null,
    "experience": null,
    "draftInfo": "Draft Info2025: Rd 3, Pk 102 (MIN)"
  },
  {
    "team": "MIN",
    "number": "",
    "name": "Dontae Fleming",
    "position": "WR",
    "height": "23",
    "weight": "6' 2\"",
    "age": "167 lbs",
    "college": "R",
    "playerId": "4565297",
    "profileUrl": "https://www.espn.com/nfl/player/_/id/4565297/dontae-fleming",
    "headshot": "https://a.espncdn.com/combiner/i?img=/i/headshots/college-football/players/full/4565297.png",
    "birthdate": "Birthdate11/28/2001 (23)",
    "birthplace": null,
    "experience": "ExperienceRookie",
    "draftInfo": null
  },
  {
    "team": "MIN",
    "number": "",
    "name": "Lucky Jackson81",
    "position": "WR",
    "height": "27",
    "weight": "6' 0\"",
    "age": "186 lbs",
    "college": "1",
    "playerId": "3915802",
    "profileUrl": "https://www.espn.com/nfl/player/_/id/3915802/lucky-jackson",
    "headshot": "https://a.espncdn.com/combiner/i?img=/i/headshots/nfl/players/full/3915802.png",
    "birthdate": "Birthdate7/17/1997 (27)",
    "birthplace": null,
    "experience": "Experience1st Season",
    "draftInfo": null
  },
  {
    "team": "MIN",
    "number": "",
    "name": "Justin Jefferson18",
    "position": "WR",
    "height": "25",
    "weight": "6' 1\"",
    "age": "195 lbs",
    "college": "5",
    "playerId": "4262921",
    "profileUrl": "https://www.espn.com/nfl/player/_/id/4262921/justin-jefferson",
    "headshot": "https://a.espncdn.com/combiner/i?img=/i/headshots/nfl/players/full/4262921.png",
    "birthdate": "Birthdate6/16/1999 (25)",
    "birthplace": null,
    "experience": null,
    "draftInfo": "Draft Info2020: Rd 1, Pk 22 (MIN)"
  },
  {
    "team": "MIN",
    "number": "",
    "name": "Jeshaun Jones82",
    "position": "WR",
    "height": "25",
    "weight": "6' 1\"",
    "age": "188 lbs",
    "college": "R",
    "playerId": "4360637",
    "profileUrl": "https://www.espn.com/nfl/player/_/id/4360637/jeshaun-jones",
    "headshot": "https://a.espncdn.com/combiner/i?img=/i/headshots/nfl/players/full/4360637.png",
    "birthdate": "Birthdate12/22/1999 (25)",
    "birthplace": null,
    "experience": "ExperienceRookie",
    "draftInfo": null
  },
  {
    "team": "MIN",
    "number": "",
    "name": "Tim Jones",
    "position": "WR",
    "height": "27",
    "weight": "6' 1\"",
    "age": "200 lbs",
    "college": "3",
    "playerId": "4245131",
    "profileUrl": "https://www.espn.com/nfl/player/_/id/4245131/tim-jones",
    "headshot": "https://a.espncdn.com/combiner/i?img=/i/headshots/nfl/players/full/4245131.png",
    "birthdate": "Birthdate5/15/1998 (27)",
    "birthplace": null,
    "experience": "Experience3rd Season",
    "draftInfo": null
  },
  {
    "team": "MIN",
    "number": "",
    "name": "Robert Lewis",
    "position": "WR",
    "height": "--",
    "weight": "5' 10\"",
    "age": "188 lbs",
    "college": "R",
    "playerId": "4686271",
    "profileUrl": "https://www.espn.com/nfl/player/_/id/4686271/robert-lewis",
    "headshot": "https://a.espncdn.com/combiner/i?img=/i/headshots/college-football/players/full/4686271.png",
    "birthdate": null,
    "birthplace": "BirthplaceCovington, GA",
    "experience": "ExperienceRookie",
    "draftInfo": null
  },
  {
    "team": "MIN",
    "number": "",
    "name": "Rondale Moore",
    "position": "WR",
    "height": "24",
    "weight": "5' 7\"",
    "age": "181 lbs",
    "college": "4",
    "playerId": "4372485",
    "profileUrl": "https://www.espn.com/nfl/player/_/id/4372485/rondale-moore",
    "headshot": "https://a.espncdn.com/combiner/i?img=/i/headshots/nfl/players/full/4372485.png",
    "birthdate": "Birthdate6/9/2000 (24)",
    "birthplace": null,
    "experience": null,
    "draftInfo": "Draft Info2021: Rd 2, Pk 49 (ARI)"
  },
  {
    "team": "MIN",
    "number": "",
    "name": "Jalen Nailor83",
    "position": "WR",
    "height": "26",
    "weight": "6' 0\"",
    "age": "190 lbs",
    "college": "3",
    "playerId": "4382466",
    "profileUrl": "https://www.espn.com/nfl/player/_/id/4382466/jalen-nailor",
    "headshot": "https://a.espncdn.com/combiner/i?img=/i/headshots/nfl/players/full/4382466.png",
    "birthdate": "Birthdate3/2/1999 (26)",
    "birthplace": null,
    "experience": null,
    "draftInfo": "Draft Info2022: Rd 6, Pk 191 (MIN)"
  },
  {
    "team": "MIN",
    "number": "",
    "name": "Myles Price",
    "position": "WR",
    "height": "--",
    "weight": "5' 9\"",
    "age": "183 lbs",
    "college": "R",
    "playerId": "4430656",
    "profileUrl": "https://www.espn.com/nfl/player/_/id/4430656/myles-price",
    "headshot": "https://a.espncdn.com/combiner/i?img=/i/headshots/college-football/players/full/4430656.png",
    "birthdate": null,
    "birthplace": "BirthplaceDallas, TX",
    "experience": "ExperienceRookie",
    "draftInfo": null
  },
  {
    "team": "MIN",
    "number": "",
    "name": "Thayer Thomas89",
    "position": "WR",
    "height": "26",
    "weight": "6' 0\"",
    "age": "195 lbs",
    "college": "1",
    "playerId": "4240121",
    "profileUrl": "https://www.espn.com/nfl/player/_/id/4240121/thayer-thomas",
    "headshot": "https://a.espncdn.com/combiner/i?img=/i/headshots/nfl/players/full/4240121.png",
    "birthdate": "Birthdate5/20/1998 (26)",
    "birthplace": null,
    "experience": "Experience1st Season",
    "draftInfo": null
  },
  {
    "team": "MIN",
    "number": "",
    "name": "Gavin Bartholomew",
    "position": "TE",
    "height": "22",
    "weight": "6' 5\"",
    "age": "250 lbs",
    "college": "R",
    "playerId": "4708049",
    "profileUrl": "https://www.espn.com/nfl/player/_/id/4708049/gavin-bartholomew",
    "headshot": "https://a.espncdn.com/combiner/i?img=/i/headshots/nfl/players/full/4708049.png",
    "birthdate": "Birthdate4/30/2003 (22)",
    "birthplace": null,
    "experience": null,
    "draftInfo": "Draft Info2025: Rd 6, Pk 202 (MIN)"
  },
  {
    "team": "MIN",
    "number": "",
    "name": "T.J. Hockenson87",
    "position": "TE",
    "height": "27",
    "weight": "6' 5\"",
    "age": "248 lbs",
    "college": "6",
    "playerId": "4036133",
    "profileUrl": "https://www.espn.com/nfl/player/_/id/4036133/tj-hockenson",
    "headshot": "https://a.espncdn.com/combiner/i?img=/i/headshots/nfl/players/full/4036133.png",
    "birthdate": "Birthdate7/3/1997 (27)",
    "birthplace": null,
    "experience": null,
    "draftInfo": "Draft Info2019: Rd 1, Pk 8 (DET)"
  },
  {
    "team": "MIN",
    "number": "",
    "name": "Bryson Nesbit",
    "position": "TE",
    "height": "22",
    "weight": "6' 5\"",
    "age": "235 lbs",
    "college": "R",
    "playerId": "4602969",
    "profileUrl": "https://www.espn.com/nfl/player/_/id/4602969/bryson-nesbit",
    "headshot": "https://a.espncdn.com/combiner/i?img=/i/headshots/college-football/players/full/4602969.png",
    "birthdate": "Birthdate9/25/2002 (22)",
    "birthplace": null,
    "experience": "ExperienceRookie",
    "draftInfo": null
  },
  {
    "team": "MIN",
    "number": "",
    "name": "Josh Oliver84",
    "position": "TE",
    "height": "28",
    "weight": "6' 5\"",
    "age": "259 lbs",
    "college": "6",
    "playerId": "3921690",
    "profileUrl": "https://www.espn.com/nfl/player/_/id/3921690/josh-oliver",
    "headshot": "https://a.espncdn.com/combiner/i?img=/i/headshots/nfl/players/full/3921690.png",
    "birthdate": "Birthdate3/21/1997 (28)",
    "birthplace": null,
    "experience": null,
    "draftInfo": "Draft Info2019: Rd 3, Pk 69 (JAX)"
  },
  {
    "team": "MIN",
    "number": "",
    "name": "Ben Yurosek",
    "position": "TE",
    "height": "23",
    "weight": "6' 4\"",
    "age": "245 lbs",
    "college": "R",
    "playerId": "4433959",
    "profileUrl": "https://www.espn.com/nfl/player/_/id/4433959/ben-yurosek",
    "headshot": "https://a.espncdn.com/combiner/i?img=/i/headshots/college-football/players/full/4433959.png",
    "birthdate": "Birthdate3/17/2002 (23)",
    "birthplace": null,
    "experience": "ExperienceRookie",
    "draftInfo": null
  },
  {
    "team": "MIN",
    "number": "",
    "name": "Zeke Correll",
    "position": "C",
    "height": "--",
    "weight": "6' 3\"",
    "age": "307 lbs",
    "college": "R",
    "playerId": "4426414",
    "profileUrl": "https://www.espn.com/nfl/player/_/id/4426414/zeke-correll",
    "headshot": "https://a.espncdn.com/combiner/i?img=/i/headshots/college-football/players/full/4426414.png",
    "birthdate": null,
    "birthplace": "BirthplaceCincinnati, OH",
    "experience": "ExperienceRookie",
    "draftInfo": null
  },
  {
    "team": "MIN",
    "number": "",
    "name": "Michael Jurgens65",
    "position": "C",
    "height": "25",
    "weight": "6' 4\"",
    "age": "311 lbs",
    "college": "R",
    "playerId": "4362010",
    "profileUrl": "https://www.espn.com/nfl/player/_/id/4362010/michael-jurgens",
    "headshot": "https://a.espncdn.com/combiner/i?img=/i/headshots/nfl/players/full/4362010.png",
    "birthdate": "Birthdate1/1/2000 (25)",
    "birthplace": null,
    "experience": null,
    "draftInfo": "Draft Info2024: Rd 7, Pk 230 (MIN)"
  },
  {
    "team": "MIN",
    "number": "",
    "name": "Ryan Kelly",
    "position": "C",
    "height": "31",
    "weight": "6' 4\"",
    "age": "307 lbs",
    "college": "9",
    "playerId": "2578475",
    "profileUrl": "https://www.espn.com/nfl/player/_/id/2578475/ryan-kelly",
    "headshot": "https://a.espncdn.com/combiner/i?img=/i/headshots/nfl/players/full/2578475.png",
    "birthdate": "Birthdate5/30/1993 (31)",
    "birthplace": null,
    "experience": null,
    "draftInfo": "Draft Info2016: Rd 1, Pk 18 (IND)"
  },
  {
    "team": "MIN",
    "number": "",
    "name": "Blake Brandel64",
    "position": "G",
    "height": "28",
    "weight": "6' 7\"",
    "age": "315 lbs",
    "college": "4",
    "playerId": "3930270",
    "profileUrl": "https://www.espn.com/nfl/player/_/id/3930270/blake-brandel",
    "headshot": "https://a.espncdn.com/combiner/i?img=/i/headshots/nfl/players/full/3930270.png",
    "birthdate": "Birthdate1/23/1997 (28)",
    "birthplace": null,
    "experience": null,
    "draftInfo": "Draft Info2020: Rd 6, Pk 203 (MIN)"
  },
  {
    "team": "MIN",
    "number": "",
    "name": "Henry Byrd68",
    "position": "G",
    "height": "25",
    "weight": "6' 5\"",
    "age": "310 lbs",
    "college": "1",
    "playerId": "4367995",
    "profileUrl": "https://www.espn.com/nfl/player/_/id/4367995/henry-byrd",
    "headshot": "https://a.espncdn.com/combiner/i?img=/i/headshots/nfl/players/full/4367995.png",
    "birthdate": "Birthdate7/1/1999 (25)",
    "birthplace": null,
    "experience": "Experience1st Season",
    "draftInfo": null
  },
  {
    "team": "MIN",
    "number": "",
    "name": "Will Fries",
    "position": "G",
    "height": "27",
    "weight": "6' 6\"",
    "age": "305 lbs",
    "college": "4",
    "playerId": "4045176",
    "profileUrl": "https://www.espn.com/nfl/player/_/id/4045176/will-fries",
    "headshot": "https://a.espncdn.com/combiner/i?img=/i/headshots/nfl/players/full/4045176.png",
    "birthdate": "Birthdate4/4/1998 (27)",
    "birthplace": null,
    "experience": null,
    "draftInfo": "Draft Info2021: Rd 7, Pk 248 (IND)"
  },
  {
    "team": "MIN",
    "number": "",
    "name": "Joe Huber",
    "position": "G",
    "height": "--",
    "weight": "6' 5\"",
    "age": "310 lbs",
    "college": "R",
    "playerId": "4690210",
    "profileUrl": "https://www.espn.com/nfl/player/_/id/4690210/joe-huber",
    "headshot": "https://a.espncdn.com/combiner/i?img=/i/headshots/college-football/players/full/4690210.png",
    "birthdate": null,
    "birthplace": "BirthplaceDublin, OH",
    "experience": "ExperienceRookie",
    "draftInfo": null
  },
  {
    "team": "MIN",
    "number": "",
    "name": "Donovan Jackson",
    "position": "G",
    "height": "22",
    "weight": "6' 4\"",
    "age": "320 lbs",
    "college": "R",
    "playerId": "4431553",
    "profileUrl": "https://www.espn.com/nfl/player/_/id/4431553/donovan-jackson",
    "headshot": "https://a.espncdn.com/combiner/i?img=/i/headshots/nfl/players/full/4431553.png",
    "birthdate": "Birthdate12/4/2002 (22)",
    "birthplace": null,
    "experience": null,
    "draftInfo": "Draft Info2025: Rd 1, Pk 24 (MIN)"
  },
  {
    "team": "MIN",
    "number": "",
    "name": "Christian Darrisaw71",
    "position": "OT",
    "height": "25",
    "weight": "6' 5\"",
    "age": "315 lbs",
    "college": "4",
    "playerId": "4361985",
    "profileUrl": "https://www.espn.com/nfl/player/_/id/4361985/christian-darrisaw",
    "headshot": "https://a.espncdn.com/combiner/i?img=/i/headshots/nfl/players/full/4361985.png",
    "birthdate": "Birthdate6/2/1999 (25)",
    "birthplace": null,
    "experience": null,
    "draftInfo": "Draft Info2021: Rd 1, Pk 23 (MIN)"
  },
  {
    "team": "MIN",
    "number": "",
    "name": "Marcellus Johnson72",
    "position": "OT",
    "height": "25",
    "weight": "6' 4\"",
    "age": "307 lbs",
    "college": "R",
    "playerId": "4363547",
    "profileUrl": "https://www.espn.com/nfl/player/_/id/4363547/marcellus-johnson",
    "headshot": "https://a.espncdn.com/combiner/i?img=/i/headshots/nfl/players/full/4363547.png",
    "birthdate": "Birthdate4/1/2000 (25)",
    "birthplace": null,
    "experience": "ExperienceRookie",
    "draftInfo": null
  },
  {
    "team": "MIN",
    "number": "",
    "name": "Brian O'Neill75",
    "position": "OT",
    "height": "29",
    "weight": "6' 7\"",
    "age": "310 lbs",
    "college": "7",
    "playerId": "3123954",
    "profileUrl": "https://www.espn.com/nfl/player/_/id/3123954/brian-oneill",
    "headshot": "https://a.espncdn.com/combiner/i?img=/i/headshots/nfl/players/full/3123954.png",
    "birthdate": "Birthdate9/15/1995 (29)",
    "birthplace": null,
    "experience": null,
    "draftInfo": "Draft Info2018: Rd 2, Pk 62 (MIN)"
  },
  {
    "team": "MIN",
    "number": "",
    "name": "Walter Rouse78",
    "position": "OT",
    "height": "24",
    "weight": "6' 6\"",
    "age": "313 lbs",
    "college": "R",
    "playerId": "4428394",
    "profileUrl": "https://www.espn.com/nfl/player/_/id/4428394/walter-rouse",
    "headshot": "https://a.espncdn.com/combiner/i?img=/i/headshots/nfl/players/full/4428394.png",
    "birthdate": "Birthdate3/9/2001 (24)",
    "birthplace": null,
    "experience": null,
    "draftInfo": "Draft Info2024: Rd 6, Pk 177 (MIN)"
  },
  {
    "team": "MIN",
    "number": "",
    "name": "Justin Skule77",
    "position": "OT",
    "height": "28",
    "weight": "6' 6\"",
    "age": "315 lbs",
    "college": "6",
    "playerId": "3915777",
    "profileUrl": "https://www.espn.com/nfl/player/_/id/3915777/justin-skule",
    "headshot": "https://a.espncdn.com/combiner/i?img=/i/headshots/nfl/players/full/3915777.png",
    "birthdate": "Birthdate11/23/1996 (28)",
    "birthplace": null,
    "experience": null,
    "draftInfo": "Draft Info2019: Rd 6, Pk 183 (SF)"
  },
  {
    "team": "MIN",
    "number": "",
    "name": "Leroy Watson IV72",
    "position": "OT",
    "height": "26",
    "weight": "6' 5\"",
    "age": "310 lbs",
    "college": "2",
    "playerId": "4570018",
    "profileUrl": "https://www.espn.com/nfl/player/_/id/4570018/leroy-watson-iv",
    "headshot": "https://a.espncdn.com/combiner/i?img=/i/headshots/nfl/players/full/4570018.png",
    "birthdate": "Birthdate6/10/1998 (26)",
    "birthplace": null,
    "experience": "Experience2nd Season",
    "draftInfo": null
  },
  {
    "team": "MIN",
    "number": "",
    "name": "Jonathan Harris71",
    "position": "DE",
    "height": "28",
    "weight": "6' 5\"",
    "age": "295 lbs",
    "college": "4",
    "playerId": "4422407",
    "profileUrl": "https://www.espn.com/nfl/player/_/id/4422407/jonathan-harris",
    "headshot": "https://a.espncdn.com/combiner/i?img=/i/headshots/nfl/players/full/4422407.png",
    "birthdate": "Birthdate8/4/1996 (28)",
    "birthplace": null,
    "experience": "Experience4th Season",
    "draftInfo": null
  },
  {
    "team": "MIN",
    "number": "",
    "name": "Tyrion Ingram-Dawkins",
    "position": "DE",
    "height": "21",
    "weight": "6' 5\"",
    "age": "280 lbs",
    "college": "R",
    "playerId": "4629149",
    "profileUrl": "https://www.espn.com/nfl/player/_/id/4629149/tyrion-ingram-dawkins",
    "headshot": "https://a.espncdn.com/combiner/i?img=/i/headshots/nfl/players/full/4629149.png",
    "birthdate": "Birthdate6/26/2003 (21)",
    "birthplace": null,
    "experience": null,
    "draftInfo": "Draft Info2025: Rd 5, Pk 139 (MIN)"
  },
  {
    "team": "MIN",
    "number": "",
    "name": "Alex Williams",
    "position": "DE",
    "height": "--",
    "weight": "6' 7\"",
    "age": "291 lbs",
    "college": "R",
    "playerId": "4361346",
    "profileUrl": "https://www.espn.com/nfl/player/_/id/4361346/alex-williams",
    "headshot": "https://a.espncdn.com/combiner/i?img=/i/headshots/college-football/players/full/4361346.png",
    "birthdate": null,
    "birthplace": "BirthplaceAkron, OH",
    "experience": "ExperienceRookie",
    "draftInfo": null
  },
  {
    "team": "MIN",
    "number": "",
    "name": "Elijah Williams",
    "position": "DE",
    "height": "--",
    "weight": "6' 3\"",
    "age": "270 lbs",
    "college": "R",
    "playerId": "4696782",
    "profileUrl": "https://www.espn.com/nfl/player/_/id/4696782/elijah-williams",
    "headshot": "https://a.espncdn.com/combiner/i?img=/i/headshots/college-football/players/full/4696782.png",
    "birthdate": null,
    "birthplace": "BirthplaceJersey City, NJ",
    "experience": "ExperienceRookie",
    "draftInfo": null
  },
  {
    "team": "MIN",
    "number": "",
    "name": "Jonathan Allen",
    "position": "DT",
    "height": "30",
    "weight": "6' 3\"",
    "age": "300 lbs",
    "college": "8",
    "playerId": "3054840",
    "profileUrl": "https://www.espn.com/nfl/player/_/id/3054840/jonathan-allen",
    "headshot": "https://a.espncdn.com/combiner/i?img=/i/headshots/nfl/players/full/3054840.png",
    "birthdate": "Birthdate1/16/1995 (30)",
    "birthplace": null,
    "experience": null,
    "draftInfo": "Draft Info2017: Rd 1, Pk 17 (WSH)"
  },
  {
    "team": "MIN",
    "number": "",
    "name": "Travis Bell95",
    "position": "DT",
    "height": "26",
    "weight": "6' 0\"",
    "age": "310 lbs",
    "college": "2",
    "playerId": "4246741",
    "profileUrl": "https://www.espn.com/nfl/player/_/id/4246741/travis-bell",
    "headshot": "https://a.espncdn.com/combiner/i?img=/i/headshots/nfl/players/full/4246741.png",
    "birthdate": "Birthdate10/27/1998 (26)",
    "birthplace": null,
    "experience": null,
    "draftInfo": "Draft Info2023: Rd 7, Pk 218 (CHI)"
  },
  {
    "team": "MIN",
    "number": "",
    "name": "Javon Hargrave",
    "position": "DT",
    "height": "32",
    "weight": "6' 2\"",
    "age": "305 lbs",
    "college": "9",
    "playerId": "2983055",
    "profileUrl": "https://www.espn.com/nfl/player/_/id/2983055/javon-hargrave",
    "headshot": "https://a.espncdn.com/combiner/i?img=/i/headshots/nfl/players/full/2983055.png",
    "birthdate": "Birthdate2/7/1993 (32)",
    "birthplace": null,
    "experience": null,
    "draftInfo": "Draft Info2016: Rd 3, Pk 89 (PIT)"
  },
  {
    "team": "MIN",
    "number": "",
    "name": "Harrison Phillips97",
    "position": "DT",
    "height": "29",
    "weight": "6' 3\"",
    "age": "307 lbs",
    "college": "7",
    "playerId": "3117255",
    "profileUrl": "https://www.espn.com/nfl/player/_/id/3117255/harrison-phillips",
    "headshot": "https://a.espncdn.com/combiner/i?img=/i/headshots/nfl/players/full/3117255.png",
    "birthdate": "Birthdate1/25/1996 (29)",
    "birthplace": null,
    "experience": null,
    "draftInfo": "Draft Info2018: Rd 3, Pk 96 (BUF)"
  },
  {
    "team": "MIN",
    "number": "",
    "name": "Jalen Redmond61",
    "position": "DT",
    "height": "26",
    "weight": "6' 3\"",
    "age": "291 lbs",
    "college": "1",
    "playerId": "4360277",
    "profileUrl": "https://www.espn.com/nfl/player/_/id/4360277/jalen-redmond",
    "headshot": "https://a.espncdn.com/combiner/i?img=/i/headshots/nfl/players/full/4360277.png",
    "birthdate": "Birthdate3/12/1999 (26)",
    "birthplace": null,
    "experience": "Experience1st Season",
    "draftInfo": null
  },
  {
    "team": "MIN",
    "number": "",
    "name": "Levi Drake Rodriguez50",
    "position": "DT",
    "height": "24",
    "weight": "6' 4\"",
    "age": "290 lbs",
    "college": "R",
    "playerId": "5093973",
    "profileUrl": "https://www.espn.com/nfl/player/_/id/5093973/levi-drake-rodriguez",
    "headshot": "https://a.espncdn.com/combiner/i?img=/i/teamlogos/nfl/500/min.png",
    "birthdate": "Birthdate8/4/2000 (24)",
    "birthplace": null,
    "experience": null,
    "draftInfo": "Draft Info2024: Rd 7, Pk 232 (MIN)"
  },
  {
    "team": "MIN",
    "number": "",
    "name": "Taki Taimani94",
    "position": "DT",
    "height": "25",
    "weight": "6' 1\"",
    "age": "309 lbs",
    "college": "R",
    "playerId": "4361114",
    "profileUrl": "https://www.espn.com/nfl/player/_/id/4361114/taki-taimani",
    "headshot": "https://a.espncdn.com/combiner/i?img=/i/headshots/nfl/players/full/4361114.png",
    "birthdate": "Birthdate10/6/1999 (25)",
    "birthplace": null,
    "experience": "ExperienceRookie",
    "draftInfo": null
  },
  {
    "team": "MIN",
    "number": "",
    "name": "Brian Asamoah II6",
    "position": "LB",
    "height": "25",
    "weight": "6' 0\"",
    "age": "226 lbs",
    "college": "3",
    "playerId": "4360255",
    "profileUrl": "https://www.espn.com/nfl/player/_/id/4360255/brian-asamoah-ii",
    "headshot": "https://a.espncdn.com/combiner/i?img=/i/headshots/nfl/players/full/4360255.png",
    "birthdate": "Birthdate3/29/2000 (25)",
    "birthplace": null,
    "experience": null,
    "draftInfo": "Draft Info2022: Rd 3, Pk 66 (MIN)"
  },
  {
    "team": "MIN",
    "number": "",
    "name": "Tyler Batty",
    "position": "LB",
    "height": "--",
    "weight": "6' 5\"",
    "age": "275 lbs",
    "college": "R",
    "playerId": "4608794",
    "profileUrl": "https://www.espn.com/nfl/player/_/id/4608794/tyler-batty",
    "headshot": "https://a.espncdn.com/combiner/i?img=/i/headshots/college-football/players/full/4608794.png",
    "birthdate": null,
    "birthplace": "BirthplacePayson, UT",
    "experience": "ExperienceRookie",
    "draftInfo": null
  },
  {
    "team": "MIN",
    "number": "",
    "name": "Blake Cashman51",
    "position": "LB",
    "height": "29",
    "weight": "6' 1\"",
    "age": "235 lbs",
    "college": "6",
    "playerId": "3728281",
    "profileUrl": "https://www.espn.com/nfl/player/_/id/3728281/blake-cashman",
    "headshot": "https://a.espncdn.com/combiner/i?img=/i/headshots/nfl/players/full/3728281.png",
    "birthdate": "Birthdate5/10/1996 (29)",
    "birthplace": null,
    "experience": null,
    "draftInfo": "Draft Info2019: Rd 5, Pk 157 (NYJ)"
  },
  {
    "team": "MIN",
    "number": "",
    "name": "Chaz Chambliss",
    "position": "LB",
    "height": "--",
    "weight": "6' 2\"",
    "age": "250 lbs",
    "college": "R",
    "playerId": "4431520",
    "profileUrl": "https://www.espn.com/nfl/player/_/id/4431520/chaz-chambliss",
    "headshot": "https://a.espncdn.com/combiner/i?img=/i/headshots/college-football/players/full/4431520.png",
    "birthdate": null,
    "birthplace": "BirthplaceCarrollton, GA",
    "experience": "ExperienceRookie",
    "draftInfo": null
  },
  {
    "team": "MIN",
    "number": "",
    "name": "Jonathan Greenard58",
    "position": "LB",
    "height": "27",
    "weight": "6' 3\"",
    "age": "259 lbs",
    "college": "5",
    "playerId": "3916409",
    "profileUrl": "https://www.espn.com/nfl/player/_/id/3916409/jonathan-greenard",
    "headshot": "https://a.espncdn.com/combiner/i?img=/i/headshots/nfl/players/full/3916409.png",
    "birthdate": "Birthdate5/25/1997 (27)",
    "birthplace": null,
    "experience": null,
    "draftInfo": "Draft Info2020: Rd 3, Pk 90 (HOU)"
  },
  {
    "team": "MIN",
    "number": "",
    "name": "Matt Harmon",
    "position": "LB",
    "height": "--",
    "weight": "6' 5\"",
    "age": "254 lbs",
    "college": "R",
    "playerId": "4362889",
    "profileUrl": "https://www.espn.com/nfl/player/_/id/4362889/matt-harmon",
    "headshot": "https://a.espncdn.com/combiner/i?img=/i/headshots/college-football/players/full/4362889.png",
    "birthdate": null,
    "birthplace": "BirthplaceRockwood, MI",
    "experience": "ExperienceRookie",
    "draftInfo": null
  },
  {
    "team": "MIN",
    "number": "",
    "name": "Austin Keys",
    "position": "LB",
    "height": "--",
    "weight": "6' 2\"",
    "age": "247 lbs",
    "college": "R",
    "playerId": "4429185",
    "profileUrl": "https://www.espn.com/nfl/player/_/id/4429185/austin-keys",
    "headshot": "https://a.espncdn.com/combiner/i?img=/i/headshots/college-football/players/full/4429185.png",
    "birthdate": null,
    "birthplace": "BirthplaceTaylorsville, MS",
    "experience": "ExperienceRookie",
    "draftInfo": null
  },
  {
    "team": "MIN",
    "number": "",
    "name": "Kobe King",
    "position": "LB",
    "height": "22",
    "weight": "6' 1\"",
    "age": "251 lbs",
    "college": "R",
    "playerId": "4588300",
    "profileUrl": "https://www.espn.com/nfl/player/_/id/4588300/kobe-king",
    "headshot": "https://a.espncdn.com/combiner/i?img=/i/headshots/nfl/players/full/4588300.png",
    "birthdate": "Birthdate1/28/2003 (22)",
    "birthplace": null,
    "experience": null,
    "draftInfo": "Draft Info2025: Rd 6, Pk 201 (MIN)"
  },
  {
    "team": "MIN",
    "number": "",
    "name": "Dorian Mausi Jr.",
    "position": "LB",
    "height": "--",
    "weight": "6' 1\"",
    "age": "234 lbs",
    "college": "R",
    "playerId": "4573318",
    "profileUrl": "https://www.espn.com/nfl/player/_/id/4573318/dorian-mausi-jr",
    "headshot": "https://a.espncdn.com/combiner/i?img=/i/headshots/college-football/players/full/4573318.png",
    "birthdate": null,
    "birthplace": "BirthplaceDetroit, MI",
    "experience": "ExperienceRookie",
    "draftInfo": null
  },
  {
    "team": "MIN",
    "number": "",
    "name": "Gabriel Murphy59",
    "position": "LB",
    "height": "24",
    "weight": "6' 2\"",
    "age": "247 lbs",
    "college": "R",
    "playerId": "4428080",
    "profileUrl": "https://www.espn.com/nfl/player/_/id/4428080/gabriel-murphy",
    "headshot": "https://a.espncdn.com/combiner/i?img=/i/headshots/nfl/players/full/4428080.png",
    "birthdate": "Birthdate10/13/2000 (24)",
    "birthplace": null,
    "experience": "ExperienceRookie",
    "draftInfo": null
  },
  {
    "team": "MIN",
    "number": "",
    "name": "Ivan Pace Jr.0",
    "position": "LB",
    "height": "24",
    "weight": "5' 10\"",
    "age": "231 lbs",
    "college": "2",
    "playerId": "4430280",
    "profileUrl": "https://www.espn.com/nfl/player/_/id/4430280/ivan-pace-jr",
    "headshot": "https://a.espncdn.com/combiner/i?img=/i/headshots/nfl/players/full/4430280.png",
    "birthdate": "Birthdate12/16/2000 (24)",
    "birthplace": null,
    "experience": "Experience2nd Season",
    "draftInfo": null
  },
  {
    "team": "MIN",
    "number": "",
    "name": "Bo Richter98",
    "position": "LB",
    "height": "24",
    "weight": "6' 1\"",
    "age": "248 lbs",
    "college": "R",
    "playerId": "4875564",
    "profileUrl": "https://www.espn.com/nfl/player/_/id/4875564/bo-richter",
    "headshot": "https://a.espncdn.com/combiner/i?img=/i/headshots/nfl/players/full/4875564.png",
    "birthdate": "Birthdate8/13/2000 (24)",
    "birthplace": null,
    "experience": "ExperienceRookie",
    "draftInfo": null
  },
  {
    "team": "MIN",
    "number": "",
    "name": "Max Tooley45",
    "position": "LB",
    "height": "27",
    "weight": "6' 2\"",
    "age": "225 lbs",
    "college": "R",
    "playerId": "4373648",
    "profileUrl": "https://www.espn.com/nfl/player/_/id/4373648/max-tooley",
    "headshot": "https://a.espncdn.com/combiner/i?img=/i/headshots/nfl/players/full/4373648.png",
    "birthdate": "Birthdate3/5/1998 (27)",
    "birthplace": null,
    "experience": "ExperienceRookie",
    "draftInfo": null
  },
  {
    "team": "MIN",
    "number": "",
    "name": "Dallas Turner15",
    "position": "LB",
    "height": "22",
    "weight": "6' 3\"",
    "age": "247 lbs",
    "college": "R",
    "playerId": "4565190",
    "profileUrl": "https://www.espn.com/nfl/player/_/id/4565190/dallas-turner",
    "headshot": "https://a.espncdn.com/combiner/i?img=/i/headshots/nfl/players/full/4565190.png",
    "birthdate": "Birthdate2/2/2003 (22)",
    "birthplace": null,
    "experience": null,
    "draftInfo": "Draft Info2024: Rd 1, Pk 17 (MIN)"
  },
  {
    "team": "MIN",
    "number": "",
    "name": "Andrew Van Ginkel43",
    "position": "LB",
    "height": "29",
    "weight": "6' 4\"",
    "age": "242 lbs",
    "college": "6",
    "playerId": "3133487",
    "profileUrl": "https://www.espn.com/nfl/player/_/id/3133487/andrew-van-ginkel",
    "headshot": "https://a.espncdn.com/combiner/i?img=/i/headshots/nfl/players/full/3133487.png",
    "birthdate": "Birthdate7/1/1995 (29)",
    "birthplace": null,
    "experience": null,
    "draftInfo": "Draft Info2019: Rd 5, Pk 151 (MIA)"
  },
  {
    "team": "MIN",
    "number": "",
    "name": "Eric Wilson",
    "position": "LB",
    "height": "30",
    "weight": "6' 1\"",
    "age": "230 lbs",
    "college": "8",
    "playerId": "3056916",
    "profileUrl": "https://www.espn.com/nfl/player/_/id/3056916/eric-wilson",
    "headshot": "https://a.espncdn.com/combiner/i?img=/i/headshots/nfl/players/full/3056916.png",
    "birthdate": "Birthdate9/26/1994 (30)",
    "birthplace": null,
    "experience": "Experience8th Season",
    "draftInfo": null
  },
  {
    "team": "MIN",
    "number": "",
    "name": "Mekhi Blackmon5",
    "position": "CB",
    "height": "26",
    "weight": "5' 11\"",
    "age": "178 lbs",
    "college": "2",
    "playerId": "4360677",
    "profileUrl": "https://www.espn.com/nfl/player/_/id/4360677/mekhi-blackmon",
    "headshot": "https://a.espncdn.com/combiner/i?img=/i/headshots/nfl/players/full/4360677.png",
    "birthdate": "Birthdate3/18/1999 (26)",
    "birthplace": null,
    "experience": null,
    "draftInfo": "Draft Info2023: Rd 3, Pk 102 (MIN)"
  },
  {
    "team": "MIN",
    "number": "",
    "name": "Keenan Garber",
    "position": "CB",
    "height": "24",
    "weight": "6' 0\"",
    "age": "188 lbs",
    "college": "R",
    "playerId": "4426517",
    "profileUrl": "https://www.espn.com/nfl/player/_/id/4426517/keenan-garber",
    "headshot": "https://a.espncdn.com/combiner/i?img=/i/headshots/college-football/players/full/4426517.png",
    "birthdate": "Birthdate7/22/2000 (24)",
    "birthplace": null,
    "experience": "ExperienceRookie",
    "draftInfo": null
  },
  {
    "team": "MIN",
    "number": "",
    "name": "Kahlef Hailassie25",
    "position": "CB",
    "height": "24",
    "weight": "6' 1\"",
    "age": "195 lbs",
    "college": "2",
    "playerId": "4373814",
    "profileUrl": "https://www.espn.com/nfl/player/_/id/4373814/kahlef-hailassie",
    "headshot": "https://a.espncdn.com/combiner/i?img=/i/headshots/nfl/players/full/4373814.png",
    "birthdate": "Birthdate11/9/2000 (24)",
    "birthplace": null,
    "experience": "Experience2nd Season",
    "draftInfo": null
  },
  {
    "team": "MIN",
    "number": "",
    "name": "Dwight McGlothern29",
    "position": "CB",
    "height": "23",
    "weight": "6' 2\"",
    "age": "185 lbs",
    "college": "R",
    "playerId": "4429128",
    "profileUrl": "https://www.espn.com/nfl/player/_/id/4429128/dwight-mcglothern",
    "headshot": "https://a.espncdn.com/combiner/i?img=/i/headshots/nfl/players/full/4429128.png",
    "birthdate": "Birthdate2/6/2002 (23)",
    "birthplace": null,
    "experience": "ExperienceRookie",
    "draftInfo": null
  },
  {
    "team": "MIN",
    "number": "",
    "name": "Byron Murphy Jr.7",
    "position": "CB",
    "height": "27",
    "weight": "5' 11\"",
    "age": "190 lbs",
    "college": "6",
    "playerId": "4038999",
    "profileUrl": "https://www.espn.com/nfl/player/_/id/4038999/byron-murphy-jr",
    "headshot": "https://a.espncdn.com/combiner/i?img=/i/headshots/nfl/players/full/4038999.png",
    "birthdate": "Birthdate1/18/1998 (27)",
    "birthplace": null,
    "experience": null,
    "draftInfo": "Draft Info2019: Rd 2, Pk 33 (ARI)"
  },
  {
    "team": "MIN",
    "number": "",
    "name": "Jeff Okudah",
    "position": "CB",
    "height": "26",
    "weight": "6' 1\"",
    "age": "205 lbs",
    "college": "5",
    "playerId": "4241984",
    "profileUrl": "https://www.espn.com/nfl/player/_/id/4241984/jeff-okudah",
    "headshot": "https://a.espncdn.com/combiner/i?img=/i/headshots/nfl/players/full/4241984.png",
    "birthdate": "Birthdate2/2/1999 (26)",
    "birthplace": null,
    "experience": null,
    "draftInfo": "Draft Info2020: Rd 1, Pk 3 (DET)"
  },
  {
    "team": "MIN",
    "number": "",
    "name": "Isaiah Rodgers34",
    "position": "CB",
    "height": "27",
    "weight": "5' 10\"",
    "age": "170 lbs",
    "college": "4",
    "playerId": "4044540",
    "profileUrl": "https://www.espn.com/nfl/player/_/id/4044540/isaiah-rodgers",
    "headshot": "https://a.espncdn.com/combiner/i?img=/i/headshots/nfl/players/full/4044540.png",
    "birthdate": "Birthdate1/7/1998 (27)",
    "birthplace": null,
    "experience": null,
    "draftInfo": "Draft Info2020: Rd 6, Pk 211 (IND)"
  },
  {
    "team": "MIN",
    "number": "",
    "name": "Reddy Steward46",
    "position": "CB",
    "height": "24",
    "weight": "5' 11\"",
    "age": "178 lbs",
    "college": "R",
    "playerId": "4428584",
    "profileUrl": "https://www.espn.com/nfl/player/_/id/4428584/reddy-steward",
    "headshot": "https://a.espncdn.com/combiner/i?img=/i/headshots/nfl/players/full/4428584.png",
    "birthdate": "Birthdate5/4/2001 (24)",
    "birthplace": null,
    "experience": "ExperienceRookie",
    "draftInfo": null
  },
  {
    "team": "MIN",
    "number": "",
    "name": "Ambry Thomas38",
    "position": "CB",
    "height": "25",
    "weight": "6' 0\"",
    "age": "190 lbs",
    "college": "4",
    "playerId": "4258209",
    "profileUrl": "https://www.espn.com/nfl/player/_/id/4258209/ambry-thomas",
    "headshot": "https://a.espncdn.com/combiner/i?img=/i/headshots/nfl/players/full/4258209.png",
    "birthdate": "Birthdate9/9/1999 (25)",
    "birthplace": null,
    "experience": null,
    "draftInfo": "Draft Info2021: Rd 3, Pk 102 (SF)"
  },
  {
    "team": "MIN",
    "number": "",
    "name": "Tavierre Thomas",
    "position": "CB",
    "height": "29",
    "weight": "5' 10\"",
    "age": "205 lbs",
    "college": "7",
    "playerId": "4334405",
    "profileUrl": "https://www.espn.com/nfl/player/_/id/4334405/tavierre-thomas",
    "headshot": "https://a.espncdn.com/combiner/i?img=/i/headshots/nfl/players/full/4334405.png",
    "birthdate": "Birthdate3/11/1996 (29)",
    "birthplace": null,
    "experience": "Experience7th Season",
    "draftInfo": null
  },
  {
    "team": "MIN",
    "number": "",
    "name": "Zemaiah Vaughn",
    "position": "CB",
    "height": "--",
    "weight": "6' 2\"",
    "age": "187 lbs",
    "college": "R",
    "playerId": "4695609",
    "profileUrl": "https://www.espn.com/nfl/player/_/id/4695609/zemaiah-vaughn",
    "headshot": "https://a.espncdn.com/combiner/i?img=/i/headshots/college-football/players/full/4695609.png",
    "birthdate": null,
    "birthplace": "BirthplaceBeaumont, TX",
    "experience": "ExperienceRookie",
    "draftInfo": null
  },
  {
    "team": "MIN",
    "number": "",
    "name": "Bubba Bolden",
    "position": "S",
    "height": "25",
    "weight": "6' 2\"",
    "age": "200 lbs",
    "college": "1",
    "playerId": "4259631",
    "profileUrl": "https://www.espn.com/nfl/player/_/id/4259631/bubba-bolden",
    "headshot": "https://a.espncdn.com/combiner/i?img=/i/headshots/nfl/players/full/4259631.png",
    "birthdate": "Birthdate5/28/1999 (25)",
    "birthplace": null,
    "experience": "Experience1st Season",
    "draftInfo": null
  },
  {
    "team": "MIN",
    "number": "",
    "name": "Theo Jackson26",
    "position": "S",
    "height": "26",
    "weight": "6' 1\"",
    "age": "198 lbs",
    "college": "3",
    "playerId": "4242436",
    "profileUrl": "https://www.espn.com/nfl/player/_/id/4242436/theo-jackson",
    "headshot": "https://a.espncdn.com/combiner/i?img=/i/headshots/nfl/players/full/4242436.png",
    "birthdate": "Birthdate10/2/1998 (26)",
    "birthplace": null,
    "experience": null,
    "draftInfo": "Draft Info2022: Rd 6, Pk 204 (TEN)"
  },
  {
    "team": "MIN",
    "number": "",
    "name": "Josh Metellus44",
    "position": "S",
    "height": "27",
    "weight": "5' 11\"",
    "age": "207 lbs",
    "college": "5",
    "playerId": "4046537",
    "profileUrl": "https://www.espn.com/nfl/player/_/id/4046537/josh-metellus",
    "headshot": "https://a.espncdn.com/combiner/i?img=/i/headshots/nfl/players/full/4046537.png",
    "birthdate": "Birthdate1/21/1998 (27)",
    "birthplace": null,
    "experience": null,
    "draftInfo": "Draft Info2020: Rd 6, Pk 205 (MIN)"
  },
  {
    "team": "MIN",
    "number": "",
    "name": "Mishael Powell",
    "position": "S",
    "height": "--",
    "weight": "6' 1\"",
    "age": "210 lbs",
    "college": "R",
    "playerId": "4569600",
    "profileUrl": "https://www.espn.com/nfl/player/_/id/4569600/mishael-powell",
    "headshot": "https://a.espncdn.com/combiner/i?img=/i/headshots/college-football/players/full/4569600.png",
    "birthdate": null,
    "birthplace": "BirthplaceSeattle, WA",
    "experience": "ExperienceRookie",
    "draftInfo": null
  },
  {
    "team": "MIN",
    "number": "",
    "name": "Harrison Smith22",
    "position": "S",
    "height": "36",
    "weight": "6' 2\"",
    "age": "211 lbs",
    "college": "13",
    "playerId": "14945",
    "profileUrl": "https://www.espn.com/nfl/player/_/id/14945/harrison-smith",
    "headshot": "https://a.espncdn.com/combiner/i?img=/i/headshots/nfl/players/full/14945.png",
    "birthdate": "Birthdate2/2/1989 (36)",
    "birthplace": null,
    "experience": null,
    "draftInfo": "Draft Info2012: Rd 1, Pk 29 (MIN)"
  },
  {
    "team": "MIN",
    "number": "",
    "name": "Jay Ward20",
    "position": "S",
    "height": "24",
    "weight": "6' 1\"",
    "age": "188 lbs",
    "college": "2",
    "playerId": "4568007",
    "profileUrl": "https://www.espn.com/nfl/player/_/id/4568007/jay-ward",
    "headshot": "https://a.espncdn.com/combiner/i?img=/i/headshots/nfl/players/full/4568007.png",
    "birthdate": "Birthdate7/13/2000 (24)",
    "birthplace": null,
    "experience": null,
    "draftInfo": "Draft Info2023: Rd 4, Pk 134 (MIN)"
  },
  {
    "team": "MIN",
    "number": "",
    "name": "Will Reichard16",
    "position": "PK",
    "height": "24",
    "weight": "6' 1\"",
    "age": "187 lbs",
    "college": "R",
    "playerId": "4567104",
    "profileUrl": "https://www.espn.com/nfl/player/_/id/4567104/will-reichard",
    "headshot": "https://a.espncdn.com/combiner/i?img=/i/headshots/nfl/players/full/4567104.png",
    "birthdate": "Birthdate1/9/2001 (24)",
    "birthplace": null,
    "experience": null,
    "draftInfo": "Draft Info2024: Rd 6, Pk 203 (MIN)"
  },
  {
    "team": "MIN",
    "number": "",
    "name": "Oscar Chapman",
    "position": "P",
    "height": "--",
    "weight": "6' 3\"",
    "age": "211 lbs",
    "college": "R",
    "playerId": "4695231",
    "profileUrl": "https://www.espn.com/nfl/player/_/id/4695231/oscar-chapman",
    "headshot": "https://a.espncdn.com/combiner/i?img=/i/headshots/college-football/players/full/4695231.png",
    "birthdate": null,
    "birthplace": "BirthplaceAdelaide, SA",
    "experience": "ExperienceRookie",
    "draftInfo": null
  },
  {
    "team": "MIN",
    "number": "",
    "name": "Ryan Wright17",
    "position": "P",
    "height": "24",
    "weight": "6' 3\"",
    "age": "245 lbs",
    "college": "3",
    "playerId": "4361823",
    "profileUrl": "https://www.espn.com/nfl/player/_/id/4361823/ryan-wright",
    "headshot": "https://a.espncdn.com/combiner/i?img=/i/headshots/nfl/players/full/4361823.png",
    "birthdate": "Birthdate6/1/2000 (24)",
    "birthplace": null,
    "experience": "Experience3rd Season",
    "draftInfo": null
  },
  {
    "team": "MIN",
    "number": "",
    "name": "Andrew DePaola42",
    "position": "LS",
    "height": "37",
    "weight": "6' 1\"",
    "age": "229 lbs",
    "college": "10",
    "playerId": "15726",
    "profileUrl": "https://www.espn.com/nfl/player/_/id/15726/andrew-depaola",
    "headshot": "https://a.espncdn.com/combiner/i?img=/i/headshots/nfl/players/full/15726.png",
    "birthdate": "Birthdate7/28/1987 (37)",
    "birthplace": null,
    "experience": "Experience10th Season",
    "draftInfo": null
  }
]