[
  {
    "team": "NE",
    "number": "",
    "name": "Joshua Dobbs11",
    "position": "QB",
    "height": "30",
    "weight": "6' 3\"",
    "age": "220 lbs",
    "college": "8",
    "playerId": "3044720",
    "profileUrl": "https://www.espn.com/nfl/player/_/id/3044720/joshua-dobbs",
    "headshot": "https://a.espncdn.com/combiner/i?img=/i/headshots/nfl/players/full/3044720.png",
    "birthdate": "Birthdate1/26/1995 (30)",
    "birthplace": null,
    "experience": null,
    "draftInfo": "Draft Info2017: Rd 4, Pk 135 (PIT)"
  },
  {
    "team": "NE",
    "number": "",
    "name": "Drake Maye10",
    "position": "QB",
    "height": "22",
    "weight": "6' 4\"",
    "age": "225 lbs",
    "college": "R",
    "playerId": "4431452",
    "profileUrl": "https://www.espn.com/nfl/player/_/id/4431452/drake-maye",
    "headshot": "https://a.espncdn.com/combiner/i?img=/i/headshots/nfl/players/full/4431452.png",
    "birthdate": "Birthdate8/30/2002 (22)",
    "birthplace": null,
    "experience": null,
    "draftInfo": "Draft Info2024: Rd 1, Pk 3 (NE)"
  },
  {
    "team": "NE",
    "number": "",
    "name": "Ben Wooldridge",
    "position": "QB",
    "height": "--",
    "weight": "6' 3\"",
    "age": "216 lbs",
    "college": "R",
    "playerId": "4373895",
    "profileUrl": "https://www.espn.com/nfl/player/_/id/4373895/ben-wooldridge",
    "headshot": "https://a.espncdn.com/combiner/i?img=/i/headshots/college-football/players/full/4373895.png",
    "birthdate": null,
    "birthplace": "BirthplacePleasanton, CA",
    "experience": "ExperienceRookie",
    "draftInfo": null
  },
  {
    "team": "NE",
    "number": "",
    "name": "Antonio Gibson4",
    "position": "RB",
    "height": "26",
    "weight": "6' 0\"",
    "age": "228 lbs",
    "college": "5",
    "playerId": "4360294",
    "profileUrl": "https://www.espn.com/nfl/player/_/id/4360294/antonio-gibson",
    "headshot": "https://a.espncdn.com/combiner/i?img=/i/headshots/nfl/players/full/4360294.png",
    "birthdate": "Birthdate6/23/1998 (26)",
    "birthplace": null,
    "experience": null,
    "draftInfo": "Draft Info2020: Rd 3, Pk 66 (WSH)"
  },
  {
    "team": "NE",
    "number": "",
    "name": "TreVeyon Henderson",
    "position": "RB",
    "height": "22",
    "weight": "5' 10\"",
    "age": "208 lbs",
    "college": "R",
    "playerId": "4432710",
    "profileUrl": "https://www.espn.com/nfl/player/_/id/4432710/treveyon-henderson",
    "headshot": "https://a.espncdn.com/combiner/i?img=/i/headshots/nfl/players/full/4432710.png",
    "birthdate": "Birthdate10/22/2002 (22)",
    "birthplace": null,
    "experience": null,
    "draftInfo": "Draft Info2025: Rd 2, Pk 38 (NE)"
  },
  {
    "team": "NE",
    "number": "",
    "name": "Terrell Jennings26",
    "position": "RB",
    "height": "24",
    "weight": "6' 0\"",
    "age": "217 lbs",
    "college": "R",
    "playerId": "4427600",
    "profileUrl": "https://www.espn.com/nfl/player/_/id/4427600/terrell-jennings",
    "headshot": "https://a.espncdn.com/combiner/i?img=/i/headshots/nfl/players/full/4427600.png",
    "birthdate": "Birthdate3/1/2001 (24)",
    "birthplace": null,
    "experience": "ExperienceRookie",
    "draftInfo": null
  },
  {
    "team": "NE",
    "number": "",
    "name": "Lan Larison",
    "position": "RB",
    "height": "--",
    "weight": "6' 0\"",
    "age": "215 lbs",
    "college": "R",
    "playerId": "4698253",
    "profileUrl": "https://www.espn.com/nfl/player/_/id/4698253/lan-larison",
    "headshot": "https://a.espncdn.com/combiner/i?img=/i/headshots/college-football/players/full/4698253.png",
    "birthdate": null,
    "birthplace": "BirthplaceCaldwell, ID",
    "experience": "ExperienceRookie",
    "draftInfo": null
  },
  {
    "team": "NE",
    "number": "",
    "name": "Rhamondre Stevenson38",
    "position": "RB",
    "height": "27",
    "weight": "6' 0\"",
    "age": "227 lbs",
    "college": "4",
    "playerId": "4569173",
    "profileUrl": "https://www.espn.com/nfl/player/_/id/4569173/rhamondre-stevenson",
    "headshot": "https://a.espncdn.com/combiner/i?img=/i/headshots/nfl/players/full/4569173.png",
    "birthdate": "Birthdate2/23/1998 (27)",
    "birthplace": null,
    "experience": null,
    "draftInfo": "Draft Info2021: Rd 4, Pk 120 (NE)"
  },
  {
    "team": "NE",
    "number": "",
    "name": "Trayveon Williams32",
    "position": "RB",
    "height": "27",
    "weight": "5' 8\"",
    "age": "210 lbs",
    "college": "6",
    "playerId": "4035222",
    "profileUrl": "https://www.espn.com/nfl/player/_/id/4035222/trayveon-williams",
    "headshot": "https://a.espncdn.com/combiner/i?img=/i/headshots/nfl/players/full/4035222.png",
    "birthdate": "Birthdate10/18/1997 (27)",
    "birthplace": null,
    "experience": null,
    "draftInfo": "Draft Info2019: Rd 6, Pk 182 (CIN)"
  },
  {
    "team": "NE",
    "number": "",
    "name": "Brock Lampe",
    "position": "FB",
    "height": "--",
    "weight": "6' 1\"",
    "age": "252 lbs",
    "college": "R",
    "playerId": "4875767",
    "profileUrl": "https://www.espn.com/nfl/player/_/id/4875767/brock-lampe",
    "headshot": "https://a.espncdn.com/combiner/i?img=/i/headshots/college-football/players/full/4875767.png",
    "birthdate": null,
    "birthplace": "BirthplaceKenosha, WI",
    "experience": "ExperienceRookie",
    "draftInfo": null
  },
  {
    "team": "NE",
    "number": "",
    "name": "Javon Baker6",
    "position": "WR",
    "height": "23",
    "weight": "6' 1\"",
    "age": "202 lbs",
    "college": "R",
    "playerId": "4692022",
    "profileUrl": "https://www.espn.com/nfl/player/_/id/4692022/javon-baker",
    "headshot": "https://a.espncdn.com/combiner/i?img=/i/headshots/nfl/players/full/4692022.png",
    "birthdate": "Birthdate2/18/2002 (23)",
    "birthplace": null,
    "experience": null,
    "draftInfo": "Draft Info2024: Rd 4, Pk 110 (NE)"
  },
  {
    "team": "NE",
    "number": "",
    "name": "Demeer Blankumsee",
    "position": "WR",
    "height": "--",
    "weight": "5' 10\"",
    "age": "185 lbs",
    "college": "R",
    "playerId": "4429284",
    "profileUrl": "https://www.espn.com/nfl/player/_/id/4429284/demeer-blankumsee",
    "headshot": "https://a.espncdn.com/combiner/i?img=/i/headshots/college-football/players/full/4429284.png",
    "birthdate": null,
    "birthplace": "BirthplaceCincinnati, OH",
    "experience": "ExperienceRookie",
    "draftInfo": null
  },
  {
    "team": "NE",
    "number": "",
    "name": "Kendrick Bourne84",
    "position": "WR",
    "height": "29",
    "weight": "6' 1\"",
    "age": "205 lbs",
    "college": "8",
    "playerId": "3045523",
    "profileUrl": "https://www.espn.com/nfl/player/_/id/3045523/kendrick-bourne",
    "headshot": "https://a.espncdn.com/combiner/i?img=/i/headshots/nfl/players/full/3045523.png",
    "birthdate": "Birthdate8/4/1995 (29)",
    "birthplace": null,
    "experience": "Experience8th Season",
    "draftInfo": null
  },
  {
    "team": "NE",
    "number": "",
    "name": "Kayshon Boutte9",
    "position": "WR",
    "height": "23",
    "weight": "5' 11\"",
    "age": "197 lbs",
    "college": "2",
    "playerId": "4429022",
    "profileUrl": "https://www.espn.com/nfl/player/_/id/4429022/kayshon-boutte",
    "headshot": "https://a.espncdn.com/combiner/i?img=/i/headshots/nfl/players/full/4429022.png",
    "birthdate": "Birthdate5/7/2002 (23)",
    "birthplace": null,
    "experience": null,
    "draftInfo": "Draft Info2023: Rd 6, Pk 187 (NE)"
  },
  {
    "team": "NE",
    "number": "",
    "name": "Efton Chism III",
    "position": "WR",
    "height": "--",
    "weight": "5' 11\"",
    "age": "200 lbs",
    "college": "R",
    "playerId": "4695193",
    "profileUrl": "https://www.espn.com/nfl/player/_/id/4695193/efton-chism-iii",
    "headshot": "https://a.espncdn.com/combiner/i?img=/i/headshots/college-football/players/full/4695193.png",
    "birthdate": null,
    "birthplace": "BirthplaceMonroe, WA",
    "experience": "ExperienceRookie",
    "draftInfo": null
  },
  {
    "team": "NE",
    "number": "",
    "name": "Stefon Diggs",
    "position": "WR",
    "height": "31",
    "weight": "6' 0\"",
    "age": "191 lbs",
    "college": "11",
    "playerId": "2976212",
    "profileUrl": "https://www.espn.com/nfl/player/_/id/2976212/stefon-diggs",
    "headshot": "https://a.espncdn.com/combiner/i?img=/i/headshots/nfl/players/full/2976212.png",
    "birthdate": "Birthdate11/29/1993 (31)",
    "birthplace": null,
    "experience": null,
    "draftInfo": "Draft Info2015: Rd 5, Pk 146 (MIN)"
  },
  {
    "team": "NE",
    "number": "",
    "name": "DeMario Douglas3",
    "position": "WR",
    "height": "24",
    "weight": "5' 8\"",
    "age": "192 lbs",
    "college": "2",
    "playerId": "4427095",
    "profileUrl": "https://www.espn.com/nfl/player/_/id/4427095/demario-douglas",
    "headshot": "https://a.espncdn.com/combiner/i?img=/i/headshots/nfl/players/full/4427095.png",
    "birthdate": "Birthdate12/8/2000 (24)",
    "birthplace": null,
    "experience": null,
    "draftInfo": "Draft Info2023: Rd 6, Pk 210 (NE)"
  },
  {
    "team": "NE",
    "number": "",
    "name": "Mack Hollins13",
    "position": "WR",
    "height": "31",
    "weight": "6' 4\"",
    "age": "221 lbs",
    "college": "8",
    "playerId": "2991662",
    "profileUrl": "https://www.espn.com/nfl/player/_/id/2991662/mack-hollins",
    "headshot": "https://a.espncdn.com/combiner/i?img=/i/headshots/nfl/players/full/2991662.png",
    "birthdate": "Birthdate9/16/1993 (31)",
    "birthplace": null,
    "experience": null,
    "draftInfo": "Draft Info2017: Rd 4, Pk 118 (PHI)"
  },
  {
    "team": "NE",
    "number": "",
    "name": "Jalen Hurd13",
    "position": "WR",
    "height": "29",
    "weight": "6' 5\"",
    "age": "230 lbs",
    "college": "4",
    "playerId": "3115328",
    "profileUrl": "https://www.espn.com/nfl/player/_/id/3115328/jalen-hurd",
    "headshot": "https://a.espncdn.com/combiner/i?img=/i/headshots/nfl/players/full/3115328.png",
    "birthdate": "Birthdate1/23/1996 (29)",
    "birthplace": null,
    "experience": null,
    "draftInfo": "Draft Info2019: Rd 3, Pk 67 (SF)"
  },
  {
    "team": "NE",
    "number": "",
    "name": "John Jiles83",
    "position": "WR",
    "height": "24",
    "weight": "6' 3\"",
    "age": "220 lbs",
    "college": "R",
    "playerId": "4887705",
    "profileUrl": "https://www.espn.com/nfl/player/_/id/4887705/john-jiles",
    "headshot": "https://a.espncdn.com/combiner/i?img=/i/headshots/nfl/players/full/4887705.png",
    "birthdate": "Birthdate7/8/2000 (24)",
    "birthplace": null,
    "experience": "ExperienceRookie",
    "draftInfo": null
  },
  {
    "team": "NE",
    "number": "",
    "name": "Ja'Lynn Polk1",
    "position": "WR",
    "height": "23",
    "weight": "6' 1\"",
    "age": "203 lbs",
    "college": "R",
    "playerId": "4430637",
    "profileUrl": "https://www.espn.com/nfl/player/_/id/4430637/jalynn-polk",
    "headshot": "https://a.espncdn.com/combiner/i?img=/i/headshots/nfl/players/full/4430637.png",
    "birthdate": "Birthdate4/11/2002 (23)",
    "birthplace": null,
    "experience": null,
    "draftInfo": "Draft Info2024: Rd 2, Pk 37 (NE)"
  },
  {
    "team": "NE",
    "number": "",
    "name": "Jeremiah Webb",
    "position": "WR",
    "height": "--",
    "weight": "6' 0\"",
    "age": "196 lbs",
    "college": "R",
    "playerId": "4572655",
    "profileUrl": "https://www.espn.com/nfl/player/_/id/4572655/jeremiah-webb",
    "headshot": "https://a.espncdn.com/combiner/i?img=/i/headshots/college-football/players/full/4572655.png",
    "birthdate": null,
    "birthplace": "BirthplaceChicago, IL",
    "experience": "ExperienceRookie",
    "draftInfo": null
  },
  {
    "team": "NE",
    "number": "",
    "name": "Kyle Williams",
    "position": "WR",
    "height": "22",
    "weight": "6' 0\"",
    "age": "186 lbs",
    "college": "R",
    "playerId": "4613202",
    "profileUrl": "https://www.espn.com/nfl/player/_/id/4613202/kyle-williams",
    "headshot": "https://a.espncdn.com/combiner/i?img=/i/headshots/nfl/players/full/4613202.png",
    "birthdate": "Birthdate11/13/2002 (22)",
    "birthplace": null,
    "experience": null,
    "draftInfo": "Draft Info2025: Rd 3, Pk 69 (NE)"
  },
  {
    "team": "NE",
    "number": "",
    "name": "Jaheim Bell88",
    "position": "TE",
    "height": "23",
    "weight": "6' 2\"",
    "age": "241 lbs",
    "college": "R",
    "playerId": "4429262",
    "profileUrl": "https://www.espn.com/nfl/player/_/id/4429262/jaheim-bell",
    "headshot": "https://a.espncdn.com/combiner/i?img=/i/headshots/nfl/players/full/4429262.png",
    "birthdate": "Birthdate6/14/2001 (23)",
    "birthplace": null,
    "experience": null,
    "draftInfo": "Draft Info2024: Rd 7, Pk 231 (NE)"
  },
  {
    "team": "NE",
    "number": "",
    "name": "Hunter Henry85",
    "position": "TE",
    "height": "30",
    "weight": "6' 5\"",
    "age": "249 lbs",
    "college": "9",
    "playerId": "3046439",
    "profileUrl": "https://www.espn.com/nfl/player/_/id/3046439/hunter-henry",
    "headshot": "https://a.espncdn.com/combiner/i?img=/i/headshots/nfl/players/full/3046439.png",
    "birthdate": "Birthdate12/7/1994 (30)",
    "birthplace": null,
    "experience": null,
    "draftInfo": "Draft Info2016: Rd 2, Pk 35 (SD)"
  },
  {
    "team": "NE",
    "number": "",
    "name": "Austin Hooper81",
    "position": "TE",
    "height": "30",
    "weight": "6' 4\"",
    "age": "254 lbs",
    "college": "9",
    "playerId": "3043275",
    "profileUrl": "https://www.espn.com/nfl/player/_/id/3043275/austin-hooper",
    "headshot": "https://a.espncdn.com/combiner/i?img=/i/headshots/nfl/players/full/3043275.png",
    "birthdate": "Birthdate11/4/1994 (30)",
    "birthplace": null,
    "experience": null,
    "draftInfo": "Draft Info2016: Rd 3, Pk 81 (ATL)"
  },
  {
    "team": "NE",
    "number": "",
    "name": "Gee Scott Jr.",
    "position": "TE",
    "height": "--",
    "weight": "6' 3\"",
    "age": "243 lbs",
    "college": "R",
    "playerId": "4429115",
    "profileUrl": "https://www.espn.com/nfl/player/_/id/4429115/gee-scott-jr",
    "headshot": "https://a.espncdn.com/combiner/i?img=/i/headshots/college-football/players/full/4429115.png",
    "birthdate": null,
    "birthplace": "BirthplaceSeattle, WA",
    "experience": "ExperienceRookie",
    "draftInfo": null
  },
  {
    "team": "NE",
    "number": "",
    "name": "Jack Westover87",
    "position": "TE",
    "height": "25",
    "weight": "6' 2\"",
    "age": "245 lbs",
    "college": "R",
    "playerId": "4361100",
    "profileUrl": "https://www.espn.com/nfl/player/_/id/4361100/jack-westover",
    "headshot": "https://a.espncdn.com/combiner/i?img=/i/headshots/nfl/players/full/4361100.png",
    "birthdate": "Birthdate6/9/1999 (25)",
    "birthplace": null,
    "experience": "ExperienceRookie",
    "draftInfo": null
  },
  {
    "team": "NE",
    "number": "",
    "name": "Mitchell Wilcox86",
    "position": "TE",
    "height": "28",
    "weight": "6' 4\"",
    "age": "250 lbs",
    "college": "4",
    "playerId": "3923392",
    "profileUrl": "https://www.espn.com/nfl/player/_/id/3923392/mitchell-wilcox",
    "headshot": "https://a.espncdn.com/combiner/i?img=/i/headshots/nfl/players/full/3923392.png",
    "birthdate": "Birthdate11/7/1996 (28)",
    "birthplace": null,
    "experience": "Experience4th Season",
    "draftInfo": null
  },
  {
    "team": "NE",
    "number": "",
    "name": "Garrett Bradbury55",
    "position": "C",
    "height": "29",
    "weight": "6' 3\"",
    "age": "300 lbs",
    "college": "7",
    "playerId": "3116729",
    "profileUrl": "https://www.espn.com/nfl/player/_/id/3116729/garrett-bradbury",
    "headshot": "https://a.espncdn.com/combiner/i?img=/i/headshots/nfl/players/full/3116729.png",
    "birthdate": "Birthdate6/20/1995 (29)",
    "birthplace": null,
    "experience": null,
    "draftInfo": "Draft Info2019: Rd 1, Pk 18 (MIN)"
  },
  {
    "team": "NE",
    "number": "",
    "name": "Ben Brown77",
    "position": "C",
    "height": "26",
    "weight": "6' 5\"",
    "age": "313 lbs",
    "college": "2",
    "playerId": "4362890",
    "profileUrl": "https://www.espn.com/nfl/player/_/id/4362890/ben-brown",
    "headshot": "https://a.espncdn.com/combiner/i?img=/i/headshots/nfl/players/full/4362890.png",
    "birthdate": "Birthdate5/19/1998 (26)",
    "birthplace": null,
    "experience": "Experience2nd Season",
    "draftInfo": null
  },
  {
    "team": "NE",
    "number": "",
    "name": "Jared Wilson",
    "position": "C",
    "height": "21",
    "weight": "6' 3\"",
    "age": "310 lbs",
    "college": "R",
    "playerId": "4599198",
    "profileUrl": "https://www.espn.com/nfl/player/_/id/4599198/jared-wilson",
    "headshot": "https://a.espncdn.com/combiner/i?img=/i/headshots/nfl/players/full/4599198.png",
    "birthdate": "Birthdate6/5/2003 (21)",
    "birthplace": null,
    "experience": null,
    "draftInfo": "Draft Info2025: Rd 3, Pk 95 (NE)"
  },
  {
    "team": "NE",
    "number": "",
    "name": "Mehki Butler",
    "position": "G",
    "height": "--",
    "weight": "6' 3\"",
    "age": "320 lbs",
    "college": "R",
    "playerId": "4880087",
    "profileUrl": "https://www.espn.com/nfl/player/_/id/4880087/mehki-butler",
    "headshot": "https://a.espncdn.com/combiner/i?img=/i/headshots/college-football/players/full/4880087.png",
    "birthdate": null,
    "birthplace": "BirthplaceOmaha, NE",
    "experience": "ExperienceRookie",
    "draftInfo": null
  },
  {
    "team": "NE",
    "number": "",
    "name": "Layden Robinson64",
    "position": "G",
    "height": "24",
    "weight": "6' 3\"",
    "age": "311 lbs",
    "college": "R",
    "playerId": "4428368",
    "profileUrl": "https://www.espn.com/nfl/player/_/id/4428368/layden-robinson",
    "headshot": "https://a.espncdn.com/combiner/i?img=/i/headshots/nfl/players/full/4428368.png",
    "birthdate": "Birthdate5/3/2001 (24)",
    "birthplace": null,
    "experience": null,
    "draftInfo": "Draft Info2024: Rd 4, Pk 103 (NE)"
  },
  {
    "team": "NE",
    "number": "",
    "name": "Tyrese Robinson65",
    "position": "G",
    "height": "25",
    "weight": "6' 3\"",
    "age": "319 lbs",
    "college": "1",
    "playerId": "4241398",
    "profileUrl": "https://www.espn.com/nfl/player/_/id/4241398/tyrese-robinson",
    "headshot": "https://a.espncdn.com/combiner/i?img=/i/headshots/nfl/players/full/4241398.png",
    "birthdate": "Birthdate8/21/1999 (25)",
    "birthplace": null,
    "experience": "Experience1st Season",
    "draftInfo": null
  },
  {
    "team": "NE",
    "number": "",
    "name": "Wes Schweitzer66",
    "position": "G",
    "height": "31",
    "weight": "6' 4\"",
    "age": "300 lbs",
    "college": "9",
    "playerId": "2581273",
    "profileUrl": "https://www.espn.com/nfl/player/_/id/2581273/wes-schweitzer",
    "headshot": "https://a.espncdn.com/combiner/i?img=/i/headshots/nfl/players/full/2581273.png",
    "birthdate": "Birthdate9/11/1993 (31)",
    "birthplace": null,
    "experience": null,
    "draftInfo": "Draft Info2016: Rd 6, Pk 195 (ATL)"
  },
  {
    "team": "NE",
    "number": "",
    "name": "Sidy Sow62",
    "position": "G",
    "height": "26",
    "weight": "6' 5\"",
    "age": "318 lbs",
    "college": "2",
    "playerId": "4244826",
    "profileUrl": "https://www.espn.com/nfl/player/_/id/4244826/sidy-sow",
    "headshot": "https://a.espncdn.com/combiner/i?img=/i/headshots/nfl/players/full/4244826.png",
    "birthdate": "Birthdate6/8/1998 (26)",
    "birthplace": null,
    "experience": null,
    "draftInfo": "Draft Info2023: Rd 4, Pk 117 (NE)"
  },
  {
    "team": "NE",
    "number": "",
    "name": "Cole Strange69",
    "position": "G",
    "height": "26",
    "weight": "6' 5\"",
    "age": "310 lbs",
    "college": "3",
    "playerId": "4051001",
    "profileUrl": "https://www.espn.com/nfl/player/_/id/4051001/cole-strange",
    "headshot": "https://a.espncdn.com/combiner/i?img=/i/headshots/nfl/players/full/4051001.png",
    "birthdate": "Birthdate7/31/1998 (26)",
    "birthplace": null,
    "experience": null,
    "draftInfo": "Draft Info2022: Rd 1, Pk 29 (NE)"
  },
  {
    "team": "NE",
    "number": "",
    "name": "Jack Conley",
    "position": "OL",
    "height": "--",
    "weight": "6' 7\"",
    "age": "325 lbs",
    "college": "R",
    "playerId": "4426955",
    "profileUrl": "https://www.espn.com/nfl/player/_/id/4426955/jack-conley",
    "headshot": "https://a.espncdn.com/combiner/i?img=/i/headshots/college-football/players/full/4426955.png",
    "birthdate": null,
    "birthplace": "BirthplaceNew Canaan, CT",
    "experience": "ExperienceRookie",
    "draftInfo": null
  },
  {
    "team": "NE",
    "number": "",
    "name": "Marcus Bryant",
    "position": "OT",
    "height": "22",
    "weight": "6' 8\"",
    "age": "318 lbs",
    "college": "R",
    "playerId": "4565293",
    "profileUrl": "https://www.espn.com/nfl/player/_/id/4565293/marcus-bryant",
    "headshot": "https://a.espncdn.com/combiner/i?img=/i/headshots/nfl/players/full/4565293.png",
    "birthdate": "Birthdate6/22/2002 (22)",
    "birthplace": null,
    "experience": null,
    "draftInfo": "Draft Info2025: Rd 7, Pk 220 (NE)"
  },
  {
    "team": "NE",
    "number": "",
    "name": "Will Campbell66",
    "position": "OT",
    "height": "21",
    "weight": "6' 6\"",
    "age": "323 lbs",
    "college": "R",
    "playerId": "4685298",
    "profileUrl": "https://www.espn.com/nfl/player/_/id/4685298/will-campbell",
    "headshot": "https://a.espncdn.com/combiner/i?img=/i/headshots/nfl/players/full/4685298.png",
    "birthdate": "Birthdate1/6/2004 (21)",
    "birthplace": null,
    "experience": null,
    "draftInfo": "Draft Info2025: Rd 1, Pk 4 (NE)"
  },
  {
    "team": "NE",
    "number": "",
    "name": "Demontrey Jacobs75",
    "position": "OT",
    "height": "26",
    "weight": "6' 6\"",
    "age": "315 lbs",
    "college": "1",
    "playerId": "4250935",
    "profileUrl": "https://www.espn.com/nfl/player/_/id/4250935/demontrey-jacobs",
    "headshot": "https://a.espncdn.com/combiner/i?img=/i/headshots/nfl/players/full/4250935.png",
    "birthdate": "Birthdate11/22/1998 (26)",
    "birthplace": null,
    "experience": "Experience1st Season",
    "draftInfo": null
  },
  {
    "team": "NE",
    "number": "",
    "name": "Vederian Lowe59",
    "position": "OT",
    "height": "26",
    "weight": "6' 5\"",
    "age": "315 lbs",
    "college": "3",
    "playerId": "4240554",
    "profileUrl": "https://www.espn.com/nfl/player/_/id/4240554/vederian-lowe",
    "headshot": "https://a.espncdn.com/combiner/i?img=/i/headshots/nfl/players/full/4240554.png",
    "birthdate": "Birthdate4/17/1999 (26)",
    "birthplace": null,
    "experience": null,
    "draftInfo": "Draft Info2022: Rd 6, Pk 184 (MIN)"
  },
  {
    "team": "NE",
    "number": "",
    "name": "Morgan Moses76",
    "position": "OT",
    "height": "34",
    "weight": "6' 6\"",
    "age": "320 lbs",
    "college": "11",
    "playerId": "16771",
    "profileUrl": "https://www.espn.com/nfl/player/_/id/16771/morgan-moses",
    "headshot": "https://a.espncdn.com/combiner/i?img=/i/headshots/nfl/players/full/16771.png",
    "birthdate": "Birthdate3/3/1991 (34)",
    "birthplace": null,
    "experience": null,
    "draftInfo": "Draft Info2014: Rd 3, Pk 66 (WSH)"
  },
  {
    "team": "NE",
    "number": "",
    "name": "Mike Onwenu71",
    "position": "OT",
    "height": "27",
    "weight": "6' 3\"",
    "age": "350 lbs",
    "college": "5",
    "playerId": "4046545",
    "profileUrl": "https://www.espn.com/nfl/player/_/id/4046545/mike-onwenu",
    "headshot": "https://a.espncdn.com/combiner/i?img=/i/headshots/nfl/players/full/4046545.png",
    "birthdate": "Birthdate12/10/1997 (27)",
    "birthplace": null,
    "experience": null,
    "draftInfo": "Draft Info2020: Rd 6, Pk 182 (NE)"
  },
  {
    "team": "NE",
    "number": "",
    "name": "Caedan Wallace70",
    "position": "OT",
    "height": "25",
    "weight": "6' 5\"",
    "age": "314 lbs",
    "college": "R",
    "playerId": "4426446",
    "profileUrl": "https://www.espn.com/nfl/player/_/id/4426446/caedan-wallace",
    "headshot": "https://a.espncdn.com/combiner/i?img=/i/headshots/nfl/players/full/4426446.png",
    "birthdate": "Birthdate4/18/2000 (25)",
    "birthplace": null,
    "experience": null,
    "draftInfo": "Draft Info2024: Rd 3, Pk 68 (NE)"
  },
  {
    "team": "NE",
    "number": "",
    "name": "Bryce Ganious",
    "position": "DL",
    "height": "--",
    "weight": "6' 1\"",
    "age": "300 lbs",
    "college": "R",
    "playerId": "4878785",
    "profileUrl": "https://www.espn.com/nfl/player/_/id/4878785/bryce-ganious",
    "headshot": "https://a.espncdn.com/combiner/i?img=/i/headshots/college-football/players/full/4878785.png",
    "birthdate": null,
    "birthplace": "BirthplaceHouston, TX",
    "experience": "ExperienceRookie",
    "draftInfo": null
  },
  {
    "team": "NE",
    "number": "",
    "name": "Elijah Ponder",
    "position": "EDGE",
    "height": "--",
    "weight": "6' 3\"",
    "age": "245 lbs",
    "college": "R",
    "playerId": "4688432",
    "profileUrl": "https://www.espn.com/nfl/player/_/id/4688432/elijah-ponder",
    "headshot": "https://a.espncdn.com/combiner/i?img=/i/teamlogos/nfl/500/ne.png",
    "birthdate": null,
    "birthplace": "BirthplacePomona, CA",
    "experience": "ExperienceRookie",
    "draftInfo": null
  },
  {
    "team": "NE",
    "number": "",
    "name": "Truman Jones54",
    "position": "DE",
    "height": "25",
    "weight": "6' 3\"",
    "age": "255 lbs",
    "college": "1",
    "playerId": "4367828",
    "profileUrl": "https://www.espn.com/nfl/player/_/id/4367828/truman-jones",
    "headshot": "https://a.espncdn.com/combiner/i?img=/i/headshots/nfl/players/full/4367828.png",
    "birthdate": "Birthdate5/13/2000 (25)",
    "birthplace": null,
    "experience": "Experience1st Season",
    "draftInfo": null
  },
  {
    "team": "NE",
    "number": "",
    "name": "Wilfried Pene",
    "position": "DE",
    "height": "--",
    "weight": "6' 3\"",
    "age": "285 lbs",
    "college": "R",
    "playerId": "4608753",
    "profileUrl": "https://www.espn.com/nfl/player/_/id/4608753/wilfried-pene",
    "headshot": "https://a.espncdn.com/combiner/i?img=/i/headshots/college-football/players/full/4608753.png",
    "birthdate": null,
    "birthplace": "BirthplaceTours, France",
    "experience": "ExperienceRookie",
    "draftInfo": null
  },
  {
    "team": "NE",
    "number": "",
    "name": "Bradyn Swinson",
    "position": "DE",
    "height": "22",
    "weight": "6' 4\"",
    "age": "250 lbs",
    "college": "R",
    "playerId": "4431424",
    "profileUrl": "https://www.espn.com/nfl/player/_/id/4431424/bradyn-swinson",
    "headshot": "https://a.espncdn.com/combiner/i?img=/i/headshots/nfl/players/full/4431424.png",
    "birthdate": "Birthdate7/4/2002 (22)",
    "birthplace": null,
    "experience": null,
    "draftInfo": "Draft Info2025: Rd 5, Pk 146 (NE)"
  },
  {
    "team": "NE",
    "number": "",
    "name": "Keion White99",
    "position": "DE",
    "height": "26",
    "weight": "6' 5\"",
    "age": "285 lbs",
    "college": "2",
    "playerId": "4243493",
    "profileUrl": "https://www.espn.com/nfl/player/_/id/4243493/keion-white",
    "headshot": "https://a.espncdn.com/combiner/i?img=/i/headshots/nfl/players/full/4243493.png",
    "birthdate": "Birthdate1/20/1999 (26)",
    "birthplace": null,
    "experience": null,
    "draftInfo": "Draft Info2023: Rd 2, Pk 46 (NE)"
  },
  {
    "team": "NE",
    "number": "",
    "name": "Milton Williams97",
    "position": "DE",
    "height": "26",
    "weight": "6' 3\"",
    "age": "290 lbs",
    "college": "4",
    "playerId": "4239699",
    "profileUrl": "https://www.espn.com/nfl/player/_/id/4239699/milton-williams",
    "headshot": "https://a.espncdn.com/combiner/i?img=/i/headshots/nfl/players/full/4239699.png",
    "birthdate": "Birthdate4/6/1999 (26)",
    "birthplace": null,
    "experience": null,
    "draftInfo": "Draft Info2021: Rd 3, Pk 73 (PHI)"
  },
  {
    "team": "NE",
    "number": "",
    "name": "Christian Barmore90",
    "position": "DT",
    "height": "25",
    "weight": "6' 5\"",
    "age": "315 lbs",
    "college": "4",
    "playerId": "4372030",
    "profileUrl": "https://www.espn.com/nfl/player/_/id/4372030/christian-barmore",
    "headshot": "https://a.espncdn.com/combiner/i?img=/i/headshots/nfl/players/full/4372030.png",
    "birthdate": "Birthdate7/28/1999 (25)",
    "birthplace": null,
    "experience": null,
    "draftInfo": "Draft Info2021: Rd 2, Pk 38 (NE)"
  },
  {
    "team": "NE",
    "number": "",
    "name": "Joshua Farmer",
    "position": "DT",
    "height": "22",
    "weight": "6' 3\"",
    "age": "318 lbs",
    "college": "R",
    "playerId": "4611993",
    "profileUrl": "https://www.espn.com/nfl/player/_/id/4611993/joshua-farmer",
    "headshot": "https://a.espncdn.com/combiner/i?img=/i/headshots/nfl/players/full/4611993.png",
    "birthdate": "Birthdate1/17/2003 (22)",
    "birthplace": null,
    "experience": null,
    "draftInfo": "Draft Info2025: Rd 4, Pk 137 (NE)"
  },
  {
    "team": "NE",
    "number": "",
    "name": "Isaiah Iton",
    "position": "DT",
    "height": "23",
    "weight": "6' 2\"",
    "age": "277 lbs",
    "college": "1",
    "playerId": "4570970",
    "profileUrl": "https://www.espn.com/nfl/player/_/id/4570970/isaiah-iton",
    "headshot": "https://a.espncdn.com/combiner/i?img=/i/headshots/nfl/players/full/4570970.png",
    "birthdate": "Birthdate8/23/2001 (23)",
    "birthplace": null,
    "experience": "Experience1st Season",
    "draftInfo": null
  },
  {
    "team": "NE",
    "number": "",
    "name": "Jeremiah Pharms Jr.98",
    "position": "DT",
    "height": "28",
    "weight": "6' 2\"",
    "age": "300 lbs",
    "college": "2",
    "playerId": "5081728",
    "profileUrl": "https://www.espn.com/nfl/player/_/id/5081728/jeremiah-pharms-jr",
    "headshot": "https://a.espncdn.com/combiner/i?img=/i/headshots/nfl/players/full/5081728.png",
    "birthdate": "Birthdate10/16/1996 (28)",
    "birthplace": null,
    "experience": "Experience2nd Season",
    "draftInfo": null
  },
  {
    "team": "NE",
    "number": "",
    "name": "Jahvaree Ritzie",
    "position": "DT",
    "height": "--",
    "weight": "6' 4\"",
    "age": "290 lbs",
    "college": "R",
    "playerId": "4431584",
    "profileUrl": "https://www.espn.com/nfl/player/_/id/4431584/jahvaree-ritzie",
    "headshot": "https://a.espncdn.com/combiner/i?img=/i/headshots/college-football/players/full/4431584.png",
    "birthdate": null,
    "birthplace": "BirthplaceKernersville, NC",
    "experience": "ExperienceRookie",
    "draftInfo": null
  },
  {
    "team": "NE",
    "number": "",
    "name": "Jaquelin Roy94",
    "position": "DT",
    "height": "24",
    "weight": "6' 3\"",
    "age": "305 lbs",
    "college": "2",
    "playerId": "4429034",
    "profileUrl": "https://www.espn.com/nfl/player/_/id/4429034/jaquelin-roy",
    "headshot": "https://a.espncdn.com/combiner/i?img=/i/headshots/nfl/players/full/4429034.png",
    "birthdate": "Birthdate10/22/2000 (24)",
    "birthplace": null,
    "experience": null,
    "draftInfo": "Draft Info2023: Rd 5, Pk 141 (MIN)"
  },
  {
    "team": "NE",
    "number": "",
    "name": "Khyiris Tonga95",
    "position": "DT",
    "height": "28",
    "weight": "6' 4\"",
    "age": "338 lbs",
    "college": "4",
    "playerId": "4256074",
    "profileUrl": "https://www.espn.com/nfl/player/_/id/4256074/khyiris-tonga",
    "headshot": "https://a.espncdn.com/combiner/i?img=/i/headshots/nfl/players/full/4256074.png",
    "birthdate": "Birthdate7/7/1996 (28)",
    "birthplace": null,
    "experience": null,
    "draftInfo": "Draft Info2021: Rd 7, Pk 250 (CHI)"
  },
  {
    "team": "NE",
    "number": "",
    "name": "K'Lavon Chaisson44",
    "position": "LB",
    "height": "25",
    "weight": "6' 3\"",
    "age": "245 lbs",
    "college": "6",
    "playerId": "4242205",
    "profileUrl": "https://www.espn.com/nfl/player/_/id/4242205/klavon-chaisson",
    "headshot": "https://a.espncdn.com/combiner/i?img=/i/headshots/nfl/players/full/4242205.png",
    "birthdate": "Birthdate7/25/1999 (25)",
    "birthplace": null,
    "experience": null,
    "draftInfo": "Draft Info2020: Rd 1, Pk 20 (JAX)"
  },
  {
    "team": "NE",
    "number": "",
    "name": "Christian Elliss53",
    "position": "LB",
    "height": "26",
    "weight": "6' 2\"",
    "age": "231 lbs",
    "college": "3",
    "playerId": "4245273",
    "profileUrl": "https://www.espn.com/nfl/player/_/id/4245273/christian-elliss",
    "headshot": "https://a.espncdn.com/combiner/i?img=/i/headshots/nfl/players/full/4245273.png",
    "birthdate": "Birthdate1/2/1999 (26)",
    "birthplace": null,
    "experience": "Experience3rd Season",
    "draftInfo": null
  },
  {
    "team": "NE",
    "number": "",
    "name": "Jack Gibbens51",
    "position": "LB",
    "height": "26",
    "weight": "6' 3\"",
    "age": "242 lbs",
    "college": "2",
    "playerId": "4249739",
    "profileUrl": "https://www.espn.com/nfl/player/_/id/4249739/jack-gibbens",
    "headshot": "https://a.espncdn.com/combiner/i?img=/i/headshots/nfl/players/full/4249739.png",
    "birthdate": "Birthdate11/24/1998 (26)",
    "birthplace": null,
    "experience": "Experience2nd Season",
    "draftInfo": null
  },
  {
    "team": "NE",
    "number": "",
    "name": "Anfernee Jennings33",
    "position": "LB",
    "height": "27",
    "weight": "6' 2\"",
    "age": "255 lbs",
    "college": "5",
    "playerId": "3925350",
    "profileUrl": "https://www.espn.com/nfl/player/_/id/3925350/anfernee-jennings",
    "headshot": "https://a.espncdn.com/combiner/i?img=/i/headshots/nfl/players/full/3925350.png",
    "birthdate": "Birthdate9/1/1997 (27)",
    "birthplace": null,
    "experience": null,
    "draftInfo": "Draft Info2020: Rd 3, Pk 87 (NE)"
  },
  {
    "team": "NE",
    "number": "",
    "name": "Harold Landry III2",
    "position": "LB",
    "height": "28",
    "weight": "6' 2\"",
    "age": "252 lbs",
    "college": "7",
    "playerId": "3122793",
    "profileUrl": "https://www.espn.com/nfl/player/_/id/3122793/harold-landry-iii",
    "headshot": "https://a.espncdn.com/combiner/i?img=/i/headshots/nfl/players/full/3122793.png",
    "birthdate": "Birthdate6/5/1996 (28)",
    "birthplace": null,
    "experience": null,
    "draftInfo": "Draft Info2018: Rd 2, Pk 41 (TEN)"
  },
  {
    "team": "NE",
    "number": "",
    "name": "Monty Rice45",
    "position": "LB",
    "height": "26",
    "weight": "6' 0\"",
    "age": "233 lbs",
    "college": "4",
    "playerId": "4240692",
    "profileUrl": "https://www.espn.com/nfl/player/_/id/4240692/monty-rice",
    "headshot": "https://a.espncdn.com/combiner/i?img=/i/headshots/nfl/players/full/4240692.png",
    "birthdate": "Birthdate1/8/1999 (26)",
    "birthplace": null,
    "experience": null,
    "draftInfo": "Draft Info2021: Rd 3, Pk 92 (TEN)"
  },
  {
    "team": "NE",
    "number": "",
    "name": "Robert Spillane14",
    "position": "LB",
    "height": "29",
    "weight": "6' 1\"",
    "age": "229 lbs",
    "college": "6",
    "playerId": "3129446",
    "profileUrl": "https://www.espn.com/nfl/player/_/id/3129446/robert-spillane",
    "headshot": "https://a.espncdn.com/combiner/i?img=/i/headshots/nfl/players/full/3129446.png",
    "birthdate": "Birthdate12/14/1995 (29)",
    "birthplace": null,
    "experience": "Experience6th Season",
    "draftInfo": null
  },
  {
    "team": "NE",
    "number": "",
    "name": "Jahlani Tavai48",
    "position": "LB",
    "height": "28",
    "weight": "6' 2\"",
    "age": "255 lbs",
    "college": "6",
    "playerId": "3124587",
    "profileUrl": "https://www.espn.com/nfl/player/_/id/3124587/jahlani-tavai",
    "headshot": "https://a.espncdn.com/combiner/i?img=/i/headshots/nfl/players/full/3124587.png",
    "birthdate": "Birthdate9/28/1996 (28)",
    "birthplace": null,
    "experience": null,
    "draftInfo": "Draft Info2019: Rd 2, Pk 43 (DET)"
  },
  {
    "team": "NE",
    "number": "",
    "name": "Alex Austin28",
    "position": "CB",
    "height": "23",
    "weight": "6' 1\"",
    "age": "191 lbs",
    "college": "2",
    "playerId": "4426599",
    "profileUrl": "https://www.espn.com/nfl/player/_/id/4426599/alex-austin",
    "headshot": "https://a.espncdn.com/combiner/i?img=/i/headshots/nfl/players/full/4426599.png",
    "birthdate": "Birthdate5/22/2001 (23)",
    "birthplace": null,
    "experience": null,
    "draftInfo": "Draft Info2023: Rd 7, Pk 252 (BUF)"
  },
  {
    "team": "NE",
    "number": "",
    "name": "Miles Battle35",
    "position": "CB",
    "height": "25",
    "weight": "6' 3\"",
    "age": "197 lbs",
    "college": "R",
    "playerId": "4372413",
    "profileUrl": "https://www.espn.com/nfl/player/_/id/4372413/miles-battle",
    "headshot": "https://a.espncdn.com/combiner/i?img=/i/headshots/nfl/players/full/4372413.png",
    "birthdate": "Birthdate1/4/2000 (25)",
    "birthplace": null,
    "experience": "ExperienceRookie",
    "draftInfo": null
  },
  {
    "team": "NE",
    "number": "",
    "name": "Isaiah Bolden29",
    "position": "CB",
    "height": "25",
    "weight": "6' 2\"",
    "age": "205 lbs",
    "college": "2",
    "playerId": "4711029",
    "profileUrl": "https://www.espn.com/nfl/player/_/id/4711029/isaiah-bolden",
    "headshot": "https://a.espncdn.com/combiner/i?img=/i/headshots/nfl/players/full/4711029.png",
    "birthdate": "Birthdate12/16/1999 (25)",
    "birthplace": null,
    "experience": null,
    "draftInfo": "Draft Info2023: Rd 7, Pk 245 (NE)"
  },
  {
    "team": "NE",
    "number": "",
    "name": "Carlton Davis III7",
    "position": "CB",
    "height": "28",
    "weight": "6' 1\"",
    "age": "206 lbs",
    "college": "7",
    "playerId": "3916923",
    "profileUrl": "https://www.espn.com/nfl/player/_/id/3916923/carlton-davis-iii",
    "headshot": "https://a.espncdn.com/combiner/i?img=/i/headshots/nfl/players/full/3916923.png",
    "birthdate": "Birthdate12/31/1996 (28)",
    "birthplace": null,
    "experience": null,
    "draftInfo": "Draft Info2018: Rd 2, Pk 63 (TB)"
  },
  {
    "team": "NE",
    "number": "",
    "name": "Marcellas Dial Jr.27",
    "position": "CB",
    "height": "24",
    "weight": "6' 0\"",
    "age": "190 lbs",
    "college": "R",
    "playerId": "4875079",
    "profileUrl": "https://www.espn.com/nfl/player/_/id/4875079/marcellas-dial-jr",
    "headshot": "https://a.espncdn.com/combiner/i?img=/i/headshots/nfl/players/full/4875079.png",
    "birthdate": "Birthdate12/6/2000 (24)",
    "birthplace": null,
    "experience": null,
    "draftInfo": "Draft Info2024: Rd 6, Pk 180 (NE)"
  },
  {
    "team": "NE",
    "number": "",
    "name": "Christian Gonzalez0",
    "position": "CB",
    "height": "22",
    "weight": "6' 1\"",
    "age": "205 lbs",
    "college": "2",
    "playerId": "4686772",
    "profileUrl": "https://www.espn.com/nfl/player/_/id/4686772/christian-gonzalez",
    "headshot": "https://a.espncdn.com/combiner/i?img=/i/headshots/nfl/players/full/4686772.png",
    "birthdate": "Birthdate6/28/2002 (22)",
    "birthplace": null,
    "experience": null,
    "draftInfo": "Draft Info2023: Rd 1, Pk 17 (NE)"
  },
  {
    "team": "NE",
    "number": "",
    "name": "DJ James30",
    "position": "CB",
    "height": "24",
    "weight": "6' 0\"",
    "age": "164 lbs",
    "college": "R",
    "playerId": "4429891",
    "profileUrl": "https://www.espn.com/nfl/player/_/id/4429891/dj-james",
    "headshot": "https://a.espncdn.com/combiner/i?img=/i/headshots/nfl/players/full/4429891.png",
    "birthdate": "Birthdate3/5/2001 (24)",
    "birthplace": null,
    "experience": null,
    "draftInfo": "Draft Info2024: Rd 6, Pk 192 (SEA)"
  },
  {
    "team": "NE",
    "number": "",
    "name": "Marcus Jones25",
    "position": "CB",
    "height": "26",
    "weight": "5' 8\"",
    "age": "188 lbs",
    "college": "3",
    "playerId": "4241720",
    "profileUrl": "https://www.espn.com/nfl/player/_/id/4241720/marcus-jones",
    "headshot": "https://a.espncdn.com/combiner/i?img=/i/headshots/nfl/players/full/4241720.png",
    "birthdate": "Birthdate10/22/1998 (26)",
    "birthplace": null,
    "experience": null,
    "draftInfo": "Draft Info2022: Rd 3, Pk 85 (NE)"
  },
  {
    "team": "NE",
    "number": "",
    "name": "Kobee Minor",
    "position": "CB",
    "height": "--",
    "weight": "5' 11\"",
    "age": "182 lbs",
    "college": "R",
    "playerId": "4566100",
    "profileUrl": "https://www.espn.com/nfl/player/_/id/4566100/kobee-minor",
    "headshot": "https://a.espncdn.com/combiner/i?img=/i/headshots/nfl/players/full/4566100.png",
    "birthdate": null,
    "birthplace": null,
    "experience": "ExperienceRookie",
    "draftInfo": "Draft Info2025: Rd 7, Pk 257 (NE)"
  },
  {
    "team": "NE",
    "number": "",
    "name": "Jordan Polk",
    "position": "CB",
    "height": "--",
    "weight": "6' 0\"",
    "age": "190 lbs",
    "college": "R",
    "playerId": "5093928",
    "profileUrl": "https://www.espn.com/nfl/player/_/id/5093928/jordan-polk",
    "headshot": "https://a.espncdn.com/combiner/i?img=/i/headshots/college-football/players/full/5093928.png",
    "birthdate": null,
    "birthplace": "BirthplaceArlington, TX",
    "experience": "ExperienceRookie",
    "draftInfo": null
  },
  {
    "team": "NE",
    "number": "",
    "name": "Brandon Crossley",
    "position": "DB",
    "height": "--",
    "weight": "6' 0\"",
    "age": "186 lbs",
    "college": "R",
    "playerId": "4429480",
    "profileUrl": "https://www.espn.com/nfl/player/_/id/4429480/brandon-crossley",
    "headshot": "https://a.espncdn.com/combiner/i?img=/i/headshots/college-football/players/full/4429480.png",
    "birthdate": null,
    "birthplace": "BirthplaceDallas, TX",
    "experience": "ExperienceRookie",
    "draftInfo": null
  },
  {
    "team": "NE",
    "number": "",
    "name": "Josh Minkins",
    "position": "DB",
    "height": "--",
    "weight": "6' 2\"",
    "age": "200 lbs",
    "college": "R",
    "playerId": "4686338",
    "profileUrl": "https://www.espn.com/nfl/player/_/id/4686338/josh-minkins",
    "headshot": "https://a.espncdn.com/combiner/i?img=/i/headshots/college-football/players/full/4686338.png",
    "birthdate": null,
    "birthplace": "BirthplaceLouisville, KY",
    "experience": "ExperienceRookie",
    "draftInfo": null
  },
  {
    "team": "NE",
    "number": "",
    "name": "Kyle Dugger23",
    "position": "S",
    "height": "29",
    "weight": "6' 1\"",
    "age": "216 lbs",
    "college": "5",
    "playerId": "4401811",
    "profileUrl": "https://www.espn.com/nfl/player/_/id/4401811/kyle-dugger",
    "headshot": "https://a.espncdn.com/combiner/i?img=/i/headshots/nfl/players/full/4401811.png",
    "birthdate": "Birthdate3/22/1996 (29)",
    "birthplace": null,
    "experience": null,
    "draftInfo": "Draft Info2020: Rd 2, Pk 37 (NE)"
  },
  {
    "team": "NE",
    "number": "",
    "name": "Marcus Epps22",
    "position": "S",
    "height": "29",
    "weight": "6' 0\"",
    "age": "191 lbs",
    "college": "6",
    "playerId": "3139368",
    "profileUrl": "https://www.espn.com/nfl/player/_/id/3139368/marcus-epps",
    "headshot": "https://a.espncdn.com/combiner/i?img=/i/headshots/nfl/players/full/3139368.png",
    "birthdate": "Birthdate1/27/1996 (29)",
    "birthplace": null,
    "experience": null,
    "draftInfo": "Draft Info2019: Rd 6, Pk 191 (MIN)"
  },
  {
    "team": "NE",
    "number": "",
    "name": "Jaylinn Hawkins21",
    "position": "S",
    "height": "27",
    "weight": "6' 1\"",
    "age": "208 lbs",
    "college": "5",
    "playerId": "3858276",
    "profileUrl": "https://www.espn.com/nfl/player/_/id/3858276/jaylinn-hawkins",
    "headshot": "https://a.espncdn.com/combiner/i?img=/i/headshots/nfl/players/full/3858276.png",
    "birthdate": "Birthdate8/25/1997 (27)",
    "birthplace": null,
    "experience": null,
    "draftInfo": "Draft Info2020: Rd 4, Pk 134 (ATL)"
  },
  {
    "team": "NE",
    "number": "",
    "name": "Marte Mapu15",
    "position": "S",
    "height": "25",
    "weight": "6' 3\"",
    "age": "230 lbs",
    "college": "2",
    "playerId": "4248899",
    "profileUrl": "https://www.espn.com/nfl/player/_/id/4248899/marte-mapu",
    "headshot": "https://a.espncdn.com/combiner/i?img=/i/headshots/nfl/players/full/4248899.png",
    "birthdate": "Birthdate11/8/1999 (25)",
    "birthplace": null,
    "experience": null,
    "draftInfo": "Draft Info2023: Rd 3, Pk 76 (NE)"
  },
  {
    "team": "NE",
    "number": "",
    "name": "Jabrill Peppers5",
    "position": "S",
    "height": "29",
    "weight": "5' 11\"",
    "age": "217 lbs",
    "college": "8",
    "playerId": "3115962",
    "profileUrl": "https://www.espn.com/nfl/player/_/id/3115962/jabrill-peppers",
    "headshot": "https://a.espncdn.com/combiner/i?img=/i/headshots/nfl/players/full/3115962.png",
    "birthdate": "Birthdate10/4/1995 (29)",
    "birthplace": null,
    "experience": null,
    "draftInfo": "Draft Info2017: Rd 1, Pk 25 (CLE)"
  },
  {
    "team": "NE",
    "number": "",
    "name": "Dell Pettus24",
    "position": "S",
    "height": "23",
    "weight": "5' 11\"",
    "age": "200 lbs",
    "college": "R",
    "playerId": "4428232",
    "profileUrl": "https://www.espn.com/nfl/player/_/id/4428232/dell-pettus",
    "headshot": "https://a.espncdn.com/combiner/i?img=/i/headshots/nfl/players/full/4428232.png",
    "birthdate": "Birthdate6/2/2001 (23)",
    "birthplace": null,
    "experience": "ExperienceRookie",
    "draftInfo": null
  },
  {
    "team": "NE",
    "number": "",
    "name": "Brenden Schooler41",
    "position": "S",
    "height": "27",
    "weight": "6' 2\"",
    "age": "210 lbs",
    "college": "3",
    "playerId": "4047941",
    "profileUrl": "https://www.espn.com/nfl/player/_/id/4047941/brenden-schooler",
    "headshot": "https://a.espncdn.com/combiner/i?img=/i/headshots/nfl/players/full/4047941.png",
    "birthdate": "Birthdate5/30/1997 (27)",
    "birthplace": null,
    "experience": "Experience3rd Season",
    "draftInfo": null
  },
  {
    "team": "NE",
    "number": "",
    "name": "Craig Woodson",
    "position": "S",
    "height": "24",
    "weight": "6' 0\"",
    "age": "210 lbs",
    "college": "R",
    "playerId": "4428930",
    "profileUrl": "https://www.espn.com/nfl/player/_/id/4428930/craig-woodson",
    "headshot": "https://a.espncdn.com/combiner/i?img=/i/headshots/nfl/players/full/4428930.png",
    "birthdate": "Birthdate2/20/2001 (24)",
    "birthplace": null,
    "experience": null,
    "draftInfo": "Draft Info2025: Rd 4, Pk 106 (NE)"
  },
  {
    "team": "NE",
    "number": "",
    "name": "Andres Borregales",
    "position": "PK",
    "height": "23",
    "weight": "5' 11\"",
    "age": "170 lbs",
    "college": "R",
    "playerId": "4569923",
    "profileUrl": "https://www.espn.com/nfl/player/_/id/4569923/andres-borregales",
    "headshot": "https://a.espncdn.com/combiner/i?img=/i/headshots/nfl/players/full/4569923.png",
    "birthdate": "Birthdate1/2/2002 (23)",
    "birthplace": null,
    "experience": null,
    "draftInfo": "Draft Info2025: Rd 6, Pk 182 (NE)"
  },
  {
    "team": "NE",
    "number": "",
    "name": "John Parker Romo11",
    "position": "PK",
    "height": "27",
    "weight": "5' 11\"",
    "age": "190 lbs",
    "college": "1",
    "playerId": "4051167",
    "profileUrl": "https://www.espn.com/nfl/player/_/id/4051167/john-parker-romo",
    "headshot": "https://a.espncdn.com/combiner/i?img=/i/headshots/nfl/players/full/4051167.png",
    "birthdate": "Birthdate8/24/1997 (27)",
    "birthplace": null,
    "experience": "Experience1st Season",
    "draftInfo": null
  },
  {
    "team": "NE",
    "number": "",
    "name": "Bryce Baringer17",
    "position": "P",
    "height": "26",
    "weight": "6' 2\"",
    "age": "215 lbs",
    "college": "2",
    "playerId": "4240545",
    "profileUrl": "https://www.espn.com/nfl/player/_/id/4240545/bryce-baringer",
    "headshot": "https://a.espncdn.com/combiner/i?img=/i/headshots/nfl/players/full/4240545.png",
    "birthdate": "Birthdate4/26/1999 (26)",
    "birthplace": null,
    "experience": null,
    "draftInfo": "Draft Info2023: Rd 6, Pk 192 (NE)"
  },
  {
    "team": "NE",
    "number": "",
    "name": "Julian Ashby",
    "position": "LS",
    "height": "22",
    "weight": "6' 1\"",
    "age": "208 lbs",
    "college": "R",
    "playerId": "4695254",
    "profileUrl": "https://www.espn.com/nfl/player/_/id/4695254/julian-ashby",
    "headshot": "https://a.espncdn.com/combiner/i?img=/i/headshots/nfl/players/full/4695254.png",
    "birthdate": "Birthdate7/8/2002 (22)",
    "birthplace": null,
    "experience": null,
    "draftInfo": "Draft Info2025: Rd 7, Pk 251 (NE)"
  }
]