[
  {
    "team": "NO",
    "number": "",
    "name": "Hunter Dekkers",
    "position": "QB",
    "height": "--",
    "weight": "6' 3\"",
    "age": "225 lbs",
    "college": "R",
    "playerId": "4565358",
    "profileUrl": "https://www.espn.com/nfl/player/_/id/4565358/hunter-dekkers",
    "headshot": "https://a.espncdn.com/combiner/i?img=/i/headshots/college-football/players/full/4565358.png",
    "birthdate": null,
    "birthplace": "BirthplaceHawarden, IA",
    "experience": "ExperienceRookie",
    "draftInfo": null
  },
  {
    "team": "NO",
    "number": "",
    "name": "Jake Haener3",
    "position": "QB",
    "height": "26",
    "weight": "6' 1\"",
    "age": "200 lbs",
    "college": "2",
    "playerId": "4243322",
    "profileUrl": "https://www.espn.com/nfl/player/_/id/4243322/jake-haener",
    "headshot": "https://a.espncdn.com/combiner/i?img=/i/headshots/nfl/players/full/4243322.png",
    "birthdate": "Birthdate3/10/1999 (26)",
    "birthplace": null,
    "experience": null,
    "draftInfo": "Draft Info2023: Rd 4, Pk 127 (NO)"
  },
  {
    "team": "NO",
    "number": "",
    "name": "Spencer Rattler18",
    "position": "QB",
    "height": "24",
    "weight": "6' 0\"",
    "age": "211 lbs",
    "college": "R",
    "playerId": "4426339",
    "profileUrl": "https://www.espn.com/nfl/player/_/id/4426339/spencer-rattler",
    "headshot": "https://a.espncdn.com/combiner/i?img=/i/headshots/nfl/players/full/4426339.png",
    "birthdate": "Birthdate9/28/2000 (24)",
    "birthplace": null,
    "experience": null,
    "draftInfo": "Draft Info2024: Rd 5, Pk 150 (NO)"
  },
  {
    "team": "NO",
    "number": "",
    "name": "Tyler Shough",
    "position": "QB",
    "height": "25",
    "weight": "6' 5\"",
    "age": "225 lbs",
    "college": "R",
    "playerId": "4360689",
    "profileUrl": "https://www.espn.com/nfl/player/_/id/4360689/tyler-shough",
    "headshot": "https://a.espncdn.com/combiner/i?img=/i/headshots/nfl/players/full/4360689.png",
    "birthdate": "Birthdate9/28/1999 (25)",
    "birthplace": null,
    "experience": null,
    "draftInfo": "Draft Info2025: Rd 2, Pk 40 (NO)"
  },
  {
    "team": "NO",
    "number": "",
    "name": "Clyde Edwards-Helaire23",
    "position": "RB",
    "height": "26",
    "weight": "5' 7\"",
    "age": "207 lbs",
    "college": "5",
    "playerId": "4242214",
    "profileUrl": "https://www.espn.com/nfl/player/_/id/4242214/clyde-edwards-helaire",
    "headshot": "https://a.espncdn.com/combiner/i?img=/i/headshots/nfl/players/full/4242214.png",
    "birthdate": "Birthdate4/11/1999 (26)",
    "birthplace": null,
    "experience": null,
    "draftInfo": "Draft Info2020: Rd 1, Pk 32 (KC)"
  },
  {
    "team": "NO",
    "number": "",
    "name": "Alvin Kamara41",
    "position": "RB",
    "height": "29",
    "weight": "5' 10\"",
    "age": "215 lbs",
    "college": "8",
    "playerId": "3054850",
    "profileUrl": "https://www.espn.com/nfl/player/_/id/3054850/alvin-kamara",
    "headshot": "https://a.espncdn.com/combiner/i?img=/i/headshots/nfl/players/full/3054850.png",
    "birthdate": "Birthdate7/25/1995 (29)",
    "birthplace": null,
    "experience": null,
    "draftInfo": "Draft Info2017: Rd 3, Pk 67 (NO)"
  },
  {
    "team": "NO",
    "number": "",
    "name": "Kendre Miller25",
    "position": "RB",
    "height": "22",
    "weight": "6' 0\"",
    "age": "220 lbs",
    "college": "2",
    "playerId": "4599739",
    "profileUrl": "https://www.espn.com/nfl/player/_/id/4599739/kendre-miller",
    "headshot": "https://a.espncdn.com/combiner/i?img=/i/headshots/nfl/players/full/4599739.png",
    "birthdate": "Birthdate6/11/2002 (22)",
    "birthplace": null,
    "experience": null,
    "draftInfo": "Draft Info2023: Rd 3, Pk 71 (NO)"
  },
  {
    "team": "NO",
    "number": "",
    "name": "Devin Neal",
    "position": "RB",
    "height": "21",
    "weight": "5' 11\"",
    "age": "215 lbs",
    "college": "R",
    "playerId": "4682652",
    "profileUrl": "https://www.espn.com/nfl/player/_/id/4682652/devin-neal",
    "headshot": "https://a.espncdn.com/combiner/i?img=/i/headshots/nfl/players/full/4682652.png",
    "birthdate": "Birthdate8/12/2003 (21)",
    "birthplace": null,
    "experience": null,
    "draftInfo": "Draft Info2025: Rd 6, Pk 184 (NO)"
  },
  {
    "team": "NO",
    "number": "",
    "name": "Xazavian Valladay34",
    "position": "RB",
    "height": "26",
    "weight": "6' 0\"",
    "age": "198 lbs",
    "college": "1",
    "playerId": "4240350",
    "profileUrl": "https://www.espn.com/nfl/player/_/id/4240350/xazavian-valladay",
    "headshot": "https://a.espncdn.com/combiner/i?img=/i/headshots/nfl/players/full/4240350.png",
    "birthdate": "Birthdate7/3/1998 (26)",
    "birthplace": null,
    "experience": "Experience1st Season",
    "draftInfo": null
  },
  {
    "team": "NO",
    "number": "",
    "name": "Marcus Yarns",
    "position": "RB",
    "height": "--",
    "weight": "5' 11\"",
    "age": "190 lbs",
    "college": "R",
    "playerId": "4694302",
    "profileUrl": "https://www.espn.com/nfl/player/_/id/4694302/marcus-yarns",
    "headshot": "https://a.espncdn.com/combiner/i?img=/i/teamlogos/nfl/500/no.png",
    "birthdate": null,
    "birthplace": "BirthplaceSalisbury, MD",
    "experience": "ExperienceRookie",
    "draftInfo": null
  },
  {
    "team": "NO",
    "number": "",
    "name": "Kevin Austin Jr.81",
    "position": "WR",
    "height": "25",
    "weight": "6' 2\"",
    "age": "200 lbs",
    "college": "1",
    "playerId": "4372758",
    "profileUrl": "https://www.espn.com/nfl/player/_/id/4372758/kevin-austin-jr",
    "headshot": "https://a.espncdn.com/combiner/i?img=/i/headshots/nfl/players/full/4372758.png",
    "birthdate": "Birthdate3/30/2000 (25)",
    "birthplace": null,
    "experience": "Experience1st Season",
    "draftInfo": null
  },
  {
    "team": "NO",
    "number": "",
    "name": "Brandin Cooks",
    "position": "WR",
    "height": "31",
    "weight": "5' 10\"",
    "age": "189 lbs",
    "college": "11",
    "playerId": "16731",
    "profileUrl": "https://www.espn.com/nfl/player/_/id/16731/brandin-cooks",
    "headshot": "https://a.espncdn.com/combiner/i?img=/i/headshots/nfl/players/full/16731.png",
    "birthdate": "Birthdate9/25/1993 (31)",
    "birthplace": null,
    "experience": null,
    "draftInfo": "Draft Info2014: Rd 1, Pk 20 (NO)"
  },
  {
    "team": "NO",
    "number": "",
    "name": "Moochie Dixon",
    "position": "WR",
    "height": "--",
    "weight": "6' 0\"",
    "age": "189 lbs",
    "college": "R",
    "playerId": "4431068",
    "profileUrl": "https://www.espn.com/nfl/player/_/id/4431068/moochie-dixon",
    "headshot": "https://a.espncdn.com/combiner/i?img=/i/headshots/college-football/players/full/4431068.png",
    "birthdate": null,
    "birthplace": "BirthplaceCarthage, TX",
    "experience": "ExperienceRookie",
    "draftInfo": null
  },
  {
    "team": "NO",
    "number": "",
    "name": "Velus Jones Jr.",
    "position": "WR",
    "height": "28",
    "weight": "6' 0\"",
    "age": "200 lbs",
    "college": "4",
    "playerId": "4035693",
    "profileUrl": "https://www.espn.com/nfl/player/_/id/4035693/velus-jones-jr",
    "headshot": "https://a.espncdn.com/combiner/i?img=/i/headshots/nfl/players/full/4035693.png",
    "birthdate": "Birthdate5/11/1997 (28)",
    "birthplace": null,
    "experience": null,
    "draftInfo": "Draft Info2022: Rd 3, Pk 71 (CHI)"
  },
  {
    "team": "NO",
    "number": "",
    "name": "Bub Means16",
    "position": "WR",
    "height": "24",
    "weight": "6' 2\"",
    "age": "215 lbs",
    "college": "R",
    "playerId": "4427985",
    "profileUrl": "https://www.espn.com/nfl/player/_/id/4427985/bub-means",
    "headshot": "https://a.espncdn.com/combiner/i?img=/i/headshots/nfl/players/full/4427985.png",
    "birthdate": "Birthdate1/10/2001 (24)",
    "birthplace": null,
    "experience": null,
    "draftInfo": "Draft Info2024: Rd 5, Pk 170 (NO)"
  },
  {
    "team": "NO",
    "number": "",
    "name": "Chris Olave12",
    "position": "WR",
    "height": "24",
    "weight": "6' 0\"",
    "age": "187 lbs",
    "college": "3",
    "playerId": "4361370",
    "profileUrl": "https://www.espn.com/nfl/player/_/id/4361370/chris-olave",
    "headshot": "https://a.espncdn.com/combiner/i?img=/i/headshots/nfl/players/full/4361370.png",
    "birthdate": "Birthdate6/27/2000 (24)",
    "birthplace": null,
    "experience": null,
    "draftInfo": "Draft Info2022: Rd 1, Pk 11 (NO)"
  },
  {
    "team": "NO",
    "number": "",
    "name": "Donovan Peoples-Jones",
    "position": "WR",
    "height": "26",
    "weight": "6' 2\"",
    "age": "204 lbs",
    "college": "5",
    "playerId": "4258195",
    "profileUrl": "https://www.espn.com/nfl/player/_/id/4258195/donovan-peoples-jones",
    "headshot": "https://a.espncdn.com/combiner/i?img=/i/headshots/nfl/players/full/4258195.png",
    "birthdate": "Birthdate2/19/1999 (26)",
    "birthplace": null,
    "experience": null,
    "draftInfo": "Draft Info2020: Rd 6, Pk 187 (CLE)"
  },
  {
    "team": "NO",
    "number": "",
    "name": "Dante Pettis17",
    "position": "WR",
    "height": "29",
    "weight": "6' 1\"",
    "age": "195 lbs",
    "college": "6",
    "playerId": "3127306",
    "profileUrl": "https://www.espn.com/nfl/player/_/id/3127306/dante-pettis",
    "headshot": "https://a.espncdn.com/combiner/i?img=/i/headshots/nfl/players/full/3127306.png",
    "birthdate": "Birthdate10/23/1995 (29)",
    "birthplace": null,
    "experience": null,
    "draftInfo": "Draft Info2018: Rd 2, Pk 44 (SF)"
  },
  {
    "team": "NO",
    "number": "",
    "name": "Rashid Shaheed22",
    "position": "WR",
    "height": "26",
    "weight": "6' 0\"",
    "age": "180 lbs",
    "college": "3",
    "playerId": "4032473",
    "profileUrl": "https://www.espn.com/nfl/player/_/id/4032473/rashid-shaheed",
    "headshot": "https://a.espncdn.com/combiner/i?img=/i/headshots/nfl/players/full/4032473.png",
    "birthdate": "Birthdate8/31/1998 (26)",
    "birthplace": null,
    "experience": "Experience3rd Season",
    "draftInfo": null
  },
  {
    "team": "NO",
    "number": "",
    "name": "Mason Tipton84",
    "position": "WR",
    "height": "24",
    "weight": "5' 11\"",
    "age": "187 lbs",
    "college": "R",
    "playerId": "4573697",
    "profileUrl": "https://www.espn.com/nfl/player/_/id/4573697/mason-tipton",
    "headshot": "https://a.espncdn.com/combiner/i?img=/i/headshots/nfl/players/full/4573697.png",
    "birthdate": "Birthdate9/27/2000 (24)",
    "birthplace": null,
    "experience": "ExperienceRookie",
    "draftInfo": null
  },
  {
    "team": "NO",
    "number": "",
    "name": "Chris Tyree",
    "position": "WR",
    "height": "--",
    "weight": "5' 10\"",
    "age": "190 lbs",
    "college": "R",
    "playerId": "4430804",
    "profileUrl": "https://www.espn.com/nfl/player/_/id/4430804/chris-tyree",
    "headshot": "https://a.espncdn.com/combiner/i?img=/i/headshots/college-football/players/full/4430804.png",
    "birthdate": null,
    "birthplace": "BirthplaceChester, VA",
    "experience": "ExperienceRookie",
    "draftInfo": null
  },
  {
    "team": "NO",
    "number": "",
    "name": "Cedrick Wilson Jr.11",
    "position": "WR",
    "height": "30",
    "weight": "6' 2\"",
    "age": "197 lbs",
    "college": "7",
    "playerId": "4036335",
    "profileUrl": "https://www.espn.com/nfl/player/_/id/4036335/cedrick-wilson-jr",
    "headshot": "https://a.espncdn.com/combiner/i?img=/i/headshots/nfl/players/full/4036335.png",
    "birthdate": "Birthdate3/10/1995 (30)",
    "birthplace": null,
    "experience": null,
    "draftInfo": "Draft Info2018: Rd 6, Pk 208 (DAL)"
  },
  {
    "team": "NO",
    "number": "",
    "name": "Taysom Hill7",
    "position": "TE",
    "height": "34",
    "weight": "6' 2\"",
    "age": "221 lbs",
    "college": "8",
    "playerId": "2468609",
    "profileUrl": "https://www.espn.com/nfl/player/_/id/2468609/taysom-hill",
    "headshot": "https://a.espncdn.com/combiner/i?img=/i/headshots/nfl/players/full/2468609.png",
    "birthdate": "Birthdate8/23/1990 (34)",
    "birthplace": null,
    "experience": "Experience8th Season",
    "draftInfo": null
  },
  {
    "team": "NO",
    "number": "",
    "name": "Dallin Holker85",
    "position": "TE",
    "height": "25",
    "weight": "6' 3\"",
    "age": "241 lbs",
    "college": "R",
    "playerId": "4373634",
    "profileUrl": "https://www.espn.com/nfl/player/_/id/4373634/dallin-holker",
    "headshot": "https://a.espncdn.com/combiner/i?img=/i/headshots/nfl/players/full/4373634.png",
    "birthdate": "Birthdate4/7/2000 (25)",
    "birthplace": null,
    "experience": "ExperienceRookie",
    "draftInfo": null
  },
  {
    "team": "NO",
    "number": "",
    "name": "Michael Jacobson86",
    "position": "TE",
    "height": "28",
    "weight": "6' 7\"",
    "age": "244 lbs",
    "college": "1",
    "playerId": "3911895",
    "profileUrl": "https://www.espn.com/nfl/player/_/id/3911895/michael-jacobson",
    "headshot": "https://a.espncdn.com/combiner/i?img=/i/headshots/nfl/players/full/3911895.png",
    "birthdate": "Birthdate4/4/1997 (28)",
    "birthplace": null,
    "experience": "Experience1st Season",
    "draftInfo": null
  },
  {
    "team": "NO",
    "number": "",
    "name": "Juwan Johnson83",
    "position": "TE",
    "height": "28",
    "weight": "6' 4\"",
    "age": "231 lbs",
    "college": "5",
    "playerId": "3929645",
    "profileUrl": "https://www.espn.com/nfl/player/_/id/3929645/juwan-johnson",
    "headshot": "https://a.espncdn.com/combiner/i?img=/i/headshots/nfl/players/full/3929645.png",
    "birthdate": "Birthdate9/13/1996 (28)",
    "birthplace": null,
    "experience": "Experience5th Season",
    "draftInfo": null
  },
  {
    "team": "NO",
    "number": "",
    "name": "Moliki Matavao",
    "position": "TE",
    "height": "22",
    "weight": "6' 6\"",
    "age": "263 lbs",
    "college": "R",
    "playerId": "4432731",
    "profileUrl": "https://www.espn.com/nfl/player/_/id/4432731/moliki-matavao",
    "headshot": "https://a.espncdn.com/combiner/i?img=/i/headshots/nfl/players/full/4432731.png",
    "birthdate": "Birthdate3/17/2003 (22)",
    "birthplace": null,
    "experience": null,
    "draftInfo": "Draft Info2025: Rd 7, Pk 248 (NO)"
  },
  {
    "team": "NO",
    "number": "",
    "name": "Foster Moreau87",
    "position": "TE",
    "height": "28",
    "weight": "6' 4\"",
    "age": "250 lbs",
    "college": "6",
    "playerId": "3843945",
    "profileUrl": "https://www.espn.com/nfl/player/_/id/3843945/foster-moreau",
    "headshot": "https://a.espncdn.com/combiner/i?img=/i/headshots/nfl/players/full/3843945.png",
    "birthdate": "Birthdate5/6/1997 (28)",
    "birthplace": null,
    "experience": null,
    "draftInfo": "Draft Info2019: Rd 4, Pk 137 (OAK)"
  },
  {
    "team": "NO",
    "number": "",
    "name": "Jack Stoll",
    "position": "TE",
    "height": "27",
    "weight": "6' 4\"",
    "age": "247 lbs",
    "college": "4",
    "playerId": "4034862",
    "profileUrl": "https://www.espn.com/nfl/player/_/id/4034862/jack-stoll",
    "headshot": "https://a.espncdn.com/combiner/i?img=/i/headshots/nfl/players/full/4034862.png",
    "birthdate": "Birthdate1/28/1998 (27)",
    "birthplace": null,
    "experience": "Experience4th Season",
    "draftInfo": null
  },
  {
    "team": "NO",
    "number": "",
    "name": "Treyton Welch82",
    "position": "TE",
    "height": "24",
    "weight": "6' 4\"",
    "age": "240 lbs",
    "college": "R",
    "playerId": "4430684",
    "profileUrl": "https://www.espn.com/nfl/player/_/id/4430684/treyton-welch",
    "headshot": "https://a.espncdn.com/combiner/i?img=/i/headshots/nfl/players/full/4430684.png",
    "birthdate": "Birthdate1/10/2001 (24)",
    "birthplace": null,
    "experience": "ExperienceRookie",
    "draftInfo": null
  },
  {
    "team": "NO",
    "number": "",
    "name": "Will Clapp",
    "position": "C",
    "height": "28",
    "weight": "6' 5\"",
    "age": "311 lbs",
    "college": "7",
    "playerId": "3115387",
    "profileUrl": "https://www.espn.com/nfl/player/_/id/3115387/will-clapp",
    "headshot": "https://a.espncdn.com/combiner/i?img=/i/headshots/nfl/players/full/3115387.png",
    "birthdate": "Birthdate9/19/1996 (28)",
    "birthplace": null,
    "experience": null,
    "draftInfo": "Draft Info2018: Rd 7, Pk 245 (NO)"
  },
  {
    "team": "NO",
    "number": "",
    "name": "Erik McCoy78",
    "position": "C",
    "height": "27",
    "weight": "6' 4\"",
    "age": "303 lbs",
    "college": "6",
    "playerId": "3917331",
    "profileUrl": "https://www.espn.com/nfl/player/_/id/3917331/erik-mccoy",
    "headshot": "https://a.espncdn.com/combiner/i?img=/i/headshots/nfl/players/full/3917331.png",
    "birthdate": "Birthdate8/27/1997 (27)",
    "birthplace": null,
    "experience": null,
    "draftInfo": "Draft Info2019: Rd 2, Pk 48 (NO)"
  },
  {
    "team": "NO",
    "number": "",
    "name": "Cesar Ruiz51",
    "position": "C",
    "height": "25",
    "weight": "6' 4\"",
    "age": "316 lbs",
    "college": "5",
    "playerId": "4258199",
    "profileUrl": "https://www.espn.com/nfl/player/_/id/4258199/cesar-ruiz",
    "headshot": "https://a.espncdn.com/combiner/i?img=/i/headshots/nfl/players/full/4258199.png",
    "birthdate": "Birthdate6/14/1999 (25)",
    "birthplace": null,
    "experience": null,
    "draftInfo": "Draft Info2020: Rd 1, Pk 24 (NO)"
  },
  {
    "team": "NO",
    "number": "",
    "name": "Torricelli Simpkins III",
    "position": "C",
    "height": "--",
    "weight": "6' 5\"",
    "age": "319 lbs",
    "college": "R",
    "playerId": "4696902",
    "profileUrl": "https://www.espn.com/nfl/player/_/id/4696902/torricelli-simpkins-iii",
    "headshot": "https://a.espncdn.com/combiner/i?img=/i/headshots/college-football/players/full/4696902.png",
    "birthdate": null,
    "birthplace": "BirthplaceCharlotte, NC",
    "experience": "ExperienceRookie",
    "draftInfo": null
  },
  {
    "team": "NO",
    "number": "",
    "name": "Kyle Hergel60",
    "position": "G",
    "height": "25",
    "weight": "6' 2\"",
    "age": "315 lbs",
    "college": "R",
    "playerId": "4384683",
    "profileUrl": "https://www.espn.com/nfl/player/_/id/4384683/kyle-hergel",
    "headshot": "https://a.espncdn.com/combiner/i?img=/i/headshots/nfl/players/full/4384683.png",
    "birthdate": "Birthdate10/7/1999 (25)",
    "birthplace": null,
    "experience": "ExperienceRookie",
    "draftInfo": null
  },
  {
    "team": "NO",
    "number": "",
    "name": "Josh Ball79",
    "position": "OT",
    "height": "27",
    "weight": "6' 8\"",
    "age": "304 lbs",
    "college": "4",
    "playerId": "4035626",
    "profileUrl": "https://www.espn.com/nfl/player/_/id/4035626/josh-ball",
    "headshot": "https://a.espncdn.com/combiner/i?img=/i/headshots/nfl/players/full/4035626.png",
    "birthdate": "Birthdate5/15/1998 (27)",
    "birthplace": null,
    "experience": null,
    "draftInfo": "Draft Info2021: Rd 4, Pk 138 (DAL)"
  },
  {
    "team": "NO",
    "number": "",
    "name": "Kelvin Banks Jr.",
    "position": "OT",
    "height": "21",
    "weight": "6' 4\"",
    "age": "320 lbs",
    "college": "R",
    "playerId": "4685260",
    "profileUrl": "https://www.espn.com/nfl/player/_/id/4685260/kelvin-banks-jr",
    "headshot": "https://a.espncdn.com/combiner/i?img=/i/headshots/nfl/players/full/4685260.png",
    "birthdate": "Birthdate3/10/2004 (21)",
    "birthplace": null,
    "experience": null,
    "draftInfo": "Draft Info2025: Rd 1, Pk 9 (NO)"
  },
  {
    "team": "NO",
    "number": "",
    "name": "Josiah Ezirim72",
    "position": "OT",
    "height": "23",
    "weight": "6' 6\"",
    "age": "329 lbs",
    "college": "R",
    "playerId": "4570883",
    "profileUrl": "https://www.espn.com/nfl/player/_/id/4570883/josiah-ezirim",
    "headshot": "https://a.espncdn.com/combiner/i?img=/i/headshots/nfl/players/full/4570883.png",
    "birthdate": "Birthdate5/21/2001 (23)",
    "birthplace": null,
    "experience": null,
    "draftInfo": "Draft Info2024: Rd 7, Pk 239 (NO)"
  },
  {
    "team": "NO",
    "number": "",
    "name": "Taliese Fuaga75",
    "position": "OT",
    "height": "23",
    "weight": "6' 6\"",
    "age": "324 lbs",
    "college": "R",
    "playerId": "4606711",
    "profileUrl": "https://www.espn.com/nfl/player/_/id/4606711/taliese-fuaga",
    "headshot": "https://a.espncdn.com/combiner/i?img=/i/headshots/nfl/players/full/4606711.png",
    "birthdate": "Birthdate4/5/2002 (23)",
    "birthplace": null,
    "experience": null,
    "draftInfo": "Draft Info2024: Rd 1, Pk 14 (NO)"
  },
  {
    "team": "NO",
    "number": "",
    "name": "Easton Kilty",
    "position": "OT",
    "height": "--",
    "weight": "6' 6\"",
    "age": "307 lbs",
    "college": "R",
    "playerId": "4696488",
    "profileUrl": "https://www.espn.com/nfl/player/_/id/4696488/easton-kilty",
    "headshot": "https://a.espncdn.com/combiner/i?img=/i/headshots/college-football/players/full/4696488.png",
    "birthdate": null,
    "birthplace": "BirthplaceStratford, WI",
    "experience": "ExperienceRookie",
    "draftInfo": null
  },
  {
    "team": "NO",
    "number": "",
    "name": "Trevor Penning70",
    "position": "OT",
    "height": "26",
    "weight": "6' 7\"",
    "age": "325 lbs",
    "college": "3",
    "playerId": "4248627",
    "profileUrl": "https://www.espn.com/nfl/player/_/id/4248627/trevor-penning",
    "headshot": "https://a.espncdn.com/combiner/i?img=/i/headshots/nfl/players/full/4248627.png",
    "birthdate": "Birthdate5/15/1999 (26)",
    "birthplace": null,
    "experience": null,
    "draftInfo": "Draft Info2022: Rd 1, Pk 19 (NO)"
  },
  {
    "team": "NO",
    "number": "",
    "name": "Dillon Radunz75",
    "position": "OT",
    "height": "27",
    "weight": "6' 6\"",
    "age": "301 lbs",
    "college": "4",
    "playerId": "4040945",
    "profileUrl": "https://www.espn.com/nfl/player/_/id/4040945/dillon-radunz",
    "headshot": "https://a.espncdn.com/combiner/i?img=/i/headshots/nfl/players/full/4040945.png",
    "birthdate": "Birthdate3/28/1998 (27)",
    "birthplace": null,
    "experience": null,
    "draftInfo": "Draft Info2021: Rd 2, Pk 53 (TEN)"
  },
  {
    "team": "NO",
    "number": "",
    "name": "Nick Saldiveri64",
    "position": "OT",
    "height": "24",
    "weight": "6' 6\"",
    "age": "316 lbs",
    "college": "2",
    "playerId": "4361600",
    "profileUrl": "https://www.espn.com/nfl/player/_/id/4361600/nick-saldiveri",
    "headshot": "https://a.espncdn.com/combiner/i?img=/i/headshots/nfl/players/full/4361600.png",
    "birthdate": "Birthdate8/14/2000 (24)",
    "birthplace": null,
    "experience": null,
    "draftInfo": "Draft Info2023: Rd 4, Pk 103 (NO)"
  },
  {
    "team": "NO",
    "number": "",
    "name": "Landon Young67",
    "position": "OT",
    "height": "27",
    "weight": "6' 7\"",
    "age": "321 lbs",
    "college": "4",
    "playerId": "4035079",
    "profileUrl": "https://www.espn.com/nfl/player/_/id/4035079/landon-young",
    "headshot": "https://a.espncdn.com/combiner/i?img=/i/headshots/nfl/players/full/4035079.png",
    "birthdate": "Birthdate8/21/1997 (27)",
    "birthplace": null,
    "experience": null,
    "draftInfo": "Draft Info2021: Rd 6, Pk 206 (NO)"
  },
  {
    "team": "NO",
    "number": "",
    "name": "Fadil Diggs",
    "position": "DE",
    "height": "23",
    "weight": "6' 5\"",
    "age": "261 lbs",
    "college": "R",
    "playerId": "4429073",
    "profileUrl": "https://www.espn.com/nfl/player/_/id/4429073/fadil-diggs",
    "headshot": "https://a.espncdn.com/combiner/i?img=/i/headshots/nfl/players/full/4429073.png",
    "birthdate": "Birthdate10/15/2001 (23)",
    "birthplace": null,
    "experience": null,
    "draftInfo": "Draft Info2025: Rd 7, Pk 254 (NO)"
  },
  {
    "team": "NO",
    "number": "",
    "name": "Isaiah Foskey55",
    "position": "DE",
    "height": "24",
    "weight": "6' 5\"",
    "age": "270 lbs",
    "college": "2",
    "playerId": "4426457",
    "profileUrl": "https://www.espn.com/nfl/player/_/id/4426457/isaiah-foskey",
    "headshot": "https://a.espncdn.com/combiner/i?img=/i/headshots/nfl/players/full/4426457.png",
    "birthdate": "Birthdate10/30/2000 (24)",
    "birthplace": null,
    "experience": null,
    "draftInfo": "Draft Info2023: Rd 2, Pk 40 (NO)"
  },
  {
    "team": "NO",
    "number": "",
    "name": "Carl Granderson96",
    "position": "DE",
    "height": "28",
    "weight": "6' 5\"",
    "age": "261 lbs",
    "college": "6",
    "playerId": "3918310",
    "profileUrl": "https://www.espn.com/nfl/player/_/id/3918310/carl-granderson",
    "headshot": "https://a.espncdn.com/combiner/i?img=/i/headshots/nfl/players/full/3918310.png",
    "birthdate": "Birthdate12/18/1996 (28)",
    "birthplace": null,
    "experience": "Experience6th Season",
    "draftInfo": null
  },
  {
    "team": "NO",
    "number": "",
    "name": "Cameron Jordan94",
    "position": "DE",
    "height": "35",
    "weight": "6' 4\"",
    "age": "287 lbs",
    "college": "14",
    "playerId": "13971",
    "profileUrl": "https://www.espn.com/nfl/player/_/id/13971/cameron-jordan",
    "headshot": "https://a.espncdn.com/combiner/i?img=/i/headshots/nfl/players/full/13971.png",
    "birthdate": "Birthdate7/10/1989 (35)",
    "birthplace": null,
    "experience": null,
    "draftInfo": "Draft Info2011: Rd 1, Pk 24 (NO)"
  },
  {
    "team": "NO",
    "number": "",
    "name": "Jonah Williams",
    "position": "DE",
    "height": "29",
    "weight": "6' 5\"",
    "age": "275 lbs",
    "college": "4",
    "playerId": "4032481",
    "profileUrl": "https://www.espn.com/nfl/player/_/id/4032481/jonah-williams",
    "headshot": "https://a.espncdn.com/combiner/i?img=/i/headshots/nfl/players/full/4032481.png",
    "birthdate": "Birthdate8/17/1995 (29)",
    "birthplace": null,
    "experience": "Experience4th Season",
    "draftInfo": null
  },
  {
    "team": "NO",
    "number": "",
    "name": "Chase Young99",
    "position": "DE",
    "height": "26",
    "weight": "6' 5\"",
    "age": "265 lbs",
    "college": "5",
    "playerId": "4241986",
    "profileUrl": "https://www.espn.com/nfl/player/_/id/4241986/chase-young",
    "headshot": "https://a.espncdn.com/combiner/i?img=/i/headshots/nfl/players/full/4241986.png",
    "birthdate": "Birthdate4/14/1999 (26)",
    "birthplace": null,
    "experience": null,
    "draftInfo": "Draft Info2020: Rd 1, Pk 2 (WSH)"
  },
  {
    "team": "NO",
    "number": "",
    "name": "Khristian Boyd97",
    "position": "DT",
    "height": "25",
    "weight": "6' 2\"",
    "age": "320 lbs",
    "college": "R",
    "playerId": "4384595",
    "profileUrl": "https://www.espn.com/nfl/player/_/id/4384595/khristian-boyd",
    "headshot": "https://a.espncdn.com/combiner/i?img=/i/headshots/nfl/players/full/4384595.png",
    "birthdate": "Birthdate2/23/2000 (25)",
    "birthplace": null,
    "experience": null,
    "draftInfo": "Draft Info2024: Rd 6, Pk 199 (NO)"
  },
  {
    "team": "NO",
    "number": "",
    "name": "Bryan Bresee90",
    "position": "DT",
    "height": "23",
    "weight": "6' 5\"",
    "age": "305 lbs",
    "college": "2",
    "playerId": "4428988",
    "profileUrl": "https://www.espn.com/nfl/player/_/id/4428988/bryan-bresee",
    "headshot": "https://a.espncdn.com/combiner/i?img=/i/headshots/nfl/players/full/4428988.png",
    "birthdate": "Birthdate10/6/2001 (23)",
    "birthplace": null,
    "experience": null,
    "draftInfo": "Draft Info2023: Rd 1, Pk 29 (NO)"
  },
  {
    "team": "NO",
    "number": "",
    "name": "Vernon Broughton",
    "position": "DT",
    "height": "23",
    "weight": "6' 4\"",
    "age": "305 lbs",
    "college": "R",
    "playerId": "4429040",
    "profileUrl": "https://www.espn.com/nfl/player/_/id/4429040/vernon-broughton",
    "headshot": "https://a.espncdn.com/combiner/i?img=/i/headshots/nfl/players/full/4429040.png",
    "birthdate": "Birthdate7/15/2001 (23)",
    "birthplace": null,
    "experience": null,
    "draftInfo": "Draft Info2025: Rd 3, Pk 71 (NO)"
  },
  {
    "team": "NO",
    "number": "",
    "name": "Davon Godchaux92",
    "position": "DT",
    "height": "30",
    "weight": "6' 3\"",
    "age": "330 lbs",
    "college": "8",
    "playerId": "3115383",
    "profileUrl": "https://www.espn.com/nfl/player/_/id/3115383/davon-godchaux",
    "headshot": "https://a.espncdn.com/combiner/i?img=/i/headshots/nfl/players/full/3115383.png",
    "birthdate": "Birthdate11/11/1994 (30)",
    "birthplace": null,
    "experience": null,
    "draftInfo": "Draft Info2017: Rd 5, Pk 178 (MIA)"
  },
  {
    "team": "NO",
    "number": "",
    "name": "John Ridgeway III95",
    "position": "DT",
    "height": "26",
    "weight": "6' 5\"",
    "age": "321 lbs",
    "college": "3",
    "playerId": "4248047",
    "profileUrl": "https://www.espn.com/nfl/player/_/id/4248047/john-ridgeway-iii",
    "headshot": "https://a.espncdn.com/combiner/i?img=/i/headshots/nfl/players/full/4248047.png",
    "birthdate": "Birthdate5/7/1999 (26)",
    "birthplace": null,
    "experience": null,
    "draftInfo": "Draft Info2022: Rd 5, Pk 178 (DAL)"
  },
  {
    "team": "NO",
    "number": "",
    "name": "Khalen Saunders50",
    "position": "DT",
    "height": "28",
    "weight": "6' 0\"",
    "age": "324 lbs",
    "college": "6",
    "playerId": "3121634",
    "profileUrl": "https://www.espn.com/nfl/player/_/id/3121634/khalen-saunders",
    "headshot": "https://a.espncdn.com/combiner/i?img=/i/headshots/nfl/players/full/3121634.png",
    "birthdate": "Birthdate8/9/1996 (28)",
    "birthplace": null,
    "experience": null,
    "draftInfo": "Draft Info2019: Rd 3, Pk 84 (KC)"
  },
  {
    "team": "NO",
    "number": "",
    "name": "Nathan Shepherd93",
    "position": "DT",
    "height": "31",
    "weight": "6' 4\"",
    "age": "315 lbs",
    "college": "7",
    "playerId": "4076951",
    "profileUrl": "https://www.espn.com/nfl/player/_/id/4076951/nathan-shepherd",
    "headshot": "https://a.espncdn.com/combiner/i?img=/i/headshots/nfl/players/full/4076951.png",
    "birthdate": "Birthdate10/9/1993 (31)",
    "birthplace": null,
    "experience": null,
    "draftInfo": "Draft Info2018: Rd 3, Pk 72 (NYJ)"
  },
  {
    "team": "NO",
    "number": "",
    "name": "Omari Thomas",
    "position": "DT",
    "height": "--",
    "weight": "6' 4\"",
    "age": "325 lbs",
    "college": "R",
    "playerId": "4429057",
    "profileUrl": "https://www.espn.com/nfl/player/_/id/4429057/omari-thomas",
    "headshot": "https://a.espncdn.com/combiner/i?img=/i/headshots/college-football/players/full/4429057.png",
    "birthdate": null,
    "birthplace": "BirthplaceMemphis, TN",
    "experience": "ExperienceRookie",
    "draftInfo": null
  },
  {
    "team": "NO",
    "number": "",
    "name": "Demario Davis56",
    "position": "LB",
    "height": "36",
    "weight": "6' 2\"",
    "age": "248 lbs",
    "college": "13",
    "playerId": "14958",
    "profileUrl": "https://www.espn.com/nfl/player/_/id/14958/demario-davis",
    "headshot": "https://a.espncdn.com/combiner/i?img=/i/headshots/nfl/players/full/14958.png",
    "birthdate": "Birthdate1/11/1989 (36)",
    "birthplace": null,
    "experience": null,
    "draftInfo": "Draft Info2012: Rd 3, Pk 77 (NYJ)"
  },
  {
    "team": "NO",
    "number": "",
    "name": "Jaylan Ford53",
    "position": "LB",
    "height": "23",
    "weight": "6' 2\"",
    "age": "240 lbs",
    "college": "R",
    "playerId": "4566088",
    "profileUrl": "https://www.espn.com/nfl/player/_/id/4566088/jaylan-ford",
    "headshot": "https://a.espncdn.com/combiner/i?img=/i/headshots/nfl/players/full/4566088.png",
    "birthdate": "Birthdate12/28/2001 (23)",
    "birthplace": null,
    "experience": null,
    "draftInfo": "Draft Info2024: Rd 5, Pk 175 (NO)"
  },
  {
    "team": "NO",
    "number": "",
    "name": "D'Marco Jackson52",
    "position": "LB",
    "height": "26",
    "weight": "6' 1\"",
    "age": "233 lbs",
    "college": "3",
    "playerId": "4241007",
    "profileUrl": "https://www.espn.com/nfl/player/_/id/4241007/dmarco-jackson",
    "headshot": "https://a.espncdn.com/combiner/i?img=/i/headshots/nfl/players/full/4241007.png",
    "birthdate": "Birthdate7/20/1998 (26)",
    "birthplace": null,
    "experience": null,
    "draftInfo": "Draft Info2022: Rd 5, Pk 161 (NO)"
  },
  {
    "team": "NO",
    "number": "",
    "name": "Tyreem Powell",
    "position": "LB",
    "height": "--",
    "weight": "6' 5\"",
    "age": "252 lbs",
    "college": "R",
    "playerId": "4431333",
    "profileUrl": "https://www.espn.com/nfl/player/_/id/4431333/tyreem-powell",
    "headshot": "https://a.espncdn.com/combiner/i?img=/i/headshots/college-football/players/full/4431333.png",
    "birthdate": null,
    "birthplace": "BirthplaceVineland, NJ",
    "experience": "ExperienceRookie",
    "draftInfo": null
  },
  {
    "team": "NO",
    "number": "",
    "name": "Chris Rumph II",
    "position": "LB",
    "height": "26",
    "weight": "6' 2\"",
    "age": "244 lbs",
    "college": "4",
    "playerId": "4240475",
    "profileUrl": "https://www.espn.com/nfl/player/_/id/4240475/chris-rumph-ii",
    "headshot": "https://a.espncdn.com/combiner/i?img=/i/headshots/nfl/players/full/4240475.png",
    "birthdate": "Birthdate10/19/1998 (26)",
    "birthplace": null,
    "experience": null,
    "draftInfo": "Draft Info2021: Rd 4, Pk 118 (LAC)"
  },
  {
    "team": "NO",
    "number": "",
    "name": "Nephi Sewell45",
    "position": "LB",
    "height": "26",
    "weight": "6' 0\"",
    "age": "228 lbs",
    "college": "2",
    "playerId": "4241611",
    "profileUrl": "https://www.espn.com/nfl/player/_/id/4241611/nephi-sewell",
    "headshot": "https://a.espncdn.com/combiner/i?img=/i/headshots/nfl/players/full/4241611.png",
    "birthdate": "Birthdate12/19/1998 (26)",
    "birthplace": null,
    "experience": "Experience2nd Season",
    "draftInfo": null
  },
  {
    "team": "NO",
    "number": "",
    "name": "Isaiah Stalbird44",
    "position": "LB",
    "height": "24",
    "weight": "6' 1\"",
    "age": "215 lbs",
    "college": "R",
    "playerId": "4361194",
    "profileUrl": "https://www.espn.com/nfl/player/_/id/4361194/isaiah-stalbird",
    "headshot": "https://a.espncdn.com/combiner/i?img=/i/headshots/nfl/players/full/4361194.png",
    "birthdate": "Birthdate7/18/2000 (24)",
    "birthplace": null,
    "experience": "ExperienceRookie",
    "draftInfo": null
  },
  {
    "team": "NO",
    "number": "",
    "name": "Danny Stutsman",
    "position": "LB",
    "height": "22",
    "weight": "6' 4\"",
    "age": "241 lbs",
    "college": "R",
    "playerId": "4683215",
    "profileUrl": "https://www.espn.com/nfl/player/_/id/4683215/danny-stutsman",
    "headshot": "https://a.espncdn.com/combiner/i?img=/i/headshots/nfl/players/full/4683215.png",
    "birthdate": "Birthdate3/10/2003 (22)",
    "birthplace": null,
    "experience": null,
    "draftInfo": "Draft Info2025: Rd 4, Pk 112 (NO)"
  },
  {
    "team": "NO",
    "number": "",
    "name": "Pete Werner20",
    "position": "LB",
    "height": "25",
    "weight": "6' 3\"",
    "age": "242 lbs",
    "college": "4",
    "playerId": "4241993",
    "profileUrl": "https://www.espn.com/nfl/player/_/id/4241993/pete-werner",
    "headshot": "https://a.espncdn.com/combiner/i?img=/i/headshots/nfl/players/full/4241993.png",
    "birthdate": "Birthdate6/5/1999 (25)",
    "birthplace": null,
    "experience": null,
    "draftInfo": "Draft Info2021: Rd 2, Pk 60 (NO)"
  },
  {
    "team": "NO",
    "number": "",
    "name": "Dalys Beanum",
    "position": "CB",
    "height": "--",
    "weight": "6' 1\"",
    "age": "200 lbs",
    "college": "R",
    "playerId": "4695407",
    "profileUrl": "https://www.espn.com/nfl/player/_/id/4695407/dalys-beanum",
    "headshot": "https://a.espncdn.com/combiner/i?img=/i/headshots/college-football/players/full/4695407.png",
    "birthdate": null,
    "birthplace": "BirthplaceOmaha, NE",
    "experience": "ExperienceRookie",
    "draftInfo": null
  },
  {
    "team": "NO",
    "number": "",
    "name": "Travion Fluellen26",
    "position": "CB",
    "height": "24",
    "weight": "6' 2\"",
    "age": "210 lbs",
    "college": "R",
    "playerId": "4573428",
    "profileUrl": "https://www.espn.com/nfl/player/_/id/4573428/travion-fluellen",
    "headshot": "https://a.espncdn.com/combiner/i?img=/i/headshots/college-football/players/full/4573428.png",
    "birthdate": "Birthdate3/22/2001 (24)",
    "birthplace": null,
    "experience": "ExperienceRookie",
    "draftInfo": null
  },
  {
    "team": "NO",
    "number": "",
    "name": "Kool-Aid McKinstry14",
    "position": "CB",
    "height": "22",
    "weight": "5' 11\"",
    "age": "199 lbs",
    "college": "R",
    "playerId": "4433975",
    "profileUrl": "https://www.espn.com/nfl/player/_/id/4433975/kool-aid-mckinstry",
    "headshot": "https://a.espncdn.com/combiner/i?img=/i/headshots/nfl/players/full/4433975.png",
    "birthdate": "Birthdate9/30/2002 (22)",
    "birthplace": null,
    "experience": null,
    "draftInfo": "Draft Info2024: Rd 2, Pk 41 (NO)"
  },
  {
    "team": "NO",
    "number": "",
    "name": "Rico Payton36",
    "position": "CB",
    "height": "25",
    "weight": "6' 0\"",
    "age": "182 lbs",
    "college": "R",
    "playerId": "4368350",
    "profileUrl": "https://www.espn.com/nfl/player/_/id/4368350/rico-payton",
    "headshot": "https://a.espncdn.com/combiner/i?img=/i/headshots/nfl/players/full/4368350.png",
    "birthdate": "Birthdate11/28/1999 (25)",
    "birthplace": null,
    "experience": "ExperienceRookie",
    "draftInfo": null
  },
  {
    "team": "NO",
    "number": "",
    "name": "Quincy Riley",
    "position": "CB",
    "height": "23",
    "weight": "6' 0\"",
    "age": "195 lbs",
    "college": "R",
    "playerId": "4428350",
    "profileUrl": "https://www.espn.com/nfl/player/_/id/4428350/quincy-riley",
    "headshot": "https://a.espncdn.com/combiner/i?img=/i/headshots/nfl/players/full/4428350.png",
    "birthdate": "Birthdate5/26/2001 (23)",
    "birthplace": null,
    "experience": null,
    "draftInfo": "Draft Info2025: Rd 4, Pk 131 (NO)"
  },
  {
    "team": "NO",
    "number": "",
    "name": "Alontae Taylor1",
    "position": "CB",
    "height": "26",
    "weight": "6' 1\"",
    "age": "199 lbs",
    "college": "3",
    "playerId": "4369835",
    "profileUrl": "https://www.espn.com/nfl/player/_/id/4369835/alontae-taylor",
    "headshot": "https://a.espncdn.com/combiner/i?img=/i/headshots/nfl/players/full/4369835.png",
    "birthdate": "Birthdate12/3/1998 (26)",
    "birthplace": null,
    "experience": null,
    "draftInfo": "Draft Info2022: Rd 2, Pk 49 (NO)"
  },
  {
    "team": "NO",
    "number": "",
    "name": "Rejzohn Wright28",
    "position": "CB",
    "height": "24",
    "weight": "6' 2\"",
    "age": "193 lbs",
    "college": "1",
    "playerId": "4696043",
    "profileUrl": "https://www.espn.com/nfl/player/_/id/4696043/rejzohn-wright",
    "headshot": "https://a.espncdn.com/combiner/i?img=/i/headshots/nfl/players/full/4696043.png",
    "birthdate": "Birthdate9/4/2000 (24)",
    "birthplace": null,
    "experience": "Experience1st Season",
    "draftInfo": null
  },
  {
    "team": "NO",
    "number": "",
    "name": "Isaac Yiadom",
    "position": "CB",
    "height": "29",
    "weight": "6' 1\"",
    "age": "188 lbs",
    "college": "7",
    "playerId": "3122797",
    "profileUrl": "https://www.espn.com/nfl/player/_/id/3122797/isaac-yiadom",
    "headshot": "https://a.espncdn.com/combiner/i?img=/i/headshots/nfl/players/full/3122797.png",
    "birthdate": "Birthdate2/20/1996 (29)",
    "birthplace": null,
    "experience": null,
    "draftInfo": "Draft Info2018: Rd 3, Pk 99 (DEN)"
  },
  {
    "team": "NO",
    "number": "",
    "name": "Ugo Amadi0",
    "position": "S",
    "height": "28",
    "weight": "5' 9\"",
    "age": "201 lbs",
    "college": "6",
    "playerId": "3886834",
    "profileUrl": "https://www.espn.com/nfl/player/_/id/3886834/ugo-amadi",
    "headshot": "https://a.espncdn.com/combiner/i?img=/i/headshots/nfl/players/full/3886834.png",
    "birthdate": "Birthdate5/16/1997 (28)",
    "birthplace": null,
    "experience": null,
    "draftInfo": "Draft Info2019: Rd 4, Pk 132 (SEA)"
  },
  {
    "team": "NO",
    "number": "",
    "name": "Terrell Burgess",
    "position": "S",
    "height": "26",
    "weight": "5' 11\"",
    "age": "202 lbs",
    "college": "5",
    "playerId": "4035663",
    "profileUrl": "https://www.espn.com/nfl/player/_/id/4035663/terrell-burgess",
    "headshot": "https://a.espncdn.com/combiner/i?img=/i/headshots/nfl/players/full/4035663.png",
    "birthdate": "Birthdate11/12/1998 (26)",
    "birthplace": null,
    "experience": null,
    "draftInfo": "Draft Info2020: Rd 3, Pk 104 (LAR)"
  },
  {
    "team": "NO",
    "number": "",
    "name": "Elliott Davison",
    "position": "S",
    "height": "--",
    "weight": "6' 0\"",
    "age": "190 lbs",
    "college": "R",
    "playerId": "4688366",
    "profileUrl": "https://www.espn.com/nfl/player/_/id/4688366/elliott-davison",
    "headshot": "https://a.espncdn.com/combiner/i?img=/i/headshots/college-football/players/full/4688366.png",
    "birthdate": null,
    "birthplace": "BirthplaceTyler, TX",
    "experience": "ExperienceRookie",
    "draftInfo": null
  },
  {
    "team": "NO",
    "number": "",
    "name": "J.T. Gray48",
    "position": "S",
    "height": "29",
    "weight": "6' 0\"",
    "age": "202 lbs",
    "college": "7",
    "playerId": "3115481",
    "profileUrl": "https://www.espn.com/nfl/player/_/id/3115481/jt-gray",
    "headshot": "https://a.espncdn.com/combiner/i?img=/i/headshots/nfl/players/full/3115481.png",
    "birthdate": "Birthdate1/18/1996 (29)",
    "birthplace": null,
    "experience": "Experience7th Season",
    "draftInfo": null
  },
  {
    "team": "NO",
    "number": "",
    "name": "Jordan Howden31",
    "position": "S",
    "height": "25",
    "weight": "6' 0\"",
    "age": "209 lbs",
    "college": "2",
    "playerId": "4360949",
    "profileUrl": "https://www.espn.com/nfl/player/_/id/4360949/jordan-howden",
    "headshot": "https://a.espncdn.com/combiner/i?img=/i/headshots/nfl/players/full/4360949.png",
    "birthdate": "Birthdate5/14/2000 (25)",
    "birthplace": null,
    "experience": null,
    "draftInfo": "Draft Info2023: Rd 5, Pk 146 (NO)"
  },
  {
    "team": "NO",
    "number": "",
    "name": "Tyrann Mathieu32",
    "position": "S",
    "height": "33",
    "weight": "5' 9\"",
    "age": "190 lbs",
    "college": "12",
    "playerId": "15851",
    "profileUrl": "https://www.espn.com/nfl/player/_/id/15851/tyrann-mathieu",
    "headshot": "https://a.espncdn.com/combiner/i?img=/i/headshots/nfl/players/full/15851.png",
    "birthdate": "Birthdate5/13/1992 (33)",
    "birthplace": null,
    "experience": null,
    "draftInfo": "Draft Info2013: Rd 3, Pk 69 (ARI)"
  },
  {
    "team": "NO",
    "number": "",
    "name": "Justin Reid",
    "position": "S",
    "height": "28",
    "weight": "6' 1\"",
    "age": "207 lbs",
    "college": "7",
    "playerId": "3931399",
    "profileUrl": "https://www.espn.com/nfl/player/_/id/3931399/justin-reid",
    "headshot": "https://a.espncdn.com/combiner/i?img=/i/headshots/nfl/players/full/3931399.png",
    "birthdate": "Birthdate2/15/1997 (28)",
    "birthplace": null,
    "experience": null,
    "draftInfo": "Draft Info2018: Rd 3, Pk 68 (HOU)"
  },
  {
    "team": "NO",
    "number": "",
    "name": "Jonas Sanker",
    "position": "S",
    "height": "22",
    "weight": "6' 1\"",
    "age": "210 lbs",
    "college": "R",
    "playerId": "4683813",
    "profileUrl": "https://www.espn.com/nfl/player/_/id/4683813/jonas-sanker",
    "headshot": "https://a.espncdn.com/combiner/i?img=/i/headshots/nfl/players/full/4683813.png",
    "birthdate": "Birthdate11/23/2002 (22)",
    "birthplace": null,
    "experience": null,
    "draftInfo": "Draft Info2025: Rd 3, Pk 93 (NO)"
  },
  {
    "team": "NO",
    "number": "",
    "name": "Blake Grupe19",
    "position": "PK",
    "height": "26",
    "weight": "5' 7\"",
    "age": "156 lbs",
    "college": "2",
    "playerId": "4259619",
    "profileUrl": "https://www.espn.com/nfl/player/_/id/4259619/blake-grupe",
    "headshot": "https://a.espncdn.com/combiner/i?img=/i/headshots/nfl/players/full/4259619.png",
    "birthdate": "Birthdate11/5/1998 (26)",
    "birthplace": null,
    "experience": "Experience2nd Season",
    "draftInfo": null
  },
  {
    "team": "NO",
    "number": "",
    "name": "Charlie Smyth39",
    "position": "PK",
    "height": "23",
    "weight": "6' 4\"",
    "age": "210 lbs",
    "college": "R",
    "playerId": "5208518",
    "profileUrl": "https://www.espn.com/nfl/player/_/id/5208518/charlie-smyth",
    "headshot": "https://a.espncdn.com/combiner/i?img=/i/headshots/nfl/players/full/5208518.png",
    "birthdate": "Birthdate6/26/2001 (23)",
    "birthplace": "BirthplaceNewry, Ireland",
    "experience": "ExperienceRookie",
    "draftInfo": null
  },
  {
    "team": "NO",
    "number": "",
    "name": "James Burnip",
    "position": "P",
    "height": "--",
    "weight": "6' 6\"",
    "age": "236 lbs",
    "college": "R",
    "playerId": "4880048",
    "profileUrl": "https://www.espn.com/nfl/player/_/id/4880048/james-burnip",
    "headshot": "https://a.espncdn.com/combiner/i?img=/i/headshots/college-football/players/full/4880048.png",
    "birthdate": null,
    "birthplace": "BirthplaceMount Macedon, VIC",
    "experience": "ExperienceRookie",
    "draftInfo": null
  },
  {
    "team": "NO",
    "number": "",
    "name": "Matthew Hayball43",
    "position": "P",
    "height": "28",
    "weight": "6' 0\"",
    "age": "189 lbs",
    "college": "R",
    "playerId": "4571597",
    "profileUrl": "https://www.espn.com/nfl/player/_/id/4571597/matthew-hayball",
    "headshot": "https://a.espncdn.com/combiner/i?img=/i/headshots/nfl/players/full/4571597.png",
    "birthdate": "Birthdate3/12/1997 (28)",
    "birthplace": null,
    "experience": "ExperienceRookie",
    "draftInfo": null
  },
  {
    "team": "NO",
    "number": "",
    "name": "Zach Wood49",
    "position": "LS",
    "height": "32",
    "weight": "6' 3\"",
    "age": "255 lbs",
    "college": "8",
    "playerId": "2575788",
    "profileUrl": "https://www.espn.com/nfl/player/_/id/2575788/zach-wood",
    "headshot": "https://a.espncdn.com/combiner/i?img=/i/headshots/nfl/players/full/2575788.png",
    "birthdate": "Birthdate1/10/1993 (32)",
    "birthplace": null,
    "experience": "Experience8th Season",
    "draftInfo": null
  }
]