[
  {
    "team": "NYG",
    "number": "",
    "name": "Jaxson Dart",
    "position": "QB",
    "height": "22",
    "weight": "6' 2\"",
    "age": "225 lbs",
    "college": "R",
    "playerId": "4689114",
    "profileUrl": "https://www.espn.com/nfl/player/_/id/4689114/jaxson-dart",
    "headshot": "https://a.espncdn.com/combiner/i?img=/i/headshots/nfl/players/full/4689114.png",
    "birthdate": "Birthdate5/13/2003 (22)",
    "birthplace": null,
    "experience": null,
    "draftInfo": "Draft Info2025: Rd 1, Pk 25 (NYG)"
  },
  {
    "team": "NYG",
    "number": "",
    "name": "Tommy DeVito15",
    "position": "QB",
    "height": "26",
    "weight": "6' 2\"",
    "age": "210 lbs",
    "college": "2",
    "playerId": "4240391",
    "profileUrl": "https://www.espn.com/nfl/player/_/id/4240391/tommy-devito",
    "headshot": "https://a.espncdn.com/combiner/i?img=/i/headshots/nfl/players/full/4240391.png",
    "birthdate": "Birthdate8/7/1998 (26)",
    "birthplace": null,
    "experience": "Experience2nd Season",
    "draftInfo": null
  },
  {
    "team": "NYG",
    "number": "",
    "name": "Russell Wilson3",
    "position": "QB",
    "height": "36",
    "weight": "5' 11\"",
    "age": "206 lbs",
    "college": "14",
    "playerId": "14881",
    "profileUrl": "https://www.espn.com/nfl/player/_/id/14881/russell-wilson",
    "headshot": "https://a.espncdn.com/combiner/i?img=/i/headshots/nfl/players/full/14881.png",
    "birthdate": "Birthdate11/29/1988 (36)",
    "birthplace": null,
    "experience": null,
    "draftInfo": "Draft Info2012: Rd 3, Pk 75 (SEA)"
  },
  {
    "team": "NYG",
    "number": "",
    "name": "Jameis Winston",
    "position": "QB",
    "height": "31",
    "weight": "6' 4\"",
    "age": "230 lbs",
    "college": "10",
    "playerId": "2969939",
    "profileUrl": "https://www.espn.com/nfl/player/_/id/2969939/jameis-winston",
    "headshot": "https://a.espncdn.com/combiner/i?img=/i/headshots/nfl/players/full/2969939.png",
    "birthdate": "Birthdate1/6/1994 (31)",
    "birthplace": null,
    "experience": null,
    "draftInfo": "Draft Info2015: Rd 1, Pk 1 (TB)"
  },
  {
    "team": "NYG",
    "number": "",
    "name": "Rushawn Baker",
    "position": "RB",
    "height": "--",
    "weight": "6' 0\"",
    "age": "225 lbs",
    "college": "R",
    "playerId": "4876613",
    "profileUrl": "https://www.espn.com/nfl/player/_/id/4876613/rushawn-baker",
    "headshot": "https://a.espncdn.com/combiner/i?img=/i/headshots/college-football/players/full/4876613.png",
    "birthdate": null,
    "birthplace": "BirthplaceVictor, NY",
    "experience": "ExperienceRookie",
    "draftInfo": null
  },
  {
    "team": "NYG",
    "number": "",
    "name": "Eric Gray20",
    "position": "RB",
    "height": "25",
    "weight": "5' 10\"",
    "age": "211 lbs",
    "college": "2",
    "playerId": "4570561",
    "profileUrl": "https://www.espn.com/nfl/player/_/id/4570561/eric-gray",
    "headshot": "https://a.espncdn.com/combiner/i?img=/i/headshots/nfl/players/full/4570561.png",
    "birthdate": "Birthdate11/4/1999 (25)",
    "birthplace": null,
    "experience": null,
    "draftInfo": "Draft Info2023: Rd 5, Pk 172 (NYG)"
  },
  {
    "team": "NYG",
    "number": "",
    "name": "Dante Miller25",
    "position": "RB",
    "height": "26",
    "weight": "5' 9\"",
    "age": "200 lbs",
    "college": "R",
    "playerId": "4367510",
    "profileUrl": "https://www.espn.com/nfl/player/_/id/4367510/dante-miller",
    "headshot": "https://a.espncdn.com/combiner/i?img=/i/headshots/nfl/players/full/4367510.png",
    "birthdate": "Birthdate5/14/1999 (26)",
    "birthplace": null,
    "experience": "ExperienceRookie",
    "draftInfo": null
  },
  {
    "team": "NYG",
    "number": "",
    "name": "Devin Singletary26",
    "position": "RB",
    "height": "27",
    "weight": "5' 7\"",
    "age": "203 lbs",
    "college": "6",
    "playerId": "4040761",
    "profileUrl": "https://www.espn.com/nfl/player/_/id/4040761/devin-singletary",
    "headshot": "https://a.espncdn.com/combiner/i?img=/i/headshots/nfl/players/full/4040761.png",
    "birthdate": "Birthdate9/3/1997 (27)",
    "birthplace": null,
    "experience": null,
    "draftInfo": "Draft Info2019: Rd 3, Pk 74 (BUF)"
  },
  {
    "team": "NYG",
    "number": "",
    "name": "Cam Skattebo",
    "position": "RB",
    "height": "23",
    "weight": "5' 11\"",
    "age": "215 lbs",
    "college": "R",
    "playerId": "4696981",
    "profileUrl": "https://www.espn.com/nfl/player/_/id/4696981/cam-skattebo",
    "headshot": "https://a.espncdn.com/combiner/i?img=/i/headshots/nfl/players/full/4696981.png",
    "birthdate": "Birthdate2/5/2002 (23)",
    "birthplace": null,
    "experience": null,
    "draftInfo": "Draft Info2025: Rd 4, Pk 105 (NYG)"
  },
  {
    "team": "NYG",
    "number": "",
    "name": "Tyrone Tracy Jr.29",
    "position": "RB",
    "height": "25",
    "weight": "5' 11\"",
    "age": "210 lbs",
    "college": "R",
    "playerId": "4360516",
    "profileUrl": "https://www.espn.com/nfl/player/_/id/4360516/tyrone-tracy-jr",
    "headshot": "https://a.espncdn.com/combiner/i?img=/i/headshots/nfl/players/full/4360516.png",
    "birthdate": "Birthdate11/23/1999 (25)",
    "birthplace": null,
    "experience": null,
    "draftInfo": "Draft Info2024: Rd 5, Pk 166 (NYG)"
  },
  {
    "team": "NYG",
    "number": "",
    "name": "Jordan Bly",
    "position": "WR",
    "height": "--",
    "weight": "--",
    "age": "170 lbs",
    "college": "R",
    "playerId": "4687373",
    "profileUrl": "https://www.espn.com/nfl/player/_/id/4687373/jordan-bly",
    "headshot": "https://a.espncdn.com/combiner/i?img=/i/headshots/college-football/players/full/4687373.png",
    "birthdate": null,
    "birthplace": "BirthplaceCharlotte, NC",
    "experience": "ExperienceRookie",
    "draftInfo": null
  },
  {
    "team": "NYG",
    "number": "",
    "name": "Dalen Cambre",
    "position": "WR",
    "height": "24",
    "weight": "6' 0\"",
    "age": "192 lbs",
    "college": "R",
    "playerId": "4570296",
    "profileUrl": "https://www.espn.com/nfl/player/_/id/4570296/dalen-cambre",
    "headshot": "https://a.espncdn.com/combiner/i?img=/i/headshots/college-football/players/full/4570296.png",
    "birthdate": "Birthdate4/10/2001 (24)",
    "birthplace": null,
    "experience": "ExperienceRookie",
    "draftInfo": null
  },
  {
    "team": "NYG",
    "number": "",
    "name": "Beaux Collins",
    "position": "WR",
    "height": "--",
    "weight": "6' 3\"",
    "age": "202 lbs",
    "college": "R",
    "playerId": "4431210",
    "profileUrl": "https://www.espn.com/nfl/player/_/id/4431210/beaux-collins",
    "headshot": "https://a.espncdn.com/combiner/i?img=/i/headshots/college-football/players/full/4431210.png",
    "birthdate": null,
    "birthplace": "BirthplaceLos Angeles, CA",
    "experience": "ExperienceRookie",
    "draftInfo": null
  },
  {
    "team": "NYG",
    "number": "",
    "name": "Da'Quan Felton",
    "position": "WR",
    "height": "--",
    "weight": "6' 5\"",
    "age": "216 lbs",
    "college": "R",
    "playerId": "4575348",
    "profileUrl": "https://www.espn.com/nfl/player/_/id/4575348/daquan-felton",
    "headshot": "https://a.espncdn.com/combiner/i?img=/i/headshots/college-football/players/full/4575348.png",
    "birthdate": null,
    "birthplace": "BirthplacePortsmouth, VA",
    "experience": "ExperienceRookie",
    "draftInfo": null
  },
  {
    "team": "NYG",
    "number": "",
    "name": "Bryce Ford-Wheaton88",
    "position": "WR",
    "height": "25",
    "weight": "6' 3\"",
    "age": "220 lbs",
    "college": "2",
    "playerId": "4362227",
    "profileUrl": "https://www.espn.com/nfl/player/_/id/4362227/bryce-ford-wheaton",
    "headshot": "https://a.espncdn.com/combiner/i?img=/i/headshots/nfl/players/full/4362227.png",
    "birthdate": "Birthdate3/9/2000 (25)",
    "birthplace": null,
    "experience": "Experience2nd Season",
    "draftInfo": null
  },
  {
    "team": "NYG",
    "number": "",
    "name": "Lil'Jordan Humphrey",
    "position": "WR",
    "height": "27",
    "weight": "6' 4\"",
    "age": "225 lbs",
    "college": "5",
    "playerId": "4039057",
    "profileUrl": "https://www.espn.com/nfl/player/_/id/4039057/liljordan-humphrey",
    "headshot": "https://a.espncdn.com/combiner/i?img=/i/headshots/nfl/players/full/4039057.png",
    "birthdate": "Birthdate4/19/1998 (27)",
    "birthplace": null,
    "experience": "Experience5th Season",
    "draftInfo": null
  },
  {
    "team": "NYG",
    "number": "",
    "name": "Jalin Hyatt13",
    "position": "WR",
    "height": "23",
    "weight": "6' 0\"",
    "age": "185 lbs",
    "college": "2",
    "playerId": "4692590",
    "profileUrl": "https://www.espn.com/nfl/player/_/id/4692590/jalin-hyatt",
    "headshot": "https://a.espncdn.com/combiner/i?img=/i/headshots/nfl/players/full/4692590.png",
    "birthdate": "Birthdate9/25/2001 (23)",
    "birthplace": null,
    "experience": null,
    "draftInfo": "Draft Info2023: Rd 3, Pk 73 (NYG)"
  },
  {
    "team": "NYG",
    "number": "",
    "name": "Nate McCollum",
    "position": "WR",
    "height": "--",
    "weight": "5' 9\"",
    "age": "185 lbs",
    "college": "R",
    "playerId": "4432387",
    "profileUrl": "https://www.espn.com/nfl/player/_/id/4432387/nate-mccollum",
    "headshot": "https://a.espncdn.com/combiner/i?img=/i/headshots/college-football/players/full/4432387.png",
    "birthdate": null,
    "birthplace": "BirthplaceAtlanta, GA",
    "experience": "ExperienceRookie",
    "draftInfo": null
  },
  {
    "team": "NYG",
    "number": "",
    "name": "Malik Nabers1",
    "position": "WR",
    "height": "21",
    "weight": "6' 0\"",
    "age": "200 lbs",
    "college": "R",
    "playerId": "4595348",
    "profileUrl": "https://www.espn.com/nfl/player/_/id/4595348/malik-nabers",
    "headshot": "https://a.espncdn.com/combiner/i?img=/i/headshots/nfl/players/full/4595348.png",
    "birthdate": "Birthdate7/28/2003 (21)",
    "birthplace": null,
    "experience": null,
    "draftInfo": "Draft Info2024: Rd 1, Pk 6 (NYG)"
  },
  {
    "team": "NYG",
    "number": "",
    "name": "Zach Pascal",
    "position": "WR",
    "height": "30",
    "weight": "6' 2\"",
    "age": "215 lbs",
    "college": "7",
    "playerId": "2978109",
    "profileUrl": "https://www.espn.com/nfl/player/_/id/2978109/zach-pascal",
    "headshot": "https://a.espncdn.com/combiner/i?img=/i/headshots/nfl/players/full/2978109.png",
    "birthdate": "Birthdate12/18/1994 (30)",
    "birthplace": null,
    "experience": "Experience7th Season",
    "draftInfo": null
  },
  {
    "team": "NYG",
    "number": "",
    "name": "Wan'Dale Robinson17",
    "position": "WR",
    "height": "24",
    "weight": "5' 8\"",
    "age": "185 lbs",
    "college": "3",
    "playerId": "4569587",
    "profileUrl": "https://www.espn.com/nfl/player/_/id/4569587/wandale-robinson",
    "headshot": "https://a.espncdn.com/combiner/i?img=/i/headshots/nfl/players/full/4569587.png",
    "birthdate": "Birthdate1/5/2001 (24)",
    "birthplace": null,
    "experience": null,
    "draftInfo": "Draft Info2022: Rd 2, Pk 43 (NYG)"
  },
  {
    "team": "NYG",
    "number": "",
    "name": "Darius Slayton86",
    "position": "WR",
    "height": "28",
    "weight": "6' 1\"",
    "age": "198 lbs",
    "college": "6",
    "playerId": "3916945",
    "profileUrl": "https://www.espn.com/nfl/player/_/id/3916945/darius-slayton",
    "headshot": "https://a.espncdn.com/combiner/i?img=/i/headshots/nfl/players/full/3916945.png",
    "birthdate": "Birthdate1/12/1997 (28)",
    "birthplace": null,
    "experience": null,
    "draftInfo": "Draft Info2019: Rd 5, Pk 171 (NYG)"
  },
  {
    "team": "NYG",
    "number": "",
    "name": "Ihmir Smith-Marsette87",
    "position": "WR",
    "height": "25",
    "weight": "6' 1\"",
    "age": "185 lbs",
    "college": "4",
    "playerId": "4240573",
    "profileUrl": "https://www.espn.com/nfl/player/_/id/4240573/ihmir-smith-marsette",
    "headshot": "https://a.espncdn.com/combiner/i?img=/i/headshots/nfl/players/full/4240573.png",
    "birthdate": "Birthdate8/29/1999 (25)",
    "birthplace": null,
    "experience": null,
    "draftInfo": "Draft Info2021: Rd 5, Pk 157 (MIN)"
  },
  {
    "team": "NYG",
    "number": "",
    "name": "Montrell Washington",
    "position": "WR",
    "height": "26",
    "weight": "5' 10\"",
    "age": "170 lbs",
    "college": "3",
    "playerId": "4248822",
    "profileUrl": "https://www.espn.com/nfl/player/_/id/4248822/montrell-washington",
    "headshot": "https://a.espncdn.com/combiner/i?img=/i/headshots/nfl/players/full/4248822.png",
    "birthdate": "Birthdate3/16/1999 (26)",
    "birthplace": null,
    "experience": null,
    "draftInfo": "Draft Info2022: Rd 5, Pk 162 (DEN)"
  },
  {
    "team": "NYG",
    "number": "",
    "name": "Antwane Wells Jr.",
    "position": "WR",
    "height": "--",
    "weight": "6' 0\"",
    "age": "205 lbs",
    "college": "R",
    "playerId": "4696062",
    "profileUrl": "https://www.espn.com/nfl/player/_/id/4696062/antwane-wells-jr",
    "headshot": "https://a.espncdn.com/combiner/i?img=/i/headshots/college-football/players/full/4696062.png",
    "birthdate": null,
    "birthplace": "BirthplaceRichmond, VA",
    "experience": "ExperienceRookie",
    "draftInfo": null
  },
  {
    "team": "NYG",
    "number": "",
    "name": "Daniel Bellinger82",
    "position": "TE",
    "height": "24",
    "weight": "6' 6\"",
    "age": "255 lbs",
    "college": "3",
    "playerId": "4361516",
    "profileUrl": "https://www.espn.com/nfl/player/_/id/4361516/daniel-bellinger",
    "headshot": "https://a.espncdn.com/combiner/i?img=/i/headshots/nfl/players/full/4361516.png",
    "birthdate": "Birthdate9/22/2000 (24)",
    "birthplace": null,
    "experience": null,
    "draftInfo": "Draft Info2022: Rd 4, Pk 112 (NYG)"
  },
  {
    "team": "NYG",
    "number": "",
    "name": "Greg Dulcich89",
    "position": "TE",
    "height": "25",
    "weight": "6' 4\"",
    "age": "245 lbs",
    "college": "3",
    "playerId": "4367209",
    "profileUrl": "https://www.espn.com/nfl/player/_/id/4367209/greg-dulcich",
    "headshot": "https://a.espncdn.com/combiner/i?img=/i/headshots/nfl/players/full/4367209.png",
    "birthdate": "Birthdate3/26/2000 (25)",
    "birthplace": null,
    "experience": null,
    "draftInfo": "Draft Info2022: Rd 3, Pk 80 (DEN)"
  },
  {
    "team": "NYG",
    "number": "",
    "name": "Thomas Fidone II",
    "position": "TE",
    "height": "22",
    "weight": "6' 6\"",
    "age": "255 lbs",
    "college": "R",
    "playerId": "4590292",
    "profileUrl": "https://www.espn.com/nfl/player/_/id/4590292/thomas-fidone-ii",
    "headshot": "https://a.espncdn.com/combiner/i?img=/i/headshots/nfl/players/full/4590292.png",
    "birthdate": "Birthdate9/20/2002 (22)",
    "birthplace": null,
    "experience": null,
    "draftInfo": "Draft Info2025: Rd 7, Pk 219 (NYG)"
  },
  {
    "team": "NYG",
    "number": "",
    "name": "Theo Johnson84",
    "position": "TE",
    "height": "24",
    "weight": "6' 6\"",
    "age": "264 lbs",
    "college": "R",
    "playerId": "4429148",
    "profileUrl": "https://www.espn.com/nfl/player/_/id/4429148/theo-johnson",
    "headshot": "https://a.espncdn.com/combiner/i?img=/i/headshots/nfl/players/full/4429148.png",
    "birthdate": "Birthdate2/26/2001 (24)",
    "birthplace": null,
    "experience": null,
    "draftInfo": "Draft Info2024: Rd 4, Pk 107 (NYG)"
  },
  {
    "team": "NYG",
    "number": "",
    "name": "Chris Manhertz85",
    "position": "TE",
    "height": "33",
    "weight": "6' 6\"",
    "age": "235 lbs",
    "college": "9",
    "playerId": "2531358",
    "profileUrl": "https://www.espn.com/nfl/player/_/id/2531358/chris-manhertz",
    "headshot": "https://a.espncdn.com/combiner/i?img=/i/headshots/nfl/players/full/2531358.png",
    "birthdate": "Birthdate4/10/1992 (33)",
    "birthplace": null,
    "experience": "Experience9th Season",
    "draftInfo": null
  },
  {
    "team": "NYG",
    "number": "",
    "name": "Jermaine Terry II",
    "position": "TE",
    "height": "--",
    "weight": "6' 4\"",
    "age": "245 lbs",
    "college": "R",
    "playerId": "4432772",
    "profileUrl": "https://www.espn.com/nfl/player/_/id/4432772/jermaine-terry-ii",
    "headshot": "https://a.espncdn.com/combiner/i?img=/i/headshots/college-football/players/full/4432772.png",
    "birthdate": null,
    "birthplace": "BirthplaceRichmond, CA",
    "experience": "ExperienceRookie",
    "draftInfo": null
  },
  {
    "team": "NYG",
    "number": "",
    "name": "Bryan Hudson60",
    "position": "C",
    "height": "24",
    "weight": "6' 5\"",
    "age": "305 lbs",
    "college": "R",
    "playerId": "4426489",
    "profileUrl": "https://www.espn.com/nfl/player/_/id/4426489/bryan-hudson",
    "headshot": "https://a.espncdn.com/combiner/i?img=/i/headshots/nfl/players/full/4426489.png",
    "birthdate": "Birthdate1/11/2001 (24)",
    "birthplace": null,
    "experience": "ExperienceRookie",
    "draftInfo": null
  },
  {
    "team": "NYG",
    "number": "",
    "name": "Jimmy Morrissey67",
    "position": "C",
    "height": "26",
    "weight": "6' 4\"",
    "age": "305 lbs",
    "college": "3",
    "playerId": "4046165",
    "profileUrl": "https://www.espn.com/nfl/player/_/id/4046165/jimmy-morrissey",
    "headshot": "https://a.espncdn.com/combiner/i?img=/i/headshots/nfl/players/full/4046165.png",
    "birthdate": "Birthdate6/9/1998 (26)",
    "birthplace": null,
    "experience": null,
    "draftInfo": "Draft Info2021: Rd 7, Pk 230 (LV)"
  },
  {
    "team": "NYG",
    "number": "",
    "name": "Austin Schlottmann65",
    "position": "C",
    "height": "29",
    "weight": "6' 6\"",
    "age": "300 lbs",
    "college": "6",
    "playerId": "4038544",
    "profileUrl": "https://www.espn.com/nfl/player/_/id/4038544/austin-schlottmann",
    "headshot": "https://a.espncdn.com/combiner/i?img=/i/headshots/nfl/players/full/4038544.png",
    "birthdate": "Birthdate9/18/1995 (29)",
    "birthplace": null,
    "experience": "Experience6th Season",
    "draftInfo": null
  },
  {
    "team": "NYG",
    "number": "",
    "name": "John Michael Schmitz Jr.61",
    "position": "C",
    "height": "26",
    "weight": "6' 4\"",
    "age": "320 lbs",
    "college": "2",
    "playerId": "4240771",
    "profileUrl": "https://www.espn.com/nfl/player/_/id/4240771/john-michael-schmitz-jr",
    "headshot": "https://a.espncdn.com/combiner/i?img=/i/headshots/nfl/players/full/4240771.png",
    "birthdate": "Birthdate3/19/1999 (26)",
    "birthplace": null,
    "experience": null,
    "draftInfo": "Draft Info2023: Rd 2, Pk 57 (NYG)"
  },
  {
    "team": "NYG",
    "number": "",
    "name": "Jermaine Eluemunor72",
    "position": "G",
    "height": "30",
    "weight": "6' 4\"",
    "age": "338 lbs",
    "college": "8",
    "playerId": "3115303",
    "profileUrl": "https://www.espn.com/nfl/player/_/id/3115303/jermaine-eluemunor",
    "headshot": "https://a.espncdn.com/combiner/i?img=/i/headshots/nfl/players/full/3115303.png",
    "birthdate": "Birthdate12/13/1994 (30)",
    "birthplace": null,
    "experience": null,
    "draftInfo": "Draft Info2017: Rd 5, Pk 159 (BAL)"
  },
  {
    "team": "NYG",
    "number": "",
    "name": "Joshua Ezeudu75",
    "position": "G",
    "height": "25",
    "weight": "6' 4\"",
    "age": "310 lbs",
    "college": "3",
    "playerId": "4373280",
    "profileUrl": "https://www.espn.com/nfl/player/_/id/4373280/joshua-ezeudu",
    "headshot": "https://a.espncdn.com/combiner/i?img=/i/headshots/nfl/players/full/4373280.png",
    "birthdate": "Birthdate9/19/1999 (25)",
    "birthplace": null,
    "experience": null,
    "draftInfo": "Draft Info2022: Rd 3, Pk 67 (NYG)"
  },
  {
    "team": "NYG",
    "number": "",
    "name": "Jake Kubas63",
    "position": "G",
    "height": "24",
    "weight": "6' 4\"",
    "age": "308 lbs",
    "college": "R",
    "playerId": "4383405",
    "profileUrl": "https://www.espn.com/nfl/player/_/id/4383405/jake-kubas",
    "headshot": "https://a.espncdn.com/combiner/i?img=/i/headshots/nfl/players/full/4383405.png",
    "birthdate": "Birthdate8/13/2000 (24)",
    "birthplace": null,
    "experience": "ExperienceRookie",
    "draftInfo": null
  },
  {
    "team": "NYG",
    "number": "",
    "name": "Marcus Mbow",
    "position": "G",
    "height": "22",
    "weight": "6' 5\"",
    "age": "300 lbs",
    "college": "R",
    "playerId": "4686362",
    "profileUrl": "https://www.espn.com/nfl/player/_/id/4686362/marcus-mbow",
    "headshot": "https://a.espncdn.com/combiner/i?img=/i/headshots/nfl/players/full/4686362.png",
    "birthdate": "Birthdate4/2/2003 (22)",
    "birthplace": null,
    "experience": null,
    "draftInfo": "Draft Info2025: Rd 5, Pk 154 (NYG)"
  },
  {
    "team": "NYG",
    "number": "",
    "name": "Jon Runyan76",
    "position": "G",
    "height": "27",
    "weight": "6' 4\"",
    "age": "307 lbs",
    "college": "5",
    "playerId": "3929936",
    "profileUrl": "https://www.espn.com/nfl/player/_/id/3929936/jon-runyan",
    "headshot": "https://a.espncdn.com/combiner/i?img=/i/headshots/nfl/players/full/3929936.png",
    "birthdate": "Birthdate8/8/1997 (27)",
    "birthplace": null,
    "experience": null,
    "draftInfo": "Draft Info2020: Rd 6, Pk 192 (GB)"
  },
  {
    "team": "NYG",
    "number": "",
    "name": "Aaron Stinnie64",
    "position": "G",
    "height": "31",
    "weight": "6' 3\"",
    "age": "312 lbs",
    "college": "7",
    "playerId": "3049339",
    "profileUrl": "https://www.espn.com/nfl/player/_/id/3049339/aaron-stinnie",
    "headshot": "https://a.espncdn.com/combiner/i?img=/i/headshots/nfl/players/full/3049339.png",
    "birthdate": "Birthdate2/18/1994 (31)",
    "birthplace": null,
    "experience": "Experience7th Season",
    "draftInfo": null
  },
  {
    "team": "NYG",
    "number": "",
    "name": "Greg Van Roten74",
    "position": "G",
    "height": "35",
    "weight": "6' 4\"",
    "age": "295 lbs",
    "college": "10",
    "playerId": "15718",
    "profileUrl": "https://www.espn.com/nfl/player/_/id/15718/greg-van-roten",
    "headshot": "https://a.espncdn.com/combiner/i?img=/i/headshots/nfl/players/full/15718.png",
    "birthdate": "Birthdate2/26/1990 (35)",
    "birthplace": null,
    "experience": "Experience10th Season",
    "draftInfo": null
  },
  {
    "team": "NYG",
    "number": "",
    "name": "Jaison Williams",
    "position": "OL",
    "height": "--",
    "weight": "6' 4\"",
    "age": "320 lbs",
    "college": "R",
    "playerId": "4430738",
    "profileUrl": "https://www.espn.com/nfl/player/_/id/4430738/jaison-williams",
    "headshot": "https://a.espncdn.com/combiner/i?img=/i/teamlogos/nfl/500/nyg.png",
    "birthdate": null,
    "birthplace": "BirthplaceTrotwood, OH",
    "experience": "ExperienceRookie",
    "draftInfo": null
  },
  {
    "team": "NYG",
    "number": "",
    "name": "Stone Forsythe78",
    "position": "OT",
    "height": "27",
    "weight": "6' 8\"",
    "age": "307 lbs",
    "college": "4",
    "playerId": "4034962",
    "profileUrl": "https://www.espn.com/nfl/player/_/id/4034962/stone-forsythe",
    "headshot": "https://a.espncdn.com/combiner/i?img=/i/headshots/nfl/players/full/4034962.png",
    "birthdate": "Birthdate12/29/1997 (27)",
    "birthplace": null,
    "experience": null,
    "draftInfo": "Draft Info2021: Rd 6, Pk 208 (SEA)"
  },
  {
    "team": "NYG",
    "number": "",
    "name": "James Hudson III",
    "position": "OT",
    "height": "26",
    "weight": "6' 5\"",
    "age": "313 lbs",
    "college": "4",
    "playerId": "4258181",
    "profileUrl": "https://www.espn.com/nfl/player/_/id/4258181/james-hudson-iii",
    "headshot": "https://a.espncdn.com/combiner/i?img=/i/headshots/nfl/players/full/4258181.png",
    "birthdate": "Birthdate5/13/1999 (26)",
    "birthplace": null,
    "experience": null,
    "draftInfo": "Draft Info2021: Rd 4, Pk 110 (CLE)"
  },
  {
    "team": "NYG",
    "number": "",
    "name": "Evan Neal73",
    "position": "OT",
    "height": "24",
    "weight": "6' 7\"",
    "age": "340 lbs",
    "college": "3",
    "playerId": "4567134",
    "profileUrl": "https://www.espn.com/nfl/player/_/id/4567134/evan-neal",
    "headshot": "https://a.espncdn.com/combiner/i?img=/i/headshots/nfl/players/full/4567134.png",
    "birthdate": "Birthdate9/19/2000 (24)",
    "birthplace": null,
    "experience": null,
    "draftInfo": "Draft Info2022: Rd 1, Pk 7 (NYG)"
  },
  {
    "team": "NYG",
    "number": "",
    "name": "Braylen Nelson",
    "position": "OT",
    "height": "--",
    "weight": "6' 6\"",
    "age": "320 lbs",
    "college": "R",
    "playerId": "4611996",
    "profileUrl": "https://www.espn.com/nfl/player/_/id/4611996/braylen-nelson",
    "headshot": "https://a.espncdn.com/combiner/i?img=/i/headshots/college-football/players/full/4611996.png",
    "birthdate": null,
    "birthplace": "BirthplaceDenver, CO",
    "experience": "ExperienceRookie",
    "draftInfo": null
  },
  {
    "team": "NYG",
    "number": "",
    "name": "Andrew Thomas78",
    "position": "OT",
    "height": "26",
    "weight": "6' 5\"",
    "age": "315 lbs",
    "college": "5",
    "playerId": "4259566",
    "profileUrl": "https://www.espn.com/nfl/player/_/id/4259566/andrew-thomas",
    "headshot": "https://a.espncdn.com/combiner/i?img=/i/headshots/nfl/players/full/4259566.png",
    "birthdate": "Birthdate1/22/1999 (26)",
    "birthplace": null,
    "experience": null,
    "draftInfo": "Draft Info2020: Rd 1, Pk 4 (NYG)"
  },
  {
    "team": "NYG",
    "number": "",
    "name": "Trace Ford",
    "position": "DL",
    "height": "--",
    "weight": "6' 2\"",
    "age": "246 lbs",
    "college": "R",
    "playerId": "4427207",
    "profileUrl": "https://www.espn.com/nfl/player/_/id/4427207/trace-ford",
    "headshot": "https://a.espncdn.com/combiner/i?img=/i/headshots/college-football/players/full/4427207.png",
    "birthdate": null,
    "birthplace": "BirthplaceEdmond, OK",
    "experience": "ExperienceRookie",
    "draftInfo": null
  },
  {
    "team": "NYG",
    "number": "",
    "name": "Elijah Garcia90",
    "position": "DE",
    "height": "27",
    "weight": "6' 5\"",
    "age": "302 lbs",
    "college": "2",
    "playerId": "4039170",
    "profileUrl": "https://www.espn.com/nfl/player/_/id/4039170/elijah-garcia",
    "headshot": "https://a.espncdn.com/combiner/i?img=/i/headshots/nfl/players/full/4039170.png",
    "birthdate": "Birthdate3/11/1998 (27)",
    "birthplace": null,
    "experience": "Experience2nd Season",
    "draftInfo": null
  },
  {
    "team": "NYG",
    "number": "",
    "name": "Chauncey Golston",
    "position": "DE",
    "height": "27",
    "weight": "6' 5\"",
    "age": "268 lbs",
    "college": "4",
    "playerId": "4036132",
    "profileUrl": "https://www.espn.com/nfl/player/_/id/4036132/chauncey-golston",
    "headshot": "https://a.espncdn.com/combiner/i?img=/i/headshots/nfl/players/full/4036132.png",
    "birthdate": "Birthdate2/10/1998 (27)",
    "birthplace": null,
    "experience": null,
    "draftInfo": "Draft Info2021: Rd 3, Pk 84 (DAL)"
  },
  {
    "team": "NYG",
    "number": "",
    "name": "Darius Alexander",
    "position": "DT",
    "height": "24",
    "weight": "6' 4\"",
    "age": "310 lbs",
    "college": "R",
    "playerId": "4426542",
    "profileUrl": "https://www.espn.com/nfl/player/_/id/4426542/darius-alexander",
    "headshot": "https://a.espncdn.com/combiner/i?img=/i/headshots/nfl/players/full/4426542.png",
    "birthdate": "Birthdate8/26/2000 (24)",
    "birthplace": null,
    "experience": null,
    "draftInfo": "Draft Info2025: Rd 3, Pk 65 (NYG)"
  },
  {
    "team": "NYG",
    "number": "",
    "name": "Elijah Chatman94",
    "position": "DT",
    "height": "24",
    "weight": "6' 0\"",
    "age": "278 lbs",
    "college": "R",
    "playerId": "4429392",
    "profileUrl": "https://www.espn.com/nfl/player/_/id/4429392/elijah-chatman",
    "headshot": "https://a.espncdn.com/combiner/i?img=/i/headshots/nfl/players/full/4429392.png",
    "birthdate": "Birthdate12/5/2000 (24)",
    "birthplace": null,
    "experience": "ExperienceRookie",
    "draftInfo": null
  },
  {
    "team": "NYG",
    "number": "",
    "name": "D.J. Davidson98",
    "position": "DT",
    "height": "27",
    "weight": "6' 5\"",
    "age": "320 lbs",
    "college": "3",
    "playerId": "4242899",
    "profileUrl": "https://www.espn.com/nfl/player/_/id/4242899/dj-davidson",
    "headshot": "https://a.espncdn.com/combiner/i?img=/i/headshots/nfl/players/full/4242899.png",
    "birthdate": "Birthdate9/19/1997 (27)",
    "birthplace": null,
    "experience": null,
    "draftInfo": "Draft Info2022: Rd 5, Pk 147 (NYG)"
  },
  {
    "team": "NYG",
    "number": "",
    "name": "Cory Durden69",
    "position": "DT",
    "height": "26",
    "weight": "6' 4\"",
    "age": "305 lbs",
    "college": "1",
    "playerId": "4240042",
    "profileUrl": "https://www.espn.com/nfl/player/_/id/4240042/cory-durden",
    "headshot": "https://a.espncdn.com/combiner/i?img=/i/headshots/nfl/players/full/4240042.png",
    "birthdate": "Birthdate1/26/1999 (26)",
    "birthplace": null,
    "experience": "Experience1st Season",
    "draftInfo": null
  },
  {
    "team": "NYG",
    "number": "",
    "name": "Dexter Lawrence II97",
    "position": "DT",
    "height": "27",
    "weight": "6' 4\"",
    "age": "340 lbs",
    "college": "6",
    "playerId": "4035483",
    "profileUrl": "https://www.espn.com/nfl/player/_/id/4035483/dexter-lawrence-ii",
    "headshot": "https://a.espncdn.com/combiner/i?img=/i/headshots/nfl/players/full/4035483.png",
    "birthdate": "Birthdate11/12/1997 (27)",
    "birthplace": null,
    "experience": null,
    "draftInfo": "Draft Info2019: Rd 1, Pk 17 (NYG)"
  },
  {
    "team": "NYG",
    "number": "",
    "name": "Jeremiah Ledbetter",
    "position": "DT",
    "height": "30",
    "weight": "6' 3\"",
    "age": "299 lbs",
    "college": "3",
    "playerId": "3892689",
    "profileUrl": "https://www.espn.com/nfl/player/_/id/3892689/jeremiah-ledbetter",
    "headshot": "https://a.espncdn.com/combiner/i?img=/i/headshots/nfl/players/full/3892689.png",
    "birthdate": "Birthdate6/2/1994 (30)",
    "birthplace": null,
    "experience": null,
    "draftInfo": "Draft Info2017: Rd 6, Pk 205 (DET)"
  },
  {
    "team": "NYG",
    "number": "",
    "name": "Rakeem Nunez-Roches93",
    "position": "DT",
    "height": "31",
    "weight": "6' 2\"",
    "age": "305 lbs",
    "college": "10",
    "playerId": "2575453",
    "profileUrl": "https://www.espn.com/nfl/player/_/id/2575453/rakeem-nunez-roches",
    "headshot": "https://a.espncdn.com/combiner/i?img=/i/headshots/nfl/players/full/2575453.png",
    "birthdate": "Birthdate7/3/1993 (31)",
    "birthplace": null,
    "experience": null,
    "draftInfo": "Draft Info2015: Rd 6, Pk 217 (KC)"
  },
  {
    "team": "NYG",
    "number": "",
    "name": "Jordon Riley95",
    "position": "DT",
    "height": "26",
    "weight": "6' 5\"",
    "age": "315 lbs",
    "college": "2",
    "playerId": "4240677",
    "profileUrl": "https://www.espn.com/nfl/player/_/id/4240677/jordon-riley",
    "headshot": "https://a.espncdn.com/combiner/i?img=/i/headshots/nfl/players/full/4240677.png",
    "birthdate": "Birthdate5/19/1998 (26)",
    "birthplace": null,
    "experience": null,
    "draftInfo": "Draft Info2023: Rd 7, Pk 243 (NYG)"
  },
  {
    "team": "NYG",
    "number": "",
    "name": "Roy Robertson-Harris98",
    "position": "DT",
    "height": "31",
    "weight": "6' 5\"",
    "age": "290 lbs",
    "college": "8",
    "playerId": "2574891",
    "profileUrl": "https://www.espn.com/nfl/player/_/id/2574891/roy-robertson-harris",
    "headshot": "https://a.espncdn.com/combiner/i?img=/i/headshots/nfl/players/full/2574891.png",
    "birthdate": "Birthdate7/23/1993 (31)",
    "birthplace": null,
    "experience": "Experience8th Season",
    "draftInfo": null
  },
  {
    "team": "NYG",
    "number": "",
    "name": "Chris Board",
    "position": "LB",
    "height": "29",
    "weight": "6' 2\"",
    "age": "240 lbs",
    "college": "7",
    "playerId": "3060403",
    "profileUrl": "https://www.espn.com/nfl/player/_/id/3060403/chris-board",
    "headshot": "https://a.espncdn.com/combiner/i?img=/i/headshots/nfl/players/full/3060403.png",
    "birthdate": "Birthdate7/23/1995 (29)",
    "birthplace": null,
    "experience": "Experience7th Season",
    "draftInfo": null
  },
  {
    "team": "NYG",
    "number": "",
    "name": "Brian Burns0",
    "position": "LB",
    "height": "27",
    "weight": "6' 5\"",
    "age": "250 lbs",
    "college": "6",
    "playerId": "4035631",
    "profileUrl": "https://www.espn.com/nfl/player/_/id/4035631/brian-burns",
    "headshot": "https://a.espncdn.com/combiner/i?img=/i/headshots/nfl/players/full/4035631.png",
    "birthdate": "Birthdate4/23/1998 (27)",
    "birthplace": null,
    "experience": null,
    "draftInfo": "Draft Info2019: Rd 1, Pk 16 (CAR)"
  },
  {
    "team": "NYG",
    "number": "",
    "name": "Abdul Carter",
    "position": "LB",
    "height": "21",
    "weight": "6' 3\"",
    "age": "259 lbs",
    "college": "R",
    "playerId": "4725996",
    "profileUrl": "https://www.espn.com/nfl/player/_/id/4725996/abdul-carter",
    "headshot": "https://a.espncdn.com/combiner/i?img=/i/headshots/nfl/players/full/4725996.png",
    "birthdate": "Birthdate10/3/2003 (21)",
    "birthplace": null,
    "experience": null,
    "draftInfo": "Draft Info2025: Rd 1, Pk 3 (NYG)"
  },
  {
    "team": "NYG",
    "number": "",
    "name": "Victor Dimukeje",
    "position": "LB",
    "height": "25",
    "weight": "6' 2\"",
    "age": "262 lbs",
    "college": "4",
    "playerId": "4240464",
    "profileUrl": "https://www.espn.com/nfl/player/_/id/4240464/victor-dimukeje",
    "headshot": "https://a.espncdn.com/combiner/i?img=/i/headshots/nfl/players/full/4240464.png",
    "birthdate": "Birthdate11/18/1999 (25)",
    "birthplace": null,
    "experience": null,
    "draftInfo": "Draft Info2021: Rd 6, Pk 210 (ARI)"
  },
  {
    "team": "NYG",
    "number": "",
    "name": "Demetrius Flannigan-Fowles",
    "position": "LB",
    "height": "28",
    "weight": "6' 2\"",
    "age": "223 lbs",
    "college": "5",
    "playerId": "3931424",
    "profileUrl": "https://www.espn.com/nfl/player/_/id/3931424/demetrius-flannigan-fowles",
    "headshot": "https://a.espncdn.com/combiner/i?img=/i/headshots/nfl/players/full/3931424.png",
    "birthdate": "Birthdate9/4/1996 (28)",
    "birthplace": null,
    "experience": "Experience5th Season",
    "draftInfo": null
  },
  {
    "team": "NYG",
    "number": "",
    "name": "Tomon Fox45",
    "position": "LB",
    "height": "27",
    "weight": "6' 2\"",
    "age": "245 lbs",
    "college": "2",
    "playerId": "4037520",
    "profileUrl": "https://www.espn.com/nfl/player/_/id/4037520/tomon-fox",
    "headshot": "https://a.espncdn.com/combiner/i?img=/i/headshots/nfl/players/full/4037520.png",
    "birthdate": "Birthdate3/16/1998 (27)",
    "birthplace": null,
    "experience": "Experience2nd Season",
    "draftInfo": null
  },
  {
    "team": "NYG",
    "number": "",
    "name": "Dyontae Johnson54",
    "position": "LB",
    "height": "24",
    "weight": "6' 2\"",
    "age": "230 lbs",
    "college": "1",
    "playerId": "4362280",
    "profileUrl": "https://www.espn.com/nfl/player/_/id/4362280/dyontae-johnson",
    "headshot": "https://a.espncdn.com/combiner/i?img=/i/headshots/nfl/players/full/4362280.png",
    "birthdate": "Birthdate9/28/2000 (24)",
    "birthplace": null,
    "experience": "Experience1st Season",
    "draftInfo": null
  },
  {
    "team": "NYG",
    "number": "",
    "name": "Micah McFadden41",
    "position": "LB",
    "height": "25",
    "weight": "6' 2\"",
    "age": "232 lbs",
    "college": "3",
    "playerId": "4371961",
    "profileUrl": "https://www.espn.com/nfl/player/_/id/4371961/micah-mcfadden",
    "headshot": "https://a.espncdn.com/combiner/i?img=/i/headshots/nfl/players/full/4371961.png",
    "birthdate": "Birthdate1/3/2000 (25)",
    "birthplace": null,
    "experience": null,
    "draftInfo": "Draft Info2022: Rd 5, Pk 146 (NYG)"
  },
  {
    "team": "NYG",
    "number": "",
    "name": "Darius Muasau53",
    "position": "LB",
    "height": "24",
    "weight": "6' 0\"",
    "age": "234 lbs",
    "college": "R",
    "playerId": "4428072",
    "profileUrl": "https://www.espn.com/nfl/player/_/id/4428072/darius-muasau",
    "headshot": "https://a.espncdn.com/combiner/i?img=/i/headshots/nfl/players/full/4428072.png",
    "birthdate": "Birthdate2/10/2001 (24)",
    "birthplace": null,
    "experience": null,
    "draftInfo": "Draft Info2024: Rd 6, Pk 183 (NYG)"
  },
  {
    "team": "NYG",
    "number": "",
    "name": "Bobby Okereke58",
    "position": "LB",
    "height": "28",
    "weight": "6' 2\"",
    "age": "235 lbs",
    "college": "6",
    "playerId": "3117253",
    "profileUrl": "https://www.espn.com/nfl/player/_/id/3117253/bobby-okereke",
    "headshot": "https://a.espncdn.com/combiner/i?img=/i/headshots/nfl/players/full/3117253.png",
    "birthdate": "Birthdate7/29/1996 (28)",
    "birthplace": null,
    "experience": null,
    "draftInfo": "Draft Info2019: Rd 3, Pk 89 (IND)"
  },
  {
    "team": "NYG",
    "number": "",
    "name": "Ty Summers47",
    "position": "LB",
    "height": "29",
    "weight": "6' 1\"",
    "age": "241 lbs",
    "college": "6",
    "playerId": "3116431",
    "profileUrl": "https://www.espn.com/nfl/player/_/id/3116431/ty-summers",
    "headshot": "https://a.espncdn.com/combiner/i?img=/i/headshots/nfl/players/full/3116431.png",
    "birthdate": "Birthdate12/31/1995 (29)",
    "birthplace": null,
    "experience": null,
    "draftInfo": "Draft Info2019: Rd 7, Pk 226 (GB)"
  },
  {
    "team": "NYG",
    "number": "",
    "name": "Kayvon Thibodeaux5",
    "position": "LB",
    "height": "24",
    "weight": "6' 5\"",
    "age": "258 lbs",
    "college": "3",
    "playerId": "4426326",
    "profileUrl": "https://www.espn.com/nfl/player/_/id/4426326/kayvon-thibodeaux",
    "headshot": "https://a.espncdn.com/combiner/i?img=/i/headshots/nfl/players/full/4426326.png",
    "birthdate": "Birthdate12/15/2000 (24)",
    "birthplace": null,
    "experience": null,
    "draftInfo": "Draft Info2022: Rd 1, Pk 5 (NYG)"
  },
  {
    "team": "NYG",
    "number": "",
    "name": "Paulson Adebo29",
    "position": "CB",
    "height": "25",
    "weight": "6' 1\"",
    "age": "192 lbs",
    "college": "4",
    "playerId": "4242547",
    "profileUrl": "https://www.espn.com/nfl/player/_/id/4242547/paulson-adebo",
    "headshot": "https://a.espncdn.com/combiner/i?img=/i/headshots/nfl/players/full/4242547.png",
    "birthdate": "Birthdate7/3/1999 (25)",
    "birthplace": null,
    "experience": null,
    "draftInfo": "Draft Info2021: Rd 3, Pk 76 (NO)"
  },
  {
    "team": "NYG",
    "number": "",
    "name": "Deonte Banks2",
    "position": "CB",
    "height": "24",
    "weight": "6' 2\"",
    "age": "200 lbs",
    "college": "2",
    "playerId": "4428328",
    "profileUrl": "https://www.espn.com/nfl/player/_/id/4428328/deonte-banks",
    "headshot": "https://a.espncdn.com/combiner/i?img=/i/headshots/nfl/players/full/4428328.png",
    "birthdate": "Birthdate3/3/2001 (24)",
    "birthplace": null,
    "experience": null,
    "draftInfo": "Draft Info2023: Rd 1, Pk 24 (NYG)"
  },
  {
    "team": "NYG",
    "number": "",
    "name": "Korie Black",
    "position": "CB",
    "height": "--",
    "weight": "6' 0\"",
    "age": "190 lbs",
    "college": "R",
    "playerId": "4429281",
    "profileUrl": "https://www.espn.com/nfl/player/_/id/4429281/korie-black",
    "headshot": "https://a.espncdn.com/combiner/i?img=/i/headshots/nfl/players/full/4429281.png",
    "birthdate": null,
    "birthplace": null,
    "experience": "ExperienceRookie",
    "draftInfo": "Draft Info2025: Rd 7, Pk 246 (NYG)"
  },
  {
    "team": "NYG",
    "number": "",
    "name": "Cor'Dale Flott28",
    "position": "CB",
    "height": "23",
    "weight": "6' 2\"",
    "age": "175 lbs",
    "college": "3",
    "playerId": "4429607",
    "profileUrl": "https://www.espn.com/nfl/player/_/id/4429607/cordale-flott",
    "headshot": "https://a.espncdn.com/combiner/i?img=/i/headshots/nfl/players/full/4429607.png",
    "birthdate": "Birthdate8/24/2001 (23)",
    "birthplace": null,
    "experience": null,
    "draftInfo": "Draft Info2022: Rd 3, Pk 81 (NYG)"
  },
  {
    "team": "NYG",
    "number": "",
    "name": "O'Donnell Fortune",
    "position": "CB",
    "height": "--",
    "weight": "6' 1\"",
    "age": "185 lbs",
    "college": "R",
    "playerId": "4432045",
    "profileUrl": "https://www.espn.com/nfl/player/_/id/4432045/odonnell-fortune",
    "headshot": "https://a.espncdn.com/combiner/i?img=/i/headshots/college-football/players/full/4432045.png",
    "birthdate": null,
    "birthplace": "BirthplaceSumter, SC",
    "experience": "ExperienceRookie",
    "draftInfo": null
  },
  {
    "team": "NYG",
    "number": "",
    "name": "Art Green35",
    "position": "CB",
    "height": "25",
    "weight": "6' 2\"",
    "age": "200 lbs",
    "college": "1",
    "playerId": "4689674",
    "profileUrl": "https://www.espn.com/nfl/player/_/id/4689674/art-green",
    "headshot": "https://a.espncdn.com/combiner/i?img=/i/headshots/nfl/players/full/4689674.png",
    "birthdate": "Birthdate4/29/2000 (25)",
    "birthplace": null,
    "experience": "Experience1st Season",
    "draftInfo": null
  },
  {
    "team": "NYG",
    "number": "",
    "name": "Tre Hawkins III37",
    "position": "CB",
    "height": "24",
    "weight": "6' 3\"",
    "age": "195 lbs",
    "college": "2",
    "playerId": "4686553",
    "profileUrl": "https://www.espn.com/nfl/player/_/id/4686553/tre-hawkins-iii",
    "headshot": "https://a.espncdn.com/combiner/i?img=/i/headshots/nfl/players/full/4686553.png",
    "birthdate": "Birthdate8/1/2000 (24)",
    "birthplace": null,
    "experience": null,
    "draftInfo": "Draft Info2023: Rd 6, Pk 209 (NYG)"
  },
  {
    "team": "NYG",
    "number": "",
    "name": "Nic Jones",
    "position": "CB",
    "height": "23",
    "weight": "6' 0\"",
    "age": "189 lbs",
    "college": "2",
    "playerId": "4427636",
    "profileUrl": "https://www.espn.com/nfl/player/_/id/4427636/nic-jones",
    "headshot": "https://a.espncdn.com/combiner/i?img=/i/headshots/nfl/players/full/4427636.png",
    "birthdate": "Birthdate10/15/2001 (23)",
    "birthplace": null,
    "experience": null,
    "draftInfo": "Draft Info2023: Rd 7, Pk 250 (KC)"
  },
  {
    "team": "NYG",
    "number": "",
    "name": "TJ Moore",
    "position": "CB",
    "height": "--",
    "weight": "6' 0\"",
    "age": "185 lbs",
    "college": "R",
    "playerId": "4692055",
    "profileUrl": "https://www.espn.com/nfl/player/_/id/4692055/tj-moore",
    "headshot": "https://a.espncdn.com/combiner/i?img=/i/headshots/college-football/players/full/4692055.png",
    "birthdate": null,
    "birthplace": "BirthplaceRiverdale, GA",
    "experience": "ExperienceRookie",
    "draftInfo": null
  },
  {
    "team": "NYG",
    "number": "",
    "name": "Dru Phillips22",
    "position": "CB",
    "height": "23",
    "weight": "5' 11\"",
    "age": "180 lbs",
    "college": "R",
    "playerId": "4431321",
    "profileUrl": "https://www.espn.com/nfl/player/_/id/4431321/dru-phillips",
    "headshot": "https://a.espncdn.com/combiner/i?img=/i/headshots/nfl/players/full/4431321.png",
    "birthdate": "Birthdate11/30/2001 (23)",
    "birthplace": null,
    "experience": null,
    "draftInfo": "Draft Info2024: Rd 3, Pk 70 (NYG)"
  },
  {
    "team": "NYG",
    "number": "",
    "name": "Dee Williams33",
    "position": "CB",
    "height": "25",
    "weight": "5' 10\"",
    "age": "190 lbs",
    "college": "R",
    "playerId": "5081362",
    "profileUrl": "https://www.espn.com/nfl/player/_/id/5081362/dee-williams",
    "headshot": "https://a.espncdn.com/combiner/i?img=/i/headshots/nfl/players/full/5081362.png",
    "birthdate": "Birthdate12/6/1999 (25)",
    "birthplace": null,
    "experience": "ExperienceRookie",
    "draftInfo": null
  },
  {
    "team": "NYG",
    "number": "",
    "name": "Tyrone Lewis Jr.",
    "position": "DB",
    "height": "--",
    "weight": "5' 11\"",
    "age": "200 lbs",
    "college": "R",
    "playerId": "4569122",
    "profileUrl": "https://www.espn.com/nfl/player/_/id/4569122/tyrone-lewis-jr",
    "headshot": "https://a.espncdn.com/combiner/i?img=/i/headshots/college-football/players/full/4569122.png",
    "birthdate": null,
    "birthplace": "BirthplaceHammond, LA",
    "experience": "ExperienceRookie",
    "draftInfo": null
  },
  {
    "team": "NYG",
    "number": "",
    "name": "Dane Belton24",
    "position": "S",
    "height": "24",
    "weight": "6' 1\"",
    "age": "190 lbs",
    "college": "3",
    "playerId": "4426686",
    "profileUrl": "https://www.espn.com/nfl/player/_/id/4426686/dane-belton",
    "headshot": "https://a.espncdn.com/combiner/i?img=/i/headshots/nfl/players/full/4426686.png",
    "birthdate": "Birthdate12/7/2000 (24)",
    "birthplace": null,
    "experience": null,
    "draftInfo": "Draft Info2022: Rd 4, Pk 114 (NYG)"
  },
  {
    "team": "NYG",
    "number": "",
    "name": "Jevon Holland",
    "position": "S",
    "height": "25",
    "weight": "6' 1\"",
    "age": "207 lbs",
    "college": "4",
    "playerId": "4373809",
    "profileUrl": "https://www.espn.com/nfl/player/_/id/4373809/jevon-holland",
    "headshot": "https://a.espncdn.com/combiner/i?img=/i/headshots/nfl/players/full/4373809.png",
    "birthdate": "Birthdate3/3/2000 (25)",
    "birthplace": null,
    "experience": null,
    "draftInfo": "Draft Info2021: Rd 2, Pk 36 (MIA)"
  },
  {
    "team": "NYG",
    "number": "",
    "name": "Anthony Johnson Jr.23",
    "position": "S",
    "height": "25",
    "weight": "6' 0\"",
    "age": "205 lbs",
    "college": "2",
    "playerId": "4361748",
    "profileUrl": "https://www.espn.com/nfl/player/_/id/4361748/anthony-johnson-jr",
    "headshot": "https://a.espncdn.com/combiner/i?img=/i/headshots/nfl/players/full/4361748.png",
    "birthdate": "Birthdate12/2/1999 (25)",
    "birthplace": null,
    "experience": null,
    "draftInfo": "Draft Info2023: Rd 7, Pk 242 (GB)"
  },
  {
    "team": "NYG",
    "number": "",
    "name": "Raheem Layne43",
    "position": "S",
    "height": "25",
    "weight": "5' 11\"",
    "age": "192 lbs",
    "college": "3",
    "playerId": "4258237",
    "profileUrl": "https://www.espn.com/nfl/player/_/id/4258237/raheem-layne",
    "headshot": "https://a.espncdn.com/combiner/i?img=/i/headshots/nfl/players/full/4258237.png",
    "birthdate": "Birthdate7/2/1999 (25)",
    "birthplace": null,
    "experience": "Experience3rd Season",
    "draftInfo": null
  },
  {
    "team": "NYG",
    "number": "",
    "name": "Tyler Nubin31",
    "position": "S",
    "height": "23",
    "weight": "6' 2\"",
    "age": "210 lbs",
    "college": "R",
    "playerId": "4430261",
    "profileUrl": "https://www.espn.com/nfl/player/_/id/4430261/tyler-nubin",
    "headshot": "https://a.espncdn.com/combiner/i?img=/i/headshots/nfl/players/full/4430261.png",
    "birthdate": "Birthdate6/14/2001 (23)",
    "birthplace": null,
    "experience": null,
    "draftInfo": "Draft Info2024: Rd 2, Pk 47 (NYG)"
  },
  {
    "team": "NYG",
    "number": "",
    "name": "Makari Paige",
    "position": "S",
    "height": "--",
    "weight": "6' 4\"",
    "age": "208 lbs",
    "college": "R",
    "playerId": "4429139",
    "profileUrl": "https://www.espn.com/nfl/player/_/id/4429139/makari-paige",
    "headshot": "https://a.espncdn.com/combiner/i?img=/i/headshots/college-football/players/full/4429139.png",
    "birthdate": null,
    "birthplace": "BirthplaceWest Bloomfield, MI",
    "experience": "ExperienceRookie",
    "draftInfo": null
  },
  {
    "team": "NYG",
    "number": "",
    "name": "Graham Gano9",
    "position": "PK",
    "height": "38",
    "weight": "6' 2\"",
    "age": "202 lbs",
    "college": "15",
    "playerId": "12460",
    "profileUrl": "https://www.espn.com/nfl/player/_/id/12460/graham-gano",
    "headshot": "https://a.espncdn.com/combiner/i?img=/i/headshots/nfl/players/full/12460.png",
    "birthdate": "Birthdate4/9/1987 (38)",
    "birthplace": null,
    "experience": "Experience15th Season",
    "draftInfo": null
  },
  {
    "team": "NYG",
    "number": "",
    "name": "Jude McAtamney99",
    "position": "PK",
    "height": "25",
    "weight": "6' 2\"",
    "age": "205 lbs",
    "college": "R",
    "playerId": "5092436",
    "profileUrl": "https://www.espn.com/nfl/player/_/id/5092436/jude-mcatamney",
    "headshot": "https://a.espncdn.com/combiner/i?img=/i/headshots/nfl/players/full/5092436.png",
    "birthdate": "Birthdate5/9/2000 (25)",
    "birthplace": null,
    "experience": "ExperienceRookie",
    "draftInfo": null
  },
  {
    "team": "NYG",
    "number": "",
    "name": "Jamie Gillan6",
    "position": "P",
    "height": "27",
    "weight": "6' 1\"",
    "age": "207 lbs",
    "college": "6",
    "playerId": "3936185",
    "profileUrl": "https://www.espn.com/nfl/player/_/id/3936185/jamie-gillan",
    "headshot": "https://a.espncdn.com/combiner/i?img=/i/headshots/nfl/players/full/3936185.png",
    "birthdate": "Birthdate7/4/1997 (27)",
    "birthplace": null,
    "experience": "Experience6th Season",
    "draftInfo": null
  },
  {
    "team": "NYG",
    "number": "",
    "name": "Casey Kreiter59",
    "position": "LS",
    "height": "34",
    "weight": "6' 1\"",
    "age": "250 lbs",
    "college": "9",
    "playerId": "17304",
    "profileUrl": "https://www.espn.com/nfl/player/_/id/17304/casey-kreiter",
    "headshot": "https://a.espncdn.com/combiner/i?img=/i/headshots/nfl/players/full/17304.png",
    "birthdate": "Birthdate8/13/1990 (34)",
    "birthplace": null,
    "experience": "Experience9th Season",
    "draftInfo": null
  }
]