[
  {
    "team": "NYJ",
    "number": "",
    "name": "Brady Cook",
    "position": "QB",
    "height": "23",
    "weight": "6' 2\"",
    "age": "215 lbs",
    "college": "R",
    "playerId": "4429435",
    "profileUrl": "https://www.espn.com/nfl/player/_/id/4429435/brady-cook",
    "headshot": "https://a.espncdn.com/combiner/i?img=/i/headshots/college-football/players/full/4429435.png",
    "birthdate": "Birthdate10/12/2001 (23)",
    "birthplace": null,
    "experience": "ExperienceRookie",
    "draftInfo": null
  },
  {
    "team": "NYJ",
    "number": "",
    "name": "Justin Fields2",
    "position": "QB",
    "height": "26",
    "weight": "6' 3\"",
    "age": "227 lbs",
    "college": "4",
    "playerId": "4362887",
    "profileUrl": "https://www.espn.com/nfl/player/_/id/4362887/justin-fields",
    "headshot": "https://a.espncdn.com/combiner/i?img=/i/headshots/nfl/players/full/4362887.png",
    "birthdate": "Birthdate3/5/1999 (26)",
    "birthplace": null,
    "experience": null,
    "draftInfo": "Draft Info2021: Rd 1, Pk 11 (CHI)"
  },
  {
    "team": "NYJ",
    "number": "",
    "name": "Adrian Martinez15",
    "position": "QB",
    "height": "25",
    "weight": "6' 2\"",
    "age": "220 lbs",
    "college": "1",
    "playerId": "4361182",
    "profileUrl": "https://www.espn.com/nfl/player/_/id/4361182/adrian-martinez",
    "headshot": "https://a.espncdn.com/combiner/i?img=/i/headshots/nfl/players/full/4361182.png",
    "birthdate": "Birthdate1/7/2000 (25)",
    "birthplace": null,
    "experience": "Experience1st Season",
    "draftInfo": null
  },
  {
    "team": "NYJ",
    "number": "",
    "name": "Tyrod Taylor2",
    "position": "QB",
    "height": "35",
    "weight": "6' 1\"",
    "age": "217 lbs",
    "college": "14",
    "playerId": "14163",
    "profileUrl": "https://www.espn.com/nfl/player/_/id/14163/tyrod-taylor",
    "headshot": "https://a.espncdn.com/combiner/i?img=/i/headshots/nfl/players/full/14163.png",
    "birthdate": "Birthdate8/3/1989 (35)",
    "birthplace": null,
    "experience": null,
    "draftInfo": "Draft Info2011: Rd 6, Pk 180 (BAL)"
  },
  {
    "team": "NYJ",
    "number": "",
    "name": "Braelon Allen0",
    "position": "RB",
    "height": "21",
    "weight": "6' 1\"",
    "age": "235 lbs",
    "college": "R",
    "playerId": "4685247",
    "profileUrl": "https://www.espn.com/nfl/player/_/id/4685247/braelon-allen",
    "headshot": "https://a.espncdn.com/combiner/i?img=/i/headshots/nfl/players/full/4685247.png",
    "birthdate": "Birthdate1/20/2004 (21)",
    "birthplace": null,
    "experience": null,
    "draftInfo": "Draft Info2024: Rd 4, Pk 134 (NYJ)"
  },
  {
    "team": "NYJ",
    "number": "",
    "name": "Isaiah Davis32",
    "position": "RB",
    "height": "23",
    "weight": "6' 1\"",
    "age": "220 lbs",
    "college": "R",
    "playerId": "4695404",
    "profileUrl": "https://www.espn.com/nfl/player/_/id/4695404/isaiah-davis",
    "headshot": "https://a.espncdn.com/combiner/i?img=/i/headshots/nfl/players/full/4695404.png",
    "birthdate": "Birthdate2/21/2002 (23)",
    "birthplace": null,
    "experience": null,
    "draftInfo": "Draft Info2024: Rd 5, Pk 173 (NYJ)"
  },
  {
    "team": "NYJ",
    "number": "",
    "name": "Donovan Edwards",
    "position": "RB",
    "height": "--",
    "weight": "6' 1\"",
    "age": "212 lbs",
    "college": "R",
    "playerId": "4431536",
    "profileUrl": "https://www.espn.com/nfl/player/_/id/4431536/donovan-edwards",
    "headshot": "https://a.espncdn.com/combiner/i?img=/i/headshots/college-football/players/full/4431536.png",
    "birthdate": null,
    "birthplace": "BirthplaceWest Bloomfield, MI",
    "experience": "ExperienceRookie",
    "draftInfo": null
  },
  {
    "team": "NYJ",
    "number": "",
    "name": "Zach Evans38",
    "position": "RB",
    "height": "23",
    "weight": "5' 11\"",
    "age": "202 lbs",
    "college": "2",
    "playerId": "4685035",
    "profileUrl": "https://www.espn.com/nfl/player/_/id/4685035/zach-evans",
    "headshot": "https://a.espncdn.com/combiner/i?img=/i/headshots/nfl/players/full/4685035.png",
    "birthdate": "Birthdate5/30/2001 (23)",
    "birthplace": null,
    "experience": null,
    "draftInfo": "Draft Info2023: Rd 6, Pk 215 (LAR)"
  },
  {
    "team": "NYJ",
    "number": "",
    "name": "Breece Hall20",
    "position": "RB",
    "height": "23",
    "weight": "6' 1\"",
    "age": "220 lbs",
    "college": "3",
    "playerId": "4427366",
    "profileUrl": "https://www.espn.com/nfl/player/_/id/4427366/breece-hall",
    "headshot": "https://a.espncdn.com/combiner/i?img=/i/headshots/nfl/players/full/4427366.png",
    "birthdate": "Birthdate5/31/2001 (23)",
    "birthplace": null,
    "experience": null,
    "draftInfo": "Draft Info2022: Rd 2, Pk 36 (NYJ)"
  },
  {
    "team": "NYJ",
    "number": "",
    "name": "Kene Nwangwu34",
    "position": "RB",
    "height": "27",
    "weight": "6' 1\"",
    "age": "213 lbs",
    "college": "4",
    "playerId": "4035537",
    "profileUrl": "https://www.espn.com/nfl/player/_/id/4035537/kene-nwangwu",
    "headshot": "https://a.espncdn.com/combiner/i?img=/i/headshots/nfl/players/full/4035537.png",
    "birthdate": "Birthdate2/9/1998 (27)",
    "birthplace": null,
    "experience": null,
    "draftInfo": "Draft Info2021: Rd 4, Pk 119 (MIN)"
  },
  {
    "team": "NYJ",
    "number": "",
    "name": "Andrew Beck",
    "position": "FB",
    "height": "29",
    "weight": "6' 3\"",
    "age": "255 lbs",
    "college": "6",
    "playerId": "3125107",
    "profileUrl": "https://www.espn.com/nfl/player/_/id/3125107/andrew-beck",
    "headshot": "https://a.espncdn.com/combiner/i?img=/i/headshots/nfl/players/full/3125107.png",
    "birthdate": "Birthdate5/15/1996 (29)",
    "birthplace": null,
    "experience": "Experience6th Season",
    "draftInfo": null
  },
  {
    "team": "NYJ",
    "number": "",
    "name": "Irvin Charles19",
    "position": "WR",
    "height": "28",
    "weight": "6' 4\"",
    "age": "219 lbs",
    "college": "2",
    "playerId": "3929636",
    "profileUrl": "https://www.espn.com/nfl/player/_/id/3929636/irvin-charles",
    "headshot": "https://a.espncdn.com/combiner/i?img=/i/headshots/nfl/players/full/3929636.png",
    "birthdate": "Birthdate4/13/1997 (28)",
    "birthplace": null,
    "experience": "Experience2nd Season",
    "draftInfo": null
  },
  {
    "team": "NYJ",
    "number": "",
    "name": "Malachi Corley14",
    "position": "WR",
    "height": "23",
    "weight": "5' 11\"",
    "age": "215 lbs",
    "college": "R",
    "playerId": "4613104",
    "profileUrl": "https://www.espn.com/nfl/player/_/id/4613104/malachi-corley",
    "headshot": "https://a.espncdn.com/combiner/i?img=/i/headshots/nfl/players/full/4613104.png",
    "birthdate": "Birthdate3/21/2002 (23)",
    "birthplace": null,
    "experience": null,
    "draftInfo": "Draft Info2024: Rd 3, Pk 65 (NYJ)"
  },
  {
    "team": "NYJ",
    "number": "",
    "name": "Xavier Gipson82",
    "position": "WR",
    "height": "24",
    "weight": "5' 9\"",
    "age": "189 lbs",
    "college": "2",
    "playerId": "4427278",
    "profileUrl": "https://www.espn.com/nfl/player/_/id/4427278/xavier-gipson",
    "headshot": "https://a.espncdn.com/combiner/i?img=/i/headshots/nfl/players/full/4427278.png",
    "birthdate": "Birthdate3/8/2001 (24)",
    "birthplace": null,
    "experience": "Experience2nd Season",
    "draftInfo": null
  },
  {
    "team": "NYJ",
    "number": "",
    "name": "Tyler Johnson",
    "position": "WR",
    "height": "26",
    "weight": "6' 1\"",
    "age": "208 lbs",
    "college": "5",
    "playerId": "2310331",
    "profileUrl": "https://www.espn.com/nfl/player/_/id/2310331/tyler-johnson",
    "headshot": "https://a.espncdn.com/combiner/i?img=/i/headshots/nfl/players/full/2310331.png",
    "birthdate": "Birthdate8/25/1998 (26)",
    "birthplace": null,
    "experience": null,
    "draftInfo": "Draft Info2020: Rd 5, Pk 161 (TB)"
  },
  {
    "team": "NYJ",
    "number": "",
    "name": "Allen Lazard10",
    "position": "WR",
    "height": "29",
    "weight": "6' 5\"",
    "age": "227 lbs",
    "college": "6",
    "playerId": "3128390",
    "profileUrl": "https://www.espn.com/nfl/player/_/id/3128390/allen-lazard",
    "headshot": "https://a.espncdn.com/combiner/i?img=/i/headshots/nfl/players/full/3128390.png",
    "birthdate": "Birthdate12/11/1995 (29)",
    "birthplace": null,
    "experience": "Experience6th Season",
    "draftInfo": null
  },
  {
    "team": "NYJ",
    "number": "",
    "name": "Dymere Miller0",
    "position": "WR",
    "height": "--",
    "weight": "5' 11\"",
    "age": "184 lbs",
    "college": "R",
    "playerId": "4775266",
    "profileUrl": "https://www.espn.com/nfl/player/_/id/4775266/dymere-miller",
    "headshot": "https://a.espncdn.com/combiner/i?img=/i/headshots/college-football/players/full/4775266.png",
    "birthdate": null,
    "birthplace": "BirthplaceCoatesville, PA",
    "experience": "ExperienceRookie",
    "draftInfo": null
  },
  {
    "team": "NYJ",
    "number": "",
    "name": "Jamaal Pritchett",
    "position": "WR",
    "height": "--",
    "weight": "5' 8\"",
    "age": "175 lbs",
    "college": "R",
    "playerId": "4892576",
    "profileUrl": "https://www.espn.com/nfl/player/_/id/4892576/jamaal-pritchett",
    "headshot": "https://a.espncdn.com/combiner/i?img=/i/headshots/college-football/players/full/4892576.png",
    "birthdate": null,
    "birthplace": "BirthplaceJackson, AL",
    "experience": "ExperienceRookie",
    "draftInfo": null
  },
  {
    "team": "NYJ",
    "number": "",
    "name": "Josh Reynolds",
    "position": "WR",
    "height": "30",
    "weight": "6' 3\"",
    "age": "192 lbs",
    "college": "7",
    "playerId": "3115306",
    "profileUrl": "https://www.espn.com/nfl/player/_/id/3115306/josh-reynolds",
    "headshot": "https://a.espncdn.com/combiner/i?img=/i/headshots/nfl/players/full/3115306.png",
    "birthdate": "Birthdate2/16/1995 (30)",
    "birthplace": null,
    "experience": null,
    "draftInfo": "Draft Info2017: Rd 4, Pk 117 (LAR)"
  },
  {
    "team": "NYJ",
    "number": "",
    "name": "Quentin Skinner",
    "position": "WR",
    "height": "--",
    "weight": "6' 5\"",
    "age": "195 lbs",
    "college": "R",
    "playerId": "4613050",
    "profileUrl": "https://www.espn.com/nfl/player/_/id/4613050/quentin-skinner",
    "headshot": "https://a.espncdn.com/combiner/i?img=/i/headshots/college-football/players/full/4613050.png",
    "birthdate": null,
    "birthplace": "BirthplaceClaremore, OK",
    "experience": "ExperienceRookie",
    "draftInfo": null
  },
  {
    "team": "NYJ",
    "number": "",
    "name": "Arian Smith",
    "position": "WR",
    "height": "23",
    "weight": "6' 0\"",
    "age": "185 lbs",
    "college": "R",
    "playerId": "4429105",
    "profileUrl": "https://www.espn.com/nfl/player/_/id/4429105/arian-smith",
    "headshot": "https://a.espncdn.com/combiner/i?img=/i/headshots/nfl/players/full/4429105.png",
    "birthdate": "Birthdate10/11/2001 (23)",
    "birthplace": null,
    "experience": null,
    "draftInfo": "Draft Info2025: Rd 4, Pk 110 (NYJ)"
  },
  {
    "team": "NYJ",
    "number": "",
    "name": "Brandon Smith87",
    "position": "WR",
    "height": "26",
    "weight": "6' 2\"",
    "age": "220 lbs",
    "college": "1",
    "playerId": "4240577",
    "profileUrl": "https://www.espn.com/nfl/player/_/id/4240577/brandon-smith",
    "headshot": "https://a.espncdn.com/combiner/i?img=/i/headshots/nfl/players/full/4240577.png",
    "birthdate": "Birthdate12/10/1998 (26)",
    "birthplace": null,
    "experience": "Experience1st Season",
    "draftInfo": null
  },
  {
    "team": "NYJ",
    "number": "",
    "name": "Garrett Wilson5",
    "position": "WR",
    "height": "24",
    "weight": "6' 0\"",
    "age": "183 lbs",
    "college": "3",
    "playerId": "4569618",
    "profileUrl": "https://www.espn.com/nfl/player/_/id/4569618/garrett-wilson",
    "headshot": "https://a.espncdn.com/combiner/i?img=/i/headshots/nfl/players/full/4569618.png",
    "birthdate": "Birthdate7/22/2000 (24)",
    "birthplace": null,
    "experience": null,
    "draftInfo": "Draft Info2022: Rd 1, Pk 10 (NYJ)"
  },
  {
    "team": "NYJ",
    "number": "",
    "name": "Pokey Wilson",
    "position": "WR",
    "height": "25",
    "weight": "6' 0\"",
    "age": "181 lbs",
    "college": "R",
    "playerId": "4240033",
    "profileUrl": "https://www.espn.com/nfl/player/_/id/4240033/pokey-wilson",
    "headshot": "https://a.espncdn.com/combiner/i?img=/i/headshots/nfl/players/full/4240033.png",
    "birthdate": "Birthdate8/12/1999 (25)",
    "birthplace": null,
    "experience": "ExperienceRookie",
    "draftInfo": null
  },
  {
    "team": "NYJ",
    "number": "",
    "name": "Neal Johnson46",
    "position": "TE",
    "height": "23",
    "weight": "6' 4\"",
    "age": "250 lbs",
    "college": "R",
    "playerId": "4429927",
    "profileUrl": "https://www.espn.com/nfl/player/_/id/4429927/neal-johnson",
    "headshot": "https://a.espncdn.com/combiner/i?img=/i/headshots/nfl/players/full/4429927.png",
    "birthdate": "Birthdate8/3/2001 (23)",
    "birthplace": null,
    "experience": "ExperienceRookie",
    "draftInfo": null
  },
  {
    "team": "NYJ",
    "number": "",
    "name": "Zack Kuntz81",
    "position": "TE",
    "height": "25",
    "weight": "6' 8\"",
    "age": "251 lbs",
    "college": "1",
    "playerId": "4361417",
    "profileUrl": "https://www.espn.com/nfl/player/_/id/4361417/zack-kuntz",
    "headshot": "https://a.espncdn.com/combiner/i?img=/i/headshots/nfl/players/full/4361417.png",
    "birthdate": "Birthdate6/6/1999 (25)",
    "birthplace": null,
    "experience": null,
    "draftInfo": "Draft Info2023: Rd 7, Pk 220 (NYJ)"
  },
  {
    "team": "NYJ",
    "number": "",
    "name": "Jeremy Ruckert89",
    "position": "TE",
    "height": "24",
    "weight": "6' 5\"",
    "age": "250 lbs",
    "college": "3",
    "playerId": "4361372",
    "profileUrl": "https://www.espn.com/nfl/player/_/id/4361372/jeremy-ruckert",
    "headshot": "https://a.espncdn.com/combiner/i?img=/i/headshots/nfl/players/full/4361372.png",
    "birthdate": "Birthdate8/11/2000 (24)",
    "birthplace": null,
    "experience": null,
    "draftInfo": "Draft Info2022: Rd 3, Pk 101 (NYJ)"
  },
  {
    "team": "NYJ",
    "number": "",
    "name": "Stone Smartt84",
    "position": "TE",
    "height": "26",
    "weight": "6' 4\"",
    "age": "226 lbs",
    "college": "3",
    "playerId": "4250764",
    "profileUrl": "https://www.espn.com/nfl/player/_/id/4250764/stone-smartt",
    "headshot": "https://a.espncdn.com/combiner/i?img=/i/headshots/nfl/players/full/4250764.png",
    "birthdate": "Birthdate10/4/1998 (26)",
    "birthplace": null,
    "experience": "Experience3rd Season",
    "draftInfo": null
  },
  {
    "team": "NYJ",
    "number": "",
    "name": "Mason Taylor",
    "position": "TE",
    "height": "21",
    "weight": "6' 5\"",
    "age": "255 lbs",
    "college": "R",
    "playerId": "4808766",
    "profileUrl": "https://www.espn.com/nfl/player/_/id/4808766/mason-taylor",
    "headshot": "https://a.espncdn.com/combiner/i?img=/i/headshots/nfl/players/full/4808766.png",
    "birthdate": "Birthdate5/8/2004 (21)",
    "birthplace": null,
    "experience": null,
    "draftInfo": "Draft Info2025: Rd 2, Pk 42 (NYJ)"
  },
  {
    "team": "NYJ",
    "number": "",
    "name": "Gus Hartwig",
    "position": "C",
    "height": "--",
    "weight": "6' 5\"",
    "age": "305 lbs",
    "college": "R",
    "playerId": "4432237",
    "profileUrl": "https://www.espn.com/nfl/player/_/id/4432237/gus-hartwig",
    "headshot": "https://a.espncdn.com/combiner/i?img=/i/headshots/college-football/players/full/4432237.png",
    "birthdate": null,
    "birthplace": "BirthplaceZionsville, IN",
    "experience": "ExperienceRookie",
    "draftInfo": null
  },
  {
    "team": "NYJ",
    "number": "",
    "name": "Josh Myers",
    "position": "C",
    "height": "26",
    "weight": "6' 5\"",
    "age": "310 lbs",
    "college": "4",
    "playerId": "4242000",
    "profileUrl": "https://www.espn.com/nfl/player/_/id/4242000/josh-myers",
    "headshot": "https://a.espncdn.com/combiner/i?img=/i/headshots/nfl/players/full/4242000.png",
    "birthdate": "Birthdate7/16/1998 (26)",
    "birthplace": null,
    "experience": null,
    "draftInfo": "Draft Info2021: Rd 2, Pk 62 (GB)"
  },
  {
    "team": "NYJ",
    "number": "",
    "name": "Joe Tippmann66",
    "position": "C",
    "height": "24",
    "weight": "6' 6\"",
    "age": "313 lbs",
    "college": "2",
    "playerId": "4428681",
    "profileUrl": "https://www.espn.com/nfl/player/_/id/4428681/joe-tippmann",
    "headshot": "https://a.espncdn.com/combiner/i?img=/i/headshots/nfl/players/full/4428681.png",
    "birthdate": "Birthdate3/24/2001 (24)",
    "birthplace": null,
    "experience": null,
    "draftInfo": "Draft Info2023: Rd 2, Pk 43 (NYJ)"
  },
  {
    "team": "NYJ",
    "number": "",
    "name": "Zack Bailey69",
    "position": "G",
    "height": "29",
    "weight": "6' 5\"",
    "age": "299 lbs",
    "college": "3",
    "playerId": "3924352",
    "profileUrl": "https://www.espn.com/nfl/player/_/id/3924352/zack-bailey",
    "headshot": "https://a.espncdn.com/combiner/i?img=/i/headshots/nfl/players/full/3924352.png",
    "birthdate": "Birthdate11/8/1995 (29)",
    "birthplace": null,
    "experience": "Experience3rd Season",
    "draftInfo": null
  },
  {
    "team": "NYJ",
    "number": "",
    "name": "Kohl Levao64",
    "position": "G",
    "height": "27",
    "weight": "6' 5\"",
    "age": "324 lbs",
    "college": "1",
    "playerId": "4373951",
    "profileUrl": "https://www.espn.com/nfl/player/_/id/4373951/kohl-levao",
    "headshot": "https://a.espncdn.com/combiner/i?img=/i/headshots/nfl/players/full/4373951.png",
    "birthdate": "Birthdate2/21/1998 (27)",
    "birthplace": null,
    "experience": "Experience1st Season",
    "draftInfo": null
  },
  {
    "team": "NYJ",
    "number": "",
    "name": "Xavier Newman65",
    "position": "G",
    "height": "25",
    "weight": "6' 2\"",
    "age": "297 lbs",
    "college": "2",
    "playerId": "4259186",
    "profileUrl": "https://www.espn.com/nfl/player/_/id/4259186/xavier-newman",
    "headshot": "https://a.espncdn.com/combiner/i?img=/i/headshots/nfl/players/full/4259186.png",
    "birthdate": "Birthdate8/4/1999 (25)",
    "birthplace": null,
    "experience": "Experience2nd Season",
    "draftInfo": null
  },
  {
    "team": "NYJ",
    "number": "",
    "name": "John Simpson76",
    "position": "G",
    "height": "27",
    "weight": "6' 4\"",
    "age": "330 lbs",
    "college": "5",
    "playerId": "4035479",
    "profileUrl": "https://www.espn.com/nfl/player/_/id/4035479/john-simpson",
    "headshot": "https://a.espncdn.com/combiner/i?img=/i/headshots/nfl/players/full/4035479.png",
    "birthdate": "Birthdate8/19/1997 (27)",
    "birthplace": null,
    "experience": null,
    "draftInfo": "Draft Info2020: Rd 4, Pk 109 (LV)"
  },
  {
    "team": "NYJ",
    "number": "",
    "name": "Alijah Vera-Tucker75",
    "position": "G",
    "height": "25",
    "weight": "6' 5\"",
    "age": "308 lbs",
    "college": "4",
    "playerId": "4259646",
    "profileUrl": "https://www.espn.com/nfl/player/_/id/4259646/alijah-vera-tucker",
    "headshot": "https://a.espncdn.com/combiner/i?img=/i/headshots/nfl/players/full/4259646.png",
    "birthdate": "Birthdate6/17/1999 (25)",
    "birthplace": null,
    "experience": null,
    "draftInfo": "Draft Info2021: Rd 1, Pk 14 (NYJ)"
  },
  {
    "team": "NYJ",
    "number": "",
    "name": "Leander Wiegand",
    "position": "G",
    "height": "--",
    "weight": "6' 5\"",
    "age": "290 lbs",
    "college": "R",
    "playerId": "4705711",
    "profileUrl": "https://www.espn.com/nfl/player/_/id/4705711/leander-wiegand",
    "headshot": "https://a.espncdn.com/combiner/i?img=/i/headshots/college-football/players/full/4705711.png",
    "birthdate": null,
    "birthplace": "BirthplaceAachen, Germany",
    "experience": "ExperienceRookie",
    "draftInfo": null
  },
  {
    "team": "NYJ",
    "number": "",
    "name": "Obinna Eze68",
    "position": "OT",
    "height": "26",
    "weight": "6' 8\"",
    "age": "325 lbs",
    "college": "1",
    "playerId": "4243386",
    "profileUrl": "https://www.espn.com/nfl/player/_/id/4243386/obinna-eze",
    "headshot": "https://a.espncdn.com/combiner/i?img=/i/headshots/nfl/players/full/4243386.png",
    "birthdate": "Birthdate6/12/1998 (26)",
    "birthplace": null,
    "experience": "Experience1st Season",
    "draftInfo": null
  },
  {
    "team": "NYJ",
    "number": "",
    "name": "Olu Fashanu74",
    "position": "OT",
    "height": "22",
    "weight": "6' 6\"",
    "age": "312 lbs",
    "college": "R",
    "playerId": "4431809",
    "profileUrl": "https://www.espn.com/nfl/player/_/id/4431809/olu-fashanu",
    "headshot": "https://a.espncdn.com/combiner/i?img=/i/headshots/nfl/players/full/4431809.png",
    "birthdate": "Birthdate12/9/2002 (22)",
    "birthplace": null,
    "experience": null,
    "draftInfo": "Draft Info2024: Rd 1, Pk 11 (NYJ)"
  },
  {
    "team": "NYJ",
    "number": "",
    "name": "Armand Membou",
    "position": "OT",
    "height": "21",
    "weight": "6' 3\"",
    "age": "314 lbs",
    "college": "R",
    "playerId": "4789907",
    "profileUrl": "https://www.espn.com/nfl/player/_/id/4789907/armand-membou",
    "headshot": "https://a.espncdn.com/combiner/i?img=/i/headshots/nfl/players/full/4789907.png",
    "birthdate": "Birthdate3/27/2004 (21)",
    "birthplace": null,
    "experience": null,
    "draftInfo": "Draft Info2025: Rd 1, Pk 7 (NYJ)"
  },
  {
    "team": "NYJ",
    "number": "",
    "name": "Max Mitchell61",
    "position": "OT",
    "height": "25",
    "weight": "6' 6\"",
    "age": "307 lbs",
    "college": "3",
    "playerId": "4373656",
    "profileUrl": "https://www.espn.com/nfl/player/_/id/4373656/max-mitchell",
    "headshot": "https://a.espncdn.com/combiner/i?img=/i/headshots/nfl/players/full/4373656.png",
    "birthdate": "Birthdate10/12/1999 (25)",
    "birthplace": null,
    "experience": null,
    "draftInfo": "Draft Info2022: Rd 4, Pk 111 (NYJ)"
  },
  {
    "team": "NYJ",
    "number": "",
    "name": "Chukwuma Okorafor",
    "position": "OT",
    "height": "27",
    "weight": "6' 6\"",
    "age": "320 lbs",
    "college": "7",
    "playerId": "3129473",
    "profileUrl": "https://www.espn.com/nfl/player/_/id/3129473/chukwuma-okorafor",
    "headshot": "https://a.espncdn.com/combiner/i?img=/i/headshots/nfl/players/full/3129473.png",
    "birthdate": "Birthdate8/8/1997 (27)",
    "birthplace": null,
    "experience": null,
    "draftInfo": "Draft Info2018: Rd 3, Pk 92 (PIT)"
  },
  {
    "team": "NYJ",
    "number": "",
    "name": "Carter Warren67",
    "position": "OT",
    "height": "26",
    "weight": "6' 5\"",
    "age": "311 lbs",
    "college": "2",
    "playerId": "4240723",
    "profileUrl": "https://www.espn.com/nfl/player/_/id/4240723/carter-warren",
    "headshot": "https://a.espncdn.com/combiner/i?img=/i/headshots/nfl/players/full/4240723.png",
    "birthdate": "Birthdate1/19/1999 (26)",
    "birthplace": null,
    "experience": null,
    "draftInfo": "Draft Info2023: Rd 4, Pk 120 (NYJ)"
  },
  {
    "team": "NYJ",
    "number": "",
    "name": "Fatorma Mulbah",
    "position": "DL",
    "height": "--",
    "weight": "6' 4\"",
    "age": "306 lbs",
    "college": "R",
    "playerId": "4565309",
    "profileUrl": "https://www.espn.com/nfl/player/_/id/4565309/fatorma-mulbah",
    "headshot": "https://a.espncdn.com/combiner/i?img=/i/headshots/college-football/players/full/4565309.png",
    "birthdate": null,
    "birthplace": "BirthplaceHarrisburg, PA",
    "experience": "ExperienceRookie",
    "draftInfo": null
  },
  {
    "team": "NYJ",
    "number": "",
    "name": "Tyler Baron",
    "position": "DE",
    "height": "23",
    "weight": "6' 5\"",
    "age": "260 lbs",
    "college": "R",
    "playerId": "4692555",
    "profileUrl": "https://www.espn.com/nfl/player/_/id/4692555/tyler-baron",
    "headshot": "https://a.espncdn.com/combiner/i?img=/i/headshots/nfl/players/full/4692555.png",
    "birthdate": "Birthdate10/22/2001 (23)",
    "birthplace": null,
    "experience": null,
    "draftInfo": "Draft Info2025: Rd 5, Pk 176 (NYJ)"
  },
  {
    "team": "NYJ",
    "number": "",
    "name": "Micheal Clemons72",
    "position": "DE",
    "height": "27",
    "weight": "6' 5\"",
    "age": "263 lbs",
    "college": "3",
    "playerId": "4240896",
    "profileUrl": "https://www.espn.com/nfl/player/_/id/4240896/micheal-clemons",
    "headshot": "https://a.espncdn.com/combiner/i?img=/i/headshots/nfl/players/full/4240896.png",
    "birthdate": "Birthdate8/21/1997 (27)",
    "birthplace": null,
    "experience": null,
    "draftInfo": "Draft Info2022: Rd 4, Pk 117 (NYJ)"
  },
  {
    "team": "NYJ",
    "number": "",
    "name": "Michael Fletcher",
    "position": "DE",
    "height": "--",
    "weight": "6' 6\"",
    "age": "275 lbs",
    "college": "R",
    "playerId": "4427196",
    "profileUrl": "https://www.espn.com/nfl/player/_/id/4427196/michael-fletcher",
    "headshot": "https://a.espncdn.com/combiner/i?img=/i/headshots/college-football/players/full/4427196.png",
    "birthdate": null,
    "birthplace": "BirthplaceFlint, MI",
    "experience": "ExperienceRookie",
    "draftInfo": null
  },
  {
    "team": "NYJ",
    "number": "",
    "name": "Will McDonald IV99",
    "position": "DE",
    "height": "25",
    "weight": "6' 4\"",
    "age": "236 lbs",
    "college": "2",
    "playerId": "4361767",
    "profileUrl": "https://www.espn.com/nfl/player/_/id/4361767/will-mcdonald-iv",
    "headshot": "https://a.espncdn.com/combiner/i?img=/i/headshots/nfl/players/full/4361767.png",
    "birthdate": "Birthdate6/4/1999 (25)",
    "birthplace": null,
    "experience": null,
    "draftInfo": "Draft Info2023: Rd 1, Pk 15 (NYJ)"
  },
  {
    "team": "NYJ",
    "number": "",
    "name": "Braiden McGregor91",
    "position": "DE",
    "height": "23",
    "weight": "6' 6\"",
    "age": "267 lbs",
    "college": "R",
    "playerId": "4429005",
    "profileUrl": "https://www.espn.com/nfl/player/_/id/4429005/braiden-mcgregor",
    "headshot": "https://a.espncdn.com/combiner/i?img=/i/headshots/nfl/players/full/4429005.png",
    "birthdate": "Birthdate7/12/2001 (23)",
    "birthplace": null,
    "experience": "ExperienceRookie",
    "draftInfo": null
  },
  {
    "team": "NYJ",
    "number": "",
    "name": "Eric Watts58",
    "position": "DE",
    "height": "24",
    "weight": "6' 5\"",
    "age": "277 lbs",
    "college": "R",
    "playerId": "4569016",
    "profileUrl": "https://www.espn.com/nfl/player/_/id/4569016/eric-watts",
    "headshot": "https://a.espncdn.com/combiner/i?img=/i/headshots/nfl/players/full/4569016.png",
    "birthdate": "Birthdate10/1/2000 (24)",
    "birthplace": null,
    "experience": "ExperienceRookie",
    "draftInfo": null
  },
  {
    "team": "NYJ",
    "number": "",
    "name": "Ja'Markis Weston",
    "position": "DE",
    "height": "--",
    "weight": "6' 3\"",
    "age": "235 lbs",
    "college": "R",
    "playerId": "4567416",
    "profileUrl": "https://www.espn.com/nfl/player/_/id/4567416/jamarkis-weston",
    "headshot": "https://a.espncdn.com/combiner/i?img=/i/headshots/college-football/players/full/4567416.png",
    "birthdate": null,
    "birthplace": "BirthplaceClewiston, FL",
    "experience": "ExperienceRookie",
    "draftInfo": null
  },
  {
    "team": "NYJ",
    "number": "",
    "name": "Byron Cowart93",
    "position": "DT",
    "height": "28",
    "weight": "6' 3\"",
    "age": "300 lbs",
    "college": "4",
    "playerId": "3916922",
    "profileUrl": "https://www.espn.com/nfl/player/_/id/3916922/byron-cowart",
    "headshot": "https://a.espncdn.com/combiner/i?img=/i/headshots/nfl/players/full/3916922.png",
    "birthdate": "Birthdate5/20/1996 (28)",
    "birthplace": null,
    "experience": null,
    "draftInfo": "Draft Info2019: Rd 5, Pk 159 (NE)"
  },
  {
    "team": "NYJ",
    "number": "",
    "name": "Phidarian Mathis51",
    "position": "DT",
    "height": "27",
    "weight": "6' 4\"",
    "age": "312 lbs",
    "college": "3",
    "playerId": "4241468",
    "profileUrl": "https://www.espn.com/nfl/player/_/id/4241468/phidarian-mathis",
    "headshot": "https://a.espncdn.com/combiner/i?img=/i/headshots/nfl/players/full/4241468.png",
    "birthdate": "Birthdate4/26/1998 (27)",
    "birthplace": null,
    "experience": null,
    "draftInfo": "Draft Info2022: Rd 2, Pk 47 (WSH)"
  },
  {
    "team": "NYJ",
    "number": "",
    "name": "Derrick Nnadi",
    "position": "DT",
    "height": "29",
    "weight": "6' 1\"",
    "age": "317 lbs",
    "college": "7",
    "playerId": "3122930",
    "profileUrl": "https://www.espn.com/nfl/player/_/id/3122930/derrick-nnadi",
    "headshot": "https://a.espncdn.com/combiner/i?img=/i/headshots/nfl/players/full/3122930.png",
    "birthdate": "Birthdate5/9/1996 (29)",
    "birthplace": null,
    "experience": null,
    "draftInfo": "Draft Info2018: Rd 3, Pk 75 (KC)"
  },
  {
    "team": "NYJ",
    "number": "",
    "name": "Payton Page",
    "position": "DT",
    "height": "--",
    "weight": "6' 4\"",
    "age": "310 lbs",
    "college": "R",
    "playerId": "4431582",
    "profileUrl": "https://www.espn.com/nfl/player/_/id/4431582/payton-page",
    "headshot": "https://a.espncdn.com/combiner/i?img=/i/headshots/college-football/players/full/4431582.png",
    "birthdate": null,
    "birthplace": "BirthplaceGreensboro, NC",
    "experience": "ExperienceRookie",
    "draftInfo": null
  },
  {
    "team": "NYJ",
    "number": "",
    "name": "Leonard Taylor III96",
    "position": "DT",
    "height": "22",
    "weight": "6' 3\"",
    "age": "305 lbs",
    "college": "R",
    "playerId": "4431598",
    "profileUrl": "https://www.espn.com/nfl/player/_/id/4431598/leonard-taylor-iii",
    "headshot": "https://a.espncdn.com/combiner/i?img=/i/headshots/nfl/players/full/4431598.png",
    "birthdate": "Birthdate5/29/2002 (22)",
    "birthplace": null,
    "experience": "ExperienceRookie",
    "draftInfo": null
  },
  {
    "team": "NYJ",
    "number": "",
    "name": "Jay Tufele",
    "position": "DT",
    "height": "25",
    "weight": "6' 3\"",
    "age": "305 lbs",
    "college": "5",
    "playerId": "4259647",
    "profileUrl": "https://www.espn.com/nfl/player/_/id/4259647/jay-tufele",
    "headshot": "https://a.espncdn.com/combiner/i?img=/i/headshots/nfl/players/full/4259647.png",
    "birthdate": "Birthdate7/25/1999 (25)",
    "birthplace": null,
    "experience": null,
    "draftInfo": "Draft Info2021: Rd 4, Pk 106 (JAX)"
  },
  {
    "team": "NYJ",
    "number": "",
    "name": "Quinnen Williams95",
    "position": "DT",
    "height": "27",
    "weight": "6' 3\"",
    "age": "303 lbs",
    "college": "6",
    "playerId": "4040982",
    "profileUrl": "https://www.espn.com/nfl/player/_/id/4040982/quinnen-williams",
    "headshot": "https://a.espncdn.com/combiner/i?img=/i/headshots/nfl/players/full/4040982.png",
    "birthdate": "Birthdate12/20/1997 (27)",
    "birthplace": null,
    "experience": null,
    "draftInfo": "Draft Info2019: Rd 1, Pk 3 (NYJ)"
  },
  {
    "team": "NYJ",
    "number": "",
    "name": "Zaire Barnes53",
    "position": "LB",
    "height": "25",
    "weight": "6' 1\"",
    "age": "227 lbs",
    "college": "2",
    "playerId": "4362234",
    "profileUrl": "https://www.espn.com/nfl/player/_/id/4362234/zaire-barnes",
    "headshot": "https://a.espncdn.com/combiner/i?img=/i/headshots/nfl/players/full/4362234.png",
    "birthdate": "Birthdate9/3/1999 (25)",
    "birthplace": null,
    "experience": null,
    "draftInfo": "Draft Info2023: Rd 6, Pk 184 (NYJ)"
  },
  {
    "team": "NYJ",
    "number": "",
    "name": "Jared Bartlett",
    "position": "LB",
    "height": "--",
    "weight": "6' 2\"",
    "age": "237 lbs",
    "college": "R",
    "playerId": "4426646",
    "profileUrl": "https://www.espn.com/nfl/player/_/id/4426646/jared-bartlett",
    "headshot": "https://a.espncdn.com/combiner/i?img=/i/headshots/college-football/players/full/4426646.png",
    "birthdate": null,
    "birthplace": "BirthplaceMiami, FL",
    "experience": "ExperienceRookie",
    "draftInfo": null
  },
  {
    "team": "NYJ",
    "number": "",
    "name": "Jamin Davis50",
    "position": "LB",
    "height": "26",
    "weight": "6' 4\"",
    "age": "234 lbs",
    "college": "4",
    "playerId": "4240778",
    "profileUrl": "https://www.espn.com/nfl/player/_/id/4240778/jamin-davis",
    "headshot": "https://a.espncdn.com/combiner/i?img=/i/headshots/nfl/players/full/4240778.png",
    "birthdate": "Birthdate12/12/1998 (26)",
    "birthplace": null,
    "experience": null,
    "draftInfo": "Draft Info2021: Rd 1, Pk 19 (WSH)"
  },
  {
    "team": "NYJ",
    "number": "",
    "name": "Jermaine Johnson11",
    "position": "LB",
    "height": "26",
    "weight": "6' 5\"",
    "age": "262 lbs",
    "college": "3",
    "playerId": "4567962",
    "profileUrl": "https://www.espn.com/nfl/player/_/id/4567962/jermaine-johnson",
    "headshot": "https://a.espncdn.com/combiner/i?img=/i/headshots/nfl/players/full/4567962.png",
    "birthdate": "Birthdate1/7/1999 (26)",
    "birthplace": null,
    "experience": null,
    "draftInfo": "Draft Info2022: Rd 1, Pk 26 (NYJ)"
  },
  {
    "team": "NYJ",
    "number": "",
    "name": "Francisco Mauigoa",
    "position": "LB",
    "height": "22",
    "weight": "6' 3\"",
    "age": "230 lbs",
    "college": "R",
    "playerId": "4700136",
    "profileUrl": "https://www.espn.com/nfl/player/_/id/4700136/francisco-mauigoa",
    "headshot": "https://a.espncdn.com/combiner/i?img=/i/headshots/nfl/players/full/4700136.png",
    "birthdate": "Birthdate3/17/2003 (22)",
    "birthplace": null,
    "experience": null,
    "draftInfo": "Draft Info2025: Rd 5, Pk 162 (NYJ)"
  },
  {
    "team": "NYJ",
    "number": "",
    "name": "Marcelino McCrary-Ball41",
    "position": "LB",
    "height": "26",
    "weight": "6' 0\"",
    "age": "214 lbs",
    "college": "1",
    "playerId": "4045299",
    "profileUrl": "https://www.espn.com/nfl/player/_/id/4045299/marcelino-mccrary-ball",
    "headshot": "https://a.espncdn.com/combiner/i?img=/i/headshots/nfl/players/full/4045299.png",
    "birthdate": "Birthdate3/23/1999 (26)",
    "birthplace": null,
    "experience": "Experience1st Season",
    "draftInfo": null
  },
  {
    "team": "NYJ",
    "number": "",
    "name": "Jamien Sherwood44",
    "position": "LB",
    "height": "25",
    "weight": "6' 2\"",
    "age": "216 lbs",
    "college": "4",
    "playerId": "4361331",
    "profileUrl": "https://www.espn.com/nfl/player/_/id/4361331/jamien-sherwood",
    "headshot": "https://a.espncdn.com/combiner/i?img=/i/headshots/nfl/players/full/4361331.png",
    "birthdate": "Birthdate1/12/2000 (25)",
    "birthplace": null,
    "experience": null,
    "draftInfo": "Draft Info2021: Rd 5, Pk 146 (NYJ)"
  },
  {
    "team": "NYJ",
    "number": "",
    "name": "Jackson Sirmon49",
    "position": "LB",
    "height": "25",
    "weight": "6' 2\"",
    "age": "240 lbs",
    "college": "R",
    "playerId": "4361101",
    "profileUrl": "https://www.espn.com/nfl/player/_/id/4361101/jackson-sirmon",
    "headshot": "https://a.espncdn.com/combiner/i?img=/i/headshots/nfl/players/full/4361101.png",
    "birthdate": "Birthdate4/15/2000 (25)",
    "birthplace": null,
    "experience": "ExperienceRookie",
    "draftInfo": null
  },
  {
    "team": "NYJ",
    "number": "",
    "name": "Aaron Smith",
    "position": "LB",
    "height": "--",
    "weight": "6' 2\"",
    "age": "230 lbs",
    "college": "R",
    "playerId": "4749258",
    "profileUrl": "https://www.espn.com/nfl/player/_/id/4749258/aaron-smith",
    "headshot": "https://a.espncdn.com/combiner/i?img=/i/headshots/college-football/players/full/4749258.png",
    "birthdate": null,
    "birthplace": "BirthplaceManning, SC",
    "experience": "ExperienceRookie",
    "draftInfo": null
  },
  {
    "team": "NYJ",
    "number": "",
    "name": "Rashad Weaver",
    "position": "LB",
    "height": "27",
    "weight": "6' 4\"",
    "age": "259 lbs",
    "college": "4",
    "playerId": "4036076",
    "profileUrl": "https://www.espn.com/nfl/player/_/id/4036076/rashad-weaver",
    "headshot": "https://a.espncdn.com/combiner/i?img=/i/headshots/nfl/players/full/4036076.png",
    "birthdate": "Birthdate11/10/1997 (27)",
    "birthplace": null,
    "experience": null,
    "draftInfo": "Draft Info2021: Rd 4, Pk 135 (TEN)"
  },
  {
    "team": "NYJ",
    "number": "",
    "name": "Quincy Williams56",
    "position": "LB",
    "height": "28",
    "weight": "5' 11\"",
    "age": "230 lbs",
    "college": "6",
    "playerId": "3110565",
    "profileUrl": "https://www.espn.com/nfl/player/_/id/3110565/quincy-williams",
    "headshot": "https://a.espncdn.com/combiner/i?img=/i/headshots/nfl/players/full/3110565.png",
    "birthdate": "Birthdate8/28/1996 (28)",
    "birthplace": null,
    "experience": null,
    "draftInfo": "Draft Info2019: Rd 3, Pk 98 (JAX)"
  },
  {
    "team": "NYJ",
    "number": "",
    "name": "Jarrick Bernard-Converse29",
    "position": "CB",
    "height": "25",
    "weight": "6' 1\"",
    "age": "205 lbs",
    "college": "2",
    "playerId": "4361834",
    "profileUrl": "https://www.espn.com/nfl/player/_/id/4361834/jarrick-bernard-converse",
    "headshot": "https://a.espncdn.com/combiner/i?img=/i/headshots/nfl/players/full/4361834.png",
    "birthdate": "Birthdate4/29/2000 (25)",
    "birthplace": null,
    "experience": null,
    "draftInfo": "Draft Info2023: Rd 6, Pk 204 (NYJ)"
  },
  {
    "team": "NYJ",
    "number": "",
    "name": "Kris Boyd",
    "position": "CB",
    "height": "28",
    "weight": "5' 11\"",
    "age": "201 lbs",
    "college": "7",
    "playerId": "3929845",
    "profileUrl": "https://www.espn.com/nfl/player/_/id/3929845/kris-boyd",
    "headshot": "https://a.espncdn.com/combiner/i?img=/i/headshots/nfl/players/full/3929845.png",
    "birthdate": "Birthdate9/12/1996 (28)",
    "birthplace": null,
    "experience": null,
    "draftInfo": "Draft Info2019: Rd 7, Pk 217 (MIN)"
  },
  {
    "team": "NYJ",
    "number": "",
    "name": "Michael Carter II30",
    "position": "CB",
    "height": "26",
    "weight": "5' 10\"",
    "age": "184 lbs",
    "college": "4",
    "playerId": "4240456",
    "profileUrl": "https://www.espn.com/nfl/player/_/id/4240456/michael-carter-ii",
    "headshot": "https://a.espncdn.com/combiner/i?img=/i/headshots/nfl/players/full/4240456.png",
    "birthdate": "Birthdate3/8/1999 (26)",
    "birthplace": null,
    "experience": null,
    "draftInfo": "Draft Info2021: Rd 5, Pk 154 (NYJ)"
  },
  {
    "team": "NYJ",
    "number": "",
    "name": "Sauce Gardner1",
    "position": "CB",
    "height": "24",
    "weight": "6' 3\"",
    "age": "190 lbs",
    "college": "3",
    "playerId": "4427250",
    "profileUrl": "https://www.espn.com/nfl/player/_/id/4427250/sauce-gardner",
    "headshot": "https://a.espncdn.com/combiner/i?img=/i/headshots/nfl/players/full/4427250.png",
    "birthdate": "Birthdate8/31/2000 (24)",
    "birthplace": null,
    "experience": null,
    "draftInfo": "Draft Info2022: Rd 1, Pk 4 (NYJ)"
  },
  {
    "team": "NYJ",
    "number": "",
    "name": "Isaiah Oliver23",
    "position": "CB",
    "height": "28",
    "weight": "6' 0\"",
    "age": "202 lbs",
    "college": "7",
    "playerId": "3915437",
    "profileUrl": "https://www.espn.com/nfl/player/_/id/3915437/isaiah-oliver",
    "headshot": "https://a.espncdn.com/combiner/i?img=/i/headshots/nfl/players/full/3915437.png",
    "birthdate": "Birthdate9/30/1996 (28)",
    "birthplace": null,
    "experience": null,
    "draftInfo": "Draft Info2018: Rd 2, Pk 58 (ATL)"
  },
  {
    "team": "NYJ",
    "number": "",
    "name": "Brandon Stephens",
    "position": "CB",
    "height": "27",
    "weight": "6' 1\"",
    "age": "215 lbs",
    "college": "4",
    "playerId": "4035824",
    "profileUrl": "https://www.espn.com/nfl/player/_/id/4035824/brandon-stephens",
    "headshot": "https://a.espncdn.com/combiner/i?img=/i/headshots/nfl/players/full/4035824.png",
    "birthdate": "Birthdate12/29/1997 (27)",
    "birthplace": null,
    "experience": null,
    "draftInfo": "Draft Info2021: Rd 3, Pk 104 (BAL)"
  },
  {
    "team": "NYJ",
    "number": "",
    "name": "Qwan'tez Stiggers37",
    "position": "CB",
    "height": "23",
    "weight": "6' 0\"",
    "age": "197 lbs",
    "college": "1",
    "playerId": "5208977",
    "profileUrl": "https://www.espn.com/nfl/player/_/id/5208977/qwantez-stiggers",
    "headshot": "https://a.espncdn.com/combiner/i?img=/i/headshots/nfl/players/full/5208977.png",
    "birthdate": "Birthdate1/8/2002 (23)",
    "birthplace": null,
    "experience": "Experience1st Season",
    "draftInfo": "Draft Info2024: Rd 5, Pk 176 (NYJ)"
  },
  {
    "team": "NYJ",
    "number": "",
    "name": "Tre Swilling31",
    "position": "CB",
    "height": "26",
    "weight": "6' 0\"",
    "age": "196 lbs",
    "college": "1",
    "playerId": "4240476",
    "profileUrl": "https://www.espn.com/nfl/player/_/id/4240476/tre-swilling",
    "headshot": "https://a.espncdn.com/combiner/i?img=/i/headshots/nfl/players/full/4240476.png",
    "birthdate": "Birthdate3/26/1999 (26)",
    "birthplace": null,
    "experience": "Experience1st Season",
    "draftInfo": null
  },
  {
    "team": "NYJ",
    "number": "",
    "name": "Azareye'h Thomas",
    "position": "CB",
    "height": "20",
    "weight": "6' 2\"",
    "age": "198 lbs",
    "college": "R",
    "playerId": "4685596",
    "profileUrl": "https://www.espn.com/nfl/player/_/id/4685596/azareyeh-thomas",
    "headshot": "https://a.espncdn.com/combiner/i?img=/i/headshots/nfl/players/full/4685596.png",
    "birthdate": "Birthdate7/6/2004 (20)",
    "birthplace": null,
    "experience": null,
    "draftInfo": "Draft Info2025: Rd 3, Pk 73 (NYJ)"
  },
  {
    "team": "NYJ",
    "number": "",
    "name": "Dean Clark",
    "position": "DB",
    "height": "--",
    "weight": "6' 1\"",
    "age": "206 lbs",
    "college": "R",
    "playerId": "4426921",
    "profileUrl": "https://www.espn.com/nfl/player/_/id/4426921/dean-clark",
    "headshot": "https://a.espncdn.com/combiner/i?img=/i/headshots/college-football/players/full/4426921.png",
    "birthdate": null,
    "birthplace": "BirthplaceMassillon, OH",
    "experience": "ExperienceRookie",
    "draftInfo": null
  },
  {
    "team": "NYJ",
    "number": "",
    "name": "Tony Adams22",
    "position": "S",
    "height": "26",
    "weight": "5' 11\"",
    "age": "203 lbs",
    "college": "3",
    "playerId": "4240532",
    "profileUrl": "https://www.espn.com/nfl/player/_/id/4240532/tony-adams",
    "headshot": "https://a.espncdn.com/combiner/i?img=/i/headshots/nfl/players/full/4240532.png",
    "birthdate": "Birthdate1/24/1999 (26)",
    "birthplace": null,
    "experience": "Experience3rd Season",
    "draftInfo": null
  },
  {
    "team": "NYJ",
    "number": "",
    "name": "Andre Cisco",
    "position": "S",
    "height": "25",
    "weight": "6' 0\"",
    "age": "210 lbs",
    "college": "4",
    "playerId": "4361939",
    "profileUrl": "https://www.espn.com/nfl/player/_/id/4361939/andre-cisco",
    "headshot": "https://a.espncdn.com/combiner/i?img=/i/headshots/nfl/players/full/4361939.png",
    "birthdate": "Birthdate3/23/2000 (25)",
    "birthplace": null,
    "experience": null,
    "draftInfo": "Draft Info2021: Rd 3, Pk 65 (JAX)"
  },
  {
    "team": "NYJ",
    "number": "",
    "name": "Jordan Clark",
    "position": "S",
    "height": "24",
    "weight": "5' 10\"",
    "age": "181 lbs",
    "college": "R",
    "playerId": "4429411",
    "profileUrl": "https://www.espn.com/nfl/player/_/id/4429411/jordan-clark",
    "headshot": "https://a.espncdn.com/combiner/i?img=/i/headshots/college-football/players/full/4429411.png",
    "birthdate": "Birthdate4/22/2001 (24)",
    "birthplace": null,
    "experience": "ExperienceRookie",
    "draftInfo": null
  },
  {
    "team": "NYJ",
    "number": "",
    "name": "Jarius Monroe39",
    "position": "S",
    "height": "24",
    "weight": "6' 2\"",
    "age": "205 lbs",
    "college": "R",
    "playerId": "4430182",
    "profileUrl": "https://www.espn.com/nfl/player/_/id/4430182/jarius-monroe",
    "headshot": "https://a.espncdn.com/combiner/i?img=/i/headshots/nfl/players/full/4430182.png",
    "birthdate": "Birthdate10/6/2000 (24)",
    "birthplace": null,
    "experience": "ExperienceRookie",
    "draftInfo": null
  },
  {
    "team": "NYJ",
    "number": "",
    "name": "Malachi Moore",
    "position": "S",
    "height": "23",
    "weight": "6' 0\"",
    "age": "201 lbs",
    "college": "R",
    "playerId": "4692024",
    "profileUrl": "https://www.espn.com/nfl/player/_/id/4692024/malachi-moore",
    "headshot": "https://a.espncdn.com/combiner/i?img=/i/headshots/nfl/players/full/4692024.png",
    "birthdate": "Birthdate9/13/2001 (23)",
    "birthplace": null,
    "experience": null,
    "draftInfo": "Draft Info2025: Rd 4, Pk 130 (NYJ)"
  },
  {
    "team": "NYJ",
    "number": "",
    "name": "Jaylin Simpson25",
    "position": "S",
    "height": "25",
    "weight": "6' 0\"",
    "age": "179 lbs",
    "college": "R",
    "playerId": "4567225",
    "profileUrl": "https://www.espn.com/nfl/player/_/id/4567225/jaylin-simpson",
    "headshot": "https://a.espncdn.com/combiner/i?img=/i/headshots/nfl/players/full/4567225.png",
    "birthdate": "Birthdate3/17/2000 (25)",
    "birthplace": null,
    "experience": null,
    "draftInfo": "Draft Info2024: Rd 5, Pk 164 (IND)"
  },
  {
    "team": "NYJ",
    "number": "",
    "name": "Anders Carlson18",
    "position": "PK",
    "height": "26",
    "weight": "6' 5\"",
    "age": "220 lbs",
    "college": "2",
    "playerId": "4242519",
    "profileUrl": "https://www.espn.com/nfl/player/_/id/4242519/anders-carlson",
    "headshot": "https://a.espncdn.com/combiner/i?img=/i/headshots/nfl/players/full/4242519.png",
    "birthdate": "Birthdate6/16/1998 (26)",
    "birthplace": null,
    "experience": null,
    "draftInfo": "Draft Info2023: Rd 6, Pk 207 (GB)"
  },
  {
    "team": "NYJ",
    "number": "",
    "name": "Caden Davis",
    "position": "PK",
    "height": "--",
    "weight": "6' 2\"",
    "age": "210 lbs",
    "college": "R",
    "playerId": "4570688",
    "profileUrl": "https://www.espn.com/nfl/player/_/id/4570688/caden-davis",
    "headshot": "https://a.espncdn.com/combiner/i?img=/i/headshots/college-football/players/full/4570688.png",
    "birthdate": null,
    "birthplace": "BirthplaceCoppell, TX",
    "experience": "ExperienceRookie",
    "draftInfo": null
  },
  {
    "team": "NYJ",
    "number": "",
    "name": "Kai Kroeger",
    "position": "P",
    "height": "--",
    "weight": "6' 4\"",
    "age": "213 lbs",
    "college": "R",
    "playerId": "4570033",
    "profileUrl": "https://www.espn.com/nfl/player/_/id/4570033/kai-kroeger",
    "headshot": "https://a.espncdn.com/combiner/i?img=/i/headshots/college-football/players/full/4570033.png",
    "birthdate": null,
    "birthplace": "BirthplaceLake Forest, IL",
    "experience": "ExperienceRookie",
    "draftInfo": null
  },
  {
    "team": "NYJ",
    "number": "",
    "name": "Austin McNamara",
    "position": "P",
    "height": "24",
    "weight": "6' 5\"",
    "age": "204 lbs",
    "college": "R",
    "playerId": "4427982",
    "profileUrl": "https://www.espn.com/nfl/player/_/id/4427982/austin-mcnamara",
    "headshot": "https://a.espncdn.com/combiner/i?img=/i/headshots/nfl/players/full/4427982.png",
    "birthdate": "Birthdate2/24/2001 (24)",
    "birthplace": null,
    "experience": "ExperienceRookie",
    "draftInfo": null
  },
  {
    "team": "NYJ",
    "number": "",
    "name": "Thomas Hennessy42",
    "position": "LS",
    "height": "30",
    "weight": "6' 2\"",
    "age": "246 lbs",
    "college": "8",
    "playerId": "2983155",
    "profileUrl": "https://www.espn.com/nfl/player/_/id/2983155/thomas-hennessy",
    "headshot": "https://a.espncdn.com/combiner/i?img=/i/headshots/nfl/players/full/2983155.png",
    "birthdate": "Birthdate6/11/1994 (30)",
    "birthplace": null,
    "experience": "Experience8th Season",
    "draftInfo": null
  }
]