[
  {
    "team": "PHI",
    "number": "",
    "name": "Jalen Hurts1",
    "position": "QB",
    "height": "26",
    "weight": "6' 1\"",
    "age": "223 lbs",
    "college": "5",
    "playerId": "4040715",
    "profileUrl": "https://www.espn.com/nfl/player/_/id/4040715/jalen-hurts",
    "headshot": "https://a.espncdn.com/combiner/i?img=/i/headshots/nfl/players/full/4040715.png",
    "birthdate": "Birthdate8/7/1998 (26)",
    "birthplace": null,
    "experience": null,
    "draftInfo": "Draft Info2020: Rd 2, Pk 53 (PHI)"
  },
  {
    "team": "PHI",
    "number": "",
    "name": "Kyle McCord",
    "position": "QB",
    "height": "22",
    "weight": "6' 3\"",
    "age": "220 lbs",
    "college": "R",
    "playerId": "4433971",
    "profileUrl": "https://www.espn.com/nfl/player/_/id/4433971/kyle-mccord",
    "headshot": "https://a.espncdn.com/combiner/i?img=/i/headshots/nfl/players/full/4433971.png",
    "birthdate": "Birthdate9/19/2002 (22)",
    "birthplace": null,
    "experience": null,
    "draftInfo": "Draft Info2025: Rd 6, Pk 181 (PHI)"
  },
  {
    "team": "PHI",
    "number": "",
    "name": "Tanner McKee16",
    "position": "QB",
    "height": "25",
    "weight": "6' 6\"",
    "age": "231 lbs",
    "college": "2",
    "playerId": "4685201",
    "profileUrl": "https://www.espn.com/nfl/player/_/id/4685201/tanner-mckee",
    "headshot": "https://a.espncdn.com/combiner/i?img=/i/headshots/nfl/players/full/4685201.png",
    "birthdate": "Birthdate4/27/2000 (25)",
    "birthplace": null,
    "experience": null,
    "draftInfo": "Draft Info2023: Rd 6, Pk 188 (PHI)"
  },
  {
    "team": "PHI",
    "number": "",
    "name": "Dorian Thompson-Robinson",
    "position": "QB",
    "height": "25",
    "weight": "6' 2\"",
    "age": "203 lbs",
    "college": "2",
    "playerId": "4367178",
    "profileUrl": "https://www.espn.com/nfl/player/_/id/4367178/dorian-thompson-robinson",
    "headshot": "https://a.espncdn.com/combiner/i?img=/i/headshots/nfl/players/full/4367178.png",
    "birthdate": "Birthdate11/14/1999 (25)",
    "birthplace": null,
    "experience": null,
    "draftInfo": "Draft Info2023: Rd 5, Pk 140 (CLE)"
  },
  {
    "team": "PHI",
    "number": "",
    "name": "Saquon Barkley26",
    "position": "RB",
    "height": "28",
    "weight": "6' 0\"",
    "age": "233 lbs",
    "college": "7",
    "playerId": "3929630",
    "profileUrl": "https://www.espn.com/nfl/player/_/id/3929630/saquon-barkley",
    "headshot": "https://a.espncdn.com/combiner/i?img=/i/headshots/nfl/players/full/3929630.png",
    "birthdate": "Birthdate2/9/1997 (28)",
    "birthplace": null,
    "experience": null,
    "draftInfo": "Draft Info2018: Rd 1, Pk 2 (NYG)"
  },
  {
    "team": "PHI",
    "number": "",
    "name": "AJ Dillon",
    "position": "RB",
    "height": "27",
    "weight": "6' 0\"",
    "age": "247 lbs",
    "college": "5",
    "playerId": "4239934",
    "profileUrl": "https://www.espn.com/nfl/player/_/id/4239934/aj-dillon",
    "headshot": "https://a.espncdn.com/combiner/i?img=/i/headshots/nfl/players/full/4239934.png",
    "birthdate": "Birthdate5/2/1998 (27)",
    "birthplace": null,
    "experience": null,
    "draftInfo": "Draft Info2020: Rd 2, Pk 62 (GB)"
  },
  {
    "team": "PHI",
    "number": "",
    "name": "Montrell Johnson Jr.",
    "position": "RB",
    "height": "--",
    "weight": "5' 11\"",
    "age": "216 lbs",
    "college": "R",
    "playerId": "4684625",
    "profileUrl": "https://www.espn.com/nfl/player/_/id/4684625/montrell-johnson-jr",
    "headshot": "https://a.espncdn.com/combiner/i?img=/i/headshots/college-football/players/full/4684625.png",
    "birthdate": null,
    "birthplace": "BirthplaceNew Orleans, LA",
    "experience": "ExperienceRookie",
    "draftInfo": null
  },
  {
    "team": "PHI",
    "number": "",
    "name": "Lew Nichols",
    "position": "RB",
    "height": "23",
    "weight": "5' 10\"",
    "age": "220 lbs",
    "college": "1",
    "playerId": "4428119",
    "profileUrl": "https://www.espn.com/nfl/player/_/id/4428119/lew-nichols",
    "headshot": "https://a.espncdn.com/combiner/i?img=/i/headshots/nfl/players/full/4428119.png",
    "birthdate": "Birthdate8/16/2001 (23)",
    "birthplace": null,
    "experience": null,
    "draftInfo": "Draft Info2023: Rd 7, Pk 235 (GB)"
  },
  {
    "team": "PHI",
    "number": "",
    "name": "ShunDerrick Powell",
    "position": "RB",
    "height": "--",
    "weight": "5' 9\"",
    "age": "180 lbs",
    "college": "R",
    "playerId": "4876907",
    "profileUrl": "https://www.espn.com/nfl/player/_/id/4876907/shunderrick-powell",
    "headshot": "https://a.espncdn.com/combiner/i?img=/i/headshots/college-football/players/full/4876907.png",
    "birthdate": null,
    "birthplace": "BirthplaceHoxie, AR",
    "experience": "ExperienceRookie",
    "draftInfo": null
  },
  {
    "team": "PHI",
    "number": "",
    "name": "Will Shipley28",
    "position": "RB",
    "height": "22",
    "weight": "5' 11\"",
    "age": "209 lbs",
    "college": "R",
    "playerId": "4431545",
    "profileUrl": "https://www.espn.com/nfl/player/_/id/4431545/will-shipley",
    "headshot": "https://a.espncdn.com/combiner/i?img=/i/headshots/nfl/players/full/4431545.png",
    "birthdate": "Birthdate8/29/2002 (22)",
    "birthplace": null,
    "experience": null,
    "draftInfo": "Draft Info2024: Rd 4, Pk 127 (PHI)"
  },
  {
    "team": "PHI",
    "number": "",
    "name": "Avery Williams",
    "position": "RB",
    "height": "26",
    "weight": "5' 9\"",
    "age": "195 lbs",
    "college": "4",
    "playerId": "4048259",
    "profileUrl": "https://www.espn.com/nfl/player/_/id/4048259/avery-williams",
    "headshot": "https://a.espncdn.com/combiner/i?img=/i/headshots/nfl/players/full/4048259.png",
    "birthdate": "Birthdate7/15/1998 (26)",
    "birthplace": null,
    "experience": null,
    "draftInfo": "Draft Info2021: Rd 5, Pk 183 (ATL)"
  },
  {
    "team": "PHI",
    "number": "",
    "name": "A.J. Brown11",
    "position": "WR",
    "height": "27",
    "weight": "6' 1\"",
    "age": "226 lbs",
    "college": "6",
    "playerId": "4047646",
    "profileUrl": "https://www.espn.com/nfl/player/_/id/4047646/aj-brown",
    "headshot": "https://a.espncdn.com/combiner/i?img=/i/headshots/nfl/players/full/4047646.png",
    "birthdate": "Birthdate6/30/1997 (27)",
    "birthplace": null,
    "experience": null,
    "draftInfo": "Draft Info2019: Rd 2, Pk 51 (TEN)"
  },
  {
    "team": "PHI",
    "number": "",
    "name": "Elijah Cooks",
    "position": "WR",
    "height": "26",
    "weight": "6' 4\"",
    "age": "215 lbs",
    "college": "2",
    "playerId": "4241588",
    "profileUrl": "https://www.espn.com/nfl/player/_/id/4241588/elijah-cooks",
    "headshot": "https://a.espncdn.com/combiner/i?img=/i/headshots/nfl/players/full/4241588.png",
    "birthdate": "Birthdate10/13/1998 (26)",
    "birthplace": null,
    "experience": "Experience2nd Season",
    "draftInfo": null
  },
  {
    "team": "PHI",
    "number": "",
    "name": "Darius Cooper6",
    "position": "WR",
    "height": "--",
    "weight": "6' 0\"",
    "age": "190 lbs",
    "college": "4",
    "playerId": "4715355",
    "profileUrl": "https://www.espn.com/nfl/player/_/id/4715355/darius-cooper",
    "headshot": "https://a.espncdn.com/combiner/i?img=/i/headshots/college-football/players/full/4715355.png",
    "birthdate": null,
    "birthplace": "BirthplaceSt. Louis, MO",
    "experience": "Experience4th Season",
    "draftInfo": null
  },
  {
    "team": "PHI",
    "number": "",
    "name": "Jahan Dotson83",
    "position": "WR",
    "height": "25",
    "weight": "5' 11\"",
    "age": "184 lbs",
    "college": "3",
    "playerId": "4361409",
    "profileUrl": "https://www.espn.com/nfl/player/_/id/4361409/jahan-dotson",
    "headshot": "https://a.espncdn.com/combiner/i?img=/i/headshots/nfl/players/full/4361409.png",
    "birthdate": "Birthdate3/22/2000 (25)",
    "birthplace": null,
    "experience": null,
    "draftInfo": "Draft Info2022: Rd 1, Pk 16 (WSH)"
  },
  {
    "team": "PHI",
    "number": "",
    "name": "Danny Gray41",
    "position": "WR",
    "height": "26",
    "weight": "6' 0\"",
    "age": "200 lbs",
    "college": "3",
    "playerId": "4689546",
    "profileUrl": "https://www.espn.com/nfl/player/_/id/4689546/danny-gray",
    "headshot": "https://a.espncdn.com/combiner/i?img=/i/headshots/nfl/players/full/4689546.png",
    "birthdate": "Birthdate4/1/1999 (26)",
    "birthplace": null,
    "experience": null,
    "draftInfo": "Draft Info2022: Rd 3, Pk 105 (SF)"
  },
  {
    "team": "PHI",
    "number": "",
    "name": "Giles Jackson42",
    "position": "WR",
    "height": "23",
    "weight": "5' 9\"",
    "age": "187 lbs",
    "college": "R",
    "playerId": "4427569",
    "profileUrl": "https://www.espn.com/nfl/player/_/id/4427569/giles-jackson",
    "headshot": "https://a.espncdn.com/combiner/i?img=/i/headshots/college-football/players/full/4427569.png",
    "birthdate": "Birthdate12/11/2001 (23)",
    "birthplace": null,
    "experience": "ExperienceRookie",
    "draftInfo": null
  },
  {
    "team": "PHI",
    "number": "",
    "name": "Terrace Marshall Jr.",
    "position": "WR",
    "height": "24",
    "weight": "6' 2\"",
    "age": "200 lbs",
    "college": "4",
    "playerId": "4362630",
    "profileUrl": "https://www.espn.com/nfl/player/_/id/4362630/terrace-marshall-jr",
    "headshot": "https://a.espncdn.com/combiner/i?img=/i/headshots/nfl/players/full/4362630.png",
    "birthdate": "Birthdate6/9/2000 (24)",
    "birthplace": null,
    "experience": null,
    "draftInfo": "Draft Info2021: Rd 2, Pk 59 (CAR)"
  },
  {
    "team": "PHI",
    "number": "",
    "name": "Taylor Morin",
    "position": "WR",
    "height": "--",
    "weight": "5' 11\"",
    "age": "185 lbs",
    "college": "R",
    "playerId": "4567044",
    "profileUrl": "https://www.espn.com/nfl/player/_/id/4567044/taylor-morin",
    "headshot": "https://a.espncdn.com/combiner/i?img=/i/headshots/college-football/players/full/4567044.png",
    "birthdate": null,
    "birthplace": "BirthplaceCentreville, VA",
    "experience": "ExperienceRookie",
    "draftInfo": null
  },
  {
    "team": "PHI",
    "number": "",
    "name": "Ainias Smith82",
    "position": "WR",
    "height": "23",
    "weight": "5' 9\"",
    "age": "176 lbs",
    "college": "R",
    "playerId": "4428532",
    "profileUrl": "https://www.espn.com/nfl/player/_/id/4428532/ainias-smith",
    "headshot": "https://a.espncdn.com/combiner/i?img=/i/headshots/nfl/players/full/4428532.png",
    "birthdate": "Birthdate5/31/2001 (23)",
    "birthplace": null,
    "experience": null,
    "draftInfo": "Draft Info2024: Rd 5, Pk 152 (PHI)"
  },
  {
    "team": "PHI",
    "number": "",
    "name": "DeVonta Smith6",
    "position": "WR",
    "height": "26",
    "weight": "6' 0\"",
    "age": "170 lbs",
    "college": "4",
    "playerId": "4241478",
    "profileUrl": "https://www.espn.com/nfl/player/_/id/4241478/devonta-smith",
    "headshot": "https://a.espncdn.com/combiner/i?img=/i/headshots/nfl/players/full/4241478.png",
    "birthdate": "Birthdate11/14/1998 (26)",
    "birthplace": null,
    "experience": null,
    "draftInfo": "Draft Info2021: Rd 1, Pk 10 (PHI)"
  },
  {
    "team": "PHI",
    "number": "",
    "name": "Johnny Wilson89",
    "position": "WR",
    "height": "24",
    "weight": "6' 6\"",
    "age": "228 lbs",
    "college": "R",
    "playerId": "4686104",
    "profileUrl": "https://www.espn.com/nfl/player/_/id/4686104/johnny-wilson",
    "headshot": "https://a.espncdn.com/combiner/i?img=/i/headshots/nfl/players/full/4686104.png",
    "birthdate": "Birthdate4/3/2001 (24)",
    "birthplace": null,
    "experience": null,
    "draftInfo": "Draft Info2024: Rd 6, Pk 185 (PHI)"
  },
  {
    "team": "PHI",
    "number": "",
    "name": "Harrison Bryant",
    "position": "TE",
    "height": "27",
    "weight": "6' 5\"",
    "age": "230 lbs",
    "college": "5",
    "playerId": "4040774",
    "profileUrl": "https://www.espn.com/nfl/player/_/id/4040774/harrison-bryant",
    "headshot": "https://a.espncdn.com/combiner/i?img=/i/headshots/nfl/players/full/4040774.png",
    "birthdate": "Birthdate4/23/1998 (27)",
    "birthplace": null,
    "experience": null,
    "draftInfo": "Draft Info2020: Rd 4, Pk 115 (CLE)"
  },
  {
    "team": "PHI",
    "number": "",
    "name": "Grant Calcaterra81",
    "position": "TE",
    "height": "26",
    "weight": "6' 4\"",
    "age": "240 lbs",
    "college": "3",
    "playerId": "4241374",
    "profileUrl": "https://www.espn.com/nfl/player/_/id/4241374/grant-calcaterra",
    "headshot": "https://a.espncdn.com/combiner/i?img=/i/headshots/nfl/players/full/4241374.png",
    "birthdate": "Birthdate12/4/1998 (26)",
    "birthplace": null,
    "experience": null,
    "draftInfo": "Draft Info2022: Rd 6, Pk 198 (PHI)"
  },
  {
    "team": "PHI",
    "number": "",
    "name": "Dallas Goedert88",
    "position": "TE",
    "height": "30",
    "weight": "6' 5\"",
    "age": "256 lbs",
    "college": "7",
    "playerId": "3121023",
    "profileUrl": "https://www.espn.com/nfl/player/_/id/3121023/dallas-goedert",
    "headshot": "https://a.espncdn.com/combiner/i?img=/i/headshots/nfl/players/full/3121023.png",
    "birthdate": "Birthdate1/3/1995 (30)",
    "birthplace": null,
    "experience": null,
    "draftInfo": "Draft Info2018: Rd 2, Pk 49 (PHI)"
  },
  {
    "team": "PHI",
    "number": "",
    "name": "Kylen Granson",
    "position": "TE",
    "height": "27",
    "weight": "6' 3\"",
    "age": "242 lbs",
    "college": "4",
    "playerId": "4039160",
    "profileUrl": "https://www.espn.com/nfl/player/_/id/4039160/kylen-granson",
    "headshot": "https://a.espncdn.com/combiner/i?img=/i/headshots/nfl/players/full/4039160.png",
    "birthdate": "Birthdate3/27/1998 (27)",
    "birthplace": null,
    "experience": null,
    "draftInfo": "Draft Info2021: Rd 4, Pk 127 (IND)"
  },
  {
    "team": "PHI",
    "number": "",
    "name": "E.J. Jenkins84",
    "position": "TE",
    "height": "26",
    "weight": "6' 6\"",
    "age": "245 lbs",
    "college": "1",
    "playerId": "4248557",
    "profileUrl": "https://www.espn.com/nfl/player/_/id/4248557/ej-jenkins",
    "headshot": "https://a.espncdn.com/combiner/i?img=/i/headshots/nfl/players/full/4248557.png",
    "birthdate": "Birthdate11/3/1998 (26)",
    "birthplace": null,
    "experience": "Experience1st Season",
    "draftInfo": null
  },
  {
    "team": "PHI",
    "number": "",
    "name": "Cameron Latu",
    "position": "TE",
    "height": "25",
    "weight": "6' 5\"",
    "age": "244 lbs",
    "college": "2",
    "playerId": "4372026",
    "profileUrl": "https://www.espn.com/nfl/player/_/id/4372026/cameron-latu",
    "headshot": "https://a.espncdn.com/combiner/i?img=/i/headshots/nfl/players/full/4372026.png",
    "birthdate": "Birthdate2/24/2000 (25)",
    "birthplace": null,
    "experience": null,
    "draftInfo": "Draft Info2023: Rd 3, Pk 101 (SF)"
  },
  {
    "team": "PHI",
    "number": "",
    "name": "Nick Muse87",
    "position": "TE",
    "height": "26",
    "weight": "6' 5\"",
    "age": "252 lbs",
    "college": "3",
    "playerId": "4249624",
    "profileUrl": "https://www.espn.com/nfl/player/_/id/4249624/nick-muse",
    "headshot": "https://a.espncdn.com/combiner/i?img=/i/headshots/nfl/players/full/4249624.png",
    "birthdate": "Birthdate11/25/1998 (26)",
    "birthplace": null,
    "experience": null,
    "draftInfo": "Draft Info2022: Rd 7, Pk 227 (MIN)"
  },
  {
    "team": "PHI",
    "number": "",
    "name": "Cam Jurgens51",
    "position": "C",
    "height": "25",
    "weight": "6' 3\"",
    "age": "303 lbs",
    "college": "3",
    "playerId": "4361178",
    "profileUrl": "https://www.espn.com/nfl/player/_/id/4361178/cam-jurgens",
    "headshot": "https://a.espncdn.com/combiner/i?img=/i/headshots/nfl/players/full/4361178.png",
    "birthdate": "Birthdate8/21/1999 (25)",
    "birthplace": null,
    "experience": null,
    "draftInfo": "Draft Info2022: Rd 2, Pk 51 (PHI)"
  },
  {
    "team": "PHI",
    "number": "",
    "name": "Drew Kendall",
    "position": "C",
    "height": "23",
    "weight": "6' 4\"",
    "age": "299 lbs",
    "college": "R",
    "playerId": "4567802",
    "profileUrl": "https://www.espn.com/nfl/player/_/id/4567802/drew-kendall",
    "headshot": "https://a.espncdn.com/combiner/i?img=/i/headshots/nfl/players/full/4567802.png",
    "birthdate": "Birthdate11/27/2001 (23)",
    "birthplace": null,
    "experience": null,
    "draftInfo": "Draft Info2025: Rd 5, Pk 168 (PHI)"
  },
  {
    "team": "PHI",
    "number": "",
    "name": "Landon Dickerson69",
    "position": "G",
    "height": "26",
    "weight": "6' 6\"",
    "age": "332 lbs",
    "college": "4",
    "playerId": "4035624",
    "profileUrl": "https://www.espn.com/nfl/player/_/id/4035624/landon-dickerson",
    "headshot": "https://a.espncdn.com/combiner/i?img=/i/headshots/nfl/players/full/4035624.png",
    "birthdate": "Birthdate9/30/1998 (26)",
    "birthplace": null,
    "experience": null,
    "draftInfo": "Draft Info2021: Rd 2, Pk 37 (PHI)"
  },
  {
    "team": "PHI",
    "number": "",
    "name": "Kenyon Green",
    "position": "G",
    "height": "24",
    "weight": "6' 4\"",
    "age": "325 lbs",
    "college": "3",
    "playerId": "4426327",
    "profileUrl": "https://www.espn.com/nfl/player/_/id/4426327/kenyon-green",
    "headshot": "https://a.espncdn.com/combiner/i?img=/i/headshots/nfl/players/full/4426327.png",
    "birthdate": "Birthdate3/15/2001 (24)",
    "birthplace": null,
    "experience": null,
    "draftInfo": "Draft Info2022: Rd 1, Pk 15 (HOU)"
  },
  {
    "team": "PHI",
    "number": "",
    "name": "Trevor Keegan79",
    "position": "G",
    "height": "24",
    "weight": "6' 5\"",
    "age": "306 lbs",
    "college": "R",
    "playerId": "4427140",
    "profileUrl": "https://www.espn.com/nfl/player/_/id/4427140/trevor-keegan",
    "headshot": "https://a.espncdn.com/combiner/i?img=/i/headshots/nfl/players/full/4427140.png",
    "birthdate": "Birthdate8/30/2000 (24)",
    "birthplace": null,
    "experience": null,
    "draftInfo": "Draft Info2024: Rd 5, Pk 172 (PHI)"
  },
  {
    "team": "PHI",
    "number": "",
    "name": "Tyler Steen56",
    "position": "G",
    "height": "24",
    "weight": "6' 6\"",
    "age": "321 lbs",
    "college": "2",
    "playerId": "4362805",
    "profileUrl": "https://www.espn.com/nfl/player/_/id/4362805/tyler-steen",
    "headshot": "https://a.espncdn.com/combiner/i?img=/i/headshots/nfl/players/full/4362805.png",
    "birthdate": "Birthdate6/24/2000 (24)",
    "birthplace": null,
    "experience": null,
    "draftInfo": "Draft Info2023: Rd 3, Pk 65 (PHI)"
  },
  {
    "team": "PHI",
    "number": "",
    "name": "Le'Raven Clark73",
    "position": "OT",
    "height": "32",
    "weight": "6' 5\"",
    "age": "319 lbs",
    "college": "8",
    "playerId": "2577631",
    "profileUrl": "https://www.espn.com/nfl/player/_/id/2577631/leraven-clark",
    "headshot": "https://a.espncdn.com/combiner/i?img=/i/headshots/nfl/players/full/2577631.png",
    "birthdate": "Birthdate4/22/1993 (32)",
    "birthplace": null,
    "experience": null,
    "draftInfo": "Draft Info2016: Rd 3, Pk 82 (IND)"
  },
  {
    "team": "PHI",
    "number": "",
    "name": "Myles Hinton",
    "position": "OT",
    "height": "23",
    "weight": "6' 6\"",
    "age": "342 lbs",
    "college": "R",
    "playerId": "4429000",
    "profileUrl": "https://www.espn.com/nfl/player/_/id/4429000/myles-hinton",
    "headshot": "https://a.espncdn.com/combiner/i?img=/i/headshots/nfl/players/full/4429000.png",
    "birthdate": "Birthdate1/9/2002 (23)",
    "birthplace": null,
    "experience": null,
    "draftInfo": "Draft Info2025: Rd 6, Pk 191 (PHI)"
  },
  {
    "team": "PHI",
    "number": "",
    "name": "Lane Johnson65",
    "position": "OT",
    "height": "35",
    "weight": "6' 6\"",
    "age": "325 lbs",
    "college": "12",
    "playerId": "15797",
    "profileUrl": "https://www.espn.com/nfl/player/_/id/15797/lane-johnson",
    "headshot": "https://a.espncdn.com/combiner/i?img=/i/headshots/nfl/players/full/15797.png",
    "birthdate": "Birthdate5/8/1990 (35)",
    "birthplace": null,
    "experience": null,
    "draftInfo": "Draft Info2013: Rd 1, Pk 4 (PHI)"
  },
  {
    "team": "PHI",
    "number": "",
    "name": "Darian Kinnard72",
    "position": "OT",
    "height": "25",
    "weight": "6' 5\"",
    "age": "322 lbs",
    "college": "2",
    "playerId": "4362611",
    "profileUrl": "https://www.espn.com/nfl/player/_/id/4362611/darian-kinnard",
    "headshot": "https://a.espncdn.com/combiner/i?img=/i/headshots/nfl/players/full/4362611.png",
    "birthdate": "Birthdate12/29/1999 (25)",
    "birthplace": null,
    "experience": null,
    "draftInfo": "Draft Info2022: Rd 5, Pk 145 (KC)"
  },
  {
    "team": "PHI",
    "number": "",
    "name": "Kendall Lamm",
    "position": "OT",
    "height": "32",
    "weight": "6' 5\"",
    "age": "308 lbs",
    "college": "9",
    "playerId": "2509370",
    "profileUrl": "https://www.espn.com/nfl/player/_/id/2509370/kendall-lamm",
    "headshot": "https://a.espncdn.com/combiner/i?img=/i/headshots/nfl/players/full/2509370.png",
    "birthdate": "Birthdate6/5/1992 (32)",
    "birthplace": null,
    "experience": "Experience9th Season",
    "draftInfo": null
  },
  {
    "team": "PHI",
    "number": "",
    "name": "Jordan Mailata68",
    "position": "OT",
    "height": "28",
    "weight": "6' 8\"",
    "age": "365 lbs",
    "college": "7",
    "playerId": "4334215",
    "profileUrl": "https://www.espn.com/nfl/player/_/id/4334215/jordan-mailata",
    "headshot": "https://a.espncdn.com/combiner/i?img=/i/headshots/nfl/players/full/4334215.png",
    "birthdate": "Birthdate3/31/1997 (28)",
    "birthplace": null,
    "experience": "Experience7th Season",
    "draftInfo": "Draft Info2018: Rd 7, Pk 233 (PHI)"
  },
  {
    "team": "PHI",
    "number": "",
    "name": "Hollin Pierce",
    "position": "OT",
    "height": "--",
    "weight": "6' 8\"",
    "age": "344 lbs",
    "college": "R",
    "playerId": "4698119",
    "profileUrl": "https://www.espn.com/nfl/player/_/id/4698119/hollin-pierce",
    "headshot": "https://a.espncdn.com/combiner/i?img=/i/headshots/college-football/players/full/4698119.png",
    "birthdate": null,
    "birthplace": "BirthplaceTrenton, NJ",
    "experience": "ExperienceRookie",
    "draftInfo": null
  },
  {
    "team": "PHI",
    "number": "",
    "name": "Matt Pryor",
    "position": "OT",
    "height": "30",
    "weight": "6' 7\"",
    "age": "332 lbs",
    "college": "7",
    "playerId": "3055886",
    "profileUrl": "https://www.espn.com/nfl/player/_/id/3055886/matt-pryor",
    "headshot": "https://a.espncdn.com/combiner/i?img=/i/headshots/nfl/players/full/3055886.png",
    "birthdate": "Birthdate12/16/1994 (30)",
    "birthplace": null,
    "experience": null,
    "draftInfo": "Draft Info2018: Rd 6, Pk 206 (PHI)"
  },
  {
    "team": "PHI",
    "number": "",
    "name": "Brett Toth64",
    "position": "OT",
    "height": "28",
    "weight": "6' 6\"",
    "age": "304 lbs",
    "college": "6",
    "playerId": "3129116",
    "profileUrl": "https://www.espn.com/nfl/player/_/id/3129116/brett-toth",
    "headshot": "https://a.espncdn.com/combiner/i?img=/i/headshots/nfl/players/full/3129116.png",
    "birthdate": "Birthdate9/1/1996 (28)",
    "birthplace": null,
    "experience": "Experience6th Season",
    "draftInfo": null
  },
  {
    "team": "PHI",
    "number": "",
    "name": "Laekin Vakalahi67",
    "position": "OT",
    "height": "22",
    "weight": "6' 5\"",
    "age": "320 lbs",
    "college": "R",
    "playerId": "5211218",
    "profileUrl": "https://www.espn.com/nfl/player/_/id/5211218/laekin-vakalahi",
    "headshot": "https://a.espncdn.com/combiner/i?img=/i/headshots/nfl/players/full/5211218.png",
    "birthdate": "Birthdate1/28/2003 (22)",
    "birthplace": "BirthplaceBrisbane, ACT",
    "experience": "ExperienceRookie",
    "draftInfo": null
  },
  {
    "team": "PHI",
    "number": "",
    "name": "Cameron Williams",
    "position": "OT",
    "height": "21",
    "weight": "6' 5\"",
    "age": "335 lbs",
    "college": "R",
    "playerId": "4685590",
    "profileUrl": "https://www.espn.com/nfl/player/_/id/4685590/cameron-williams",
    "headshot": "https://a.espncdn.com/combiner/i?img=/i/headshots/nfl/players/full/4685590.png",
    "birthdate": "Birthdate10/16/2003 (21)",
    "birthplace": null,
    "experience": null,
    "draftInfo": "Draft Info2025: Rd 6, Pk 207 (PHI)"
  },
  {
    "team": "PHI",
    "number": "",
    "name": "Brandon Graham55",
    "position": "DE",
    "height": "37",
    "weight": "6' 2\"",
    "age": "265 lbs",
    "college": "15",
    "playerId": "13239",
    "profileUrl": "https://www.espn.com/nfl/player/_/id/13239/brandon-graham",
    "headshot": "https://a.espncdn.com/combiner/i?img=/i/headshots/nfl/players/full/13239.png",
    "birthdate": "Birthdate4/3/1988 (37)",
    "birthplace": null,
    "experience": null,
    "draftInfo": "Draft Info2010: Rd 1, Pk 13 (PHI)"
  },
  {
    "team": "PHI",
    "number": "",
    "name": "KJ Henry50",
    "position": "DE",
    "height": "26",
    "weight": "6' 4\"",
    "age": "255 lbs",
    "college": "2",
    "playerId": "4360308",
    "profileUrl": "https://www.espn.com/nfl/player/_/id/4360308/kj-henry",
    "headshot": "https://a.espncdn.com/combiner/i?img=/i/headshots/nfl/players/full/4360308.png",
    "birthdate": "Birthdate1/27/1999 (26)",
    "birthplace": null,
    "experience": null,
    "draftInfo": "Draft Info2023: Rd 5, Pk 137 (WSH)"
  },
  {
    "team": "PHI",
    "number": "",
    "name": "Bryce Huff0",
    "position": "DE",
    "height": "27",
    "weight": "6' 3\"",
    "age": "255 lbs",
    "college": "5",
    "playerId": "4039375",
    "profileUrl": "https://www.espn.com/nfl/player/_/id/4039375/bryce-huff",
    "headshot": "https://a.espncdn.com/combiner/i?img=/i/headshots/nfl/players/full/4039375.png",
    "birthdate": "Birthdate4/17/1998 (27)",
    "birthplace": null,
    "experience": "Experience5th Season",
    "draftInfo": null
  },
  {
    "team": "PHI",
    "number": "",
    "name": "Azeez Ojulari",
    "position": "DE",
    "height": "24",
    "weight": "6' 3\"",
    "age": "240 lbs",
    "college": "5",
    "playerId": "4379409",
    "profileUrl": "https://www.espn.com/nfl/player/_/id/4379409/azeez-ojulari",
    "headshot": "https://a.espncdn.com/combiner/i?img=/i/headshots/nfl/players/full/4379409.png",
    "birthdate": "Birthdate6/16/2000 (24)",
    "birthplace": null,
    "experience": null,
    "draftInfo": "Draft Info2021: Rd 2, Pk 50 (NYG)"
  },
  {
    "team": "PHI",
    "number": "",
    "name": "Thomas Booker IV59",
    "position": "DT",
    "height": "25",
    "weight": "6' 3\"",
    "age": "301 lbs",
    "college": "2",
    "playerId": "4360749",
    "profileUrl": "https://www.espn.com/nfl/player/_/id/4360749/thomas-booker-iv",
    "headshot": "https://a.espncdn.com/combiner/i?img=/i/headshots/nfl/players/full/4360749.png",
    "birthdate": "Birthdate11/11/1999 (25)",
    "birthplace": null,
    "experience": null,
    "draftInfo": "Draft Info2022: Rd 5, Pk 150 (HOU)"
  },
  {
    "team": "PHI",
    "number": "",
    "name": "Jalen Carter98",
    "position": "DT",
    "height": "24",
    "weight": "6' 3\"",
    "age": "314 lbs",
    "college": "2",
    "playerId": "4685759",
    "profileUrl": "https://www.espn.com/nfl/player/_/id/4685759/jalen-carter",
    "headshot": "https://a.espncdn.com/combiner/i?img=/i/headshots/nfl/players/full/4685759.png",
    "birthdate": "Birthdate4/4/2001 (24)",
    "birthplace": null,
    "experience": null,
    "draftInfo": "Draft Info2023: Rd 1, Pk 9 (PHI)"
  },
  {
    "team": "PHI",
    "number": "",
    "name": "Jordan Davis90",
    "position": "DT",
    "height": "25",
    "weight": "6' 6\"",
    "age": "336 lbs",
    "college": "3",
    "playerId": "4381558",
    "profileUrl": "https://www.espn.com/nfl/player/_/id/4381558/jordan-davis",
    "headshot": "https://a.espncdn.com/combiner/i?img=/i/headshots/nfl/players/full/4381558.png",
    "birthdate": "Birthdate1/12/2000 (25)",
    "birthplace": null,
    "experience": null,
    "draftInfo": "Draft Info2022: Rd 1, Pk 13 (PHI)"
  },
  {
    "team": "PHI",
    "number": "",
    "name": "Gabe Hall96",
    "position": "DT",
    "height": "24",
    "weight": "6' 6\"",
    "age": "295 lbs",
    "college": "R",
    "playerId": "4429731",
    "profileUrl": "https://www.espn.com/nfl/player/_/id/4429731/gabe-hall",
    "headshot": "https://a.espncdn.com/combiner/i?img=/i/headshots/nfl/players/full/4429731.png",
    "birthdate": "Birthdate1/12/2001 (24)",
    "birthplace": null,
    "experience": "ExperienceRookie",
    "draftInfo": null
  },
  {
    "team": "PHI",
    "number": "",
    "name": "Moro Ojomo97",
    "position": "DT",
    "height": "23",
    "weight": "6' 3\"",
    "age": "292 lbs",
    "college": "2",
    "playerId": "4362116",
    "profileUrl": "https://www.espn.com/nfl/player/_/id/4362116/moro-ojomo",
    "headshot": "https://a.espncdn.com/combiner/i?img=/i/headshots/nfl/players/full/4362116.png",
    "birthdate": "Birthdate8/15/2001 (23)",
    "birthplace": null,
    "experience": null,
    "draftInfo": "Draft Info2023: Rd 7, Pk 249 (PHI)"
  },
  {
    "team": "PHI",
    "number": "",
    "name": "Ty Robinson",
    "position": "DT",
    "height": "24",
    "weight": "6' 6\"",
    "age": "310 lbs",
    "college": "R",
    "playerId": "4569586",
    "profileUrl": "https://www.espn.com/nfl/player/_/id/4569586/ty-robinson",
    "headshot": "https://a.espncdn.com/combiner/i?img=/i/headshots/nfl/players/full/4569586.png",
    "birthdate": "Birthdate5/3/2001 (24)",
    "birthplace": null,
    "experience": null,
    "draftInfo": "Draft Info2025: Rd 4, Pk 111 (PHI)"
  },
  {
    "team": "PHI",
    "number": "",
    "name": "Byron Young94",
    "position": "DT",
    "height": "24",
    "weight": "6' 3\"",
    "age": "292 lbs",
    "college": "2",
    "playerId": "4567123",
    "profileUrl": "https://www.espn.com/nfl/player/_/id/4567123/byron-young",
    "headshot": "https://a.espncdn.com/combiner/i?img=/i/headshots/nfl/players/full/4567123.png",
    "birthdate": "Birthdate11/10/2000 (24)",
    "birthplace": null,
    "experience": null,
    "draftInfo": "Draft Info2023: Rd 3, Pk 70 (LV)"
  },
  {
    "team": "PHI",
    "number": "",
    "name": "Zack Baun53",
    "position": "LB",
    "height": "28",
    "weight": "6' 3\"",
    "age": "225 lbs",
    "college": "5",
    "playerId": "3917657",
    "profileUrl": "https://www.espn.com/nfl/player/_/id/3917657/zack-baun",
    "headshot": "https://a.espncdn.com/combiner/i?img=/i/headshots/nfl/players/full/3917657.png",
    "birthdate": "Birthdate12/30/1996 (28)",
    "birthplace": null,
    "experience": null,
    "draftInfo": "Draft Info2020: Rd 3, Pk 74 (NO)"
  },
  {
    "team": "PHI",
    "number": "",
    "name": "Jihaad Campbell",
    "position": "LB",
    "height": "21",
    "weight": "6' 3\"",
    "age": "244 lbs",
    "college": "R",
    "playerId": "4685287",
    "profileUrl": "https://www.espn.com/nfl/player/_/id/4685287/jihaad-campbell",
    "headshot": "https://a.espncdn.com/combiner/i?img=/i/headshots/nfl/players/full/4685287.png",
    "birthdate": "Birthdate2/24/2004 (21)",
    "birthplace": null,
    "experience": null,
    "draftInfo": "Draft Info2025: Rd 1, Pk 31 (PHI)"
  },
  {
    "team": "PHI",
    "number": "",
    "name": "Nakobe Dean17",
    "position": "LB",
    "height": "24",
    "weight": "5' 11\"",
    "age": "231 lbs",
    "college": "3",
    "playerId": "4426340",
    "profileUrl": "https://www.espn.com/nfl/player/_/id/4426340/nakobe-dean",
    "headshot": "https://a.espncdn.com/combiner/i?img=/i/headshots/nfl/players/full/4426340.png",
    "birthdate": "Birthdate12/13/2000 (24)",
    "birthplace": null,
    "experience": null,
    "draftInfo": "Draft Info2022: Rd 3, Pk 83 (PHI)"
  },
  {
    "team": "PHI",
    "number": "",
    "name": "Lance Dixon",
    "position": "LB",
    "height": "--",
    "weight": "6' 2\"",
    "age": "233 lbs",
    "college": "R",
    "playerId": "4427079",
    "profileUrl": "https://www.espn.com/nfl/player/_/id/4427079/lance-dixon",
    "headshot": "https://a.espncdn.com/combiner/i?img=/i/headshots/college-football/players/full/4427079.png",
    "birthdate": null,
    "birthplace": "BirthplaceOak Park, MI",
    "experience": "ExperienceRookie",
    "draftInfo": null
  },
  {
    "team": "PHI",
    "number": "",
    "name": "Dallas Gant52",
    "position": "LB",
    "height": "25",
    "weight": "6' 2\"",
    "age": "224 lbs",
    "college": "R",
    "playerId": "4361348",
    "profileUrl": "https://www.espn.com/nfl/player/_/id/4361348/dallas-gant",
    "headshot": "https://a.espncdn.com/combiner/i?img=/i/headshots/nfl/players/full/4361348.png",
    "birthdate": "Birthdate5/16/2000 (25)",
    "birthplace": null,
    "experience": "ExperienceRookie",
    "draftInfo": null
  },
  {
    "team": "PHI",
    "number": "",
    "name": "Jalyx Hunt58",
    "position": "LB",
    "height": "24",
    "weight": "6' 3\"",
    "age": "252 lbs",
    "college": "R",
    "playerId": "4571162",
    "profileUrl": "https://www.espn.com/nfl/player/_/id/4571162/jalyx-hunt",
    "headshot": "https://a.espncdn.com/combiner/i?img=/i/headshots/nfl/players/full/4571162.png",
    "birthdate": "Birthdate3/13/2001 (24)",
    "birthplace": null,
    "experience": null,
    "draftInfo": "Draft Info2024: Rd 3, Pk 94 (PHI)"
  },
  {
    "team": "PHI",
    "number": "",
    "name": "Patrick Johnson",
    "position": "LB",
    "height": "27",
    "weight": "6' 2\"",
    "age": "248 lbs",
    "college": "4",
    "playerId": "4243916",
    "profileUrl": "https://www.espn.com/nfl/player/_/id/4243916/patrick-johnson",
    "headshot": "https://a.espncdn.com/combiner/i?img=/i/headshots/nfl/players/full/4243916.png",
    "birthdate": "Birthdate1/10/1998 (27)",
    "birthplace": null,
    "experience": null,
    "draftInfo": "Draft Info2021: Rd 7, Pk 234 (PHI)"
  },
  {
    "team": "PHI",
    "number": "",
    "name": "Ochaun Mathis45",
    "position": "LB",
    "height": "26",
    "weight": "6' 5\"",
    "age": "260 lbs",
    "college": "2",
    "playerId": "4362486",
    "profileUrl": "https://www.espn.com/nfl/player/_/id/4362486/ochaun-mathis",
    "headshot": "https://a.espncdn.com/combiner/i?img=/i/headshots/nfl/players/full/4362486.png",
    "birthdate": "Birthdate1/8/1999 (26)",
    "birthplace": null,
    "experience": null,
    "draftInfo": "Draft Info2023: Rd 6, Pk 189 (LAR)"
  },
  {
    "team": "PHI",
    "number": "",
    "name": "Smael Mondon Jr.",
    "position": "LB",
    "height": "22",
    "weight": "6' 3\"",
    "age": "235 lbs",
    "college": "R",
    "playerId": "4431573",
    "profileUrl": "https://www.espn.com/nfl/player/_/id/4431573/smael-mondon-jr",
    "headshot": "https://a.espncdn.com/combiner/i?img=/i/headshots/nfl/players/full/4431573.png",
    "birthdate": "Birthdate2/13/2003 (22)",
    "birthplace": null,
    "experience": null,
    "draftInfo": "Draft Info2025: Rd 5, Pk 161 (PHI)"
  },
  {
    "team": "PHI",
    "number": "",
    "name": "Antwaun Powell-Ryland",
    "position": "LB",
    "height": "23",
    "weight": "6' 3\"",
    "age": "252 lbs",
    "college": "R",
    "playerId": "4429009",
    "profileUrl": "https://www.espn.com/nfl/player/_/id/4429009/antwaun-powell-ryland",
    "headshot": "https://a.espncdn.com/combiner/i?img=/i/headshots/nfl/players/full/4429009.png",
    "birthdate": "Birthdate2/23/2002 (23)",
    "birthplace": null,
    "experience": null,
    "draftInfo": "Draft Info2025: Rd 6, Pk 209 (PHI)"
  },
  {
    "team": "PHI",
    "number": "",
    "name": "Nolan Smith Jr.3",
    "position": "LB",
    "height": "24",
    "weight": "6' 2\"",
    "age": "238 lbs",
    "college": "2",
    "playerId": "4426331",
    "profileUrl": "https://www.espn.com/nfl/player/_/id/4426331/nolan-smith-jr",
    "headshot": "https://a.espncdn.com/combiner/i?img=/i/headshots/nfl/players/full/4426331.png",
    "birthdate": "Birthdate1/18/2001 (24)",
    "birthplace": null,
    "experience": null,
    "draftInfo": "Draft Info2023: Rd 1, Pk 30 (PHI)"
  },
  {
    "team": "PHI",
    "number": "",
    "name": "Jeremiah Trotter Jr.54",
    "position": "LB",
    "height": "22",
    "weight": "6' 0\"",
    "age": "225 lbs",
    "college": "R",
    "playerId": "4432777",
    "profileUrl": "https://www.espn.com/nfl/player/_/id/4432777/jeremiah-trotter-jr",
    "headshot": "https://a.espncdn.com/combiner/i?img=/i/headshots/nfl/players/full/4432777.png",
    "birthdate": "Birthdate12/24/2002 (22)",
    "birthplace": null,
    "experience": null,
    "draftInfo": "Draft Info2024: Rd 5, Pk 155 (PHI)"
  },
  {
    "team": "PHI",
    "number": "",
    "name": "Joshua Uche",
    "position": "LB",
    "height": "26",
    "weight": "6' 1\"",
    "age": "240 lbs",
    "college": "5",
    "playerId": "4046528",
    "profileUrl": "https://www.espn.com/nfl/player/_/id/4046528/joshua-uche",
    "headshot": "https://a.espncdn.com/combiner/i?img=/i/headshots/nfl/players/full/4046528.png",
    "birthdate": "Birthdate9/18/1998 (26)",
    "birthplace": null,
    "experience": null,
    "draftInfo": "Draft Info2020: Rd 2, Pk 60 (NE)"
  },
  {
    "team": "PHI",
    "number": "",
    "name": "Ben VanSumeren57",
    "position": "LB",
    "height": "25",
    "weight": "6' 2\"",
    "age": "231 lbs",
    "college": "2",
    "playerId": "4372070",
    "profileUrl": "https://www.espn.com/nfl/player/_/id/4372070/ben-vansumeren",
    "headshot": "https://a.espncdn.com/combiner/i?img=/i/headshots/nfl/players/full/4372070.png",
    "birthdate": "Birthdate5/5/2000 (25)",
    "birthplace": null,
    "experience": "Experience2nd Season",
    "draftInfo": null
  },
  {
    "team": "PHI",
    "number": "",
    "name": "Tariq Castro-Fields46",
    "position": "CB",
    "height": "26",
    "weight": "6' 1\"",
    "age": "197 lbs",
    "college": "3",
    "playerId": "4259590",
    "profileUrl": "https://www.espn.com/nfl/player/_/id/4259590/tariq-castro-fields",
    "headshot": "https://a.espncdn.com/combiner/i?img=/i/headshots/nfl/players/full/4259590.png",
    "birthdate": "Birthdate1/14/1999 (26)",
    "birthplace": null,
    "experience": null,
    "draftInfo": "Draft Info2022: Rd 6, Pk 221 (SF)"
  },
  {
    "team": "PHI",
    "number": "",
    "name": "Cooper DeJean33",
    "position": "CB",
    "height": "22",
    "weight": "6' 0\"",
    "age": "198 lbs",
    "college": "R",
    "playerId": "4682618",
    "profileUrl": "https://www.espn.com/nfl/player/_/id/4682618/cooper-dejean",
    "headshot": "https://a.espncdn.com/combiner/i?img=/i/headshots/nfl/players/full/4682618.png",
    "birthdate": "Birthdate2/9/2003 (22)",
    "birthplace": null,
    "experience": null,
    "draftInfo": "Draft Info2024: Rd 2, Pk 40 (PHI)"
  },
  {
    "team": "PHI",
    "number": "",
    "name": "Adoree' Jackson21",
    "position": "CB",
    "height": "29",
    "weight": "5' 11\"",
    "age": "185 lbs",
    "college": "8",
    "playerId": "3120347",
    "profileUrl": "https://www.espn.com/nfl/player/_/id/3120347/adoree-jackson",
    "headshot": "https://a.espncdn.com/combiner/i?img=/i/headshots/nfl/players/full/3120347.png",
    "birthdate": "Birthdate9/18/1995 (29)",
    "birthplace": null,
    "experience": null,
    "draftInfo": "Draft Info2017: Rd 1, Pk 18 (TEN)"
  },
  {
    "team": "PHI",
    "number": "",
    "name": "Mac McWilliams",
    "position": "CB",
    "height": "23",
    "weight": "5' 10\"",
    "age": "185 lbs",
    "college": "R",
    "playerId": "4689651",
    "profileUrl": "https://www.espn.com/nfl/player/_/id/4689651/mac-mcwilliams",
    "headshot": "https://a.espncdn.com/combiner/i?img=/i/headshots/nfl/players/full/4689651.png",
    "birthdate": "Birthdate11/29/2001 (23)",
    "birthplace": null,
    "experience": null,
    "draftInfo": "Draft Info2025: Rd 5, Pk 145 (PHI)"
  },
  {
    "team": "PHI",
    "number": "",
    "name": "Quinyon Mitchell27",
    "position": "CB",
    "height": "23",
    "weight": "6' 0\"",
    "age": "193 lbs",
    "college": "R",
    "playerId": "4686273",
    "profileUrl": "https://www.espn.com/nfl/player/_/id/4686273/quinyon-mitchell",
    "headshot": "https://a.espncdn.com/combiner/i?img=/i/headshots/nfl/players/full/4686273.png",
    "birthdate": "Birthdate7/18/2001 (23)",
    "birthplace": null,
    "experience": null,
    "draftInfo": "Draft Info2024: Rd 1, Pk 22 (PHI)"
  },
  {
    "team": "PHI",
    "number": "",
    "name": "Parry Nickerson30",
    "position": "CB",
    "height": "30",
    "weight": "5' 10\"",
    "age": "182 lbs",
    "college": "5",
    "playerId": "3041098",
    "profileUrl": "https://www.espn.com/nfl/player/_/id/3041098/parry-nickerson",
    "headshot": "https://a.espncdn.com/combiner/i?img=/i/headshots/nfl/players/full/3041098.png",
    "birthdate": "Birthdate10/11/1994 (30)",
    "birthplace": null,
    "experience": null,
    "draftInfo": "Draft Info2018: Rd 6, Pk 179 (NYJ)"
  },
  {
    "team": "PHI",
    "number": "",
    "name": "Eli Ricks23",
    "position": "CB",
    "height": "23",
    "weight": "6' 2\"",
    "age": "188 lbs",
    "college": "2",
    "playerId": "4429011",
    "profileUrl": "https://www.espn.com/nfl/player/_/id/4429011/eli-ricks",
    "headshot": "https://a.espncdn.com/combiner/i?img=/i/headshots/nfl/players/full/4429011.png",
    "birthdate": "Birthdate9/26/2001 (23)",
    "birthplace": null,
    "experience": "Experience2nd Season",
    "draftInfo": null
  },
  {
    "team": "PHI",
    "number": "",
    "name": "Kelee Ringo22",
    "position": "CB",
    "height": "22",
    "weight": "6' 2\"",
    "age": "207 lbs",
    "college": "2",
    "playerId": "4428992",
    "profileUrl": "https://www.espn.com/nfl/player/_/id/4428992/kelee-ringo",
    "headshot": "https://a.espncdn.com/combiner/i?img=/i/headshots/nfl/players/full/4428992.png",
    "birthdate": "Birthdate6/27/2002 (22)",
    "birthplace": null,
    "experience": null,
    "draftInfo": "Draft Info2023: Rd 4, Pk 105 (PHI)"
  },
  {
    "team": "PHI",
    "number": "",
    "name": "A.J. Woods39",
    "position": "CB",
    "height": "24",
    "weight": "5' 9\"",
    "age": "186 lbs",
    "college": "R",
    "playerId": "4428932",
    "profileUrl": "https://www.espn.com/nfl/player/_/id/4428932/aj-woods",
    "headshot": "https://a.espncdn.com/combiner/i?img=/i/headshots/nfl/players/full/4428932.png",
    "birthdate": "Birthdate3/28/2001 (24)",
    "birthplace": null,
    "experience": "ExperienceRookie",
    "draftInfo": null
  },
  {
    "team": "PHI",
    "number": "",
    "name": "Maxen Hook",
    "position": "DB",
    "height": "--",
    "weight": "6' 0\"",
    "age": "203 lbs",
    "college": "R",
    "playerId": "4431145",
    "profileUrl": "https://www.espn.com/nfl/player/_/id/4431145/maxen-hook",
    "headshot": "https://a.espncdn.com/combiner/i?img=/i/headshots/college-football/players/full/4431145.png",
    "birthdate": null,
    "birthplace": "BirthplaceNew Palestine, IN",
    "experience": "ExperienceRookie",
    "draftInfo": null
  },
  {
    "team": "PHI",
    "number": "",
    "name": "Brandon Johnson",
    "position": "DB",
    "height": "--",
    "weight": "5' 10\"",
    "age": "185 lbs",
    "college": "R",
    "playerId": "4594338",
    "profileUrl": "https://www.espn.com/nfl/player/_/id/4594338/brandon-johnson",
    "headshot": "https://a.espncdn.com/combiner/i?img=/i/headshots/college-football/players/full/4594338.png",
    "birthdate": null,
    "birthplace": "BirthplaceNewton, NC",
    "experience": "ExperienceRookie",
    "draftInfo": null
  },
  {
    "team": "PHI",
    "number": "",
    "name": "BJ Mayes",
    "position": "DB",
    "height": "--",
    "weight": "6' 1\"",
    "age": "195 lbs",
    "college": "R",
    "playerId": "4683044",
    "profileUrl": "https://www.espn.com/nfl/player/_/id/4683044/bj-mayes",
    "headshot": "https://a.espncdn.com/combiner/i?img=/i/headshots/college-football/players/full/4683044.png",
    "birthdate": null,
    "birthplace": "BirthplaceHouston, TX",
    "experience": "ExperienceRookie",
    "draftInfo": null
  },
  {
    "team": "PHI",
    "number": "",
    "name": "Reed Blankenship32",
    "position": "S",
    "height": "26",
    "weight": "6' 1\"",
    "age": "203 lbs",
    "college": "3",
    "playerId": "4243956",
    "profileUrl": "https://www.espn.com/nfl/player/_/id/4243956/reed-blankenship",
    "headshot": "https://a.espncdn.com/combiner/i?img=/i/headshots/nfl/players/full/4243956.png",
    "birthdate": "Birthdate3/2/1999 (26)",
    "birthplace": null,
    "experience": "Experience3rd Season",
    "draftInfo": null
  },
  {
    "team": "PHI",
    "number": "",
    "name": "Sydney Brown21",
    "position": "S",
    "height": "25",
    "weight": "5' 10\"",
    "age": "211 lbs",
    "college": "2",
    "playerId": "4360386",
    "profileUrl": "https://www.espn.com/nfl/player/_/id/4360386/sydney-brown",
    "headshot": "https://a.espncdn.com/combiner/i?img=/i/headshots/nfl/players/full/4360386.png",
    "birthdate": "Birthdate3/21/2000 (25)",
    "birthplace": null,
    "experience": null,
    "draftInfo": "Draft Info2023: Rd 3, Pk 66 (PHI)"
  },
  {
    "team": "PHI",
    "number": "",
    "name": "Lewis Cine38",
    "position": "S",
    "height": "25",
    "weight": "6' 2\"",
    "age": "199 lbs",
    "college": "3",
    "playerId": "4426536",
    "profileUrl": "https://www.espn.com/nfl/player/_/id/4426536/lewis-cine",
    "headshot": "https://a.espncdn.com/combiner/i?img=/i/headshots/nfl/players/full/4426536.png",
    "birthdate": "Birthdate10/5/1999 (25)",
    "birthplace": null,
    "experience": null,
    "draftInfo": "Draft Info2022: Rd 1, Pk 32 (MIN)"
  },
  {
    "team": "PHI",
    "number": "",
    "name": "Tristin McCollum36",
    "position": "S",
    "height": "26",
    "weight": "6' 3\"",
    "age": "195 lbs",
    "college": "1",
    "playerId": "4250393",
    "profileUrl": "https://www.espn.com/nfl/player/_/id/4250393/tristin-mccollum",
    "headshot": "https://a.espncdn.com/combiner/i?img=/i/headshots/nfl/players/full/4250393.png",
    "birthdate": "Birthdate5/3/1999 (26)",
    "birthplace": null,
    "experience": "Experience1st Season",
    "draftInfo": null
  },
  {
    "team": "PHI",
    "number": "",
    "name": "Andrew Mukuba",
    "position": "S",
    "height": "22",
    "weight": "6' 0\"",
    "age": "190 lbs",
    "college": "R",
    "playerId": "4602197",
    "profileUrl": "https://www.espn.com/nfl/player/_/id/4602197/andrew-mukuba",
    "headshot": "https://a.espncdn.com/combiner/i?img=/i/headshots/nfl/players/full/4602197.png",
    "birthdate": "Birthdate12/7/2002 (22)",
    "birthplace": null,
    "experience": null,
    "draftInfo": "Draft Info2025: Rd 2, Pk 64 (PHI)"
  },
  {
    "team": "PHI",
    "number": "",
    "name": "Andre' Sam31",
    "position": "S",
    "height": "26",
    "weight": "5' 10\"",
    "age": "194 lbs",
    "college": "R",
    "playerId": "4250510",
    "profileUrl": "https://www.espn.com/nfl/player/_/id/4250510/andre-sam",
    "headshot": "https://a.espncdn.com/combiner/i?img=/i/headshots/nfl/players/full/4250510.png",
    "birthdate": "Birthdate2/9/1999 (26)",
    "birthplace": null,
    "experience": "ExperienceRookie",
    "draftInfo": null
  },
  {
    "team": "PHI",
    "number": "",
    "name": "Jake Elliott4",
    "position": "PK",
    "height": "30",
    "weight": "5' 9\"",
    "age": "167 lbs",
    "college": "8",
    "playerId": "3050478",
    "profileUrl": "https://www.espn.com/nfl/player/_/id/3050478/jake-elliott",
    "headshot": "https://a.espncdn.com/combiner/i?img=/i/headshots/nfl/players/full/3050478.png",
    "birthdate": "Birthdate1/21/1995 (30)",
    "birthplace": null,
    "experience": null,
    "draftInfo": "Draft Info2017: Rd 5, Pk 153 (CIN)"
  },
  {
    "team": "PHI",
    "number": "",
    "name": "Braden Mann10",
    "position": "P",
    "height": "27",
    "weight": "5' 11\"",
    "age": "198 lbs",
    "college": "5",
    "playerId": "4035239",
    "profileUrl": "https://www.espn.com/nfl/player/_/id/4035239/braden-mann",
    "headshot": "https://a.espncdn.com/combiner/i?img=/i/headshots/nfl/players/full/4035239.png",
    "birthdate": "Birthdate11/24/1997 (27)",
    "birthplace": null,
    "experience": null,
    "draftInfo": "Draft Info2020: Rd 6, Pk 191 (NYJ)"
  },
  {
    "team": "PHI",
    "number": "",
    "name": "Charley Hughlett",
    "position": "LS",
    "height": "35",
    "weight": "6' 4\"",
    "age": "248 lbs",
    "college": "10",
    "playerId": "15379",
    "profileUrl": "https://www.espn.com/nfl/player/_/id/15379/charley-hughlett",
    "headshot": "https://a.espncdn.com/combiner/i?img=/i/headshots/nfl/players/full/15379.png",
    "birthdate": "Birthdate5/16/1990 (35)",
    "birthplace": null,
    "experience": "Experience10th Season",
    "draftInfo": null
  }
]