[
  {
    "team": "PIT",
    "number": "",
    "name": "Will Howard",
    "position": "QB",
    "height": "23",
    "weight": "6' 4\"",
    "age": "235 lbs",
    "college": "R",
    "playerId": "4429955",
    "profileUrl": "https://www.espn.com/nfl/player/_/id/4429955/will-howard",
    "headshot": "https://a.espncdn.com/combiner/i?img=/i/headshots/nfl/players/full/4429955.png",
    "birthdate": "Birthdate9/24/2001 (23)",
    "birthplace": null,
    "experience": null,
    "draftInfo": "Draft Info2025: Rd 6, Pk 185 (PIT)"
  },
  {
    "team": "PIT",
    "number": "",
    "name": "Mason Rudolph",
    "position": "QB",
    "height": "29",
    "weight": "6' 5\"",
    "age": "235 lbs",
    "college": "7",
    "playerId": "3116407",
    "profileUrl": "https://www.espn.com/nfl/player/_/id/3116407/mason-rudolph",
    "headshot": "https://a.espncdn.com/combiner/i?img=/i/headshots/nfl/players/full/3116407.png",
    "birthdate": "Birthdate7/17/1995 (29)",
    "birthplace": null,
    "experience": null,
    "draftInfo": "Draft Info2018: Rd 3, Pk 76 (PIT)"
  },
  {
    "team": "PIT",
    "number": "",
    "name": "Skylar Thompson",
    "position": "QB",
    "height": "27",
    "weight": "6' 2\"",
    "age": "219 lbs",
    "college": "3",
    "playerId": "4036419",
    "profileUrl": "https://www.espn.com/nfl/player/_/id/4036419/skylar-thompson",
    "headshot": "https://a.espncdn.com/combiner/i?img=/i/headshots/nfl/players/full/4036419.png",
    "birthdate": "Birthdate6/4/1997 (27)",
    "birthplace": null,
    "experience": null,
    "draftInfo": "Draft Info2022: Rd 7, Pk 247 (MIA)"
  },
  {
    "team": "PIT",
    "number": "",
    "name": "Kenneth Gainwell",
    "position": "RB",
    "height": "26",
    "weight": "5' 9\"",
    "age": "200 lbs",
    "college": "4",
    "playerId": "4371733",
    "profileUrl": "https://www.espn.com/nfl/player/_/id/4371733/kenneth-gainwell",
    "headshot": "https://a.espncdn.com/combiner/i?img=/i/headshots/nfl/players/full/4371733.png",
    "birthdate": "Birthdate3/14/1999 (26)",
    "birthplace": null,
    "experience": null,
    "draftInfo": "Draft Info2021: Rd 5, Pk 150 (PHI)"
  },
  {
    "team": "PIT",
    "number": "",
    "name": "Evan Hull",
    "position": "RB",
    "height": "24",
    "weight": "5' 10\"",
    "age": "209 lbs",
    "college": "2",
    "playerId": "4569609",
    "profileUrl": "https://www.espn.com/nfl/player/_/id/4569609/evan-hull",
    "headshot": "https://a.espncdn.com/combiner/i?img=/i/headshots/nfl/players/full/4569609.png",
    "birthdate": "Birthdate10/26/2000 (24)",
    "birthplace": null,
    "experience": null,
    "draftInfo": "Draft Info2023: Rd 5, Pk 176 (IND)"
  },
  {
    "team": "PIT",
    "number": "",
    "name": "Max Hurleman",
    "position": "RB",
    "height": "--",
    "weight": "5' 11\"",
    "age": "201 lbs",
    "college": "R",
    "playerId": "4694237",
    "profileUrl": "https://www.espn.com/nfl/player/_/id/4694237/max-hurleman",
    "headshot": "https://a.espncdn.com/combiner/i?img=/i/headshots/college-football/players/full/4694237.png",
    "birthdate": null,
    "birthplace": "BirthplaceWyomissing, PA",
    "experience": "ExperienceRookie",
    "draftInfo": null
  },
  {
    "team": "PIT",
    "number": "",
    "name": "Kaleb Johnson",
    "position": "RB",
    "height": "21",
    "weight": "6' 0\"",
    "age": "225 lbs",
    "college": "R",
    "playerId": "4819231",
    "profileUrl": "https://www.espn.com/nfl/player/_/id/4819231/kaleb-johnson",
    "headshot": "https://a.espncdn.com/combiner/i?img=/i/headshots/nfl/players/full/4819231.png",
    "birthdate": "Birthdate8/14/2003 (21)",
    "birthplace": null,
    "experience": null,
    "draftInfo": "Draft Info2025: Rd 3, Pk 83 (PIT)"
  },
  {
    "team": "PIT",
    "number": "",
    "name": "Cordarrelle Patterson84",
    "position": "RB",
    "height": "34",
    "weight": "6' 2\"",
    "age": "220 lbs",
    "college": "12",
    "playerId": "15807",
    "profileUrl": "https://www.espn.com/nfl/player/_/id/15807/cordarrelle-patterson",
    "headshot": "https://a.espncdn.com/combiner/i?img=/i/headshots/nfl/players/full/15807.png",
    "birthdate": "Birthdate3/17/1991 (34)",
    "birthplace": null,
    "experience": null,
    "draftInfo": "Draft Info2013: Rd 1, Pk 29 (MIN)"
  },
  {
    "team": "PIT",
    "number": "",
    "name": "Trey Sermon",
    "position": "RB",
    "height": "26",
    "weight": "6' 0\"",
    "age": "215 lbs",
    "college": "5",
    "playerId": "4241401",
    "profileUrl": "https://www.espn.com/nfl/player/_/id/4241401/trey-sermon",
    "headshot": "https://a.espncdn.com/combiner/i?img=/i/headshots/nfl/players/full/4241401.png",
    "birthdate": "Birthdate1/30/1999 (26)",
    "birthplace": null,
    "experience": null,
    "draftInfo": "Draft Info2021: Rd 3, Pk 88 (SF)"
  },
  {
    "team": "PIT",
    "number": "",
    "name": "Jonathan Ward35",
    "position": "RB",
    "height": "27",
    "weight": "6' 0\"",
    "age": "202 lbs",
    "college": "5",
    "playerId": "4039274",
    "profileUrl": "https://www.espn.com/nfl/player/_/id/4039274/jonathan-ward",
    "headshot": "https://a.espncdn.com/combiner/i?img=/i/headshots/nfl/players/full/4039274.png",
    "birthdate": "Birthdate9/30/1997 (27)",
    "birthplace": null,
    "experience": "Experience5th Season",
    "draftInfo": null
  },
  {
    "team": "PIT",
    "number": "",
    "name": "Jaylen Warren30",
    "position": "RB",
    "height": "26",
    "weight": "5' 8\"",
    "age": "215 lbs",
    "college": "3",
    "playerId": "4569987",
    "profileUrl": "https://www.espn.com/nfl/player/_/id/4569987/jaylen-warren",
    "headshot": "https://a.espncdn.com/combiner/i?img=/i/headshots/nfl/players/full/4569987.png",
    "birthdate": "Birthdate11/1/1998 (26)",
    "birthplace": null,
    "experience": "Experience3rd Season",
    "draftInfo": null
  },
  {
    "team": "PIT",
    "number": "",
    "name": "DJ Thomas-Jones",
    "position": "FB",
    "height": "22",
    "weight": "6' 2\"",
    "age": "256 lbs",
    "college": "R",
    "playerId": "4690170",
    "profileUrl": "https://www.espn.com/nfl/player/_/id/4690170/dj-thomas-jones",
    "headshot": "https://a.espncdn.com/combiner/i?img=/i/headshots/college-football/players/full/4690170.png",
    "birthdate": "Birthdate7/6/2002 (22)",
    "birthplace": null,
    "experience": "ExperienceRookie",
    "draftInfo": null
  },
  {
    "team": "PIT",
    "number": "",
    "name": "Calvin Austin III19",
    "position": "WR",
    "height": "26",
    "weight": "5' 9\"",
    "age": "162 lbs",
    "college": "3",
    "playerId": "4243389",
    "profileUrl": "https://www.espn.com/nfl/player/_/id/4243389/calvin-austin-iii",
    "headshot": "https://a.espncdn.com/combiner/i?img=/i/headshots/nfl/players/full/4243389.png",
    "birthdate": "Birthdate3/24/1999 (26)",
    "birthplace": null,
    "experience": null,
    "draftInfo": "Draft Info2022: Rd 4, Pk 138 (PIT)"
  },
  {
    "team": "PIT",
    "number": "",
    "name": "Brandon Johnson89",
    "position": "WR",
    "height": "26",
    "weight": "6' 2\"",
    "age": "195 lbs",
    "college": "3",
    "playerId": "4035198",
    "profileUrl": "https://www.espn.com/nfl/player/_/id/4035198/brandon-johnson",
    "headshot": "https://a.espncdn.com/combiner/i?img=/i/headshots/nfl/players/full/4035198.png",
    "birthdate": "Birthdate7/26/1998 (26)",
    "birthplace": null,
    "experience": "Experience3rd Season",
    "draftInfo": null
  },
  {
    "team": "PIT",
    "number": "",
    "name": "Lance McCutcheon82",
    "position": "WR",
    "height": "26",
    "weight": "6' 3\"",
    "age": "202 lbs",
    "college": "2",
    "playerId": "4247812",
    "profileUrl": "https://www.espn.com/nfl/player/_/id/4247812/lance-mccutcheon",
    "headshot": "https://a.espncdn.com/combiner/i?img=/i/headshots/nfl/players/full/4247812.png",
    "birthdate": "Birthdate2/28/1999 (26)",
    "birthplace": null,
    "experience": "Experience2nd Season",
    "draftInfo": null
  },
  {
    "team": "PIT",
    "number": "",
    "name": "DK Metcalf14",
    "position": "WR",
    "height": "27",
    "weight": "6' 4\"",
    "age": "235 lbs",
    "college": "6",
    "playerId": "4047650",
    "profileUrl": "https://www.espn.com/nfl/player/_/id/4047650/dk-metcalf",
    "headshot": "https://a.espncdn.com/combiner/i?img=/i/headshots/nfl/players/full/4047650.png",
    "birthdate": "Birthdate12/14/1997 (27)",
    "birthplace": null,
    "experience": null,
    "draftInfo": "Draft Info2019: Rd 2, Pk 64 (SEA)"
  },
  {
    "team": "PIT",
    "number": "",
    "name": "Scotty Miller13",
    "position": "WR",
    "height": "27",
    "weight": "5' 9\"",
    "age": "174 lbs",
    "college": "6",
    "playerId": "3914397",
    "profileUrl": "https://www.espn.com/nfl/player/_/id/3914397/scotty-miller",
    "headshot": "https://a.espncdn.com/combiner/i?img=/i/headshots/nfl/players/full/3914397.png",
    "birthdate": "Birthdate7/31/1997 (27)",
    "birthplace": null,
    "experience": null,
    "draftInfo": "Draft Info2019: Rd 6, Pk 208 (TB)"
  },
  {
    "team": "PIT",
    "number": "",
    "name": "Ben Skowronek15",
    "position": "WR",
    "height": "27",
    "weight": "6' 3\"",
    "age": "224 lbs",
    "college": "4",
    "playerId": "4035656",
    "profileUrl": "https://www.espn.com/nfl/player/_/id/4035656/ben-skowronek",
    "headshot": "https://a.espncdn.com/combiner/i?img=/i/headshots/nfl/players/full/4035656.png",
    "birthdate": "Birthdate6/27/1997 (27)",
    "birthplace": null,
    "experience": null,
    "draftInfo": "Draft Info2021: Rd 7, Pk 249 (LAR)"
  },
  {
    "team": "PIT",
    "number": "",
    "name": "Roc Taylor",
    "position": "WR",
    "height": "--",
    "weight": "6' 3\"",
    "age": "215 lbs",
    "college": "R",
    "playerId": "4431597",
    "profileUrl": "https://www.espn.com/nfl/player/_/id/4431597/roc-taylor",
    "headshot": "https://a.espncdn.com/combiner/i?img=/i/headshots/college-football/players/full/4431597.png",
    "birthdate": null,
    "birthplace": "BirthplaceOxford, AL",
    "experience": "ExperienceRookie",
    "draftInfo": null
  },
  {
    "team": "PIT",
    "number": "",
    "name": "Ke'Shawn Williams",
    "position": "WR",
    "height": "--",
    "weight": "5' 9\"",
    "age": "189 lbs",
    "college": "R",
    "playerId": "4570738",
    "profileUrl": "https://www.espn.com/nfl/player/_/id/4570738/keshawn-williams",
    "headshot": "https://a.espncdn.com/combiner/i?img=/i/headshots/college-football/players/full/4570738.png",
    "birthdate": null,
    "birthplace": "BirthplacePhiladelphia, PA",
    "experience": "ExperienceRookie",
    "draftInfo": null
  },
  {
    "team": "PIT",
    "number": "",
    "name": "Roman Wilson10",
    "position": "WR",
    "height": "23",
    "weight": "5' 10\"",
    "age": "186 lbs",
    "college": "R",
    "playerId": "4431492",
    "profileUrl": "https://www.espn.com/nfl/player/_/id/4431492/roman-wilson",
    "headshot": "https://a.espncdn.com/combiner/i?img=/i/headshots/nfl/players/full/4431492.png",
    "birthdate": "Birthdate6/19/2001 (23)",
    "birthplace": null,
    "experience": null,
    "draftInfo": "Draft Info2024: Rd 3, Pk 84 (PIT)"
  },
  {
    "team": "PIT",
    "number": "",
    "name": "Robert Woods",
    "position": "WR",
    "height": "33",
    "weight": "6' 0\"",
    "age": "193 lbs",
    "college": "12",
    "playerId": "15880",
    "profileUrl": "https://www.espn.com/nfl/player/_/id/15880/robert-woods",
    "headshot": "https://a.espncdn.com/combiner/i?img=/i/headshots/nfl/players/full/15880.png",
    "birthdate": "Birthdate4/10/1992 (33)",
    "birthplace": null,
    "experience": null,
    "draftInfo": "Draft Info2013: Rd 2, Pk 41 (BUF)"
  },
  {
    "team": "PIT",
    "number": "",
    "name": "Pat Freiermuth88",
    "position": "TE",
    "height": "26",
    "weight": "6' 5\"",
    "age": "258 lbs",
    "college": "4",
    "playerId": "4361411",
    "profileUrl": "https://www.espn.com/nfl/player/_/id/4361411/pat-freiermuth",
    "headshot": "https://a.espncdn.com/combiner/i?img=/i/headshots/nfl/players/full/4361411.png",
    "birthdate": "Birthdate10/25/1998 (26)",
    "birthplace": null,
    "experience": null,
    "draftInfo": "Draft Info2021: Rd 2, Pk 55 (PIT)"
  },
  {
    "team": "PIT",
    "number": "",
    "name": "JJ Galbreath",
    "position": "TE",
    "height": "--",
    "weight": "6' 4\"",
    "age": "240 lbs",
    "college": "R",
    "playerId": "4695800",
    "profileUrl": "https://www.espn.com/nfl/player/_/id/4695800/jj-galbreath",
    "headshot": "https://a.espncdn.com/combiner/i?img=/i/headshots/college-football/players/full/4695800.png",
    "birthdate": null,
    "birthplace": "BirthplaceArvada, CO",
    "experience": "ExperienceRookie",
    "draftInfo": null
  },
  {
    "team": "PIT",
    "number": "",
    "name": "Connor Heyward83",
    "position": "TE",
    "height": "26",
    "weight": "6' 0\"",
    "age": "230 lbs",
    "college": "3",
    "playerId": "4241961",
    "profileUrl": "https://www.espn.com/nfl/player/_/id/4241961/connor-heyward",
    "headshot": "https://a.espncdn.com/combiner/i?img=/i/headshots/nfl/players/full/4241961.png",
    "birthdate": "Birthdate1/22/1999 (26)",
    "birthplace": null,
    "experience": null,
    "draftInfo": "Draft Info2022: Rd 6, Pk 208 (PIT)"
  },
  {
    "team": "PIT",
    "number": "",
    "name": "Donald Parham Jr.",
    "position": "TE",
    "height": "27",
    "weight": "6' 8\"",
    "age": "237 lbs",
    "college": "5",
    "playerId": "3912092",
    "profileUrl": "https://www.espn.com/nfl/player/_/id/3912092/donald-parham-jr",
    "headshot": "https://a.espncdn.com/combiner/i?img=/i/headshots/nfl/players/full/3912092.png",
    "birthdate": "Birthdate8/16/1997 (27)",
    "birthplace": null,
    "experience": "Experience5th Season",
    "draftInfo": null
  },
  {
    "team": "PIT",
    "number": "",
    "name": "Darnell Washington80",
    "position": "TE",
    "height": "23",
    "weight": "6' 7\"",
    "age": "264 lbs",
    "college": "2",
    "playerId": "4430802",
    "profileUrl": "https://www.espn.com/nfl/player/_/id/4430802/darnell-washington",
    "headshot": "https://a.espncdn.com/combiner/i?img=/i/headshots/nfl/players/full/4430802.png",
    "birthdate": "Birthdate8/17/2001 (23)",
    "birthplace": null,
    "experience": null,
    "draftInfo": "Draft Info2023: Rd 3, Pk 93 (PIT)"
  },
  {
    "team": "PIT",
    "number": "",
    "name": "Zach Frazier54",
    "position": "C",
    "height": "23",
    "weight": "6' 3\"",
    "age": "310 lbs",
    "college": "R",
    "playerId": "4429775",
    "profileUrl": "https://www.espn.com/nfl/player/_/id/4429775/zach-frazier",
    "headshot": "https://a.espncdn.com/combiner/i?img=/i/headshots/nfl/players/full/4429775.png",
    "birthdate": "Birthdate8/29/2001 (23)",
    "birthplace": null,
    "experience": null,
    "draftInfo": "Draft Info2024: Rd 2, Pk 51 (PIT)"
  },
  {
    "team": "PIT",
    "number": "",
    "name": "Ryan McCollum62",
    "position": "C",
    "height": "27",
    "weight": "6' 5\"",
    "age": "300 lbs",
    "college": "2",
    "playerId": "4035253",
    "profileUrl": "https://www.espn.com/nfl/player/_/id/4035253/ryan-mccollum",
    "headshot": "https://a.espncdn.com/combiner/i?img=/i/headshots/nfl/players/full/4035253.png",
    "birthdate": "Birthdate3/4/1998 (27)",
    "birthplace": null,
    "experience": "Experience2nd Season",
    "draftInfo": null
  },
  {
    "team": "PIT",
    "number": "",
    "name": "Spencer Anderson74",
    "position": "G",
    "height": "24",
    "weight": "6' 5\"",
    "age": "305 lbs",
    "college": "2",
    "playerId": "4372056",
    "profileUrl": "https://www.espn.com/nfl/player/_/id/4372056/spencer-anderson",
    "headshot": "https://a.espncdn.com/combiner/i?img=/i/headshots/nfl/players/full/4372056.png",
    "birthdate": "Birthdate6/7/2000 (24)",
    "birthplace": null,
    "experience": null,
    "draftInfo": "Draft Info2023: Rd 7, Pk 251 (PIT)"
  },
  {
    "team": "PIT",
    "number": "",
    "name": "Steven Jones",
    "position": "G",
    "height": "24",
    "weight": "6' 5\"",
    "age": "340 lbs",
    "college": "R",
    "playerId": "4373830",
    "profileUrl": "https://www.espn.com/nfl/player/_/id/4373830/steven-jones",
    "headshot": "https://a.espncdn.com/combiner/i?img=/i/headshots/nfl/players/full/4373830.png",
    "birthdate": "Birthdate9/6/2000 (24)",
    "birthplace": null,
    "experience": "ExperienceRookie",
    "draftInfo": null
  },
  {
    "team": "PIT",
    "number": "",
    "name": "Mason McCormick66",
    "position": "G",
    "height": "24",
    "weight": "6' 5\"",
    "age": "315 lbs",
    "college": "R",
    "playerId": "4368304",
    "profileUrl": "https://www.espn.com/nfl/player/_/id/4368304/mason-mccormick",
    "headshot": "https://a.espncdn.com/combiner/i?img=/i/headshots/nfl/players/full/4368304.png",
    "birthdate": "Birthdate5/25/2000 (24)",
    "birthplace": null,
    "experience": null,
    "draftInfo": "Draft Info2024: Rd 4, Pk 119 (PIT)"
  },
  {
    "team": "PIT",
    "number": "",
    "name": "Doug Nester72",
    "position": "G",
    "height": "24",
    "weight": "6' 6\"",
    "age": "306 lbs",
    "college": "R",
    "playerId": "4426368",
    "profileUrl": "https://www.espn.com/nfl/player/_/id/4426368/doug-nester",
    "headshot": "https://a.espncdn.com/combiner/i?img=/i/headshots/nfl/players/full/4426368.png",
    "birthdate": "Birthdate8/7/2000 (24)",
    "birthplace": null,
    "experience": "ExperienceRookie",
    "draftInfo": null
  },
  {
    "team": "PIT",
    "number": "",
    "name": "Max Scharping64",
    "position": "G",
    "height": "28",
    "weight": "6' 6\"",
    "age": "327 lbs",
    "college": "6",
    "playerId": "3126035",
    "profileUrl": "https://www.espn.com/nfl/player/_/id/3126035/max-scharping",
    "headshot": "https://a.espncdn.com/combiner/i?img=/i/headshots/nfl/players/full/3126035.png",
    "birthdate": "Birthdate8/10/1996 (28)",
    "birthplace": null,
    "experience": null,
    "draftInfo": "Draft Info2019: Rd 2, Pk 55 (HOU)"
  },
  {
    "team": "PIT",
    "number": "",
    "name": "Isaac Seumalo73",
    "position": "G",
    "height": "31",
    "weight": "6' 4\"",
    "age": "303 lbs",
    "college": "9",
    "playerId": "2978247",
    "profileUrl": "https://www.espn.com/nfl/player/_/id/2978247/isaac-seumalo",
    "headshot": "https://a.espncdn.com/combiner/i?img=/i/headshots/nfl/players/full/2978247.png",
    "birthdate": "Birthdate10/29/1993 (31)",
    "birthplace": null,
    "experience": null,
    "draftInfo": "Draft Info2016: Rd 3, Pk 79 (PHI)"
  },
  {
    "team": "PIT",
    "number": "",
    "name": "Lecitus Smith",
    "position": "G",
    "height": "26",
    "weight": "6' 3\"",
    "age": "314 lbs",
    "college": "2",
    "playerId": "4260223",
    "profileUrl": "https://www.espn.com/nfl/player/_/id/4260223/lecitus-smith",
    "headshot": "https://a.espncdn.com/combiner/i?img=/i/headshots/nfl/players/full/4260223.png",
    "birthdate": "Birthdate7/13/1998 (26)",
    "birthplace": null,
    "experience": null,
    "draftInfo": "Draft Info2022: Rd 6, Pk 215 (ARI)"
  },
  {
    "team": "PIT",
    "number": "",
    "name": "Aiden Williams",
    "position": "G",
    "height": "--",
    "weight": "6' 6\"",
    "age": "295 lbs",
    "college": "R",
    "playerId": "5278102",
    "profileUrl": "https://www.espn.com/nfl/player/_/id/5278102/aiden-williams",
    "headshot": "https://a.espncdn.com/combiner/i?img=/i/teamlogos/nfl/500/pit.png",
    "birthdate": null,
    "birthplace": "BirthplaceAnchorage, AK",
    "experience": "ExperienceRookie",
    "draftInfo": null
  },
  {
    "team": "PIT",
    "number": "",
    "name": "Calvin Anderson67",
    "position": "OT",
    "height": "29",
    "weight": "6' 5\"",
    "age": "300 lbs",
    "college": "6",
    "playerId": "3123867",
    "profileUrl": "https://www.espn.com/nfl/player/_/id/3123867/calvin-anderson",
    "headshot": "https://a.espncdn.com/combiner/i?img=/i/headshots/nfl/players/full/3123867.png",
    "birthdate": "Birthdate3/25/1996 (29)",
    "birthplace": null,
    "experience": "Experience6th Season",
    "draftInfo": null
  },
  {
    "team": "PIT",
    "number": "",
    "name": "Dylan Cook60",
    "position": "OT",
    "height": "27",
    "weight": "6' 6\"",
    "age": "305 lbs",
    "college": "2",
    "playerId": "4570898",
    "profileUrl": "https://www.espn.com/nfl/player/_/id/4570898/dylan-cook",
    "headshot": "https://a.espncdn.com/combiner/i?img=/i/headshots/nfl/players/full/4570898.png",
    "birthdate": "Birthdate1/11/1998 (27)",
    "birthplace": null,
    "experience": "Experience2nd Season",
    "draftInfo": null
  },
  {
    "team": "PIT",
    "number": "",
    "name": "Troy Fautanu76",
    "position": "OT",
    "height": "24",
    "weight": "6' 4\"",
    "age": "317 lbs",
    "college": "R",
    "playerId": "4427170",
    "profileUrl": "https://www.espn.com/nfl/player/_/id/4427170/troy-fautanu",
    "headshot": "https://a.espncdn.com/combiner/i?img=/i/headshots/nfl/players/full/4427170.png",
    "birthdate": "Birthdate10/11/2000 (24)",
    "birthplace": null,
    "experience": null,
    "draftInfo": "Draft Info2024: Rd 1, Pk 20 (PIT)"
  },
  {
    "team": "PIT",
    "number": "",
    "name": "Broderick Jones77",
    "position": "OT",
    "height": "24",
    "weight": "6' 5\"",
    "age": "311 lbs",
    "college": "2",
    "playerId": "4428990",
    "profileUrl": "https://www.espn.com/nfl/player/_/id/4428990/broderick-jones",
    "headshot": "https://a.espncdn.com/combiner/i?img=/i/headshots/nfl/players/full/4428990.png",
    "birthdate": "Birthdate5/16/2001 (24)",
    "birthplace": null,
    "experience": null,
    "draftInfo": "Draft Info2023: Rd 1, Pk 14 (PIT)"
  },
  {
    "team": "PIT",
    "number": "",
    "name": "Gareth Warren",
    "position": "OT",
    "height": "--",
    "weight": "6' 6\"",
    "age": "328 lbs",
    "college": "R",
    "playerId": "4885455",
    "profileUrl": "https://www.espn.com/nfl/player/_/id/4885455/gareth-warren",
    "headshot": "https://a.espncdn.com/combiner/i?img=/i/teamlogos/nfl/500/pit.png",
    "birthdate": null,
    "birthplace": "BirthplaceKailua Kona, HI",
    "experience": "ExperienceRookie",
    "draftInfo": null
  },
  {
    "team": "PIT",
    "number": "",
    "name": "DeMarvin Leal98",
    "position": "DE",
    "height": "24",
    "weight": "6' 4\"",
    "age": "290 lbs",
    "college": "3",
    "playerId": "4426359",
    "profileUrl": "https://www.espn.com/nfl/player/_/id/4426359/demarvin-leal",
    "headshot": "https://a.espncdn.com/combiner/i?img=/i/headshots/nfl/players/full/4426359.png",
    "birthdate": "Birthdate7/1/2000 (24)",
    "birthplace": null,
    "experience": null,
    "draftInfo": "Draft Info2022: Rd 3, Pk 84 (PIT)"
  },
  {
    "team": "PIT",
    "number": "",
    "name": "Keeanu Benton95",
    "position": "DT",
    "height": "23",
    "weight": "6' 4\"",
    "age": "309 lbs",
    "college": "2",
    "playerId": "4426694",
    "profileUrl": "https://www.espn.com/nfl/player/_/id/4426694/keeanu-benton",
    "headshot": "https://a.espncdn.com/combiner/i?img=/i/headshots/nfl/players/full/4426694.png",
    "birthdate": "Birthdate7/17/2001 (23)",
    "birthplace": null,
    "experience": null,
    "draftInfo": "Draft Info2023: Rd 2, Pk 49 (PIT)"
  },
  {
    "team": "PIT",
    "number": "",
    "name": "Yahya Black",
    "position": "DT",
    "height": "23",
    "weight": "6' 5\"",
    "age": "317 lbs",
    "college": "R",
    "playerId": "4430947",
    "profileUrl": "https://www.espn.com/nfl/player/_/id/4430947/yahya-black",
    "headshot": "https://a.espncdn.com/combiner/i?img=/i/headshots/nfl/players/full/4430947.png",
    "birthdate": "Birthdate4/21/2002 (23)",
    "birthplace": null,
    "experience": null,
    "draftInfo": "Draft Info2025: Rd 5, Pk 164 (PIT)"
  },
  {
    "team": "PIT",
    "number": "",
    "name": "Domenique Davis69",
    "position": "DT",
    "height": "29",
    "weight": "6' 2\"",
    "age": "326 lbs",
    "college": "1",
    "playerId": "4590720",
    "profileUrl": "https://www.espn.com/nfl/player/_/id/4590720/domenique-davis",
    "headshot": "https://a.espncdn.com/combiner/i?img=/i/headshots/nfl/players/full/4590720.png",
    "birthdate": "Birthdate2/28/1996 (29)",
    "birthplace": null,
    "experience": "Experience1st Season",
    "draftInfo": null
  },
  {
    "team": "PIT",
    "number": "",
    "name": "Daniel Ekuale",
    "position": "DT",
    "height": "31",
    "weight": "6' 3\"",
    "age": "310 lbs",
    "college": "6",
    "playerId": "3052059",
    "profileUrl": "https://www.espn.com/nfl/player/_/id/3052059/daniel-ekuale",
    "headshot": "https://a.espncdn.com/combiner/i?img=/i/headshots/nfl/players/full/3052059.png",
    "birthdate": "Birthdate1/3/1994 (31)",
    "birthplace": null,
    "experience": "Experience6th Season",
    "draftInfo": null
  },
  {
    "team": "PIT",
    "number": "",
    "name": "Derrick Harmon",
    "position": "DT",
    "height": "21",
    "weight": "6' 5\"",
    "age": "310 lbs",
    "college": "R",
    "playerId": "4682980",
    "profileUrl": "https://www.espn.com/nfl/player/_/id/4682980/derrick-harmon",
    "headshot": "https://a.espncdn.com/combiner/i?img=/i/headshots/nfl/players/full/4682980.png",
    "birthdate": "Birthdate8/3/2003 (21)",
    "birthplace": null,
    "experience": null,
    "draftInfo": "Draft Info2025: Rd 1, Pk 21 (PIT)"
  },
  {
    "team": "PIT",
    "number": "",
    "name": "Cameron Heyward97",
    "position": "DT",
    "height": "36",
    "weight": "6' 5\"",
    "age": "295 lbs",
    "college": "14",
    "playerId": "13977",
    "profileUrl": "https://www.espn.com/nfl/player/_/id/13977/cameron-heyward",
    "headshot": "https://a.espncdn.com/combiner/i?img=/i/headshots/nfl/players/full/13977.png",
    "birthdate": "Birthdate5/6/1989 (36)",
    "birthplace": null,
    "experience": null,
    "draftInfo": "Draft Info2011: Rd 1, Pk 31 (PIT)"
  },
  {
    "team": "PIT",
    "number": "",
    "name": "Logan Lee91",
    "position": "DT",
    "height": "24",
    "weight": "6' 5\"",
    "age": "286 lbs",
    "college": "R",
    "playerId": "4569474",
    "profileUrl": "https://www.espn.com/nfl/player/_/id/4569474/logan-lee",
    "headshot": "https://a.espncdn.com/combiner/i?img=/i/headshots/nfl/players/full/4569474.png",
    "birthdate": "Birthdate6/12/2000 (24)",
    "birthplace": null,
    "experience": null,
    "draftInfo": "Draft Info2024: Rd 6, Pk 178 (PIT)"
  },
  {
    "team": "PIT",
    "number": "",
    "name": "Isaiahh Loudermilk92",
    "position": "DT",
    "height": "27",
    "weight": "6' 7\"",
    "age": "293 lbs",
    "college": "4",
    "playerId": "4035798",
    "profileUrl": "https://www.espn.com/nfl/player/_/id/4035798/isaiahh-loudermilk",
    "headshot": "https://a.espncdn.com/combiner/i?img=/i/headshots/nfl/players/full/4035798.png",
    "birthdate": "Birthdate10/10/1997 (27)",
    "birthplace": null,
    "experience": null,
    "draftInfo": "Draft Info2021: Rd 5, Pk 156 (PIT)"
  },
  {
    "team": "PIT",
    "number": "",
    "name": "Dean Lowry94",
    "position": "DT",
    "height": "30",
    "weight": "6' 6\"",
    "age": "296 lbs",
    "college": "9",
    "playerId": "2974348",
    "profileUrl": "https://www.espn.com/nfl/player/_/id/2974348/dean-lowry",
    "headshot": "https://a.espncdn.com/combiner/i?img=/i/headshots/nfl/players/full/2974348.png",
    "birthdate": "Birthdate6/9/1994 (30)",
    "birthplace": null,
    "experience": null,
    "draftInfo": "Draft Info2016: Rd 4, Pk 137 (GB)"
  },
  {
    "team": "PIT",
    "number": "",
    "name": "Blake Mangelson",
    "position": "DT",
    "height": "--",
    "weight": "6' 5\"",
    "age": "275 lbs",
    "college": "R",
    "playerId": "4875429",
    "profileUrl": "https://www.espn.com/nfl/player/_/id/4875429/blake-mangelson",
    "headshot": "https://a.espncdn.com/combiner/i?img=/i/headshots/college-football/players/full/4875429.png",
    "birthdate": null,
    "birthplace": "BirthplaceNephi, UT",
    "experience": "ExperienceRookie",
    "draftInfo": null
  },
  {
    "team": "PIT",
    "number": "",
    "name": "Esezi Otomewo",
    "position": "DT",
    "height": "26",
    "weight": "6' 5\"",
    "age": "282 lbs",
    "college": "3",
    "playerId": "4240759",
    "profileUrl": "https://www.espn.com/nfl/player/_/id/4240759/esezi-otomewo",
    "headshot": "https://a.espncdn.com/combiner/i?img=/i/headshots/nfl/players/full/4240759.png",
    "birthdate": "Birthdate3/9/1999 (26)",
    "birthplace": null,
    "experience": null,
    "draftInfo": "Draft Info2022: Rd 5, Pk 165 (MIN)"
  },
  {
    "team": "PIT",
    "number": "",
    "name": "Jacob Slade79",
    "position": "DT",
    "height": "25",
    "weight": "6' 4\"",
    "age": "305 lbs",
    "college": "1",
    "playerId": "4382475",
    "profileUrl": "https://www.espn.com/nfl/player/_/id/4382475/jacob-slade",
    "headshot": "https://a.espncdn.com/combiner/i?img=/i/headshots/nfl/players/full/4382475.png",
    "birthdate": "Birthdate2/23/2000 (25)",
    "birthplace": null,
    "experience": "Experience1st Season",
    "draftInfo": null
  },
  {
    "team": "PIT",
    "number": "",
    "name": "Carson Bruener",
    "position": "LB",
    "height": "23",
    "weight": "6' 2\"",
    "age": "226 lbs",
    "college": "R",
    "playerId": "4429490",
    "profileUrl": "https://www.espn.com/nfl/player/_/id/4429490/carson-bruener",
    "headshot": "https://a.espncdn.com/combiner/i?img=/i/headshots/nfl/players/full/4429490.png",
    "birthdate": "Birthdate6/5/2001 (23)",
    "birthplace": null,
    "experience": null,
    "draftInfo": "Draft Info2025: Rd 7, Pk 226 (PIT)"
  },
  {
    "team": "PIT",
    "number": "",
    "name": "Devin Harper40",
    "position": "LB",
    "height": "27",
    "weight": "6' 0\"",
    "age": "234 lbs",
    "college": "3",
    "playerId": "4038436",
    "profileUrl": "https://www.espn.com/nfl/player/_/id/4038436/devin-harper",
    "headshot": "https://a.espncdn.com/combiner/i?img=/i/headshots/nfl/players/full/4038436.png",
    "birthdate": "Birthdate5/13/1998 (27)",
    "birthplace": null,
    "experience": null,
    "draftInfo": "Draft Info2022: Rd 6, Pk 193 (DAL)"
  },
  {
    "team": "PIT",
    "number": "",
    "name": "Malik Harrison",
    "position": "LB",
    "height": "27",
    "weight": "6' 3\"",
    "age": "255 lbs",
    "college": "5",
    "playerId": "4040615",
    "profileUrl": "https://www.espn.com/nfl/player/_/id/4040615/malik-harrison",
    "headshot": "https://a.espncdn.com/combiner/i?img=/i/headshots/nfl/players/full/4040615.png",
    "birthdate": "Birthdate3/5/1998 (27)",
    "birthplace": null,
    "experience": null,
    "draftInfo": "Draft Info2020: Rd 3, Pk 98 (BAL)"
  },
  {
    "team": "PIT",
    "number": "",
    "name": "Nick Herbig51",
    "position": "LB",
    "height": "23",
    "weight": "6' 2\"",
    "age": "240 lbs",
    "college": "2",
    "playerId": "4429164",
    "profileUrl": "https://www.espn.com/nfl/player/_/id/4429164/nick-herbig",
    "headshot": "https://a.espncdn.com/combiner/i?img=/i/headshots/nfl/players/full/4429164.png",
    "birthdate": "Birthdate11/21/2001 (23)",
    "birthplace": null,
    "experience": null,
    "draftInfo": "Draft Info2023: Rd 4, Pk 132 (PIT)"
  },
  {
    "team": "PIT",
    "number": "",
    "name": "Alex Highsmith56",
    "position": "LB",
    "height": "27",
    "weight": "6' 4\"",
    "age": "242 lbs",
    "college": "5",
    "playerId": "4037333",
    "profileUrl": "https://www.espn.com/nfl/player/_/id/4037333/alex-highsmith",
    "headshot": "https://a.espncdn.com/combiner/i?img=/i/headshots/nfl/players/full/4037333.png",
    "birthdate": "Birthdate8/7/1997 (27)",
    "birthplace": null,
    "experience": null,
    "draftInfo": "Draft Info2020: Rd 3, Pk 102 (PIT)"
  },
  {
    "team": "PIT",
    "number": "",
    "name": "Cole Holcomb55",
    "position": "LB",
    "height": "28",
    "weight": "6' 1\"",
    "age": "240 lbs",
    "college": "6",
    "playerId": "3116689",
    "profileUrl": "https://www.espn.com/nfl/player/_/id/3116689/cole-holcomb",
    "headshot": "https://a.espncdn.com/combiner/i?img=/i/headshots/nfl/players/full/3116689.png",
    "birthdate": "Birthdate7/30/1996 (28)",
    "birthplace": null,
    "experience": null,
    "draftInfo": "Draft Info2019: Rd 5, Pk 173 (WSH)"
  },
  {
    "team": "PIT",
    "number": "",
    "name": "Eku Leota53",
    "position": "LB",
    "height": "26",
    "weight": "6' 4\"",
    "age": "257 lbs",
    "college": "2",
    "playerId": "4361272",
    "profileUrl": "https://www.espn.com/nfl/player/_/id/4361272/eku-leota",
    "headshot": "https://a.espncdn.com/combiner/i?img=/i/headshots/nfl/players/full/4361272.png",
    "birthdate": "Birthdate5/11/1999 (26)",
    "birthplace": null,
    "experience": "Experience2nd Season",
    "draftInfo": null
  },
  {
    "team": "PIT",
    "number": "",
    "name": "Jeremiah Moon49",
    "position": "LB",
    "height": "26",
    "weight": "6' 5\"",
    "age": "247 lbs",
    "college": "2",
    "playerId": "4034959",
    "profileUrl": "https://www.espn.com/nfl/player/_/id/4034959/jeremiah-moon",
    "headshot": "https://a.espncdn.com/combiner/i?img=/i/headshots/nfl/players/full/4034959.png",
    "birthdate": "Birthdate8/18/1998 (26)",
    "birthplace": null,
    "experience": "Experience2nd Season",
    "draftInfo": null
  },
  {
    "team": "PIT",
    "number": "",
    "name": "Patrick Queen6",
    "position": "LB",
    "height": "25",
    "weight": "6' 0\"",
    "age": "232 lbs",
    "college": "5",
    "playerId": "4242207",
    "profileUrl": "https://www.espn.com/nfl/player/_/id/4242207/patrick-queen",
    "headshot": "https://a.espncdn.com/combiner/i?img=/i/headshots/nfl/players/full/4242207.png",
    "birthdate": "Birthdate8/13/1999 (25)",
    "birthplace": null,
    "experience": null,
    "draftInfo": "Draft Info2020: Rd 1, Pk 28 (BAL)"
  },
  {
    "team": "PIT",
    "number": "",
    "name": "Mark Robinson93",
    "position": "LB",
    "height": "25",
    "weight": "5' 11\"",
    "age": "235 lbs",
    "college": "3",
    "playerId": "4249342",
    "profileUrl": "https://www.espn.com/nfl/player/_/id/4249342/mark-robinson",
    "headshot": "https://a.espncdn.com/combiner/i?img=/i/headshots/nfl/players/full/4249342.png",
    "birthdate": "Birthdate8/14/1999 (25)",
    "birthplace": null,
    "experience": null,
    "draftInfo": "Draft Info2022: Rd 7, Pk 225 (PIT)"
  },
  {
    "team": "PIT",
    "number": "",
    "name": "Jack Sawyer",
    "position": "LB",
    "height": "23",
    "weight": "6' 5\"",
    "age": "260 lbs",
    "college": "R",
    "playerId": "4431590",
    "profileUrl": "https://www.espn.com/nfl/player/_/id/4431590/jack-sawyer",
    "headshot": "https://a.espncdn.com/combiner/i?img=/i/headshots/nfl/players/full/4431590.png",
    "birthdate": "Birthdate5/6/2002 (23)",
    "birthplace": null,
    "experience": null,
    "draftInfo": "Draft Info2025: Rd 4, Pk 123 (PIT)"
  },
  {
    "team": "PIT",
    "number": "",
    "name": "T.J. Watt90",
    "position": "LB",
    "height": "30",
    "weight": "6' 4\"",
    "age": "252 lbs",
    "college": "8",
    "playerId": "3045282",
    "profileUrl": "https://www.espn.com/nfl/player/_/id/3045282/tj-watt",
    "headshot": "https://a.espncdn.com/combiner/i?img=/i/headshots/nfl/players/full/3045282.png",
    "birthdate": "Birthdate10/11/1994 (30)",
    "birthplace": null,
    "experience": null,
    "draftInfo": "Draft Info2017: Rd 1, Pk 30 (PIT)"
  },
  {
    "team": "PIT",
    "number": "",
    "name": "Julius Welschof45",
    "position": "LB",
    "height": "28",
    "weight": "6' 6\"",
    "age": "265 lbs",
    "college": "R",
    "playerId": "4372098",
    "profileUrl": "https://www.espn.com/nfl/player/_/id/4372098/julius-welschof",
    "headshot": "https://a.espncdn.com/combiner/i?img=/i/headshots/nfl/players/full/4372098.png",
    "birthdate": "Birthdate3/12/1997 (28)",
    "birthplace": null,
    "experience": "ExperienceRookie",
    "draftInfo": null
  },
  {
    "team": "PIT",
    "number": "",
    "name": "Payton Wilson41",
    "position": "LB",
    "height": "25",
    "weight": "6' 4\"",
    "age": "242 lbs",
    "college": "R",
    "playerId": "4361652",
    "profileUrl": "https://www.espn.com/nfl/player/_/id/4361652/payton-wilson",
    "headshot": "https://a.espncdn.com/combiner/i?img=/i/headshots/nfl/players/full/4361652.png",
    "birthdate": "Birthdate4/21/2000 (25)",
    "birthplace": null,
    "experience": null,
    "draftInfo": "Draft Info2024: Rd 3, Pk 98 (PIT)"
  },
  {
    "team": "PIT",
    "number": "",
    "name": "Beanie Bishop Jr.31",
    "position": "CB",
    "height": "25",
    "weight": "5' 9\"",
    "age": "182 lbs",
    "college": "R",
    "playerId": "4363052",
    "profileUrl": "https://www.espn.com/nfl/player/_/id/4363052/beanie-bishop-jr",
    "headshot": "https://a.espncdn.com/combiner/i?img=/i/headshots/nfl/players/full/4363052.png",
    "birthdate": "Birthdate12/17/1999 (25)",
    "birthplace": null,
    "experience": "ExperienceRookie",
    "draftInfo": null
  },
  {
    "team": "PIT",
    "number": "",
    "name": "Brandin Echols",
    "position": "CB",
    "height": "27",
    "weight": "5' 10\"",
    "age": "179 lbs",
    "college": "4",
    "playerId": "4567979",
    "profileUrl": "https://www.espn.com/nfl/player/_/id/4567979/brandin-echols",
    "headshot": "https://a.espncdn.com/combiner/i?img=/i/headshots/nfl/players/full/4567979.png",
    "birthdate": "Birthdate10/16/1997 (27)",
    "birthplace": null,
    "experience": null,
    "draftInfo": "Draft Info2021: Rd 6, Pk 200 (NYJ)"
  },
  {
    "team": "PIT",
    "number": "",
    "name": "D'Shawn Jamison5",
    "position": "CB",
    "height": "25",
    "weight": "5' 9\"",
    "age": "186 lbs",
    "college": "2",
    "playerId": "4362082",
    "profileUrl": "https://www.espn.com/nfl/player/_/id/4362082/dshawn-jamison",
    "headshot": "https://a.espncdn.com/combiner/i?img=/i/headshots/nfl/players/full/4362082.png",
    "birthdate": "Birthdate6/4/1999 (25)",
    "birthplace": null,
    "experience": "Experience2nd Season",
    "draftInfo": null
  },
  {
    "team": "PIT",
    "number": "",
    "name": "Donte Kent",
    "position": "CB",
    "height": "23",
    "weight": "5' 11\"",
    "age": "195 lbs",
    "college": "R",
    "playerId": "4608004",
    "profileUrl": "https://www.espn.com/nfl/player/_/id/4608004/donte-kent",
    "headshot": "https://a.espncdn.com/combiner/i?img=/i/headshots/nfl/players/full/4608004.png",
    "birthdate": "Birthdate9/28/2001 (23)",
    "birthplace": null,
    "experience": null,
    "draftInfo": "Draft Info2025: Rd 7, Pk 229 (PIT)"
  },
  {
    "team": "PIT",
    "number": "",
    "name": "Cameron McCutcheon",
    "position": "CB",
    "height": "25",
    "weight": "6' 1\"",
    "age": "204 lbs",
    "college": "1",
    "playerId": "4365971",
    "profileUrl": "https://www.espn.com/nfl/player/_/id/4365971/cameron-mccutcheon",
    "headshot": "https://a.espncdn.com/combiner/i?img=/i/headshots/nfl/players/full/4365971.png",
    "birthdate": "Birthdate4/3/2000 (25)",
    "birthplace": null,
    "experience": "Experience1st Season",
    "draftInfo": null
  },
  {
    "team": "PIT",
    "number": "",
    "name": "Kyler McMichael42",
    "position": "CB",
    "height": "25",
    "weight": "6' 0\"",
    "age": "210 lbs",
    "college": "2",
    "playerId": "4360313",
    "profileUrl": "https://www.espn.com/nfl/player/_/id/4360313/kyler-mcmichael",
    "headshot": "https://a.espncdn.com/combiner/i?img=/i/headshots/nfl/players/full/4360313.png",
    "birthdate": "Birthdate3/22/2000 (25)",
    "birthplace": null,
    "experience": "Experience2nd Season",
    "draftInfo": null
  },
  {
    "team": "PIT",
    "number": "",
    "name": "James Pierre42",
    "position": "CB",
    "height": "28",
    "weight": "6' 2\"",
    "age": "185 lbs",
    "college": "5",
    "playerId": "4259252",
    "profileUrl": "https://www.espn.com/nfl/player/_/id/4259252/james-pierre",
    "headshot": "https://a.espncdn.com/combiner/i?img=/i/headshots/nfl/players/full/4259252.png",
    "birthdate": "Birthdate9/16/1996 (28)",
    "birthplace": null,
    "experience": "Experience5th Season",
    "draftInfo": null
  },
  {
    "team": "PIT",
    "number": "",
    "name": "Joey Porter Jr.24",
    "position": "CB",
    "height": "24",
    "weight": "6' 2\"",
    "age": "193 lbs",
    "college": "2",
    "playerId": "4426506",
    "profileUrl": "https://www.espn.com/nfl/player/_/id/4426506/joey-porter-jr",
    "headshot": "https://a.espncdn.com/combiner/i?img=/i/headshots/nfl/players/full/4426506.png",
    "birthdate": "Birthdate7/26/2000 (24)",
    "birthplace": null,
    "experience": null,
    "draftInfo": "Draft Info2023: Rd 2, Pk 32 (PIT)"
  },
  {
    "team": "PIT",
    "number": "",
    "name": "Darius Slay Jr.",
    "position": "CB",
    "height": "34",
    "weight": "6' 0\"",
    "age": "190 lbs",
    "college": "12",
    "playerId": "15863",
    "profileUrl": "https://www.espn.com/nfl/player/_/id/15863/darius-slay-jr",
    "headshot": "https://a.espncdn.com/combiner/i?img=/i/headshots/nfl/players/full/15863.png",
    "birthdate": "Birthdate1/1/1991 (34)",
    "birthplace": null,
    "experience": null,
    "draftInfo": "Draft Info2013: Rd 2, Pk 36 (DET)"
  },
  {
    "team": "PIT",
    "number": "",
    "name": "Cory Trice Jr.27",
    "position": "CB",
    "height": "24",
    "weight": "6' 3\"",
    "age": "206 lbs",
    "college": "2",
    "playerId": "4372492",
    "profileUrl": "https://www.espn.com/nfl/player/_/id/4372492/cory-trice-jr",
    "headshot": "https://a.espncdn.com/combiner/i?img=/i/headshots/nfl/players/full/4372492.png",
    "birthdate": "Birthdate5/30/2000 (24)",
    "birthplace": null,
    "experience": null,
    "draftInfo": "Draft Info2023: Rd 7, Pk 241 (PIT)"
  },
  {
    "team": "PIT",
    "number": "",
    "name": "Joshuah Bledsoe",
    "position": "S",
    "height": "26",
    "weight": "5' 11\"",
    "age": "201 lbs",
    "college": "3",
    "playerId": "4241199",
    "profileUrl": "https://www.espn.com/nfl/player/_/id/4241199/joshuah-bledsoe",
    "headshot": "https://a.espncdn.com/combiner/i?img=/i/headshots/nfl/players/full/4241199.png",
    "birthdate": "Birthdate12/30/1998 (26)",
    "birthplace": null,
    "experience": null,
    "draftInfo": "Draft Info2021: Rd 6, Pk 188 (NE)"
  },
  {
    "team": "PIT",
    "number": "",
    "name": "Sebastian Castro",
    "position": "S",
    "height": "--",
    "weight": "5' 11\"",
    "age": "205 lbs",
    "college": "R",
    "playerId": "4426882",
    "profileUrl": "https://www.espn.com/nfl/player/_/id/4426882/sebastian-castro",
    "headshot": "https://a.espncdn.com/combiner/i?img=/i/headshots/college-football/players/full/4426882.png",
    "birthdate": null,
    "birthplace": "BirthplaceOak Lawn, IL",
    "experience": "ExperienceRookie",
    "draftInfo": null
  },
  {
    "team": "PIT",
    "number": "",
    "name": "DeShon Elliott25",
    "position": "S",
    "height": "28",
    "weight": "6' 0\"",
    "age": "210 lbs",
    "college": "7",
    "playerId": "3929846",
    "profileUrl": "https://www.espn.com/nfl/player/_/id/3929846/deshon-elliott",
    "headshot": "https://a.espncdn.com/combiner/i?img=/i/headshots/nfl/players/full/3929846.png",
    "birthdate": "Birthdate4/21/1997 (28)",
    "birthplace": null,
    "experience": null,
    "draftInfo": "Draft Info2018: Rd 6, Pk 190 (BAL)"
  },
  {
    "team": "PIT",
    "number": "",
    "name": "Minkah Fitzpatrick39",
    "position": "S",
    "height": "28",
    "weight": "6' 1\"",
    "age": "207 lbs",
    "college": "7",
    "playerId": "3925345",
    "profileUrl": "https://www.espn.com/nfl/player/_/id/3925345/minkah-fitzpatrick",
    "headshot": "https://a.espncdn.com/combiner/i?img=/i/headshots/nfl/players/full/3925345.png",
    "birthdate": "Birthdate11/17/1996 (28)",
    "birthplace": null,
    "experience": null,
    "draftInfo": "Draft Info2018: Rd 1, Pk 11 (MIA)"
  },
  {
    "team": "PIT",
    "number": "",
    "name": "Miles Killebrew28",
    "position": "S",
    "height": "32",
    "weight": "6' 2\"",
    "age": "222 lbs",
    "college": "9",
    "playerId": "2575164",
    "profileUrl": "https://www.espn.com/nfl/player/_/id/2575164/miles-killebrew",
    "headshot": "https://a.espncdn.com/combiner/i?img=/i/headshots/nfl/players/full/2575164.png",
    "birthdate": "Birthdate5/10/1993 (32)",
    "birthplace": null,
    "experience": null,
    "draftInfo": "Draft Info2016: Rd 4, Pk 111 (DET)"
  },
  {
    "team": "PIT",
    "number": "",
    "name": "Juan Thornhill",
    "position": "S",
    "height": "29",
    "weight": "6' 0\"",
    "age": "205 lbs",
    "college": "7",
    "playerId": "3917909",
    "profileUrl": "https://www.espn.com/nfl/player/_/id/3917909/juan-thornhill",
    "headshot": "https://a.espncdn.com/combiner/i?img=/i/headshots/nfl/players/full/3917909.png",
    "birthdate": "Birthdate10/19/1995 (29)",
    "birthplace": null,
    "experience": null,
    "draftInfo": "Draft Info2019: Rd 2, Pk 63 (KC)"
  },
  {
    "team": "PIT",
    "number": "",
    "name": "Chris Boswell9",
    "position": "PK",
    "height": "34",
    "weight": "6' 2\"",
    "age": "185 lbs",
    "college": "10",
    "playerId": "17372",
    "profileUrl": "https://www.espn.com/nfl/player/_/id/17372/chris-boswell",
    "headshot": "https://a.espncdn.com/combiner/i?img=/i/headshots/nfl/players/full/17372.png",
    "birthdate": "Birthdate3/16/1991 (34)",
    "birthplace": null,
    "experience": "Experience10th Season",
    "draftInfo": null
  },
  {
    "team": "PIT",
    "number": "",
    "name": "Ben Sauls",
    "position": "PK",
    "height": "23",
    "weight": "5' 10\"",
    "age": "185 lbs",
    "college": "R",
    "playerId": "4566158",
    "profileUrl": "https://www.espn.com/nfl/player/_/id/4566158/ben-sauls",
    "headshot": "https://a.espncdn.com/combiner/i?img=/i/headshots/college-football/players/full/4566158.png",
    "birthdate": "Birthdate7/31/2001 (23)",
    "birthplace": null,
    "experience": "ExperienceRookie",
    "draftInfo": null
  },
  {
    "team": "PIT",
    "number": "",
    "name": "Cameron Johnston5",
    "position": "P",
    "height": "33",
    "weight": "5' 11\"",
    "age": "194 lbs",
    "college": "7",
    "playerId": "3051397",
    "profileUrl": "https://www.espn.com/nfl/player/_/id/3051397/cameron-johnston",
    "headshot": "https://a.espncdn.com/combiner/i?img=/i/headshots/nfl/players/full/3051397.png",
    "birthdate": "Birthdate2/24/1992 (33)",
    "birthplace": null,
    "experience": "Experience7th Season",
    "draftInfo": null
  },
  {
    "team": "PIT",
    "number": "",
    "name": "Corliss Waitman8",
    "position": "P",
    "height": "29",
    "weight": "6' 2\"",
    "age": "210 lbs",
    "college": "2",
    "playerId": "3125280",
    "profileUrl": "https://www.espn.com/nfl/player/_/id/3125280/corliss-waitman",
    "headshot": "https://a.espncdn.com/combiner/i?img=/i/headshots/nfl/players/full/3125280.png",
    "birthdate": "Birthdate7/21/1995 (29)",
    "birthplace": null,
    "experience": "Experience2nd Season",
    "draftInfo": null
  },
  {
    "team": "PIT",
    "number": "",
    "name": "Christian Kuntz46",
    "position": "LS",
    "height": "31",
    "weight": "6' 1\"",
    "age": "228 lbs",
    "college": "4",
    "playerId": "2978524",
    "profileUrl": "https://www.espn.com/nfl/player/_/id/2978524/christian-kuntz",
    "headshot": "https://a.espncdn.com/combiner/i?img=/i/headshots/nfl/players/full/2978524.png",
    "birthdate": "Birthdate4/13/1994 (31)",
    "birthplace": null,
    "experience": "Experience4th Season",
    "draftInfo": null
  }
]