[
  {
    "team": "SEA",
    "number": "",
    "name": "Sam Darnold14",
    "position": "QB",
    "height": "27",
    "weight": "6' 3\"",
    "age": "225 lbs",
    "college": "7",
    "playerId": "3912547",
    "profileUrl": "https://www.espn.com/nfl/player/_/id/3912547/sam-darnold",
    "headshot": "https://a.espncdn.com/combiner/i?img=/i/headshots/nfl/players/full/3912547.png",
    "birthdate": "Birthdate6/5/1997 (27)",
    "birthplace": null,
    "experience": null,
    "draftInfo": "Draft Info2018: Rd 1, Pk 3 (NYJ)"
  },
  {
    "team": "SEA",
    "number": "",
    "name": "Drew Lock",
    "position": "QB",
    "height": "28",
    "weight": "6' 4\"",
    "age": "228 lbs",
    "college": "6",
    "playerId": "3924327",
    "profileUrl": "https://www.espn.com/nfl/player/_/id/3924327/drew-lock",
    "headshot": "https://a.espncdn.com/combiner/i?img=/i/headshots/nfl/players/full/3924327.png",
    "birthdate": "Birthdate11/10/1996 (28)",
    "birthplace": null,
    "experience": null,
    "draftInfo": "Draft Info2019: Rd 2, Pk 42 (DEN)"
  },
  {
    "team": "SEA",
    "number": "",
    "name": "Jalen Milroe",
    "position": "QB",
    "height": "22",
    "weight": "6' 2\"",
    "age": "225 lbs",
    "college": "R",
    "playerId": "4432734",
    "profileUrl": "https://www.espn.com/nfl/player/_/id/4432734/jalen-milroe",
    "headshot": "https://a.espncdn.com/combiner/i?img=/i/headshots/nfl/players/full/4432734.png",
    "birthdate": "Birthdate12/13/2002 (22)",
    "birthplace": null,
    "experience": null,
    "draftInfo": "Draft Info2025: Rd 3, Pk 92 (SEA)"
  },
  {
    "team": "SEA",
    "number": "",
    "name": "Zach Charbonnet26",
    "position": "RB",
    "height": "24",
    "weight": "6' 1\"",
    "age": "214 lbs",
    "college": "2",
    "playerId": "4426385",
    "profileUrl": "https://www.espn.com/nfl/player/_/id/4426385/zach-charbonnet",
    "headshot": "https://a.espncdn.com/combiner/i?img=/i/headshots/nfl/players/full/4426385.png",
    "birthdate": "Birthdate1/8/2001 (24)",
    "birthplace": null,
    "experience": null,
    "draftInfo": "Draft Info2023: Rd 2, Pk 52 (SEA)"
  },
  {
    "team": "SEA",
    "number": "",
    "name": "George Holani36",
    "position": "RB",
    "height": "25",
    "weight": "5' 11\"",
    "age": "210 lbs",
    "college": "R",
    "playerId": "4429835",
    "profileUrl": "https://www.espn.com/nfl/player/_/id/4429835/george-holani",
    "headshot": "https://a.espncdn.com/combiner/i?img=/i/headshots/nfl/players/full/4429835.png",
    "birthdate": "Birthdate12/16/1999 (25)",
    "birthplace": null,
    "experience": "ExperienceRookie",
    "draftInfo": null
  },
  {
    "team": "SEA",
    "number": "",
    "name": "Damien Martinez",
    "position": "RB",
    "height": "21",
    "weight": "6' 0\"",
    "age": "232 lbs",
    "college": "R",
    "playerId": "4808830",
    "profileUrl": "https://www.espn.com/nfl/player/_/id/4808830/damien-martinez",
    "headshot": "https://a.espncdn.com/combiner/i?img=/i/headshots/nfl/players/full/4808830.png",
    "birthdate": "Birthdate1/31/2004 (21)",
    "birthplace": null,
    "experience": null,
    "draftInfo": "Draft Info2025: Rd 7, Pk 223 (SEA)"
  },
  {
    "team": "SEA",
    "number": "",
    "name": "Kenny McIntosh25",
    "position": "RB",
    "height": "25",
    "weight": "6' 0\"",
    "age": "204 lbs",
    "college": "2",
    "playerId": "4427391",
    "profileUrl": "https://www.espn.com/nfl/player/_/id/4427391/kenny-mcintosh",
    "headshot": "https://a.espncdn.com/combiner/i?img=/i/headshots/nfl/players/full/4427391.png",
    "birthdate": "Birthdate3/3/2000 (25)",
    "birthplace": null,
    "experience": null,
    "draftInfo": "Draft Info2023: Rd 7, Pk 237 (SEA)"
  },
  {
    "team": "SEA",
    "number": "",
    "name": "Kenneth Walker III9",
    "position": "RB",
    "height": "24",
    "weight": "5' 9\"",
    "age": "211 lbs",
    "college": "3",
    "playerId": "4567048",
    "profileUrl": "https://www.espn.com/nfl/player/_/id/4567048/kenneth-walker-iii",
    "headshot": "https://a.espncdn.com/combiner/i?img=/i/headshots/nfl/players/full/4567048.png",
    "birthdate": "Birthdate10/20/2000 (24)",
    "birthplace": null,
    "experience": null,
    "draftInfo": "Draft Info2022: Rd 2, Pk 41 (SEA)"
  },
  {
    "team": "SEA",
    "number": "",
    "name": "Jacardia Wright9",
    "position": "RB",
    "height": "--",
    "weight": "6' 0\"",
    "age": "220 lbs",
    "college": "4",
    "playerId": "4428943",
    "profileUrl": "https://www.espn.com/nfl/player/_/id/4428943/jacardia-wright",
    "headshot": "https://a.espncdn.com/combiner/i?img=/i/headshots/college-football/players/full/4428943.png",
    "birthdate": null,
    "birthplace": "BirthplaceDecatur, IL",
    "experience": "Experience4th Season",
    "draftInfo": null
  },
  {
    "team": "SEA",
    "number": "",
    "name": "Jake Bobo19",
    "position": "WR",
    "height": "26",
    "weight": "6' 4\"",
    "age": "207 lbs",
    "college": "2",
    "playerId": "4360405",
    "profileUrl": "https://www.espn.com/nfl/player/_/id/4360405/jake-bobo",
    "headshot": "https://a.espncdn.com/combiner/i?img=/i/headshots/nfl/players/full/4360405.png",
    "birthdate": "Birthdate8/4/1998 (26)",
    "birthplace": null,
    "experience": "Experience2nd Season",
    "draftInfo": null
  },
  {
    "team": "SEA",
    "number": "",
    "name": "Tyrone Broden",
    "position": "WR",
    "height": "--",
    "weight": "6' 7\"",
    "age": "200 lbs",
    "college": "R",
    "playerId": "4429313",
    "profileUrl": "https://www.espn.com/nfl/player/_/id/4429313/tyrone-broden",
    "headshot": "https://a.espncdn.com/combiner/i?img=/i/headshots/college-football/players/full/4429313.png",
    "birthdate": null,
    "birthplace": "BirthplaceDetroit, MI",
    "experience": "ExperienceRookie",
    "draftInfo": null
  },
  {
    "team": "SEA",
    "number": "",
    "name": "Montorie Foster Jr.",
    "position": "WR",
    "height": "--",
    "weight": "6' 0\"",
    "age": "186 lbs",
    "college": "R",
    "playerId": "4600597",
    "profileUrl": "https://www.espn.com/nfl/player/_/id/4600597/montorie-foster-jr",
    "headshot": "https://a.espncdn.com/combiner/i?img=/i/headshots/college-football/players/full/4600597.png",
    "birthdate": null,
    "birthplace": "BirthplaceCleveland, OH",
    "experience": "ExperienceRookie",
    "draftInfo": null
  },
  {
    "team": "SEA",
    "number": "",
    "name": "Tory Horton",
    "position": "WR",
    "height": "22",
    "weight": "6' 3\"",
    "age": "185 lbs",
    "college": "R",
    "playerId": "4597703",
    "profileUrl": "https://www.espn.com/nfl/player/_/id/4597703/tory-horton",
    "headshot": "https://a.espncdn.com/combiner/i?img=/i/headshots/nfl/players/full/4597703.png",
    "birthdate": "Birthdate11/29/2002 (22)",
    "birthplace": null,
    "experience": null,
    "draftInfo": "Draft Info2025: Rd 5, Pk 166 (SEA)"
  },
  {
    "team": "SEA",
    "number": "",
    "name": "Cooper Kupp10",
    "position": "WR",
    "height": "31",
    "weight": "6' 2\"",
    "age": "207 lbs",
    "college": "8",
    "playerId": "2977187",
    "profileUrl": "https://www.espn.com/nfl/player/_/id/2977187/cooper-kupp",
    "headshot": "https://a.espncdn.com/combiner/i?img=/i/headshots/nfl/players/full/2977187.png",
    "birthdate": "Birthdate6/15/1993 (31)",
    "birthplace": null,
    "experience": null,
    "draftInfo": "Draft Info2017: Rd 3, Pk 69 (LAR)"
  },
  {
    "team": "SEA",
    "number": "",
    "name": "John Rhys Plumlee17",
    "position": "WR",
    "height": "24",
    "weight": "6' 0\"",
    "age": "200 lbs",
    "college": "R",
    "playerId": "4426494",
    "profileUrl": "https://www.espn.com/nfl/player/_/id/4426494/john-rhys-plumlee",
    "headshot": "https://a.espncdn.com/combiner/i?img=/i/headshots/nfl/players/full/4426494.png",
    "birthdate": "Birthdate1/2/2001 (24)",
    "birthplace": null,
    "experience": "ExperienceRookie",
    "draftInfo": null
  },
  {
    "team": "SEA",
    "number": "",
    "name": "Steven Sims",
    "position": "WR",
    "height": "28",
    "weight": "5' 10\"",
    "age": "190 lbs",
    "college": "4",
    "playerId": "3917960",
    "profileUrl": "https://www.espn.com/nfl/player/_/id/3917960/steven-sims",
    "headshot": "https://a.espncdn.com/combiner/i?img=/i/headshots/nfl/players/full/3917960.png",
    "birthdate": "Birthdate3/31/1997 (28)",
    "birthplace": null,
    "experience": "Experience4th Season",
    "draftInfo": null
  },
  {
    "team": "SEA",
    "number": "",
    "name": "Jaxon Smith-Njigba11",
    "position": "WR",
    "height": "23",
    "weight": "6' 0\"",
    "age": "197 lbs",
    "college": "2",
    "playerId": "4430878",
    "profileUrl": "https://www.espn.com/nfl/player/_/id/4430878/jaxon-smith-njigba",
    "headshot": "https://a.espncdn.com/combiner/i?img=/i/headshots/nfl/players/full/4430878.png",
    "birthdate": "Birthdate2/14/2002 (23)",
    "birthplace": null,
    "experience": null,
    "draftInfo": "Draft Info2023: Rd 1, Pk 20 (SEA)"
  },
  {
    "team": "SEA",
    "number": "",
    "name": "Marquez Valdes-Scantling",
    "position": "WR",
    "height": "30",
    "weight": "6' 4\"",
    "age": "206 lbs",
    "college": "7",
    "playerId": "3051738",
    "profileUrl": "https://www.espn.com/nfl/player/_/id/3051738/marquez-valdes-scantling",
    "headshot": "https://a.espncdn.com/combiner/i?img=/i/headshots/nfl/players/full/3051738.png",
    "birthdate": "Birthdate10/10/1994 (30)",
    "birthplace": null,
    "experience": null,
    "draftInfo": "Draft Info2018: Rd 5, Pk 174 (GB)"
  },
  {
    "team": "SEA",
    "number": "",
    "name": "Cody White82",
    "position": "WR",
    "height": "26",
    "weight": "6' 3\"",
    "age": "215 lbs",
    "college": "2",
    "playerId": "4241983",
    "profileUrl": "https://www.espn.com/nfl/player/_/id/4241983/cody-white",
    "headshot": "https://a.espncdn.com/combiner/i?img=/i/headshots/nfl/players/full/4241983.png",
    "birthdate": "Birthdate11/28/1998 (26)",
    "birthplace": null,
    "experience": "Experience2nd Season",
    "draftInfo": null
  },
  {
    "team": "SEA",
    "number": "",
    "name": "Ricky White III",
    "position": "WR",
    "height": "23",
    "weight": "6' 1\"",
    "age": "190 lbs",
    "college": "R",
    "playerId": "4431479",
    "profileUrl": "https://www.espn.com/nfl/player/_/id/4431479/ricky-white-iii",
    "headshot": "https://a.espncdn.com/combiner/i?img=/i/headshots/nfl/players/full/4431479.png",
    "birthdate": "Birthdate2/6/2002 (23)",
    "birthplace": null,
    "experience": null,
    "draftInfo": "Draft Info2025: Rd 7, Pk 238 (SEA)"
  },
  {
    "team": "SEA",
    "number": "",
    "name": "Dareke Young83",
    "position": "WR",
    "height": "25",
    "weight": "6' 2\"",
    "age": "224 lbs",
    "college": "3",
    "playerId": "4401805",
    "profileUrl": "https://www.espn.com/nfl/player/_/id/4401805/dareke-young",
    "headshot": "https://a.espncdn.com/combiner/i?img=/i/headshots/nfl/players/full/4401805.png",
    "birthdate": "Birthdate6/4/1999 (25)",
    "birthplace": null,
    "experience": null,
    "draftInfo": "Draft Info2022: Rd 7, Pk 233 (SEA)"
  },
  {
    "team": "SEA",
    "number": "",
    "name": "Elijah Arroyo",
    "position": "TE",
    "height": "22",
    "weight": "6' 4\"",
    "age": "245 lbs",
    "college": "R",
    "playerId": "4678006",
    "profileUrl": "https://www.espn.com/nfl/player/_/id/4678006/elijah-arroyo",
    "headshot": "https://a.espncdn.com/combiner/i?img=/i/headshots/nfl/players/full/4678006.png",
    "birthdate": "Birthdate4/5/2003 (22)",
    "birthplace": null,
    "experience": null,
    "draftInfo": "Draft Info2025: Rd 2, Pk 50 (SEA)"
  },
  {
    "team": "SEA",
    "number": "",
    "name": "AJ Barner88",
    "position": "TE",
    "height": "23",
    "weight": "6' 6\"",
    "age": "251 lbs",
    "college": "R",
    "playerId": "4576297",
    "profileUrl": "https://www.espn.com/nfl/player/_/id/4576297/aj-barner",
    "headshot": "https://a.espncdn.com/combiner/i?img=/i/headshots/nfl/players/full/4576297.png",
    "birthdate": "Birthdate5/3/2002 (23)",
    "birthplace": null,
    "experience": null,
    "draftInfo": "Draft Info2024: Rd 4, Pk 121 (SEA)"
  },
  {
    "team": "SEA",
    "number": "",
    "name": "Noah Fant87",
    "position": "TE",
    "height": "27",
    "weight": "6' 4\"",
    "age": "249 lbs",
    "college": "6",
    "playerId": "4036131",
    "profileUrl": "https://www.espn.com/nfl/player/_/id/4036131/noah-fant",
    "headshot": "https://a.espncdn.com/combiner/i?img=/i/headshots/nfl/players/full/4036131.png",
    "birthdate": "Birthdate11/20/1997 (27)",
    "birthplace": null,
    "experience": null,
    "draftInfo": "Draft Info2019: Rd 1, Pk 20 (DEN)"
  },
  {
    "team": "SEA",
    "number": "",
    "name": "Nick Kallerup",
    "position": "TE",
    "height": "--",
    "weight": "6' 5\"",
    "age": "270 lbs",
    "college": "R",
    "playerId": "4569547",
    "profileUrl": "https://www.espn.com/nfl/player/_/id/4569547/nick-kallerup",
    "headshot": "https://a.espncdn.com/combiner/i?img=/i/headshots/college-football/players/full/4569547.png",
    "birthdate": null,
    "birthplace": "BirthplaceWayzata, MN",
    "experience": "ExperienceRookie",
    "draftInfo": null
  },
  {
    "team": "SEA",
    "number": "",
    "name": "Marshall Lang88",
    "position": "TE",
    "height": "--",
    "weight": "6' 4\"",
    "age": "246 lbs",
    "college": "4",
    "playerId": "4566195",
    "profileUrl": "https://www.espn.com/nfl/player/_/id/4566195/marshall-lang",
    "headshot": "https://a.espncdn.com/combiner/i?img=/i/headshots/college-football/players/full/4566195.png",
    "birthdate": null,
    "birthplace": "BirthplaceCincinnati, OH",
    "experience": "Experience4th Season",
    "draftInfo": null
  },
  {
    "team": "SEA",
    "number": "",
    "name": "Robbie Ouzts",
    "position": "TE",
    "height": "22",
    "weight": "6' 4\"",
    "age": "270 lbs",
    "college": "R",
    "playerId": "4691688",
    "profileUrl": "https://www.espn.com/nfl/player/_/id/4691688/robbie-ouzts",
    "headshot": "https://a.espncdn.com/combiner/i?img=/i/headshots/nfl/players/full/4691688.png",
    "birthdate": "Birthdate9/6/2002 (22)",
    "birthplace": null,
    "experience": null,
    "draftInfo": "Draft Info2025: Rd 5, Pk 175 (SEA)"
  },
  {
    "team": "SEA",
    "number": "",
    "name": "Brady Russell38",
    "position": "TE",
    "height": "26",
    "weight": "6' 3\"",
    "age": "250 lbs",
    "college": "2",
    "playerId": "4243176",
    "profileUrl": "https://www.espn.com/nfl/player/_/id/4243176/brady-russell",
    "headshot": "https://a.espncdn.com/combiner/i?img=/i/headshots/nfl/players/full/4243176.png",
    "birthdate": "Birthdate8/31/1998 (26)",
    "birthplace": null,
    "experience": "Experience2nd Season",
    "draftInfo": null
  },
  {
    "team": "SEA",
    "number": "",
    "name": "Eric Saubert",
    "position": "TE",
    "height": "31",
    "weight": "6' 5\"",
    "age": "248 lbs",
    "college": "7",
    "playerId": "2975863",
    "profileUrl": "https://www.espn.com/nfl/player/_/id/2975863/eric-saubert",
    "headshot": "https://a.espncdn.com/combiner/i?img=/i/headshots/nfl/players/full/2975863.png",
    "birthdate": "Birthdate5/9/1994 (31)",
    "birthplace": null,
    "experience": null,
    "draftInfo": "Draft Info2017: Rd 5, Pk 174 (ATL)"
  },
  {
    "team": "SEA",
    "number": "",
    "name": "Olu Oluwatimi51",
    "position": "C",
    "height": "25",
    "weight": "6' 3\"",
    "age": "309 lbs",
    "college": "1",
    "playerId": "4370807",
    "profileUrl": "https://www.espn.com/nfl/player/_/id/4370807/olu-oluwatimi",
    "headshot": "https://a.espncdn.com/combiner/i?img=/i/headshots/nfl/players/full/4370807.png",
    "birthdate": "Birthdate8/5/1999 (25)",
    "birthplace": null,
    "experience": null,
    "draftInfo": "Draft Info2023: Rd 5, Pk 154 (SEA)"
  },
  {
    "team": "SEA",
    "number": "",
    "name": "Anthony Bradford75",
    "position": "G",
    "height": "24",
    "weight": "6' 5\"",
    "age": "332 lbs",
    "college": "2",
    "playerId": "4429211",
    "profileUrl": "https://www.espn.com/nfl/player/_/id/4429211/anthony-bradford",
    "headshot": "https://a.espncdn.com/combiner/i?img=/i/headshots/nfl/players/full/4429211.png",
    "birthdate": "Birthdate4/28/2001 (24)",
    "birthplace": null,
    "experience": null,
    "draftInfo": "Draft Info2023: Rd 4, Pk 108 (SEA)"
  },
  {
    "team": "SEA",
    "number": "",
    "name": "Christian Haynes64",
    "position": "G",
    "height": "25",
    "weight": "6' 2\"",
    "age": "318 lbs",
    "college": "R",
    "playerId": "4362135",
    "profileUrl": "https://www.espn.com/nfl/player/_/id/4362135/christian-haynes",
    "headshot": "https://a.espncdn.com/combiner/i?img=/i/headshots/nfl/players/full/4362135.png",
    "birthdate": "Birthdate4/13/2000 (25)",
    "birthplace": null,
    "experience": null,
    "draftInfo": "Draft Info2024: Rd 3, Pk 81 (SEA)"
  },
  {
    "team": "SEA",
    "number": "",
    "name": "Grey Zabel",
    "position": "G",
    "height": "23",
    "weight": "6' 6\"",
    "age": "305 lbs",
    "college": "R",
    "playerId": "4693346",
    "profileUrl": "https://www.espn.com/nfl/player/_/id/4693346/grey-zabel",
    "headshot": "https://a.espncdn.com/combiner/i?img=/i/headshots/nfl/players/full/4693346.png",
    "birthdate": "Birthdate3/30/2002 (23)",
    "birthplace": null,
    "experience": null,
    "draftInfo": "Draft Info2025: Rd 1, Pk 18 (SEA)"
  },
  {
    "team": "SEA",
    "number": "",
    "name": "AJ Gillie",
    "position": "OL",
    "height": "--",
    "weight": "6' 2\"",
    "age": "328 lbs",
    "college": "R",
    "playerId": "4575745",
    "profileUrl": "https://www.espn.com/nfl/player/_/id/4575745/aj-gillie",
    "headshot": "https://a.espncdn.com/combiner/i?img=/i/headshots/college-football/players/full/4575745.png",
    "birthdate": null,
    "birthplace": "BirthplaceNatchitoches, LA",
    "experience": "ExperienceRookie",
    "draftInfo": null
  },
  {
    "team": "SEA",
    "number": "",
    "name": "Federico Maranges64",
    "position": "OL",
    "height": "--",
    "weight": "6' 4\"",
    "age": "300 lbs",
    "college": "4",
    "playerId": "4430070",
    "profileUrl": "https://www.espn.com/nfl/player/_/id/4430070/federico-maranges",
    "headshot": "https://a.espncdn.com/combiner/i?img=/i/headshots/college-football/players/full/4430070.png",
    "birthdate": null,
    "birthplace": "BirthplaceDorado, Puerto Rico",
    "experience": "Experience4th Season",
    "draftInfo": null
  },
  {
    "team": "SEA",
    "number": "",
    "name": "Malaesala Aumavae-Laulu",
    "position": "OT",
    "height": "25",
    "weight": "6' 5\"",
    "age": "344 lbs",
    "college": "2",
    "playerId": "4569301",
    "profileUrl": "https://www.espn.com/nfl/player/_/id/4569301/malaesala-aumavae-laulu",
    "headshot": "https://a.espncdn.com/combiner/i?img=/i/headshots/nfl/players/full/4569301.png",
    "birthdate": "Birthdate5/25/1999 (25)",
    "birthplace": null,
    "experience": null,
    "draftInfo": "Draft Info2023: Rd 6, Pk 199 (BAL)"
  },
  {
    "team": "SEA",
    "number": "",
    "name": "Bryce Cabeldue",
    "position": "OT",
    "height": "23",
    "weight": "6' 6\"",
    "age": "315 lbs",
    "college": "R",
    "playerId": "4612077",
    "profileUrl": "https://www.espn.com/nfl/player/_/id/4612077/bryce-cabeldue",
    "headshot": "https://a.espncdn.com/combiner/i?img=/i/headshots/nfl/players/full/4612077.png",
    "birthdate": "Birthdate9/4/2001 (23)",
    "birthplace": null,
    "experience": null,
    "draftInfo": "Draft Info2025: Rd 6, Pk 192 (SEA)"
  },
  {
    "team": "SEA",
    "number": "",
    "name": "Charles Cross67",
    "position": "OT",
    "height": "24",
    "weight": "6' 5\"",
    "age": "311 lbs",
    "college": "3",
    "playerId": "4426376",
    "profileUrl": "https://www.espn.com/nfl/player/_/id/4426376/charles-cross",
    "headshot": "https://a.espncdn.com/combiner/i?img=/i/headshots/nfl/players/full/4426376.png",
    "birthdate": "Birthdate11/25/2000 (24)",
    "birthplace": null,
    "experience": null,
    "draftInfo": "Draft Info2022: Rd 1, Pk 9 (SEA)"
  },
  {
    "team": "SEA",
    "number": "",
    "name": "Michael Jerrell65",
    "position": "OT",
    "height": "25",
    "weight": "6' 5\"",
    "age": "294 lbs",
    "college": "R",
    "playerId": "5209093",
    "profileUrl": "https://www.espn.com/nfl/player/_/id/5209093/michael-jerrell",
    "headshot": "https://a.espncdn.com/combiner/i?img=/i/headshots/nfl/players/full/5209093.png",
    "birthdate": "Birthdate8/18/1999 (25)",
    "birthplace": null,
    "experience": null,
    "draftInfo": "Draft Info2024: Rd 6, Pk 207 (SEA)"
  },
  {
    "team": "SEA",
    "number": "",
    "name": "Josh Jones",
    "position": "OT",
    "height": "27",
    "weight": "6' 5\"",
    "age": "339 lbs",
    "college": "5",
    "playerId": "3914630",
    "profileUrl": "https://www.espn.com/nfl/player/_/id/3914630/josh-jones",
    "headshot": "https://a.espncdn.com/combiner/i?img=/i/headshots/nfl/players/full/3914630.png",
    "birthdate": "Birthdate6/22/1997 (27)",
    "birthplace": null,
    "experience": null,
    "draftInfo": "Draft Info2020: Rd 3, Pk 72 (ARI)"
  },
  {
    "team": "SEA",
    "number": "",
    "name": "Amari Kight",
    "position": "OT",
    "height": "--",
    "weight": "6' 7\"",
    "age": "318 lbs",
    "college": "R",
    "playerId": "4567135",
    "profileUrl": "https://www.espn.com/nfl/player/_/id/4567135/amari-kight",
    "headshot": "https://a.espncdn.com/combiner/i?img=/i/headshots/college-football/players/full/4567135.png",
    "birthdate": null,
    "birthplace": "BirthplaceBirmingham, AL",
    "experience": "ExperienceRookie",
    "draftInfo": null
  },
  {
    "team": "SEA",
    "number": "",
    "name": "Sataoa Laumea63",
    "position": "OT",
    "height": "24",
    "weight": "6' 4\"",
    "age": "319 lbs",
    "college": "R",
    "playerId": "4427770",
    "profileUrl": "https://www.espn.com/nfl/player/_/id/4427770/sataoa-laumea",
    "headshot": "https://a.espncdn.com/combiner/i?img=/i/headshots/nfl/players/full/4427770.png",
    "birthdate": "Birthdate1/13/2001 (24)",
    "birthplace": null,
    "experience": null,
    "draftInfo": "Draft Info2024: Rd 6, Pk 179 (SEA)"
  },
  {
    "team": "SEA",
    "number": "",
    "name": "Abraham Lucas72",
    "position": "OT",
    "height": "26",
    "weight": "6' 6\"",
    "age": "322 lbs",
    "college": "3",
    "playerId": "4245171",
    "profileUrl": "https://www.espn.com/nfl/player/_/id/4245171/abraham-lucas",
    "headshot": "https://a.espncdn.com/combiner/i?img=/i/headshots/nfl/players/full/4245171.png",
    "birthdate": "Birthdate10/25/1998 (26)",
    "birthplace": null,
    "experience": null,
    "draftInfo": "Draft Info2022: Rd 3, Pk 72 (SEA)"
  },
  {
    "team": "SEA",
    "number": "",
    "name": "Mason Richman",
    "position": "OT",
    "height": "23",
    "weight": "6' 6\"",
    "age": "312 lbs",
    "college": "R",
    "playerId": "4432525",
    "profileUrl": "https://www.espn.com/nfl/player/_/id/4432525/mason-richman",
    "headshot": "https://a.espncdn.com/combiner/i?img=/i/headshots/nfl/players/full/4432525.png",
    "birthdate": "Birthdate5/7/2002 (23)",
    "birthplace": null,
    "experience": null,
    "draftInfo": "Draft Info2025: Rd 7, Pk 234 (SEA)"
  },
  {
    "team": "SEA",
    "number": "",
    "name": "Jalen Sundell61",
    "position": "OT",
    "height": "25",
    "weight": "6' 5\"",
    "age": "301 lbs",
    "college": "R",
    "playerId": "4383409",
    "profileUrl": "https://www.espn.com/nfl/player/_/id/4383409/jalen-sundell",
    "headshot": "https://a.espncdn.com/combiner/i?img=/i/headshots/nfl/players/full/4383409.png",
    "birthdate": "Birthdate10/18/1999 (25)",
    "birthplace": null,
    "experience": "ExperienceRookie",
    "draftInfo": null
  },
  {
    "team": "SEA",
    "number": "",
    "name": "Seth Coleman",
    "position": "EDGE",
    "height": "--",
    "weight": "6' 5\"",
    "age": "250 lbs",
    "college": "R",
    "playerId": "4429436",
    "profileUrl": "https://www.espn.com/nfl/player/_/id/4429436/seth-coleman",
    "headshot": "https://a.espncdn.com/combiner/i?img=/i/headshots/college-football/players/full/4429436.png",
    "birthdate": null,
    "birthplace": "BirthplaceMelbourne, FL",
    "experience": "ExperienceRookie",
    "draftInfo": null
  },
  {
    "team": "SEA",
    "number": "",
    "name": "Jared Ivey",
    "position": "EDGE",
    "height": "--",
    "weight": "6' 6\"",
    "age": "285 lbs",
    "college": "R",
    "playerId": "4605478",
    "profileUrl": "https://www.espn.com/nfl/player/_/id/4605478/jared-ivey",
    "headshot": "https://a.espncdn.com/combiner/i?img=/i/headshots/college-football/players/full/4605478.png",
    "birthdate": null,
    "birthplace": "BirthplaceSuwanee, GA",
    "experience": "ExperienceRookie",
    "draftInfo": null
  },
  {
    "team": "SEA",
    "number": "",
    "name": "Demeco Roland51",
    "position": "DL",
    "height": "--",
    "weight": "6' 3\"",
    "age": "340 lbs",
    "college": "4",
    "playerId": "5082513",
    "profileUrl": "https://www.espn.com/nfl/player/_/id/5082513/demeco-roland",
    "headshot": "https://a.espncdn.com/combiner/i?img=/i/headshots/college-football/players/full/5082513.png",
    "birthdate": null,
    "birthplace": "BirthplaceBroken Arrow, OK",
    "experience": "Experience4th Season",
    "draftInfo": null
  },
  {
    "team": "SEA",
    "number": "",
    "name": "J.R. Singleton58",
    "position": "DL",
    "height": "--",
    "weight": "6' 2\"",
    "age": "305 lbs",
    "college": "4",
    "playerId": "4686447",
    "profileUrl": "https://www.espn.com/nfl/player/_/id/4686447/jr-singleton",
    "headshot": "https://a.espncdn.com/combiner/i?img=/i/headshots/college-football/players/full/4686447.png",
    "birthdate": null,
    "birthplace": "BirthplaceGurnee, IL",
    "experience": "Experience4th Season",
    "draftInfo": null
  },
  {
    "team": "SEA",
    "number": "",
    "name": "DeMarcus Lawrence",
    "position": "DE",
    "height": "33",
    "weight": "6' 3\"",
    "age": "265 lbs",
    "college": "11",
    "playerId": "16802",
    "profileUrl": "https://www.espn.com/nfl/player/_/id/16802/demarcus-lawrence",
    "headshot": "https://a.espncdn.com/combiner/i?img=/i/headshots/nfl/players/full/16802.png",
    "birthdate": "Birthdate4/28/1992 (33)",
    "birthplace": null,
    "experience": null,
    "draftInfo": "Draft Info2014: Rd 2, Pk 34 (DAL)"
  },
  {
    "team": "SEA",
    "number": "",
    "name": "Mike Morris94",
    "position": "DE",
    "height": "24",
    "weight": "6' 6\"",
    "age": "295 lbs",
    "college": "2",
    "playerId": "4572055",
    "profileUrl": "https://www.espn.com/nfl/player/_/id/4572055/mike-morris",
    "headshot": "https://a.espncdn.com/combiner/i?img=/i/headshots/nfl/players/full/4572055.png",
    "birthdate": "Birthdate4/22/2001 (24)",
    "birthplace": null,
    "experience": null,
    "draftInfo": "Draft Info2023: Rd 5, Pk 151 (SEA)"
  },
  {
    "team": "SEA",
    "number": "",
    "name": "Connor O'Toole",
    "position": "DE",
    "height": "--",
    "weight": "6' 4\"",
    "age": "250 lbs",
    "college": "R",
    "playerId": "4605491",
    "profileUrl": "https://www.espn.com/nfl/player/_/id/4605491/connor-otoole",
    "headshot": "https://a.espncdn.com/combiner/i?img=/i/headshots/college-football/players/full/4605491.png",
    "birthdate": null,
    "birthplace": "BirthplaceAlbuquerque, NM",
    "experience": "ExperienceRookie",
    "draftInfo": null
  },
  {
    "team": "SEA",
    "number": "",
    "name": "Leonard Williams99",
    "position": "DE",
    "height": "30",
    "weight": "6' 5\"",
    "age": "300 lbs",
    "college": "10",
    "playerId": "2971622",
    "profileUrl": "https://www.espn.com/nfl/player/_/id/2971622/leonard-williams",
    "headshot": "https://a.espncdn.com/combiner/i?img=/i/headshots/nfl/players/full/2971622.png",
    "birthdate": "Birthdate6/20/1994 (30)",
    "birthplace": null,
    "experience": null,
    "draftInfo": "Draft Info2015: Rd 1, Pk 6 (NYJ)"
  },
  {
    "team": "SEA",
    "number": "",
    "name": "Quinton Bohanna92",
    "position": "DT",
    "height": "26",
    "weight": "6' 4\"",
    "age": "330 lbs",
    "college": "4",
    "playerId": "4259978",
    "profileUrl": "https://www.espn.com/nfl/player/_/id/4259978/quinton-bohanna",
    "headshot": "https://a.espncdn.com/combiner/i?img=/i/headshots/nfl/players/full/4259978.png",
    "birthdate": "Birthdate3/16/1999 (26)",
    "birthplace": null,
    "experience": null,
    "draftInfo": "Draft Info2021: Rd 6, Pk 192 (DAL)"
  },
  {
    "team": "SEA",
    "number": "",
    "name": "Johnathan Hankins97",
    "position": "DT",
    "height": "33",
    "weight": "6' 3\"",
    "age": "325 lbs",
    "college": "12",
    "playerId": "15841",
    "profileUrl": "https://www.espn.com/nfl/player/_/id/15841/johnathan-hankins",
    "headshot": "https://a.espncdn.com/combiner/i?img=/i/headshots/nfl/players/full/15841.png",
    "birthdate": "Birthdate3/30/1992 (33)",
    "birthplace": null,
    "experience": null,
    "draftInfo": "Draft Info2013: Rd 2, Pk 49 (NYG)"
  },
  {
    "team": "SEA",
    "number": "",
    "name": "Rylie Mills",
    "position": "DT",
    "height": "23",
    "weight": "6' 5\"",
    "age": "295 lbs",
    "college": "R",
    "playerId": "4430838",
    "profileUrl": "https://www.espn.com/nfl/player/_/id/4430838/rylie-mills",
    "headshot": "https://a.espncdn.com/combiner/i?img=/i/headshots/nfl/players/full/4430838.png",
    "birthdate": "Birthdate8/20/2001 (23)",
    "birthplace": null,
    "experience": null,
    "draftInfo": "Draft Info2025: Rd 5, Pk 142 (SEA)"
  },
  {
    "team": "SEA",
    "number": "",
    "name": "Byron Murphy II91",
    "position": "DT",
    "height": "22",
    "weight": "6' 0\"",
    "age": "306 lbs",
    "college": "R",
    "playerId": "4570040",
    "profileUrl": "https://www.espn.com/nfl/player/_/id/4570040/byron-murphy-ii",
    "headshot": "https://a.espncdn.com/combiner/i?img=/i/headshots/nfl/players/full/4570040.png",
    "birthdate": "Birthdate9/8/2002 (22)",
    "birthplace": null,
    "experience": null,
    "draftInfo": "Draft Info2024: Rd 1, Pk 16 (SEA)"
  },
  {
    "team": "SEA",
    "number": "",
    "name": "Brandon Pili76",
    "position": "DT",
    "height": "26",
    "weight": "6' 3\"",
    "age": "334 lbs",
    "college": "2",
    "playerId": "4259651",
    "profileUrl": "https://www.espn.com/nfl/player/_/id/4259651/brandon-pili",
    "headshot": "https://a.espncdn.com/combiner/i?img=/i/headshots/nfl/players/full/4259651.png",
    "birthdate": "Birthdate4/2/1999 (26)",
    "birthplace": null,
    "experience": "Experience2nd Season",
    "draftInfo": null
  },
  {
    "team": "SEA",
    "number": "",
    "name": "Jarran Reed90",
    "position": "DT",
    "height": "32",
    "weight": "6' 3\"",
    "age": "306 lbs",
    "college": "9",
    "playerId": "3115312",
    "profileUrl": "https://www.espn.com/nfl/player/_/id/3115312/jarran-reed",
    "headshot": "https://a.espncdn.com/combiner/i?img=/i/headshots/nfl/players/full/3115312.png",
    "birthdate": "Birthdate12/16/1992 (32)",
    "birthplace": null,
    "experience": null,
    "draftInfo": "Draft Info2016: Rd 2, Pk 49 (SEA)"
  },
  {
    "team": "SEA",
    "number": "",
    "name": "Wy'Kevious Thomas",
    "position": "DT",
    "height": "--",
    "weight": "6' 2\"",
    "age": "303 lbs",
    "college": "R",
    "playerId": "4428657",
    "profileUrl": "https://www.espn.com/nfl/player/_/id/4428657/wykevious-thomas",
    "headshot": "https://a.espncdn.com/combiner/i?img=/i/headshots/college-football/players/full/4428657.png",
    "birthdate": null,
    "birthplace": "BirthplaceRiverdale, GA",
    "experience": "ExperienceRookie",
    "draftInfo": null
  },
  {
    "team": "SEA",
    "number": "",
    "name": "Derick Hall58",
    "position": "LB",
    "height": "24",
    "weight": "6' 3\"",
    "age": "254 lbs",
    "college": "2",
    "playerId": "4567226",
    "profileUrl": "https://www.espn.com/nfl/player/_/id/4567226/derick-hall",
    "headshot": "https://a.espncdn.com/combiner/i?img=/i/headshots/nfl/players/full/4567226.png",
    "birthdate": "Birthdate3/19/2001 (24)",
    "birthplace": null,
    "experience": null,
    "draftInfo": "Draft Info2023: Rd 2, Pk 37 (SEA)"
  },
  {
    "team": "SEA",
    "number": "",
    "name": "D'Eryk Jackson",
    "position": "LB",
    "height": "--",
    "weight": "6' 1\"",
    "age": "244 lbs",
    "college": "R",
    "playerId": "4431169",
    "profileUrl": "https://www.espn.com/nfl/player/_/id/4431169/deryk-jackson",
    "headshot": "https://a.espncdn.com/combiner/i?img=/i/headshots/college-football/players/full/4431169.png",
    "birthdate": null,
    "birthplace": "BirthplaceDublin, GA",
    "experience": "ExperienceRookie",
    "draftInfo": null
  },
  {
    "team": "SEA",
    "number": "",
    "name": "Ernest Jones IV13",
    "position": "LB",
    "height": "25",
    "weight": "6' 2\"",
    "age": "230 lbs",
    "college": "4",
    "playerId": "4362851",
    "profileUrl": "https://www.espn.com/nfl/player/_/id/4362851/ernest-jones-iv",
    "headshot": "https://a.espncdn.com/combiner/i?img=/i/headshots/nfl/players/full/4362851.png",
    "birthdate": "Birthdate11/22/1999 (25)",
    "birthplace": null,
    "experience": null,
    "draftInfo": "Draft Info2021: Rd 3, Pk 103 (LAR)"
  },
  {
    "team": "SEA",
    "number": "",
    "name": "Tyrice Knight48",
    "position": "LB",
    "height": "24",
    "weight": "6' 0\"",
    "age": "233 lbs",
    "college": "R",
    "playerId": "4686540",
    "profileUrl": "https://www.espn.com/nfl/player/_/id/4686540/tyrice-knight",
    "headshot": "https://a.espncdn.com/combiner/i?img=/i/headshots/nfl/players/full/4686540.png",
    "birthdate": "Birthdate12/20/2000 (24)",
    "birthplace": null,
    "experience": null,
    "draftInfo": "Draft Info2024: Rd 4, Pk 118 (SEA)"
  },
  {
    "team": "SEA",
    "number": "",
    "name": "Boye Mafe53",
    "position": "LB",
    "height": "26",
    "weight": "6' 4\"",
    "age": "261 lbs",
    "college": "3",
    "playerId": "4240754",
    "profileUrl": "https://www.espn.com/nfl/player/_/id/4240754/boye-mafe",
    "headshot": "https://a.espncdn.com/combiner/i?img=/i/headshots/nfl/players/full/4240754.png",
    "birthdate": "Birthdate11/30/1998 (26)",
    "birthplace": null,
    "experience": null,
    "draftInfo": "Draft Info2022: Rd 2, Pk 40 (SEA)"
  },
  {
    "team": "SEA",
    "number": "",
    "name": "Uchenna Nwosu10",
    "position": "LB",
    "height": "28",
    "weight": "6' 2\"",
    "age": "251 lbs",
    "college": "7",
    "playerId": "3120358",
    "profileUrl": "https://www.espn.com/nfl/player/_/id/3120358/uchenna-nwosu",
    "headshot": "https://a.espncdn.com/combiner/i?img=/i/headshots/nfl/players/full/3120358.png",
    "birthdate": "Birthdate12/28/1996 (28)",
    "birthplace": null,
    "experience": null,
    "draftInfo": "Draft Info2018: Rd 2, Pk 48 (LAC)"
  },
  {
    "team": "SEA",
    "number": "",
    "name": "Patrick O'Connell52",
    "position": "LB",
    "height": "26",
    "weight": "6' 1\"",
    "age": "227 lbs",
    "college": "1",
    "playerId": "4364623",
    "profileUrl": "https://www.espn.com/nfl/player/_/id/4364623/patrick-oconnell",
    "headshot": "https://a.espncdn.com/combiner/i?img=/i/headshots/nfl/players/full/4364623.png",
    "birthdate": "Birthdate12/31/1998 (26)",
    "birthplace": null,
    "experience": "Experience1st Season",
    "draftInfo": null
  },
  {
    "team": "SEA",
    "number": "",
    "name": "Josh Ross18",
    "position": "LB",
    "height": "25",
    "weight": "6' 0\"",
    "age": "229 lbs",
    "college": "2",
    "playerId": "4258198",
    "profileUrl": "https://www.espn.com/nfl/player/_/id/4258198/josh-ross",
    "headshot": "https://a.espncdn.com/combiner/i?img=/i/headshots/nfl/players/full/4258198.png",
    "birthdate": "Birthdate10/31/1999 (25)",
    "birthplace": null,
    "experience": "Experience2nd Season",
    "draftInfo": null
  },
  {
    "team": "SEA",
    "number": "",
    "name": "Jamie Sheriff44",
    "position": "LB",
    "height": "24",
    "weight": "6' 1\"",
    "age": "254 lbs",
    "college": "R",
    "playerId": "4685984",
    "profileUrl": "https://www.espn.com/nfl/player/_/id/4685984/jamie-sheriff",
    "headshot": "https://a.espncdn.com/combiner/i?img=/i/headshots/nfl/players/full/4685984.png",
    "birthdate": "Birthdate8/18/2000 (24)",
    "birthplace": null,
    "experience": "ExperienceRookie",
    "draftInfo": null
  },
  {
    "team": "SEA",
    "number": "",
    "name": "Tyreke Smith59",
    "position": "LB",
    "height": "25",
    "weight": "6' 3\"",
    "age": "255 lbs",
    "college": "3",
    "playerId": "4361340",
    "profileUrl": "https://www.espn.com/nfl/player/_/id/4361340/tyreke-smith",
    "headshot": "https://a.espncdn.com/combiner/i?img=/i/headshots/nfl/players/full/4361340.png",
    "birthdate": "Birthdate2/14/2000 (25)",
    "birthplace": null,
    "experience": null,
    "draftInfo": "Draft Info2022: Rd 5, Pk 158 (SEA)"
  },
  {
    "team": "SEA",
    "number": "",
    "name": "Drake Thomas42",
    "position": "LB",
    "height": "25",
    "weight": "5' 11\"",
    "age": "228 lbs",
    "college": "2",
    "playerId": "4428659",
    "profileUrl": "https://www.espn.com/nfl/player/_/id/4428659/drake-thomas",
    "headshot": "https://a.espncdn.com/combiner/i?img=/i/headshots/nfl/players/full/4428659.png",
    "birthdate": "Birthdate2/25/2000 (25)",
    "birthplace": null,
    "experience": "Experience2nd Season",
    "draftInfo": null
  },
  {
    "team": "SEA",
    "number": "",
    "name": "Zy Alexander",
    "position": "CB",
    "height": "--",
    "weight": "6' 2\"",
    "age": "194 lbs",
    "college": "R",
    "playerId": "4696821",
    "profileUrl": "https://www.espn.com/nfl/player/_/id/4696821/zy-alexander",
    "headshot": "https://a.espncdn.com/combiner/i?img=/i/headshots/college-football/players/full/4696821.png",
    "birthdate": null,
    "birthplace": "BirthplaceLoreauville, LA",
    "experience": "ExperienceRookie",
    "draftInfo": null
  },
  {
    "team": "SEA",
    "number": "",
    "name": "Coby Bryant8",
    "position": "CB",
    "height": "26",
    "weight": "6' 1\"",
    "age": "193 lbs",
    "college": "3",
    "playerId": "4239094",
    "profileUrl": "https://www.espn.com/nfl/player/_/id/4239094/coby-bryant",
    "headshot": "https://a.espncdn.com/combiner/i?img=/i/headshots/nfl/players/full/4239094.png",
    "birthdate": "Birthdate3/29/1999 (26)",
    "birthplace": null,
    "experience": null,
    "draftInfo": "Draft Info2022: Rd 4, Pk 109 (SEA)"
  },
  {
    "team": "SEA",
    "number": "",
    "name": "Tyler Hall33",
    "position": "CB",
    "height": "26",
    "weight": "5' 10\"",
    "age": "190 lbs",
    "college": "4",
    "playerId": "4048718",
    "profileUrl": "https://www.espn.com/nfl/player/_/id/4048718/tyler-hall",
    "headshot": "https://a.espncdn.com/combiner/i?img=/i/headshots/nfl/players/full/4048718.png",
    "birthdate": "Birthdate10/31/1998 (26)",
    "birthplace": null,
    "experience": "Experience4th Season",
    "draftInfo": null
  },
  {
    "team": "SEA",
    "number": "",
    "name": "Shemar Jean-Charles",
    "position": "CB",
    "height": "26",
    "weight": "5' 10\"",
    "age": "184 lbs",
    "college": "4",
    "playerId": "4036430",
    "profileUrl": "https://www.espn.com/nfl/player/_/id/4036430/shemar-jean-charles",
    "headshot": "https://a.espncdn.com/combiner/i?img=/i/headshots/nfl/players/full/4036430.png",
    "birthdate": "Birthdate6/20/1998 (26)",
    "birthplace": null,
    "experience": null,
    "draftInfo": "Draft Info2021: Rd 5, Pk 178 (GB)"
  },
  {
    "team": "SEA",
    "number": "",
    "name": "Josh Jobe29",
    "position": "CB",
    "height": "27",
    "weight": "5' 11\"",
    "age": "190 lbs",
    "college": "3",
    "playerId": "4372020",
    "profileUrl": "https://www.espn.com/nfl/player/_/id/4372020/josh-jobe",
    "headshot": "https://a.espncdn.com/combiner/i?img=/i/headshots/nfl/players/full/4372020.png",
    "birthdate": "Birthdate4/9/1998 (27)",
    "birthplace": null,
    "experience": "Experience3rd Season",
    "draftInfo": null
  },
  {
    "team": "SEA",
    "number": "",
    "name": "Nehemiah Pritchett28",
    "position": "CB",
    "height": "24",
    "weight": "6' 1\"",
    "age": "184 lbs",
    "college": "R",
    "playerId": "4567222",
    "profileUrl": "https://www.espn.com/nfl/player/_/id/4567222/nehemiah-pritchett",
    "headshot": "https://a.espncdn.com/combiner/i?img=/i/headshots/nfl/players/full/4567222.png",
    "birthdate": "Birthdate2/11/2001 (24)",
    "birthplace": null,
    "experience": null,
    "draftInfo": "Draft Info2024: Rd 5, Pk 136 (SEA)"
  },
  {
    "team": "SEA",
    "number": "",
    "name": "Damarion Williams37",
    "position": "CB",
    "height": "26",
    "weight": "5' 10\"",
    "age": "183 lbs",
    "college": "3",
    "playerId": "4567480",
    "profileUrl": "https://www.espn.com/nfl/player/_/id/4567480/damarion-williams",
    "headshot": "https://a.espncdn.com/combiner/i?img=/i/headshots/nfl/players/full/4567480.png",
    "birthdate": "Birthdate7/15/1998 (26)",
    "birthplace": null,
    "experience": null,
    "draftInfo": "Draft Info2022: Rd 4, Pk 141 (BAL)"
  },
  {
    "team": "SEA",
    "number": "",
    "name": "Devon Witherspoon21",
    "position": "CB",
    "height": "24",
    "weight": "6' 0\"",
    "age": "185 lbs",
    "college": "2",
    "playerId": "4575431",
    "profileUrl": "https://www.espn.com/nfl/player/_/id/4575431/devon-witherspoon",
    "headshot": "https://a.espncdn.com/combiner/i?img=/i/headshots/nfl/players/full/4575431.png",
    "birthdate": "Birthdate12/11/2000 (24)",
    "birthplace": null,
    "experience": null,
    "draftInfo": "Draft Info2023: Rd 1, Pk 5 (SEA)"
  },
  {
    "team": "SEA",
    "number": "",
    "name": "Riq Woolen27",
    "position": "CB",
    "height": "26",
    "weight": "6' 4\"",
    "age": "210 lbs",
    "college": "3",
    "playerId": "4245185",
    "profileUrl": "https://www.espn.com/nfl/player/_/id/4245185/riq-woolen",
    "headshot": "https://a.espncdn.com/combiner/i?img=/i/headshots/nfl/players/full/4245185.png",
    "birthdate": "Birthdate5/2/1999 (26)",
    "birthplace": null,
    "experience": null,
    "draftInfo": "Draft Info2022: Rd 5, Pk 153 (SEA)"
  },
  {
    "team": "SEA",
    "number": "",
    "name": "Isas Waxter",
    "position": "DB",
    "height": "--",
    "weight": "6' 2\"",
    "age": "215 lbs",
    "college": "R",
    "playerId": "4574105",
    "profileUrl": "https://www.espn.com/nfl/player/_/id/4574105/isas-waxter",
    "headshot": "https://a.espncdn.com/combiner/i?img=/i/headshots/college-football/players/full/4574105.png",
    "birthdate": null,
    "birthplace": "BirthplaceNewark, NJ",
    "experience": "ExperienceRookie",
    "draftInfo": null
  },
  {
    "team": "SEA",
    "number": "",
    "name": "D'Anthony Bell",
    "position": "S",
    "height": "28",
    "weight": "6' 1\"",
    "age": "211 lbs",
    "college": "3",
    "playerId": "4608386",
    "profileUrl": "https://www.espn.com/nfl/player/_/id/4608386/danthony-bell",
    "headshot": "https://a.espncdn.com/combiner/i?img=/i/headshots/nfl/players/full/4608386.png",
    "birthdate": "Birthdate10/17/1996 (28)",
    "birthplace": null,
    "experience": "Experience3rd Season",
    "draftInfo": null
  },
  {
    "team": "SEA",
    "number": "",
    "name": "Nick Emmanwori",
    "position": "S",
    "height": "21",
    "weight": "6' 3\"",
    "age": "227 lbs",
    "college": "R",
    "playerId": "4869523",
    "profileUrl": "https://www.espn.com/nfl/player/_/id/4869523/nick-emmanwori",
    "headshot": "https://a.espncdn.com/combiner/i?img=/i/headshots/nfl/players/full/4869523.png",
    "birthdate": "Birthdate2/7/2004 (21)",
    "birthplace": null,
    "experience": null,
    "draftInfo": "Draft Info2025: Rd 2, Pk 35 (SEA)"
  },
  {
    "team": "SEA",
    "number": "",
    "name": "AJ Finley30",
    "position": "S",
    "height": "23",
    "weight": "6' 0\"",
    "age": "188 lbs",
    "college": "2",
    "playerId": "4427190",
    "profileUrl": "https://www.espn.com/nfl/player/_/id/4427190/aj-finley",
    "headshot": "https://a.espncdn.com/combiner/i?img=/i/headshots/nfl/players/full/4427190.png",
    "birthdate": "Birthdate9/14/2001 (23)",
    "birthplace": null,
    "experience": "Experience2nd Season",
    "draftInfo": null
  },
  {
    "team": "SEA",
    "number": "",
    "name": "Jalan Gaines",
    "position": "S",
    "height": "--",
    "weight": "6' 4\"",
    "age": "245 lbs",
    "college": "R",
    "playerId": "5087235",
    "profileUrl": "https://www.espn.com/nfl/player/_/id/5087235/jalan-gaines",
    "headshot": "https://a.espncdn.com/combiner/i?img=/i/teamlogos/nfl/500/sea.png",
    "birthdate": null,
    "birthplace": "BirthplaceChicago, IL",
    "experience": "ExperienceRookie",
    "draftInfo": null
  },
  {
    "team": "SEA",
    "number": "",
    "name": "Julian Love20",
    "position": "S",
    "height": "27",
    "weight": "5' 11\"",
    "age": "195 lbs",
    "college": "6",
    "playerId": "4046675",
    "profileUrl": "https://www.espn.com/nfl/player/_/id/4046675/julian-love",
    "headshot": "https://a.espncdn.com/combiner/i?img=/i/headshots/nfl/players/full/4046675.png",
    "birthdate": "Birthdate3/19/1998 (27)",
    "birthplace": null,
    "experience": null,
    "draftInfo": "Draft Info2019: Rd 4, Pk 108 (NYG)"
  },
  {
    "team": "SEA",
    "number": "",
    "name": "Ty Okada39",
    "position": "S",
    "height": "25",
    "weight": "5' 11\"",
    "age": "193 lbs",
    "college": "1",
    "playerId": "4247808",
    "profileUrl": "https://www.espn.com/nfl/player/_/id/4247808/ty-okada",
    "headshot": "https://a.espncdn.com/combiner/i?img=/i/headshots/nfl/players/full/4247808.png",
    "birthdate": "Birthdate6/4/1999 (25)",
    "birthplace": null,
    "experience": "Experience1st Season",
    "draftInfo": null
  },
  {
    "team": "SEA",
    "number": "",
    "name": "Jerrick Reed II32",
    "position": "S",
    "height": "24",
    "weight": "5' 9\"",
    "age": "196 lbs",
    "college": "2",
    "playerId": "4570084",
    "profileUrl": "https://www.espn.com/nfl/player/_/id/4570084/jerrick-reed-ii",
    "headshot": "https://a.espncdn.com/combiner/i?img=/i/headshots/nfl/players/full/4570084.png",
    "birthdate": "Birthdate8/7/2000 (24)",
    "birthplace": null,
    "experience": null,
    "draftInfo": "Draft Info2023: Rd 6, Pk 198 (SEA)"
  },
  {
    "team": "SEA",
    "number": "",
    "name": "JT Woods",
    "position": "S",
    "height": "24",
    "weight": "6' 2\"",
    "age": "193 lbs",
    "college": "3",
    "playerId": "4362917",
    "profileUrl": "https://www.espn.com/nfl/player/_/id/4362917/jt-woods",
    "headshot": "https://a.espncdn.com/combiner/i?img=/i/headshots/nfl/players/full/4362917.png",
    "birthdate": "Birthdate6/10/2000 (24)",
    "birthplace": null,
    "experience": null,
    "draftInfo": "Draft Info2022: Rd 3, Pk 79 (LAC)"
  },
  {
    "team": "SEA",
    "number": "",
    "name": "Jason Myers5",
    "position": "PK",
    "height": "34",
    "weight": "5' 10\"",
    "age": "190 lbs",
    "college": "10",
    "playerId": "2473037",
    "profileUrl": "https://www.espn.com/nfl/player/_/id/2473037/jason-myers",
    "headshot": "https://a.espncdn.com/combiner/i?img=/i/headshots/nfl/players/full/2473037.png",
    "birthdate": "Birthdate5/12/1991 (34)",
    "birthplace": null,
    "experience": "Experience10th Season",
    "draftInfo": null
  },
  {
    "team": "SEA",
    "number": "",
    "name": "Michael Dickson4",
    "position": "P",
    "height": "29",
    "weight": "6' 2\"",
    "age": "208 lbs",
    "college": "7",
    "playerId": "3929851",
    "profileUrl": "https://www.espn.com/nfl/player/_/id/3929851/michael-dickson",
    "headshot": "https://a.espncdn.com/combiner/i?img=/i/headshots/nfl/players/full/3929851.png",
    "birthdate": "Birthdate1/4/1996 (29)",
    "birthplace": null,
    "experience": null,
    "draftInfo": "Draft Info2018: Rd 5, Pk 149 (SEA)"
  },
  {
    "team": "SEA",
    "number": "",
    "name": "Chris Stoll41",
    "position": "LS",
    "height": "26",
    "weight": "6' 2\"",
    "age": "255 lbs",
    "college": "2",
    "playerId": "4259606",
    "profileUrl": "https://www.espn.com/nfl/player/_/id/4259606/chris-stoll",
    "headshot": "https://a.espncdn.com/combiner/i?img=/i/headshots/nfl/players/full/4259606.png",
    "birthdate": "Birthdate8/3/1998 (26)",
    "birthplace": null,
    "experience": "Experience2nd Season",
    "draftInfo": null
  }
]