[
  {
    "team": "SF",
    "number": "",
    "name": "Mac Jones",
    "position": "QB",
    "height": "26",
    "weight": "6' 3\"",
    "age": "214 lbs",
    "college": "4",
    "playerId": "4241464",
    "profileUrl": "https://www.espn.com/nfl/player/_/id/4241464/mac-jones",
    "headshot": "https://a.espncdn.com/combiner/i?img=/i/headshots/nfl/players/full/4241464.png",
    "birthdate": "Birthdate9/5/1998 (26)",
    "birthplace": null,
    "experience": null,
    "draftInfo": "Draft Info2021: Rd 1, Pk 15 (NE)"
  },
  {
    "team": "SF",
    "number": "",
    "name": "Tanner Mordecai4",
    "position": "QB",
    "height": "25",
    "weight": "6' 2\"",
    "age": "218 lbs",
    "college": "R",
    "playerId": "4360271",
    "profileUrl": "https://www.espn.com/nfl/player/_/id/4360271/tanner-mordecai",
    "headshot": "https://a.espncdn.com/combiner/i?img=/i/headshots/nfl/players/full/4360271.png",
    "birthdate": "Birthdate11/8/1999 (25)",
    "birthplace": null,
    "experience": "ExperienceRookie",
    "draftInfo": null
  },
  {
    "team": "SF",
    "number": "",
    "name": "Brock Purdy13",
    "position": "QB",
    "height": "25",
    "weight": "6' 1\"",
    "age": "220 lbs",
    "college": "3",
    "playerId": "4361741",
    "profileUrl": "https://www.espn.com/nfl/player/_/id/4361741/brock-purdy",
    "headshot": "https://a.espncdn.com/combiner/i?img=/i/headshots/nfl/players/full/4361741.png",
    "birthdate": "Birthdate12/27/1999 (25)",
    "birthplace": null,
    "experience": null,
    "draftInfo": "Draft Info2022: Rd 7, Pk 262 (SF)"
  },
  {
    "team": "SF",
    "number": "",
    "name": "Kurtis Rourke",
    "position": "QB",
    "height": "24",
    "weight": "6' 5\"",
    "age": "223 lbs",
    "college": "R",
    "playerId": "4430431",
    "profileUrl": "https://www.espn.com/nfl/player/_/id/4430431/kurtis-rourke",
    "headshot": "https://a.espncdn.com/combiner/i?img=/i/headshots/nfl/players/full/4430431.png",
    "birthdate": "Birthdate10/25/2000 (24)",
    "birthplace": null,
    "experience": null,
    "draftInfo": "Draft Info2025: Rd 7, Pk 227 (SF)"
  },
  {
    "team": "SF",
    "number": "",
    "name": "Israel Abanikanda47",
    "position": "RB",
    "height": "22",
    "weight": "5' 10\"",
    "age": "216 lbs",
    "college": "2",
    "playerId": "4429202",
    "profileUrl": "https://www.espn.com/nfl/player/_/id/4429202/israel-abanikanda",
    "headshot": "https://a.espncdn.com/combiner/i?img=/i/headshots/nfl/players/full/4429202.png",
    "birthdate": "Birthdate10/5/2002 (22)",
    "birthplace": null,
    "experience": null,
    "draftInfo": "Draft Info2023: Rd 5, Pk 143 (NYJ)"
  },
  {
    "team": "SF",
    "number": "",
    "name": "Isaac Guerendo31",
    "position": "RB",
    "height": "24",
    "weight": "6' 0\"",
    "age": "221 lbs",
    "college": "R",
    "playerId": "4372561",
    "profileUrl": "https://www.espn.com/nfl/player/_/id/4372561/isaac-guerendo",
    "headshot": "https://a.espncdn.com/combiner/i?img=/i/headshots/nfl/players/full/4372561.png",
    "birthdate": "Birthdate6/28/2000 (24)",
    "birthplace": null,
    "experience": null,
    "draftInfo": "Draft Info2024: Rd 4, Pk 129 (SF)"
  },
  {
    "team": "SF",
    "number": "",
    "name": "Jordan James",
    "position": "RB",
    "height": "21",
    "weight": "5' 10\"",
    "age": "210 lbs",
    "college": "R",
    "playerId": "4685397",
    "profileUrl": "https://www.espn.com/nfl/player/_/id/4685397/jordan-james",
    "headshot": "https://a.espncdn.com/combiner/i?img=/i/headshots/nfl/players/full/4685397.png",
    "birthdate": "Birthdate3/29/2004 (21)",
    "birthplace": null,
    "experience": null,
    "draftInfo": "Draft Info2025: Rd 5, Pk 147 (SF)"
  },
  {
    "team": "SF",
    "number": "",
    "name": "Corey Kiner",
    "position": "RB",
    "height": "--",
    "weight": "5' 9\"",
    "age": "210 lbs",
    "college": "R",
    "playerId": "4431431",
    "profileUrl": "https://www.espn.com/nfl/player/_/id/4431431/corey-kiner",
    "headshot": "https://a.espncdn.com/combiner/i?img=/i/headshots/college-football/players/full/4431431.png",
    "birthdate": null,
    "birthplace": "BirthplaceCincinnati, OH",
    "experience": "ExperienceRookie",
    "draftInfo": null
  },
  {
    "team": "SF",
    "number": "",
    "name": "Christian McCaffrey23",
    "position": "RB",
    "height": "28",
    "weight": "5' 11\"",
    "age": "210 lbs",
    "college": "8",
    "playerId": "3117251",
    "profileUrl": "https://www.espn.com/nfl/player/_/id/3117251/christian-mccaffrey",
    "headshot": "https://a.espncdn.com/combiner/i?img=/i/headshots/nfl/players/full/3117251.png",
    "birthdate": "Birthdate6/7/1996 (28)",
    "birthplace": null,
    "experience": null,
    "draftInfo": "Draft Info2017: Rd 1, Pk 8 (CAR)"
  },
  {
    "team": "SF",
    "number": "",
    "name": "Patrick Taylor Jr.32",
    "position": "RB",
    "height": "27",
    "weight": "6' 2\"",
    "age": "217 lbs",
    "college": "4",
    "playerId": "4039358",
    "profileUrl": "https://www.espn.com/nfl/player/_/id/4039358/patrick-taylor-jr",
    "headshot": "https://a.espncdn.com/combiner/i?img=/i/headshots/nfl/players/full/4039358.png",
    "birthdate": "Birthdate4/29/1998 (27)",
    "birthplace": null,
    "experience": "Experience4th Season",
    "draftInfo": null
  },
  {
    "team": "SF",
    "number": "",
    "name": "Kyle Juszczyk44",
    "position": "FB",
    "height": "34",
    "weight": "6' 2\"",
    "age": "235 lbs",
    "college": "12",
    "playerId": "16002",
    "profileUrl": "https://www.espn.com/nfl/player/_/id/16002/kyle-juszczyk",
    "headshot": "https://a.espncdn.com/combiner/i?img=/i/headshots/nfl/players/full/16002.png",
    "birthdate": "Birthdate4/23/1991 (34)",
    "birthplace": null,
    "experience": null,
    "draftInfo": "Draft Info2013: Rd 4, Pk 130 (BAL)"
  },
  {
    "team": "SF",
    "number": "",
    "name": "Brandon Aiyuk11",
    "position": "WR",
    "height": "27",
    "weight": "6' 0\"",
    "age": "200 lbs",
    "college": "5",
    "playerId": "4360438",
    "profileUrl": "https://www.espn.com/nfl/player/_/id/4360438/brandon-aiyuk",
    "headshot": "https://a.espncdn.com/combiner/i?img=/i/headshots/nfl/players/full/4360438.png",
    "birthdate": "Birthdate3/17/1998 (27)",
    "birthplace": null,
    "experience": null,
    "draftInfo": "Draft Info2020: Rd 1, Pk 25 (SF)"
  },
  {
    "team": "SF",
    "number": "",
    "name": "Junior Bergen",
    "position": "WR",
    "height": "--",
    "weight": "5' 11\"",
    "age": "184 lbs",
    "college": "R",
    "playerId": "4887918",
    "profileUrl": "https://www.espn.com/nfl/player/_/id/4887918/junior-bergen",
    "headshot": "https://a.espncdn.com/combiner/i?img=/i/headshots/nfl/players/full/4887918.png",
    "birthdate": null,
    "birthplace": null,
    "experience": "ExperienceRookie",
    "draftInfo": "Draft Info2025: Rd 7, Pk 252 (SF)"
  },
  {
    "team": "SF",
    "number": "",
    "name": "Jacob Cowing19",
    "position": "WR",
    "height": "24",
    "weight": "5' 9\"",
    "age": "171 lbs",
    "college": "R",
    "playerId": "4575665",
    "profileUrl": "https://www.espn.com/nfl/player/_/id/4575665/jacob-cowing",
    "headshot": "https://a.espncdn.com/combiner/i?img=/i/headshots/nfl/players/full/4575665.png",
    "birthdate": "Birthdate2/4/2001 (24)",
    "birthplace": null,
    "experience": null,
    "draftInfo": "Draft Info2024: Rd 4, Pk 135 (SF)"
  },
  {
    "team": "SF",
    "number": "",
    "name": "Russell Gage84",
    "position": "WR",
    "height": "29",
    "weight": "6' 0\"",
    "age": "184 lbs",
    "college": "7",
    "playerId": "3115378",
    "profileUrl": "https://www.espn.com/nfl/player/_/id/3115378/russell-gage",
    "headshot": "https://a.espncdn.com/combiner/i?img=/i/headshots/nfl/players/full/3115378.png",
    "birthdate": "Birthdate1/22/1996 (29)",
    "birthplace": null,
    "experience": null,
    "draftInfo": "Draft Info2018: Rd 6, Pk 194 (ATL)"
  },
  {
    "team": "SF",
    "number": "",
    "name": "Isaiah Hodgins87",
    "position": "WR",
    "height": "26",
    "weight": "6' 3\"",
    "age": "200 lbs",
    "college": "4",
    "playerId": "4242540",
    "profileUrl": "https://www.espn.com/nfl/player/_/id/4242540/isaiah-hodgins",
    "headshot": "https://a.espncdn.com/combiner/i?img=/i/headshots/nfl/players/full/4242540.png",
    "birthdate": "Birthdate10/21/1998 (26)",
    "birthplace": null,
    "experience": null,
    "draftInfo": "Draft Info2020: Rd 6, Pk 207 (BUF)"
  },
  {
    "team": "SF",
    "number": "",
    "name": "Jauan Jennings15",
    "position": "WR",
    "height": "27",
    "weight": "6' 3\"",
    "age": "212 lbs",
    "college": "4",
    "playerId": "3886598",
    "profileUrl": "https://www.espn.com/nfl/player/_/id/3886598/jauan-jennings",
    "headshot": "https://a.espncdn.com/combiner/i?img=/i/headshots/nfl/players/full/3886598.png",
    "birthdate": "Birthdate7/10/1997 (27)",
    "birthplace": null,
    "experience": null,
    "draftInfo": "Draft Info2020: Rd 7, Pk 217 (SF)"
  },
  {
    "team": "SF",
    "number": "",
    "name": "Isaiah Neyor",
    "position": "WR",
    "height": "--",
    "weight": "6' 4\"",
    "age": "220 lbs",
    "college": "R",
    "playerId": "4428116",
    "profileUrl": "https://www.espn.com/nfl/player/_/id/4428116/isaiah-neyor",
    "headshot": "https://a.espncdn.com/combiner/i?img=/i/headshots/college-football/players/full/4428116.png",
    "birthdate": null,
    "birthplace": "BirthplaceFort Worth, TX",
    "experience": "ExperienceRookie",
    "draftInfo": null
  },
  {
    "team": "SF",
    "number": "",
    "name": "Terique Owens83",
    "position": "WR",
    "height": "25",
    "weight": "6' 3\"",
    "age": "193 lbs",
    "college": "R",
    "playerId": "4571579",
    "profileUrl": "https://www.espn.com/nfl/player/_/id/4571579/terique-owens",
    "headshot": "https://a.espncdn.com/combiner/i?img=/i/headshots/nfl/players/full/4571579.png",
    "birthdate": "Birthdate9/25/1999 (25)",
    "birthplace": null,
    "experience": "ExperienceRookie",
    "draftInfo": null
  },
  {
    "team": "SF",
    "number": "",
    "name": "Ricky Pearsall14",
    "position": "WR",
    "height": "24",
    "weight": "6' 3\"",
    "age": "192 lbs",
    "college": "R",
    "playerId": "4428209",
    "profileUrl": "https://www.espn.com/nfl/player/_/id/4428209/ricky-pearsall",
    "headshot": "https://a.espncdn.com/combiner/i?img=/i/headshots/nfl/players/full/4428209.png",
    "birthdate": "Birthdate9/9/2000 (24)",
    "birthplace": null,
    "experience": null,
    "draftInfo": "Draft Info2024: Rd 1, Pk 31 (SF)"
  },
  {
    "team": "SF",
    "number": "",
    "name": "Demarcus Robinson15",
    "position": "WR",
    "height": "30",
    "weight": "6' 1\"",
    "age": "202 lbs",
    "college": "8",
    "playerId": "3043116",
    "profileUrl": "https://www.espn.com/nfl/player/_/id/3043116/demarcus-robinson",
    "headshot": "https://a.espncdn.com/combiner/i?img=/i/headshots/nfl/players/full/3043116.png",
    "birthdate": "Birthdate9/21/1994 (30)",
    "birthplace": null,
    "experience": null,
    "draftInfo": "Draft Info2016: Rd 4, Pk 126 (KC)"
  },
  {
    "team": "SF",
    "number": "",
    "name": "Trent Taylor81",
    "position": "WR",
    "height": "31",
    "weight": "5' 8\"",
    "age": "178 lbs",
    "college": "7",
    "playerId": "3040569",
    "profileUrl": "https://www.espn.com/nfl/player/_/id/3040569/trent-taylor",
    "headshot": "https://a.espncdn.com/combiner/i?img=/i/headshots/nfl/players/full/3040569.png",
    "birthdate": "Birthdate4/30/1994 (31)",
    "birthplace": null,
    "experience": null,
    "draftInfo": "Draft Info2017: Rd 5, Pk 177 (SF)"
  },
  {
    "team": "SF",
    "number": "",
    "name": "Jordan Watkins",
    "position": "WR",
    "height": "23",
    "weight": "5' 11\"",
    "age": "200 lbs",
    "college": "R",
    "playerId": "4431466",
    "profileUrl": "https://www.espn.com/nfl/player/_/id/4431466/jordan-watkins",
    "headshot": "https://a.espncdn.com/combiner/i?img=/i/headshots/nfl/players/full/4431466.png",
    "birthdate": "Birthdate2/15/2002 (23)",
    "birthplace": null,
    "experience": null,
    "draftInfo": "Draft Info2025: Rd 4, Pk 138 (SF)"
  },
  {
    "team": "SF",
    "number": "",
    "name": "Ross Dwelley",
    "position": "TE",
    "height": "30",
    "weight": "6' 5\"",
    "age": "235 lbs",
    "college": "7",
    "playerId": "3120303",
    "profileUrl": "https://www.espn.com/nfl/player/_/id/3120303/ross-dwelley",
    "headshot": "https://a.espncdn.com/combiner/i?img=/i/headshots/nfl/players/full/3120303.png",
    "birthdate": "Birthdate1/26/1995 (30)",
    "birthplace": null,
    "experience": "Experience7th Season",
    "draftInfo": null
  },
  {
    "team": "SF",
    "number": "",
    "name": "Luke Farrell89",
    "position": "TE",
    "height": "27",
    "weight": "6' 5\"",
    "age": "250 lbs",
    "college": "4",
    "playerId": "4040612",
    "profileUrl": "https://www.espn.com/nfl/player/_/id/4040612/luke-farrell",
    "headshot": "https://a.espncdn.com/combiner/i?img=/i/headshots/nfl/players/full/4040612.png",
    "birthdate": "Birthdate10/14/1997 (27)",
    "birthplace": null,
    "experience": null,
    "draftInfo": "Draft Info2021: Rd 5, Pk 145 (JAX)"
  },
  {
    "team": "SF",
    "number": "",
    "name": "George Kittle85",
    "position": "TE",
    "height": "31",
    "weight": "6' 4\"",
    "age": "250 lbs",
    "college": "8",
    "playerId": "3040151",
    "profileUrl": "https://www.espn.com/nfl/player/_/id/3040151/george-kittle",
    "headshot": "https://a.espncdn.com/combiner/i?img=/i/headshots/nfl/players/full/3040151.png",
    "birthdate": "Birthdate10/9/1993 (31)",
    "birthplace": null,
    "experience": null,
    "draftInfo": "Draft Info2017: Rd 5, Pk 146 (SF)"
  },
  {
    "team": "SF",
    "number": "",
    "name": "Mason Pline89",
    "position": "TE",
    "height": "25",
    "weight": "6' 6\"",
    "age": "254 lbs",
    "college": "R",
    "playerId": "4911517",
    "profileUrl": "https://www.espn.com/nfl/player/_/id/4911517/mason-pline",
    "headshot": "https://a.espncdn.com/combiner/i?img=/i/headshots/nfl/players/full/4911517.png",
    "birthdate": "Birthdate2/5/2000 (25)",
    "birthplace": null,
    "experience": "ExperienceRookie",
    "draftInfo": null
  },
  {
    "team": "SF",
    "number": "",
    "name": "Jake Tonges88",
    "position": "TE",
    "height": "25",
    "weight": "6' 4\"",
    "age": "240 lbs",
    "college": "2",
    "playerId": "4259147",
    "profileUrl": "https://www.espn.com/nfl/player/_/id/4259147/jake-tonges",
    "headshot": "https://a.espncdn.com/combiner/i?img=/i/headshots/nfl/players/full/4259147.png",
    "birthdate": "Birthdate7/8/1999 (25)",
    "birthplace": null,
    "experience": "Experience2nd Season",
    "draftInfo": null
  },
  {
    "team": "SF",
    "number": "",
    "name": "Brayden Willis9",
    "position": "TE",
    "height": "25",
    "weight": "6' 4\"",
    "age": "240 lbs",
    "college": "2",
    "playerId": "4360290",
    "profileUrl": "https://www.espn.com/nfl/player/_/id/4360290/brayden-willis",
    "headshot": "https://a.espncdn.com/combiner/i?img=/i/headshots/nfl/players/full/4360290.png",
    "birthdate": "Birthdate11/11/1999 (25)",
    "birthplace": null,
    "experience": null,
    "draftInfo": "Draft Info2023: Rd 7, Pk 247 (SF)"
  },
  {
    "team": "SF",
    "number": "",
    "name": "Jake Brendel64",
    "position": "C",
    "height": "32",
    "weight": "6' 4\"",
    "age": "299 lbs",
    "college": "8",
    "playerId": "2577185",
    "profileUrl": "https://www.espn.com/nfl/player/_/id/2577185/jake-brendel",
    "headshot": "https://a.espncdn.com/combiner/i?img=/i/headshots/nfl/players/full/2577185.png",
    "birthdate": "Birthdate9/10/1992 (32)",
    "birthplace": null,
    "experience": "Experience8th Season",
    "draftInfo": null
  },
  {
    "team": "SF",
    "number": "",
    "name": "Matt Hennessy75",
    "position": "C",
    "height": "27",
    "weight": "6' 3\"",
    "age": "315 lbs",
    "college": "4",
    "playerId": "4044138",
    "profileUrl": "https://www.espn.com/nfl/player/_/id/4044138/matt-hennessy",
    "headshot": "https://a.espncdn.com/combiner/i?img=/i/headshots/nfl/players/full/4044138.png",
    "birthdate": "Birthdate11/17/1997 (27)",
    "birthplace": null,
    "experience": null,
    "draftInfo": "Draft Info2020: Rd 3, Pk 78 (ATL)"
  },
  {
    "team": "SF",
    "number": "",
    "name": "Drake Nugent66",
    "position": "C",
    "height": "24",
    "weight": "6' 1\"",
    "age": "298 lbs",
    "college": "R",
    "playerId": "4428144",
    "profileUrl": "https://www.espn.com/nfl/player/_/id/4428144/drake-nugent",
    "headshot": "https://a.espncdn.com/combiner/i?img=/i/headshots/nfl/players/full/4428144.png",
    "birthdate": "Birthdate2/9/2001 (24)",
    "birthplace": null,
    "experience": "ExperienceRookie",
    "draftInfo": null
  },
  {
    "team": "SF",
    "number": "",
    "name": "Ben Bartch78",
    "position": "G",
    "height": "26",
    "weight": "6' 6\"",
    "age": "315 lbs",
    "college": "5",
    "playerId": "4611506",
    "profileUrl": "https://www.espn.com/nfl/player/_/id/4611506/ben-bartch",
    "headshot": "https://a.espncdn.com/combiner/i?img=/i/headshots/nfl/players/full/4611506.png",
    "birthdate": "Birthdate7/22/1998 (26)",
    "birthplace": null,
    "experience": null,
    "draftInfo": "Draft Info2020: Rd 4, Pk 116 (JAX)"
  },
  {
    "team": "SF",
    "number": "",
    "name": "Connor Colby",
    "position": "G",
    "height": "22",
    "weight": "6' 6\"",
    "age": "310 lbs",
    "college": "R",
    "playerId": "4431523",
    "profileUrl": "https://www.espn.com/nfl/player/_/id/4431523/connor-colby",
    "headshot": "https://a.espncdn.com/combiner/i?img=/i/headshots/nfl/players/full/4431523.png",
    "birthdate": "Birthdate1/16/2003 (22)",
    "birthplace": null,
    "experience": null,
    "draftInfo": "Draft Info2025: Rd 7, Pk 249 (SF)"
  },
  {
    "team": "SF",
    "number": "",
    "name": "Zack Johnson",
    "position": "G",
    "height": "28",
    "weight": "6' 6\"",
    "age": "301 lbs",
    "college": "1",
    "playerId": "3930912",
    "profileUrl": "https://www.espn.com/nfl/player/_/id/3930912/zack-johnson",
    "headshot": "https://a.espncdn.com/combiner/i?img=/i/headshots/nfl/players/full/3930912.png",
    "birthdate": "Birthdate1/19/1997 (28)",
    "birthplace": null,
    "experience": "Experience1st Season",
    "draftInfo": null
  },
  {
    "team": "SF",
    "number": "",
    "name": "Drew Moss",
    "position": "G",
    "height": "--",
    "weight": "6' 4\"",
    "age": "300 lbs",
    "college": "R",
    "playerId": "4879480",
    "profileUrl": "https://www.espn.com/nfl/player/_/id/4879480/drew-moss",
    "headshot": "https://a.espncdn.com/combiner/i?img=/i/headshots/college-football/players/full/4879480.png",
    "birthdate": null,
    "birthplace": "BirthplaceRichardson, TX",
    "experience": "ExperienceRookie",
    "draftInfo": null
  },
  {
    "team": "SF",
    "number": "",
    "name": "Dominick Puni77",
    "position": "G",
    "height": "25",
    "weight": "6' 5\"",
    "age": "313 lbs",
    "college": "R",
    "playerId": "5092959",
    "profileUrl": "https://www.espn.com/nfl/player/_/id/5092959/dominick-puni",
    "headshot": "https://a.espncdn.com/combiner/i?img=/i/headshots/nfl/players/full/5092959.png",
    "birthdate": "Birthdate2/24/2000 (25)",
    "birthplace": null,
    "experience": null,
    "draftInfo": "Draft Info2024: Rd 3, Pk 86 (SF)"
  },
  {
    "team": "SF",
    "number": "",
    "name": "Isaac Alarcon67",
    "position": "OT",
    "height": "26",
    "weight": "6' 7\"",
    "age": "320 lbs",
    "college": "1",
    "playerId": "4686629",
    "profileUrl": "https://www.espn.com/nfl/player/_/id/4686629/isaac-alarcon",
    "headshot": "https://a.espncdn.com/combiner/i?img=/i/headshots/nfl/players/full/4686629.png",
    "birthdate": "Birthdate7/27/1998 (26)",
    "birthplace": "BirthplaceMonterrey, Mexico",
    "experience": "Experience1st Season",
    "draftInfo": null
  },
  {
    "team": "SF",
    "number": "",
    "name": "Spencer Burford74",
    "position": "OT",
    "height": "24",
    "weight": "6' 4\"",
    "age": "300 lbs",
    "college": "3",
    "playerId": "4362999",
    "profileUrl": "https://www.espn.com/nfl/player/_/id/4362999/spencer-burford",
    "headshot": "https://a.espncdn.com/combiner/i?img=/i/headshots/nfl/players/full/4362999.png",
    "birthdate": "Birthdate7/19/2000 (24)",
    "birthplace": null,
    "experience": null,
    "draftInfo": "Draft Info2022: Rd 4, Pk 134 (SF)"
  },
  {
    "team": "SF",
    "number": "",
    "name": "Andre Dillard",
    "position": "OT",
    "height": "29",
    "weight": "6' 5\"",
    "age": "315 lbs",
    "college": "7",
    "playerId": "3127264",
    "profileUrl": "https://www.espn.com/nfl/player/_/id/3127264/andre-dillard",
    "headshot": "https://a.espncdn.com/combiner/i?img=/i/headshots/nfl/players/full/3127264.png",
    "birthdate": "Birthdate10/3/1995 (29)",
    "birthplace": null,
    "experience": null,
    "draftInfo": "Draft Info2019: Rd 1, Pk 22 (PHI)"
  },
  {
    "team": "SF",
    "number": "",
    "name": "Sebastian Gutierrez60",
    "position": "OT",
    "height": "26",
    "weight": "6' 6\"",
    "age": "310 lbs",
    "college": "1",
    "playerId": "5041985",
    "profileUrl": "https://www.espn.com/nfl/player/_/id/5041985/sebastian-gutierrez",
    "headshot": "https://a.espncdn.com/combiner/i?img=/i/headshots/nfl/players/full/5041985.png",
    "birthdate": "Birthdate7/6/1998 (26)",
    "birthplace": null,
    "experience": "Experience1st Season",
    "draftInfo": null
  },
  {
    "team": "SF",
    "number": "",
    "name": "Colton McKivitz68",
    "position": "OT",
    "height": "28",
    "weight": "6' 6\"",
    "age": "301 lbs",
    "college": "5",
    "playerId": "3916075",
    "profileUrl": "https://www.espn.com/nfl/player/_/id/3916075/colton-mckivitz",
    "headshot": "https://a.espncdn.com/combiner/i?img=/i/headshots/nfl/players/full/3916075.png",
    "birthdate": "Birthdate8/9/1996 (28)",
    "birthplace": null,
    "experience": null,
    "draftInfo": "Draft Info2020: Rd 5, Pk 153 (SF)"
  },
  {
    "team": "SF",
    "number": "",
    "name": "Nicholas Petit-Frere",
    "position": "OT",
    "height": "25",
    "weight": "6' 5\"",
    "age": "316 lbs",
    "college": "4",
    "playerId": "4361368",
    "profileUrl": "https://www.espn.com/nfl/player/_/id/4361368/nicholas-petit-frere",
    "headshot": "https://a.espncdn.com/combiner/i?img=/i/headshots/nfl/players/full/4361368.png",
    "birthdate": "Birthdate9/15/1999 (25)",
    "birthplace": null,
    "experience": null,
    "draftInfo": "Draft Info2022: Rd 3, Pk 69 (TEN)"
  },
  {
    "team": "SF",
    "number": "",
    "name": "Austen Pleasants62",
    "position": "OT",
    "height": "27",
    "weight": "6' 7\"",
    "age": "328 lbs",
    "college": "1",
    "playerId": "3920814",
    "profileUrl": "https://www.espn.com/nfl/player/_/id/3920814/austen-pleasants",
    "headshot": "https://a.espncdn.com/combiner/i?img=/i/headshots/nfl/players/full/3920814.png",
    "birthdate": "Birthdate8/22/1997 (27)",
    "birthplace": null,
    "experience": "Experience1st Season",
    "draftInfo": null
  },
  {
    "team": "SF",
    "number": "",
    "name": "Trent Williams71",
    "position": "OT",
    "height": "36",
    "weight": "6' 5\"",
    "age": "320 lbs",
    "college": "15",
    "playerId": "13241",
    "profileUrl": "https://www.espn.com/nfl/player/_/id/13241/trent-williams",
    "headshot": "https://a.espncdn.com/combiner/i?img=/i/headshots/nfl/players/full/13241.png",
    "birthdate": "Birthdate7/19/1988 (36)",
    "birthplace": null,
    "experience": null,
    "draftInfo": "Draft Info2010: Rd 1, Pk 4 (WSH)"
  },
  {
    "team": "SF",
    "number": "",
    "name": "Nick Zakelj63",
    "position": "OT",
    "height": "25",
    "weight": "6' 6\"",
    "age": "316 lbs",
    "college": "3",
    "playerId": "4247590",
    "profileUrl": "https://www.espn.com/nfl/player/_/id/4247590/nick-zakelj",
    "headshot": "https://a.espncdn.com/combiner/i?img=/i/headshots/nfl/players/full/4247590.png",
    "birthdate": "Birthdate6/22/1999 (25)",
    "birthplace": null,
    "experience": null,
    "draftInfo": "Draft Info2022: Rd 6, Pk 187 (SF)"
  },
  {
    "team": "SF",
    "number": "",
    "name": "Alex Barrett58",
    "position": "DE",
    "height": "31",
    "weight": "6' 2\"",
    "age": "250 lbs",
    "college": "2",
    "playerId": "2976114",
    "profileUrl": "https://www.espn.com/nfl/player/_/id/2976114/alex-barrett",
    "headshot": "https://a.espncdn.com/combiner/i?img=/i/headshots/nfl/players/full/2976114.png",
    "birthdate": "Birthdate3/6/1994 (31)",
    "birthplace": null,
    "experience": "Experience2nd Season",
    "draftInfo": null
  },
  {
    "team": "SF",
    "number": "",
    "name": "Robert Beal Jr.51",
    "position": "DE",
    "height": "25",
    "weight": "6' 4\"",
    "age": "250 lbs",
    "college": "2",
    "playerId": "4259558",
    "profileUrl": "https://www.espn.com/nfl/player/_/id/4259558/robert-beal-jr",
    "headshot": "https://a.espncdn.com/combiner/i?img=/i/headshots/nfl/players/full/4259558.png",
    "birthdate": "Birthdate1/28/2000 (25)",
    "birthplace": null,
    "experience": null,
    "draftInfo": "Draft Info2023: Rd 5, Pk 173 (SF)"
  },
  {
    "team": "SF",
    "number": "",
    "name": "Nick Bosa97",
    "position": "DE",
    "height": "27",
    "weight": "6' 4\"",
    "age": "266 lbs",
    "college": "6",
    "playerId": "4040605",
    "profileUrl": "https://www.espn.com/nfl/player/_/id/4040605/nick-bosa",
    "headshot": "https://a.espncdn.com/combiner/i?img=/i/headshots/nfl/players/full/4040605.png",
    "birthdate": "Birthdate10/23/1997 (27)",
    "birthplace": null,
    "experience": null,
    "draftInfo": "Draft Info2019: Rd 1, Pk 2 (SF)"
  },
  {
    "team": "SF",
    "number": "",
    "name": "Jonathan Garvin96",
    "position": "DE",
    "height": "25",
    "weight": "6' 4\"",
    "age": "257 lbs",
    "college": "4",
    "playerId": "4240655",
    "profileUrl": "https://www.espn.com/nfl/player/_/id/4240655/jonathan-garvin",
    "headshot": "https://a.espncdn.com/combiner/i?img=/i/headshots/nfl/players/full/4240655.png",
    "birthdate": "Birthdate7/28/1999 (25)",
    "birthplace": null,
    "experience": null,
    "draftInfo": "Draft Info2020: Rd 7, Pk 242 (GB)"
  },
  {
    "team": "SF",
    "number": "",
    "name": "Yetur Gross-Matos94",
    "position": "DE",
    "height": "27",
    "weight": "6' 5\"",
    "age": "265 lbs",
    "college": "5",
    "playerId": "4259594",
    "profileUrl": "https://www.espn.com/nfl/player/_/id/4259594/yetur-gross-matos",
    "headshot": "https://a.espncdn.com/combiner/i?img=/i/headshots/nfl/players/full/4259594.png",
    "birthdate": "Birthdate2/26/1998 (27)",
    "birthplace": null,
    "experience": null,
    "draftInfo": "Draft Info2020: Rd 2, Pk 38 (CAR)"
  },
  {
    "team": "SF",
    "number": "",
    "name": "Tarron Jackson",
    "position": "DE",
    "height": "26",
    "weight": "6' 2\"",
    "age": "254 lbs",
    "college": "3",
    "playerId": "4052031",
    "profileUrl": "https://www.espn.com/nfl/player/_/id/4052031/tarron-jackson",
    "headshot": "https://a.espncdn.com/combiner/i?img=/i/headshots/nfl/players/full/4052031.png",
    "birthdate": "Birthdate6/22/1998 (26)",
    "birthplace": null,
    "experience": null,
    "draftInfo": "Draft Info2021: Rd 6, Pk 191 (PHI)"
  },
  {
    "team": "SF",
    "number": "",
    "name": "Mykel Williams",
    "position": "DE",
    "height": "20",
    "weight": "6' 5\"",
    "age": "265 lbs",
    "college": "R",
    "playerId": "4685623",
    "profileUrl": "https://www.espn.com/nfl/player/_/id/4685623/mykel-williams",
    "headshot": "https://a.espncdn.com/combiner/i?img=/i/headshots/nfl/players/full/4685623.png",
    "birthdate": "Birthdate6/29/2004 (20)",
    "birthplace": null,
    "experience": null,
    "draftInfo": "Draft Info2025: Rd 1, Pk 11 (SF)"
  },
  {
    "team": "SF",
    "number": "",
    "name": "Evan Anderson69",
    "position": "DT",
    "height": "23",
    "weight": "6' 3\"",
    "age": "326 lbs",
    "college": "R",
    "playerId": "4612182",
    "profileUrl": "https://www.espn.com/nfl/player/_/id/4612182/evan-anderson",
    "headshot": "https://a.espncdn.com/combiner/i?img=/i/headshots/nfl/players/full/4612182.png",
    "birthdate": "Birthdate2/14/2002 (23)",
    "birthplace": null,
    "experience": "ExperienceRookie",
    "draftInfo": null
  },
  {
    "team": "SF",
    "number": "",
    "name": "Alfred Collins",
    "position": "DT",
    "height": "23",
    "weight": "6' 5\"",
    "age": "320 lbs",
    "college": "R",
    "playerId": "4430835",
    "profileUrl": "https://www.espn.com/nfl/player/_/id/4430835/alfred-collins",
    "headshot": "https://a.espncdn.com/combiner/i?img=/i/headshots/nfl/players/full/4430835.png",
    "birthdate": "Birthdate10/8/2001 (23)",
    "birthplace": null,
    "experience": null,
    "draftInfo": "Draft Info2025: Rd 2, Pk 43 (SF)"
  },
  {
    "team": "SF",
    "number": "",
    "name": "Kalia Davis93",
    "position": "DT",
    "height": "26",
    "weight": "6' 2\"",
    "age": "310 lbs",
    "college": "3",
    "playerId": "4243541",
    "profileUrl": "https://www.espn.com/nfl/player/_/id/4243541/kalia-davis",
    "headshot": "https://a.espncdn.com/combiner/i?img=/i/headshots/nfl/players/full/4243541.png",
    "birthdate": "Birthdate10/2/1998 (26)",
    "birthplace": null,
    "experience": null,
    "draftInfo": "Draft Info2022: Rd 6, Pk 220 (SF)"
  },
  {
    "team": "SF",
    "number": "",
    "name": "Jordan Elliott92",
    "position": "DT",
    "height": "27",
    "weight": "6' 4\"",
    "age": "303 lbs",
    "college": "5",
    "playerId": "4039052",
    "profileUrl": "https://www.espn.com/nfl/player/_/id/4039052/jordan-elliott",
    "headshot": "https://a.espncdn.com/combiner/i?img=/i/headshots/nfl/players/full/4039052.png",
    "birthdate": "Birthdate11/23/1997 (27)",
    "birthplace": null,
    "experience": null,
    "draftInfo": "Draft Info2020: Rd 3, Pk 88 (CLE)"
  },
  {
    "team": "SF",
    "number": "",
    "name": "Kevin Givens90",
    "position": "DT",
    "height": "28",
    "weight": "6' 1\"",
    "age": "285 lbs",
    "college": "5",
    "playerId": "3929641",
    "profileUrl": "https://www.espn.com/nfl/player/_/id/3929641/kevin-givens",
    "headshot": "https://a.espncdn.com/combiner/i?img=/i/headshots/nfl/players/full/3929641.png",
    "birthdate": "Birthdate3/1/1997 (28)",
    "birthplace": null,
    "experience": "Experience5th Season",
    "draftInfo": null
  },
  {
    "team": "SF",
    "number": "",
    "name": "Sam Okuayinonu91",
    "position": "DT",
    "height": "27",
    "weight": "6' 1\"",
    "age": "269 lbs",
    "college": "2",
    "playerId": "4569497",
    "profileUrl": "https://www.espn.com/nfl/player/_/id/4569497/sam-okuayinonu",
    "headshot": "https://a.espncdn.com/combiner/i?img=/i/headshots/nfl/players/full/4569497.png",
    "birthdate": "Birthdate5/1/1998 (27)",
    "birthplace": null,
    "experience": "Experience2nd Season",
    "draftInfo": null
  },
  {
    "team": "SF",
    "number": "",
    "name": "Sebastian Valdez",
    "position": "DT",
    "height": "--",
    "weight": "6' 4\"",
    "age": "305 lbs",
    "college": "R",
    "playerId": "4775220",
    "profileUrl": "https://www.espn.com/nfl/player/_/id/4775220/sebastian-valdez",
    "headshot": "https://a.espncdn.com/combiner/i?img=/i/headshots/college-football/players/full/4775220.png",
    "birthdate": null,
    "birthplace": "BirthplaceSpring Valley, CA",
    "experience": "ExperienceRookie",
    "draftInfo": null
  },
  {
    "team": "SF",
    "number": "",
    "name": "CJ West",
    "position": "DT",
    "height": "22",
    "weight": "6' 2\"",
    "age": "317 lbs",
    "college": "R",
    "playerId": "4686308",
    "profileUrl": "https://www.espn.com/nfl/player/_/id/4686308/cj-west",
    "headshot": "https://a.espncdn.com/combiner/i?img=/i/headshots/nfl/players/full/4686308.png",
    "birthdate": "Birthdate6/12/2002 (22)",
    "birthplace": null,
    "experience": null,
    "draftInfo": "Draft Info2025: Rd 4, Pk 113 (SF)"
  },
  {
    "team": "SF",
    "number": "",
    "name": "Tatum Bethune48",
    "position": "LB",
    "height": "24",
    "weight": "6' 0\"",
    "age": "229 lbs",
    "college": "R",
    "playerId": "4426698",
    "profileUrl": "https://www.espn.com/nfl/player/_/id/4426698/tatum-bethune",
    "headshot": "https://a.espncdn.com/combiner/i?img=/i/headshots/nfl/players/full/4426698.png",
    "birthdate": "Birthdate2/19/2001 (24)",
    "birthplace": null,
    "experience": null,
    "draftInfo": "Draft Info2024: Rd 7, Pk 251 (SF)"
  },
  {
    "team": "SF",
    "number": "",
    "name": "Stone Blanton",
    "position": "LB",
    "height": "--",
    "weight": "6' 2\"",
    "age": "230 lbs",
    "college": "R",
    "playerId": "4685270",
    "profileUrl": "https://www.espn.com/nfl/player/_/id/4685270/stone-blanton",
    "headshot": "https://a.espncdn.com/combiner/i?img=/i/headshots/college-football/players/full/4685270.png",
    "birthdate": null,
    "birthplace": "BirthplaceJackson, MS",
    "experience": "ExperienceRookie",
    "draftInfo": null
  },
  {
    "team": "SF",
    "number": "",
    "name": "Luke Gifford",
    "position": "LB",
    "height": "29",
    "weight": "6' 3\"",
    "age": "243 lbs",
    "college": "7",
    "playerId": "3116097",
    "profileUrl": "https://www.espn.com/nfl/player/_/id/3116097/luke-gifford",
    "headshot": "https://a.espncdn.com/combiner/i?img=/i/headshots/nfl/players/full/3116097.png",
    "birthdate": "Birthdate8/28/1995 (29)",
    "birthplace": null,
    "experience": "Experience7th Season",
    "draftInfo": null
  },
  {
    "team": "SF",
    "number": "",
    "name": "Jalen Graham41",
    "position": "LB",
    "height": "24",
    "weight": "6' 3\"",
    "age": "220 lbs",
    "college": "2",
    "playerId": "4570410",
    "profileUrl": "https://www.espn.com/nfl/player/_/id/4570410/jalen-graham",
    "headshot": "https://a.espncdn.com/combiner/i?img=/i/headshots/nfl/players/full/4570410.png",
    "birthdate": "Birthdate1/11/2001 (24)",
    "birthplace": null,
    "experience": null,
    "draftInfo": "Draft Info2023: Rd 7, Pk 255 (SF)"
  },
  {
    "team": "SF",
    "number": "",
    "name": "Nick Martin",
    "position": "LB",
    "height": "22",
    "weight": "6' 0\"",
    "age": "220 lbs",
    "college": "R",
    "playerId": "4573188",
    "profileUrl": "https://www.espn.com/nfl/player/_/id/4573188/nick-martin",
    "headshot": "https://a.espncdn.com/combiner/i?img=/i/headshots/nfl/players/full/4573188.png",
    "birthdate": "Birthdate10/13/2002 (22)",
    "birthplace": null,
    "experience": null,
    "draftInfo": "Draft Info2025: Rd 3, Pk 75 (SF)"
  },
  {
    "team": "SF",
    "number": "",
    "name": "Curtis Robinson36",
    "position": "LB",
    "height": "26",
    "weight": "6' 3\"",
    "age": "235 lbs",
    "college": "3",
    "playerId": "4044448",
    "profileUrl": "https://www.espn.com/nfl/player/_/id/4044448/curtis-robinson",
    "headshot": "https://a.espncdn.com/combiner/i?img=/i/headshots/nfl/players/full/4044448.png",
    "birthdate": "Birthdate6/2/1998 (26)",
    "birthplace": null,
    "experience": "Experience3rd Season",
    "draftInfo": null
  },
  {
    "team": "SF",
    "number": "",
    "name": "Fred Warner54",
    "position": "LB",
    "height": "28",
    "weight": "6' 3\"",
    "age": "230 lbs",
    "college": "7",
    "playerId": "3138826",
    "profileUrl": "https://www.espn.com/nfl/player/_/id/3138826/fred-warner",
    "headshot": "https://a.espncdn.com/combiner/i?img=/i/headshots/nfl/players/full/3138826.png",
    "birthdate": "Birthdate11/19/1996 (28)",
    "birthplace": null,
    "experience": null,
    "draftInfo": "Draft Info2018: Rd 3, Pk 70 (SF)"
  },
  {
    "team": "SF",
    "number": "",
    "name": "DaShaun White47",
    "position": "LB",
    "height": "25",
    "weight": "6' 0\"",
    "age": "218 lbs",
    "college": "1",
    "playerId": "4360289",
    "profileUrl": "https://www.espn.com/nfl/player/_/id/4360289/dashaun-white",
    "headshot": "https://a.espncdn.com/combiner/i?img=/i/headshots/nfl/players/full/4360289.png",
    "birthdate": "Birthdate1/2/2000 (25)",
    "birthplace": null,
    "experience": "Experience1st Season",
    "draftInfo": null
  },
  {
    "team": "SF",
    "number": "",
    "name": "Dee Winters53",
    "position": "LB",
    "height": "24",
    "weight": "5' 11\"",
    "age": "227 lbs",
    "college": "2",
    "playerId": "4428914",
    "profileUrl": "https://www.espn.com/nfl/player/_/id/4428914/dee-winters",
    "headshot": "https://a.espncdn.com/combiner/i?img=/i/headshots/nfl/players/full/4428914.png",
    "birthdate": "Birthdate10/17/2000 (24)",
    "birthplace": null,
    "experience": null,
    "draftInfo": "Draft Info2023: Rd 6, Pk 216 (SF)"
  },
  {
    "team": "SF",
    "number": "",
    "name": "Tre Avery30",
    "position": "CB",
    "height": "28",
    "weight": "5' 11\"",
    "age": "181 lbs",
    "college": "3",
    "playerId": "4259300",
    "profileUrl": "https://www.espn.com/nfl/player/_/id/4259300/tre-avery",
    "headshot": "https://a.espncdn.com/combiner/i?img=/i/headshots/nfl/players/full/4259300.png",
    "birthdate": "Birthdate2/26/1997 (28)",
    "birthplace": null,
    "experience": "Experience3rd Season",
    "draftInfo": null
  },
  {
    "team": "SF",
    "number": "",
    "name": "Tre Brown",
    "position": "CB",
    "height": "27",
    "weight": "5' 10\"",
    "age": "185 lbs",
    "college": "5",
    "playerId": "4241373",
    "profileUrl": "https://www.espn.com/nfl/player/_/id/4241373/tre-brown",
    "headshot": "https://a.espncdn.com/combiner/i?img=/i/headshots/nfl/players/full/4241373.png",
    "birthdate": "Birthdate9/24/1997 (27)",
    "birthplace": null,
    "experience": null,
    "draftInfo": "Draft Info2021: Rd 4, Pk 137 (SEA)"
  },
  {
    "team": "SF",
    "number": "",
    "name": "Derrick Canteen",
    "position": "CB",
    "height": "--",
    "weight": "5' 10\"",
    "age": "193 lbs",
    "college": "R",
    "playerId": "4429366",
    "profileUrl": "https://www.espn.com/nfl/player/_/id/4429366/derrick-canteen",
    "headshot": "https://a.espncdn.com/combiner/i?img=/i/headshots/college-football/players/full/4429366.png",
    "birthdate": null,
    "birthplace": "BirthplaceEvans, GA",
    "experience": "ExperienceRookie",
    "draftInfo": null
  },
  {
    "team": "SF",
    "number": "",
    "name": "Dallis Flowers",
    "position": "CB",
    "height": "27",
    "weight": "6' 1\"",
    "age": "196 lbs",
    "college": "4",
    "playerId": "4917592",
    "profileUrl": "https://www.espn.com/nfl/player/_/id/4917592/dallis-flowers",
    "headshot": "https://a.espncdn.com/combiner/i?img=/i/headshots/nfl/players/full/4917592.png",
    "birthdate": "Birthdate6/4/1997 (27)",
    "birthplace": null,
    "experience": "Experience4th Season",
    "draftInfo": null
  },
  {
    "team": "SF",
    "number": "",
    "name": "Renardo Green0",
    "position": "CB",
    "height": "24",
    "weight": "6' 0\"",
    "age": "186 lbs",
    "college": "R",
    "playerId": "4427325",
    "profileUrl": "https://www.espn.com/nfl/player/_/id/4427325/renardo-green",
    "headshot": "https://a.espncdn.com/combiner/i?img=/i/headshots/nfl/players/full/4427325.png",
    "birthdate": "Birthdate11/9/2000 (24)",
    "birthplace": null,
    "experience": null,
    "draftInfo": "Draft Info2024: Rd 2, Pk 64 (SF)"
  },
  {
    "team": "SF",
    "number": "",
    "name": "Deommodore Lenoir2",
    "position": "CB",
    "height": "25",
    "weight": "5' 10\"",
    "age": "200 lbs",
    "college": "4",
    "playerId": "4242488",
    "profileUrl": "https://www.espn.com/nfl/player/_/id/4242488/deommodore-lenoir",
    "headshot": "https://a.espncdn.com/combiner/i?img=/i/headshots/nfl/players/full/4242488.png",
    "birthdate": "Birthdate10/6/1999 (25)",
    "birthplace": null,
    "experience": null,
    "draftInfo": "Draft Info2021: Rd 5, Pk 172 (SF)"
  },
  {
    "team": "SF",
    "number": "",
    "name": "Chase Lucas26",
    "position": "CB",
    "height": "28",
    "weight": "5' 11\"",
    "age": "184 lbs",
    "college": "3",
    "playerId": "4047846",
    "profileUrl": "https://www.espn.com/nfl/player/_/id/4047846/chase-lucas",
    "headshot": "https://a.espncdn.com/combiner/i?img=/i/headshots/nfl/players/full/4047846.png",
    "birthdate": "Birthdate3/4/1997 (28)",
    "birthplace": null,
    "experience": null,
    "draftInfo": "Draft Info2022: Rd 7, Pk 237 (DET)"
  },
  {
    "team": "SF",
    "number": "",
    "name": "Darrell Luter Jr.28",
    "position": "CB",
    "height": "25",
    "weight": "6' 0\"",
    "age": "190 lbs",
    "college": "2",
    "playerId": "4685978",
    "profileUrl": "https://www.espn.com/nfl/player/_/id/4685978/darrell-luter-jr",
    "headshot": "https://a.espncdn.com/combiner/i?img=/i/headshots/nfl/players/full/4685978.png",
    "birthdate": "Birthdate4/24/2000 (25)",
    "birthplace": null,
    "experience": null,
    "draftInfo": "Draft Info2023: Rd 5, Pk 155 (SF)"
  },
  {
    "team": "SF",
    "number": "",
    "name": "Siran Neal",
    "position": "CB",
    "height": "30",
    "weight": "6' 0\"",
    "age": "206 lbs",
    "college": "7",
    "playerId": "3057524",
    "profileUrl": "https://www.espn.com/nfl/player/_/id/3057524/siran-neal",
    "headshot": "https://a.espncdn.com/combiner/i?img=/i/headshots/nfl/players/full/3057524.png",
    "birthdate": "Birthdate8/4/1994 (30)",
    "birthplace": null,
    "experience": null,
    "draftInfo": "Draft Info2018: Rd 5, Pk 154 (BUF)"
  },
  {
    "team": "SF",
    "number": "",
    "name": "Jakob Robinson",
    "position": "CB",
    "height": "--",
    "weight": "5' 11\"",
    "age": "170 lbs",
    "college": "R",
    "playerId": "4612272",
    "profileUrl": "https://www.espn.com/nfl/player/_/id/4612272/jakob-robinson",
    "headshot": "https://a.espncdn.com/combiner/i?img=/i/headshots/college-football/players/full/4612272.png",
    "birthdate": null,
    "birthplace": "BirthplaceOrem, UT",
    "experience": "ExperienceRookie",
    "draftInfo": null
  },
  {
    "team": "SF",
    "number": "",
    "name": "Upton Stout",
    "position": "CB",
    "height": "23",
    "weight": "5' 9\"",
    "age": "182 lbs",
    "college": "R",
    "playerId": "4565200",
    "profileUrl": "https://www.espn.com/nfl/player/_/id/4565200/upton-stout",
    "headshot": "https://a.espncdn.com/combiner/i?img=/i/headshots/nfl/players/full/4565200.png",
    "birthdate": "Birthdate1/9/2002 (23)",
    "birthplace": null,
    "experience": null,
    "draftInfo": "Draft Info2025: Rd 3, Pk 100 (SF)"
  },
  {
    "team": "SF",
    "number": "",
    "name": "Ji'Ayir Brown27",
    "position": "S",
    "height": "25",
    "weight": "5' 11\"",
    "age": "202 lbs",
    "college": "2",
    "playerId": "4693644",
    "profileUrl": "https://www.espn.com/nfl/player/_/id/4693644/jiayir-brown",
    "headshot": "https://a.espncdn.com/combiner/i?img=/i/headshots/nfl/players/full/4693644.png",
    "birthdate": "Birthdate1/25/2000 (25)",
    "birthplace": null,
    "experience": null,
    "draftInfo": "Draft Info2023: Rd 3, Pk 87 (SF)"
  },
  {
    "team": "SF",
    "number": "",
    "name": "Richie Grant",
    "position": "S",
    "height": "27",
    "weight": "6' 0\"",
    "age": "204 lbs",
    "college": "4",
    "playerId": "4042119",
    "profileUrl": "https://www.espn.com/nfl/player/_/id/4042119/richie-grant",
    "headshot": "https://a.espncdn.com/combiner/i?img=/i/headshots/nfl/players/full/4042119.png",
    "birthdate": "Birthdate11/9/1997 (27)",
    "birthplace": null,
    "experience": null,
    "draftInfo": "Draft Info2021: Rd 2, Pk 40 (ATL)"
  },
  {
    "team": "SF",
    "number": "",
    "name": "Jaylen Mahoney38",
    "position": "S",
    "height": "24",
    "weight": "5' 11\"",
    "age": "200 lbs",
    "college": "R",
    "playerId": "4567534",
    "profileUrl": "https://www.espn.com/nfl/player/_/id/4567534/jaylen-mahoney",
    "headshot": "https://a.espncdn.com/combiner/i?img=/i/headshots/nfl/players/full/4567534.png",
    "birthdate": "Birthdate11/19/2000 (24)",
    "birthplace": null,
    "experience": "ExperienceRookie",
    "draftInfo": null
  },
  {
    "team": "SF",
    "number": "",
    "name": "Malik Mustapha6",
    "position": "S",
    "height": "22",
    "weight": "5' 10\"",
    "age": "206 lbs",
    "college": "R",
    "playerId": "4696211",
    "profileUrl": "https://www.espn.com/nfl/player/_/id/4696211/malik-mustapha",
    "headshot": "https://a.espncdn.com/combiner/i?img=/i/headshots/nfl/players/full/4696211.png",
    "birthdate": "Birthdate6/25/2002 (22)",
    "birthplace": null,
    "experience": null,
    "draftInfo": "Draft Info2024: Rd 4, Pk 124 (SF)"
  },
  {
    "team": "SF",
    "number": "",
    "name": "George Odum30",
    "position": "S",
    "height": "31",
    "weight": "6' 1\"",
    "age": "202 lbs",
    "college": "7",
    "playerId": "3050199",
    "profileUrl": "https://www.espn.com/nfl/player/_/id/3050199/george-odum",
    "headshot": "https://a.espncdn.com/combiner/i?img=/i/headshots/nfl/players/full/3050199.png",
    "birthdate": "Birthdate11/3/1993 (31)",
    "birthplace": null,
    "experience": "Experience7th Season",
    "draftInfo": null
  },
  {
    "team": "SF",
    "number": "",
    "name": "Jason Pinnock",
    "position": "S",
    "height": "25",
    "weight": "6' 0\"",
    "age": "200 lbs",
    "college": "5",
    "playerId": "4240706",
    "profileUrl": "https://www.espn.com/nfl/player/_/id/4240706/jason-pinnock",
    "headshot": "https://a.espncdn.com/combiner/i?img=/i/headshots/nfl/players/full/4240706.png",
    "birthdate": "Birthdate6/30/1999 (25)",
    "birthplace": null,
    "experience": null,
    "draftInfo": "Draft Info2021: Rd 5, Pk 175 (NYJ)"
  },
  {
    "team": "SF",
    "number": "",
    "name": "Marques Sigle",
    "position": "S",
    "height": "22",
    "weight": "6' 0\"",
    "age": "197 lbs",
    "college": "R",
    "playerId": "4693337",
    "profileUrl": "https://www.espn.com/nfl/player/_/id/4693337/marques-sigle",
    "headshot": "https://a.espncdn.com/combiner/i?img=/i/headshots/nfl/players/full/4693337.png",
    "birthdate": "Birthdate7/18/2002 (22)",
    "birthplace": null,
    "experience": null,
    "draftInfo": "Draft Info2025: Rd 5, Pk 160 (SF)"
  },
  {
    "team": "SF",
    "number": "",
    "name": "Kenneth Almendares",
    "position": "PK",
    "height": "--",
    "weight": "6' 2\"",
    "age": "252 lbs",
    "college": "R",
    "playerId": "4373653",
    "profileUrl": "https://www.espn.com/nfl/player/_/id/4373653/kenneth-almendares",
    "headshot": "https://a.espncdn.com/combiner/i?img=/i/headshots/college-football/players/full/4373653.png",
    "birthdate": null,
    "birthplace": "BirthplaceClute, TX",
    "experience": "ExperienceRookie",
    "draftInfo": null
  },
  {
    "team": "SF",
    "number": "",
    "name": "Greg Joseph",
    "position": "PK",
    "height": "30",
    "weight": "6' 0\"",
    "age": "208 lbs",
    "college": "6",
    "playerId": "3975763",
    "profileUrl": "https://www.espn.com/nfl/player/_/id/3975763/greg-joseph",
    "headshot": "https://a.espncdn.com/combiner/i?img=/i/headshots/nfl/players/full/3975763.png",
    "birthdate": "Birthdate8/4/1994 (30)",
    "birthplace": null,
    "experience": "Experience6th Season",
    "draftInfo": null
  },
  {
    "team": "SF",
    "number": "",
    "name": "Jake Moody4",
    "position": "PK",
    "height": "25",
    "weight": "6' 1\"",
    "age": "210 lbs",
    "college": "2",
    "playerId": "4372066",
    "profileUrl": "https://www.espn.com/nfl/player/_/id/4372066/jake-moody",
    "headshot": "https://a.espncdn.com/combiner/i?img=/i/headshots/nfl/players/full/4372066.png",
    "birthdate": "Birthdate11/23/1999 (25)",
    "birthplace": null,
    "experience": null,
    "draftInfo": "Draft Info2023: Rd 3, Pk 99 (SF)"
  },
  {
    "team": "SF",
    "number": "",
    "name": "Mitch Wishnowsky3",
    "position": "P",
    "height": "33",
    "weight": "6' 2\"",
    "age": "220 lbs",
    "college": "6",
    "playerId": "4035685",
    "profileUrl": "https://www.espn.com/nfl/player/_/id/4035685/mitch-wishnowsky",
    "headshot": "https://a.espncdn.com/combiner/i?img=/i/headshots/nfl/players/full/4035685.png",
    "birthdate": "Birthdate3/3/1992 (33)",
    "birthplace": null,
    "experience": null,
    "draftInfo": "Draft Info2019: Rd 4, Pk 110 (SF)"
  },
  {
    "team": "SF",
    "number": "",
    "name": "Jon Weeks",
    "position": "LS",
    "height": "39",
    "weight": "5' 10\"",
    "age": "242 lbs",
    "college": "6",
    "playerId": "13729",
    "profileUrl": "https://www.espn.com/nfl/player/_/id/13729/jon-weeks",
    "headshot": "https://a.espncdn.com/combiner/i?img=/i/headshots/nfl/players/full/13729.png",
    "birthdate": "Birthdate2/17/1986 (39)",
    "birthplace": null,
    "experience": "Experience6th Season",
    "draftInfo": null
  },
  {
    "team": "SF",
    "number": "",
    "name": "Tre Tomlinson",
    "position": "CB",
    "height": "25",
    "weight": "5' 9\"",
    "age": "177 lbs",
    "college": "2",
    "playerId": "4427493",
    "profileUrl": "https://www.espn.com/nfl/player/_/id/4427493/tre-tomlinson",
    "headshot": "https://a.espncdn.com/combiner/i?img=/i/headshots/nfl/players/full/4427493.png",
    "birthdate": "Birthdate1/10/2000 (25)",
    "birthplace": null,
    "experience": null,
    "draftInfo": "Draft Info2023: Rd 6, Pk 182 (LAR)"
  }
]