[
  {
    "team": "TB",
    "number": "",
    "name": "Connor Bazelak",
    "position": "QB",
    "height": "24",
    "weight": "6' 3\"",
    "age": "225 lbs",
    "college": "R",
    "playerId": "4426444",
    "profileUrl": "https://www.espn.com/nfl/player/_/id/4426444/connor-bazelak",
    "headshot": "https://a.espncdn.com/combiner/i?img=/i/headshots/college-football/players/full/4426444.png",
    "birthdate": "Birthdate9/22/2000 (24)",
    "birthplace": null,
    "experience": "ExperienceRookie",
    "draftInfo": null
  },
  {
    "team": "TB",
    "number": "",
    "name": "Baker Mayfield6",
    "position": "QB",
    "height": "30",
    "weight": "6' 1\"",
    "age": "215 lbs",
    "college": "7",
    "playerId": "3052587",
    "profileUrl": "https://www.espn.com/nfl/player/_/id/3052587/baker-mayfield",
    "headshot": "https://a.espncdn.com/combiner/i?img=/i/headshots/nfl/players/full/3052587.png",
    "birthdate": "Birthdate4/14/1995 (30)",
    "birthplace": null,
    "experience": null,
    "draftInfo": "Draft Info2018: Rd 1, Pk 1 (CLE)"
  },
  {
    "team": "TB",
    "number": "",
    "name": "Michael Pratt11",
    "position": "QB",
    "height": "23",
    "weight": "6' 2\"",
    "age": "217 lbs",
    "college": "R",
    "playerId": "4685039",
    "profileUrl": "https://www.espn.com/nfl/player/_/id/4685039/michael-pratt",
    "headshot": "https://a.espncdn.com/combiner/i?img=/i/headshots/nfl/players/full/4685039.png",
    "birthdate": "Birthdate9/30/2001 (23)",
    "birthplace": null,
    "experience": null,
    "draftInfo": "Draft Info2024: Rd 7, Pk 245 (GB)"
  },
  {
    "team": "TB",
    "number": "",
    "name": "Kyle Trask2",
    "position": "QB",
    "height": "27",
    "weight": "6' 5\"",
    "age": "236 lbs",
    "college": "4",
    "playerId": "4034946",
    "profileUrl": "https://www.espn.com/nfl/player/_/id/4034946/kyle-trask",
    "headshot": "https://a.espncdn.com/combiner/i?img=/i/headshots/nfl/players/full/4034946.png",
    "birthdate": "Birthdate3/6/1998 (27)",
    "birthplace": null,
    "experience": null,
    "draftInfo": "Draft Info2021: Rd 2, Pk 64 (TB)"
  },
  {
    "team": "TB",
    "number": "",
    "name": "Bucky Irving7",
    "position": "RB",
    "height": "22",
    "weight": "5' 10\"",
    "age": "195 lbs",
    "college": "R",
    "playerId": "4596448",
    "profileUrl": "https://www.espn.com/nfl/player/_/id/4596448/bucky-irving",
    "headshot": "https://a.espncdn.com/combiner/i?img=/i/headshots/nfl/players/full/4596448.png",
    "birthdate": "Birthdate8/19/2002 (22)",
    "birthplace": null,
    "experience": null,
    "draftInfo": "Draft Info2024: Rd 4, Pk 125 (TB)"
  },
  {
    "team": "TB",
    "number": "",
    "name": "Sean Tucker44",
    "position": "RB",
    "height": "23",
    "weight": "5' 10\"",
    "age": "205 lbs",
    "college": "2",
    "playerId": "4430871",
    "profileUrl": "https://www.espn.com/nfl/player/_/id/4430871/sean-tucker",
    "headshot": "https://a.espncdn.com/combiner/i?img=/i/headshots/nfl/players/full/4430871.png",
    "birthdate": "Birthdate10/25/2001 (23)",
    "birthplace": null,
    "experience": "Experience2nd Season",
    "draftInfo": null
  },
  {
    "team": "TB",
    "number": "",
    "name": "Rachaad White1",
    "position": "RB",
    "height": "26",
    "weight": "6' 0\"",
    "age": "214 lbs",
    "college": "3",
    "playerId": "4697815",
    "profileUrl": "https://www.espn.com/nfl/player/_/id/4697815/rachaad-white",
    "headshot": "https://a.espncdn.com/combiner/i?img=/i/headshots/nfl/players/full/4697815.png",
    "birthdate": "Birthdate1/12/1999 (26)",
    "birthplace": null,
    "experience": null,
    "draftInfo": "Draft Info2022: Rd 3, Pk 91 (TB)"
  },
  {
    "team": "TB",
    "number": "",
    "name": "D.J. Williams30",
    "position": "RB",
    "height": "25",
    "weight": "6' 0\"",
    "age": "225 lbs",
    "college": "R",
    "playerId": "4567216",
    "profileUrl": "https://www.espn.com/nfl/player/_/id/4567216/dj-williams",
    "headshot": "https://a.espncdn.com/combiner/i?img=/i/headshots/nfl/players/full/4567216.png",
    "birthdate": "Birthdate11/15/1999 (25)",
    "birthplace": null,
    "experience": "ExperienceRookie",
    "draftInfo": null
  },
  {
    "team": "TB",
    "number": "",
    "name": "Josh Williams",
    "position": "RB",
    "height": "23",
    "weight": "5' 9\"",
    "age": "210 lbs",
    "college": "R",
    "playerId": "4568024",
    "profileUrl": "https://www.espn.com/nfl/player/_/id/4568024/josh-williams",
    "headshot": "https://a.espncdn.com/combiner/i?img=/i/headshots/college-football/players/full/4568024.png",
    "birthdate": "Birthdate6/9/2001 (23)",
    "birthplace": null,
    "experience": "ExperienceRookie",
    "draftInfo": null
  },
  {
    "team": "TB",
    "number": "",
    "name": "Emeka Egbuka",
    "position": "WR",
    "height": "22",
    "weight": "6' 1\"",
    "age": "205 lbs",
    "college": "R",
    "playerId": "4567750",
    "profileUrl": "https://www.espn.com/nfl/player/_/id/4567750/emeka-egbuka",
    "headshot": "https://a.espncdn.com/combiner/i?img=/i/headshots/nfl/players/full/4567750.png",
    "birthdate": "Birthdate10/14/2002 (22)",
    "birthplace": null,
    "experience": null,
    "draftInfo": "Draft Info2025: Rd 1, Pk 19 (TB)"
  },
  {
    "team": "TB",
    "number": "",
    "name": "Mike Evans13",
    "position": "WR",
    "height": "31",
    "weight": "6' 5\"",
    "age": "231 lbs",
    "college": "11",
    "playerId": "16737",
    "profileUrl": "https://www.espn.com/nfl/player/_/id/16737/mike-evans",
    "headshot": "https://a.espncdn.com/combiner/i?img=/i/headshots/nfl/players/full/16737.png",
    "birthdate": "Birthdate8/21/1993 (31)",
    "birthplace": null,
    "experience": null,
    "draftInfo": "Draft Info2014: Rd 1, Pk 7 (TB)"
  },
  {
    "team": "TB",
    "number": "",
    "name": "Chris Godwin14",
    "position": "WR",
    "height": "29",
    "weight": "6' 1\"",
    "age": "209 lbs",
    "college": "8",
    "playerId": "3116165",
    "profileUrl": "https://www.espn.com/nfl/player/_/id/3116165/chris-godwin",
    "headshot": "https://a.espncdn.com/combiner/i?img=/i/headshots/nfl/players/full/3116165.png",
    "birthdate": "Birthdate2/27/1996 (29)",
    "birthplace": null,
    "experience": null,
    "draftInfo": "Draft Info2017: Rd 3, Pk 84 (TB)"
  },
  {
    "team": "TB",
    "number": "",
    "name": "Garrett Greene",
    "position": "WR",
    "height": "--",
    "weight": "5' 11\"",
    "age": "201 lbs",
    "college": "R",
    "playerId": "4429847",
    "profileUrl": "https://www.espn.com/nfl/player/_/id/4429847/garrett-greene",
    "headshot": "https://a.espncdn.com/combiner/i?img=/i/headshots/college-football/players/full/4429847.png",
    "birthdate": null,
    "birthplace": "BirthplaceTallahassee, FL",
    "experience": "ExperienceRookie",
    "draftInfo": null
  },
  {
    "team": "TB",
    "number": "",
    "name": "Dennis Houston89",
    "position": "WR",
    "height": "26",
    "weight": "6' 1\"",
    "age": "198 lbs",
    "college": "1",
    "playerId": "4572786",
    "profileUrl": "https://www.espn.com/nfl/player/_/id/4572786/dennis-houston",
    "headshot": "https://a.espncdn.com/combiner/i?img=/i/headshots/nfl/players/full/4572786.png",
    "birthdate": "Birthdate4/24/1999 (26)",
    "birthplace": null,
    "experience": "Experience1st Season",
    "draftInfo": null
  },
  {
    "team": "TB",
    "number": "",
    "name": "Rakim Jarrett18",
    "position": "WR",
    "height": "24",
    "weight": "6' 0\"",
    "age": "192 lbs",
    "college": "2",
    "playerId": "4429006",
    "profileUrl": "https://www.espn.com/nfl/player/_/id/4429006/rakim-jarrett",
    "headshot": "https://a.espncdn.com/combiner/i?img=/i/headshots/nfl/players/full/4429006.png",
    "birthdate": "Birthdate1/24/2001 (24)",
    "birthplace": null,
    "experience": "Experience2nd Season",
    "draftInfo": null
  },
  {
    "team": "TB",
    "number": "",
    "name": "Kameron Johnson19",
    "position": "WR",
    "height": "23",
    "weight": "5' 10\"",
    "age": "195 lbs",
    "college": "R",
    "playerId": "5097554",
    "profileUrl": "https://www.espn.com/nfl/player/_/id/5097554/kameron-johnson",
    "headshot": "https://a.espncdn.com/combiner/i?img=/i/headshots/nfl/players/full/5097554.png",
    "birthdate": "Birthdate3/17/2002 (23)",
    "birthplace": null,
    "experience": "ExperienceRookie",
    "draftInfo": null
  },
  {
    "team": "TB",
    "number": "",
    "name": "Tez Johnson",
    "position": "WR",
    "height": "23",
    "weight": "5' 10\"",
    "age": "165 lbs",
    "college": "R",
    "playerId": "4608810",
    "profileUrl": "https://www.espn.com/nfl/player/_/id/4608810/tez-johnson",
    "headshot": "https://a.espncdn.com/combiner/i?img=/i/headshots/nfl/players/full/4608810.png",
    "birthdate": "Birthdate5/18/2002 (23)",
    "birthplace": null,
    "experience": null,
    "draftInfo": "Draft Info2025: Rd 7, Pk 235 (TB)"
  },
  {
    "team": "TB",
    "number": "",
    "name": "Jalen McMillan15",
    "position": "WR",
    "height": "23",
    "weight": "6' 1\"",
    "age": "192 lbs",
    "college": "R",
    "playerId": "4430834",
    "profileUrl": "https://www.espn.com/nfl/player/_/id/4430834/jalen-mcmillan",
    "headshot": "https://a.espncdn.com/combiner/i?img=/i/headshots/nfl/players/full/4430834.png",
    "birthdate": "Birthdate12/7/2001 (23)",
    "birthplace": null,
    "experience": null,
    "draftInfo": "Draft Info2024: Rd 3, Pk 92 (TB)"
  },
  {
    "team": "TB",
    "number": "",
    "name": "Ryan Miller81",
    "position": "WR",
    "height": "25",
    "weight": "6' 2\"",
    "age": "221 lbs",
    "college": "1",
    "playerId": "4369466",
    "profileUrl": "https://www.espn.com/nfl/player/_/id/4369466/ryan-miller",
    "headshot": "https://a.espncdn.com/combiner/i?img=/i/headshots/nfl/players/full/4369466.png",
    "birthdate": "Birthdate2/20/2000 (25)",
    "birthplace": null,
    "experience": "Experience1st Season",
    "draftInfo": null
  },
  {
    "team": "TB",
    "number": "",
    "name": "Trey Palmer10",
    "position": "WR",
    "height": "24",
    "weight": "6' 1\"",
    "age": "190 lbs",
    "college": "2",
    "playerId": "4426407",
    "profileUrl": "https://www.espn.com/nfl/player/_/id/4426407/trey-palmer",
    "headshot": "https://a.espncdn.com/combiner/i?img=/i/headshots/nfl/players/full/4426407.png",
    "birthdate": "Birthdate4/2/2001 (24)",
    "birthplace": null,
    "experience": null,
    "draftInfo": "Draft Info2023: Rd 6, Pk 191 (TB)"
  },
  {
    "team": "TB",
    "number": "",
    "name": "Sterling Shepard17",
    "position": "WR",
    "height": "32",
    "weight": "5' 10\"",
    "age": "194 lbs",
    "college": "9",
    "playerId": "2976592",
    "profileUrl": "https://www.espn.com/nfl/player/_/id/2976592/sterling-shepard",
    "headshot": "https://a.espncdn.com/combiner/i?img=/i/headshots/nfl/players/full/2976592.png",
    "birthdate": "Birthdate2/10/1993 (32)",
    "birthplace": null,
    "experience": null,
    "draftInfo": "Draft Info2016: Rd 2, Pk 40 (NYG)"
  },
  {
    "team": "TB",
    "number": "",
    "name": "Devin Culp82",
    "position": "TE",
    "height": "25",
    "weight": "6' 4\"",
    "age": "237 lbs",
    "college": "R",
    "playerId": "4361112",
    "profileUrl": "https://www.espn.com/nfl/player/_/id/4361112/devin-culp",
    "headshot": "https://a.espncdn.com/combiner/i?img=/i/headshots/nfl/players/full/4361112.png",
    "birthdate": "Birthdate2/2/2000 (25)",
    "birthplace": null,
    "experience": null,
    "draftInfo": "Draft Info2024: Rd 7, Pk 246 (TB)"
  },
  {
    "team": "TB",
    "number": "",
    "name": "Payne Durham87",
    "position": "TE",
    "height": "24",
    "weight": "6' 5\"",
    "age": "255 lbs",
    "college": "2",
    "playerId": "4372505",
    "profileUrl": "https://www.espn.com/nfl/player/_/id/4372505/payne-durham",
    "headshot": "https://a.espncdn.com/combiner/i?img=/i/headshots/nfl/players/full/4372505.png",
    "birthdate": "Birthdate6/15/2000 (24)",
    "birthplace": null,
    "experience": null,
    "draftInfo": "Draft Info2023: Rd 5, Pk 171 (TB)"
  },
  {
    "team": "TB",
    "number": "",
    "name": "Ko Kieft41",
    "position": "TE",
    "height": "27",
    "weight": "6' 5\"",
    "age": "265 lbs",
    "college": "3",
    "playerId": "4034779",
    "profileUrl": "https://www.espn.com/nfl/player/_/id/4034779/ko-kieft",
    "headshot": "https://a.espncdn.com/combiner/i?img=/i/headshots/nfl/players/full/4034779.png",
    "birthdate": "Birthdate1/20/1998 (27)",
    "birthplace": null,
    "experience": null,
    "draftInfo": "Draft Info2022: Rd 6, Pk 218 (TB)"
  },
  {
    "team": "TB",
    "number": "",
    "name": "Cade Otton88",
    "position": "TE",
    "height": "26",
    "weight": "6' 5\"",
    "age": "247 lbs",
    "college": "3",
    "playerId": "4243331",
    "profileUrl": "https://www.espn.com/nfl/player/_/id/4243331/cade-otton",
    "headshot": "https://a.espncdn.com/combiner/i?img=/i/headshots/nfl/players/full/4243331.png",
    "birthdate": "Birthdate4/15/1999 (26)",
    "birthplace": null,
    "experience": null,
    "draftInfo": "Draft Info2022: Rd 4, Pk 106 (TB)"
  },
  {
    "team": "TB",
    "number": "",
    "name": "Tanner Taula84",
    "position": "TE",
    "height": "26",
    "weight": "6' 6\"",
    "age": "255 lbs",
    "college": "1",
    "playerId": "4248052",
    "profileUrl": "https://www.espn.com/nfl/player/_/id/4248052/tanner-taula",
    "headshot": "https://a.espncdn.com/combiner/i?img=/i/headshots/nfl/players/full/4248052.png",
    "birthdate": "Birthdate12/6/1998 (26)",
    "birthplace": null,
    "experience": "Experience1st Season",
    "draftInfo": null
  },
  {
    "team": "TB",
    "number": "",
    "name": "Graham Barton62",
    "position": "C",
    "height": "22",
    "weight": "6' 5\"",
    "age": "314 lbs",
    "college": "R",
    "playerId": "4429251",
    "profileUrl": "https://www.espn.com/nfl/player/_/id/4429251/graham-barton",
    "headshot": "https://a.espncdn.com/combiner/i?img=/i/headshots/nfl/players/full/4429251.png",
    "birthdate": "Birthdate6/1/2002 (22)",
    "birthplace": null,
    "experience": null,
    "draftInfo": "Draft Info2024: Rd 1, Pk 26 (TB)"
  },
  {
    "team": "TB",
    "number": "",
    "name": "Ben Bredeson68",
    "position": "G",
    "height": "27",
    "weight": "6' 5\"",
    "age": "315 lbs",
    "college": "5",
    "playerId": "4046551",
    "profileUrl": "https://www.espn.com/nfl/player/_/id/4046551/ben-bredeson",
    "headshot": "https://a.espncdn.com/combiner/i?img=/i/headshots/nfl/players/full/4046551.png",
    "birthdate": "Birthdate2/20/1998 (27)",
    "birthplace": null,
    "experience": null,
    "draftInfo": "Draft Info2020: Rd 4, Pk 143 (BAL)"
  },
  {
    "team": "TB",
    "number": "",
    "name": "Elijah Klein79",
    "position": "G",
    "height": "25",
    "weight": "6' 4\"",
    "age": "319 lbs",
    "college": "R",
    "playerId": "4362066",
    "profileUrl": "https://www.espn.com/nfl/player/_/id/4362066/elijah-klein",
    "headshot": "https://a.espncdn.com/combiner/i?img=/i/headshots/nfl/players/full/4362066.png",
    "birthdate": "Birthdate4/8/2000 (25)",
    "birthplace": null,
    "experience": null,
    "draftInfo": "Draft Info2024: Rd 6, Pk 220 (TB)"
  },
  {
    "team": "TB",
    "number": "",
    "name": "Cody Mauch69",
    "position": "G",
    "height": "26",
    "weight": "6' 6\"",
    "age": "303 lbs",
    "college": "2",
    "playerId": "4248545",
    "profileUrl": "https://www.espn.com/nfl/player/_/id/4248545/cody-mauch",
    "headshot": "https://a.espncdn.com/combiner/i?img=/i/headshots/nfl/players/full/4248545.png",
    "birthdate": "Birthdate1/15/1999 (26)",
    "birthplace": null,
    "experience": null,
    "draftInfo": "Draft Info2023: Rd 2, Pk 48 (TB)"
  },
  {
    "team": "TB",
    "number": "",
    "name": "Sua Opeta76",
    "position": "G",
    "height": "28",
    "weight": "6' 4\"",
    "age": "305 lbs",
    "college": "5",
    "playerId": "3121009",
    "profileUrl": "https://www.espn.com/nfl/player/_/id/3121009/sua-opeta",
    "headshot": "https://a.espncdn.com/combiner/i?img=/i/headshots/nfl/players/full/3121009.png",
    "birthdate": "Birthdate8/15/1996 (28)",
    "birthplace": null,
    "experience": "Experience5th Season",
    "draftInfo": null
  },
  {
    "team": "TB",
    "number": "",
    "name": "Ben Chukwuma",
    "position": "OL",
    "height": "--",
    "weight": "6' 6\"",
    "age": "310 lbs",
    "college": "R",
    "playerId": "4690787",
    "profileUrl": "https://www.espn.com/nfl/player/_/id/4690787/ben-chukwuma",
    "headshot": "https://a.espncdn.com/combiner/i?img=/i/headshots/college-football/players/full/4690787.png",
    "birthdate": null,
    "birthplace": "BirthplaceAustell, GA",
    "experience": "ExperienceRookie",
    "draftInfo": null
  },
  {
    "team": "TB",
    "number": "",
    "name": "Jake Majors",
    "position": "OL",
    "height": "--",
    "weight": "6' 3\"",
    "age": "315 lbs",
    "college": "R",
    "playerId": "4430814",
    "profileUrl": "https://www.espn.com/nfl/player/_/id/4430814/jake-majors",
    "headshot": "https://a.espncdn.com/combiner/i?img=/i/headshots/college-football/players/full/4430814.png",
    "birthdate": null,
    "birthplace": "BirthplaceProsper, TX",
    "experience": "ExperienceRookie",
    "draftInfo": null
  },
  {
    "team": "TB",
    "number": "",
    "name": "Ben Scott",
    "position": "OL",
    "height": "--",
    "weight": "6' 5\"",
    "age": "310 lbs",
    "college": "R",
    "playerId": "4569202",
    "profileUrl": "https://www.espn.com/nfl/player/_/id/4569202/ben-scott",
    "headshot": "https://a.espncdn.com/combiner/i?img=/i/headshots/college-football/players/full/4569202.png",
    "birthdate": null,
    "birthplace": "BirthplaceHonolulu, HI",
    "experience": "ExperienceRookie",
    "draftInfo": null
  },
  {
    "team": "TB",
    "number": "",
    "name": "Silas Dzansi61",
    "position": "OT",
    "height": "26",
    "weight": "6' 5\"",
    "age": "335 lbs",
    "college": "1",
    "playerId": "4240865",
    "profileUrl": "https://www.espn.com/nfl/player/_/id/4240865/silas-dzansi",
    "headshot": "https://a.espncdn.com/combiner/i?img=/i/headshots/nfl/players/full/4240865.png",
    "birthdate": "Birthdate6/13/1998 (26)",
    "birthplace": null,
    "experience": "Experience1st Season",
    "draftInfo": null
  },
  {
    "team": "TB",
    "number": "",
    "name": "Luke Goedeke67",
    "position": "OT",
    "height": "26",
    "weight": "6' 5\"",
    "age": "312 lbs",
    "college": "3",
    "playerId": "4380507",
    "profileUrl": "https://www.espn.com/nfl/player/_/id/4380507/luke-goedeke",
    "headshot": "https://a.espncdn.com/combiner/i?img=/i/headshots/nfl/players/full/4380507.png",
    "birthdate": "Birthdate11/28/1998 (26)",
    "birthplace": null,
    "experience": null,
    "draftInfo": "Draft Info2022: Rd 2, Pk 57 (TB)"
  },
  {
    "team": "TB",
    "number": "",
    "name": "Garret Greenfield74",
    "position": "OT",
    "height": "25",
    "weight": "6' 7\"",
    "age": "320 lbs",
    "college": "R",
    "playerId": "4368306",
    "profileUrl": "https://www.espn.com/nfl/player/_/id/4368306/garret-greenfield",
    "headshot": "https://a.espncdn.com/combiner/i?img=/i/headshots/nfl/players/full/4368306.png",
    "birthdate": "Birthdate9/20/1999 (25)",
    "birthplace": null,
    "experience": "ExperienceRookie",
    "draftInfo": null
  },
  {
    "team": "TB",
    "number": "",
    "name": "Luke Haggard72",
    "position": "OT",
    "height": "25",
    "weight": "6' 7\"",
    "age": "305 lbs",
    "college": "1",
    "playerId": "4686884",
    "profileUrl": "https://www.espn.com/nfl/player/_/id/4686884/luke-haggard",
    "headshot": "https://a.espncdn.com/combiner/i?img=/i/headshots/nfl/players/full/4686884.png",
    "birthdate": "Birthdate1/3/2000 (25)",
    "birthplace": null,
    "experience": "Experience1st Season",
    "draftInfo": null
  },
  {
    "team": "TB",
    "number": "",
    "name": "Charlie Heck61",
    "position": "OT",
    "height": "28",
    "weight": "6' 8\"",
    "age": "311 lbs",
    "college": "5",
    "playerId": "3895840",
    "profileUrl": "https://www.espn.com/nfl/player/_/id/3895840/charlie-heck",
    "headshot": "https://a.espncdn.com/combiner/i?img=/i/headshots/nfl/players/full/3895840.png",
    "birthdate": "Birthdate11/20/1996 (28)",
    "birthplace": null,
    "experience": null,
    "draftInfo": "Draft Info2020: Rd 4, Pk 126 (HOU)"
  },
  {
    "team": "TB",
    "number": "",
    "name": "Lorenz Metz71",
    "position": "OT",
    "height": "28",
    "weight": "6' 9\"",
    "age": "310 lbs",
    "college": "R",
    "playerId": "4360063",
    "profileUrl": "https://www.espn.com/nfl/player/_/id/4360063/lorenz-metz",
    "headshot": "https://a.espncdn.com/combiner/i?img=/i/headshots/nfl/players/full/4360063.png",
    "birthdate": "Birthdate3/7/1997 (28)",
    "birthplace": null,
    "experience": "ExperienceRookie",
    "draftInfo": null
  },
  {
    "team": "TB",
    "number": "",
    "name": "Raiqwon O'Neal75",
    "position": "OT",
    "height": "25",
    "weight": "6' 4\"",
    "age": "305 lbs",
    "college": "2",
    "playerId": "4361528",
    "profileUrl": "https://www.espn.com/nfl/player/_/id/4361528/raiqwon-oneal",
    "headshot": "https://a.espncdn.com/combiner/i?img=/i/headshots/nfl/players/full/4361528.png",
    "birthdate": "Birthdate1/12/2000 (25)",
    "birthplace": null,
    "experience": "Experience2nd Season",
    "draftInfo": null
  },
  {
    "team": "TB",
    "number": "",
    "name": "Tristan Wirfs78",
    "position": "OT",
    "height": "26",
    "weight": "6' 5\"",
    "age": "320 lbs",
    "college": "5",
    "playerId": "4240589",
    "profileUrl": "https://www.espn.com/nfl/player/_/id/4240589/tristan-wirfs",
    "headshot": "https://a.espncdn.com/combiner/i?img=/i/headshots/nfl/players/full/4240589.png",
    "birthdate": "Birthdate1/24/1999 (26)",
    "birthplace": null,
    "experience": null,
    "draftInfo": "Draft Info2020: Rd 1, Pk 13 (TB)"
  },
  {
    "team": "TB",
    "number": "",
    "name": "Nash Hutmacher",
    "position": "DL",
    "height": "--",
    "weight": "6' 4\"",
    "age": "310 lbs",
    "college": "R",
    "playerId": "4431153",
    "profileUrl": "https://www.espn.com/nfl/player/_/id/4431153/nash-hutmacher",
    "headshot": "https://a.espncdn.com/combiner/i?img=/i/headshots/college-football/players/full/4431153.png",
    "birthdate": null,
    "birthplace": "BirthplaceOacoma, SD",
    "experience": "ExperienceRookie",
    "draftInfo": null
  },
  {
    "team": "TB",
    "number": "",
    "name": "Mason Narcisse",
    "position": "DL",
    "height": "--",
    "weight": "6' 2\"",
    "age": "301 lbs",
    "college": "R",
    "playerId": "4432448",
    "profileUrl": "https://www.espn.com/nfl/player/_/id/4432448/mason-narcisse",
    "headshot": "https://a.espncdn.com/combiner/i?img=/i/headshots/college-football/players/full/4432448.png",
    "birthdate": null,
    "birthplace": "BirthplaceReserve, LA",
    "experience": "ExperienceRookie",
    "draftInfo": null
  },
  {
    "team": "TB",
    "number": "",
    "name": "Warren Peeples",
    "position": "DL",
    "height": "--",
    "weight": "6' 2\"",
    "age": "230 lbs",
    "college": "R",
    "playerId": "4911840",
    "profileUrl": "https://www.espn.com/nfl/player/_/id/4911840/warren-peeples",
    "headshot": "https://a.espncdn.com/combiner/i?img=/i/headshots/college-football/players/full/4911840.png",
    "birthdate": null,
    "birthplace": "BirthplaceStone Mountain, GA",
    "experience": "ExperienceRookie",
    "draftInfo": null
  },
  {
    "team": "TB",
    "number": "",
    "name": "Eric Banks93",
    "position": "DE",
    "height": "27",
    "weight": "6' 5\"",
    "age": "274 lbs",
    "college": "2",
    "playerId": "4040703",
    "profileUrl": "https://www.espn.com/nfl/player/_/id/4040703/eric-banks",
    "headshot": "https://a.espncdn.com/combiner/i?img=/i/headshots/nfl/players/full/4040703.png",
    "birthdate": "Birthdate1/30/1998 (27)",
    "birthplace": null,
    "experience": "Experience2nd Season",
    "draftInfo": null
  },
  {
    "team": "TB",
    "number": "",
    "name": "Mike Greene91",
    "position": "DE",
    "height": "26",
    "weight": "6' 3\"",
    "age": "293 lbs",
    "college": "2",
    "playerId": "4249596",
    "profileUrl": "https://www.espn.com/nfl/player/_/id/4249596/mike-greene",
    "headshot": "https://a.espncdn.com/combiner/i?img=/i/headshots/nfl/players/full/4249596.png",
    "birthdate": "Birthdate5/3/1999 (26)",
    "birthplace": null,
    "experience": "Experience2nd Season",
    "draftInfo": null
  },
  {
    "team": "TB",
    "number": "",
    "name": "Logan Hall90",
    "position": "DE",
    "height": "25",
    "weight": "6' 6\"",
    "age": "283 lbs",
    "college": "3",
    "playerId": "4360189",
    "profileUrl": "https://www.espn.com/nfl/player/_/id/4360189/logan-hall",
    "headshot": "https://a.espncdn.com/combiner/i?img=/i/headshots/nfl/players/full/4360189.png",
    "birthdate": "Birthdate4/22/2000 (25)",
    "birthplace": null,
    "experience": null,
    "draftInfo": "Draft Info2022: Rd 2, Pk 33 (TB)"
  },
  {
    "team": "TB",
    "number": "",
    "name": "Haason Reddick7",
    "position": "DE",
    "height": "30",
    "weight": "6' 1\"",
    "age": "240 lbs",
    "college": "8",
    "playerId": "2980504",
    "profileUrl": "https://www.espn.com/nfl/player/_/id/2980504/haason-reddick",
    "headshot": "https://a.espncdn.com/combiner/i?img=/i/headshots/nfl/players/full/2980504.png",
    "birthdate": "Birthdate9/22/1994 (30)",
    "birthplace": null,
    "experience": null,
    "draftInfo": "Draft Info2017: Rd 1, Pk 13 (ARI)"
  },
  {
    "team": "TB",
    "number": "",
    "name": "Elijah Roberts",
    "position": "DE",
    "height": "23",
    "weight": "6' 4\"",
    "age": "278 lbs",
    "college": "R",
    "playerId": "4690795",
    "profileUrl": "https://www.espn.com/nfl/player/_/id/4690795/elijah-roberts",
    "headshot": "https://a.espncdn.com/combiner/i?img=/i/headshots/nfl/players/full/4690795.png",
    "birthdate": "Birthdate12/24/2001 (23)",
    "birthplace": null,
    "experience": null,
    "draftInfo": "Draft Info2025: Rd 5, Pk 157 (TB)"
  },
  {
    "team": "TB",
    "number": "",
    "name": "C.J. Brewer95",
    "position": "DT",
    "height": "27",
    "weight": "6' 2\"",
    "age": "290 lbs",
    "college": "1",
    "playerId": "4052017",
    "profileUrl": "https://www.espn.com/nfl/player/_/id/4052017/cj-brewer",
    "headshot": "https://a.espncdn.com/combiner/i?img=/i/headshots/nfl/players/full/4052017.png",
    "birthdate": "Birthdate11/22/1997 (27)",
    "birthplace": null,
    "experience": "Experience1st Season",
    "draftInfo": null
  },
  {
    "team": "TB",
    "number": "",
    "name": "Greg Gaines96",
    "position": "DT",
    "height": "29",
    "weight": "6' 1\"",
    "age": "312 lbs",
    "college": "6",
    "playerId": "3127294",
    "profileUrl": "https://www.espn.com/nfl/player/_/id/3127294/greg-gaines",
    "headshot": "https://a.espncdn.com/combiner/i?img=/i/headshots/nfl/players/full/3127294.png",
    "birthdate": "Birthdate5/6/1996 (29)",
    "birthplace": null,
    "experience": null,
    "draftInfo": "Draft Info2019: Rd 4, Pk 134 (LAR)"
  },
  {
    "team": "TB",
    "number": "",
    "name": "Adam Gotsis97",
    "position": "DT",
    "height": "32",
    "weight": "6' 4\"",
    "age": "287 lbs",
    "college": "9",
    "playerId": "2971498",
    "profileUrl": "https://www.espn.com/nfl/player/_/id/2971498/adam-gotsis",
    "headshot": "https://a.espncdn.com/combiner/i?img=/i/headshots/nfl/players/full/2971498.png",
    "birthdate": "Birthdate9/23/1992 (32)",
    "birthplace": null,
    "experience": null,
    "draftInfo": "Draft Info2016: Rd 2, Pk 63 (DEN)"
  },
  {
    "team": "TB",
    "number": "",
    "name": "Dvon J-Thomas",
    "position": "DT",
    "height": "--",
    "weight": "6' 1\"",
    "age": "304 lbs",
    "college": "R",
    "playerId": "4570055",
    "profileUrl": "https://www.espn.com/nfl/player/_/id/4570055/dvon-j-thomas",
    "headshot": "https://a.espncdn.com/combiner/i?img=/i/headshots/college-football/players/full/4570055.png",
    "birthdate": null,
    "birthplace": "BirthplaceBurtonsville, MD",
    "experience": "ExperienceRookie",
    "draftInfo": null
  },
  {
    "team": "TB",
    "number": "",
    "name": "Calijah Kancey94",
    "position": "DT",
    "height": "24",
    "weight": "6' 0\"",
    "age": "280 lbs",
    "college": "2",
    "playerId": "4427673",
    "profileUrl": "https://www.espn.com/nfl/player/_/id/4427673/calijah-kancey",
    "headshot": "https://a.espncdn.com/combiner/i?img=/i/headshots/nfl/players/full/4427673.png",
    "birthdate": "Birthdate3/1/2001 (24)",
    "birthplace": null,
    "experience": null,
    "draftInfo": "Draft Info2023: Rd 1, Pk 19 (TB)"
  },
  {
    "team": "TB",
    "number": "",
    "name": "Vita Vea50",
    "position": "DT",
    "height": "30",
    "weight": "6' 4\"",
    "age": "347 lbs",
    "college": "7",
    "playerId": "3134362",
    "profileUrl": "https://www.espn.com/nfl/player/_/id/3134362/vita-vea",
    "headshot": "https://a.espncdn.com/combiner/i?img=/i/headshots/nfl/players/full/3134362.png",
    "birthdate": "Birthdate2/5/1995 (30)",
    "birthplace": null,
    "experience": null,
    "draftInfo": "Draft Info2018: Rd 1, Pk 12 (TB)"
  },
  {
    "team": "TB",
    "number": "",
    "name": "Desmond Watson",
    "position": "DT",
    "height": "--",
    "weight": "6' 5\"",
    "age": "449 lbs",
    "college": "R",
    "playerId": "4431607",
    "profileUrl": "https://www.espn.com/nfl/player/_/id/4431607/desmond-watson",
    "headshot": "https://a.espncdn.com/combiner/i?img=/i/headshots/college-football/players/full/4431607.png",
    "birthdate": null,
    "birthplace": "BirthplacePlant City, FL",
    "experience": "ExperienceRookie",
    "draftInfo": null
  },
  {
    "team": "TB",
    "number": "",
    "name": "Chris Braswell43",
    "position": "LB",
    "height": "23",
    "weight": "6' 3\"",
    "age": "255 lbs",
    "college": "R",
    "playerId": "4428989",
    "profileUrl": "https://www.espn.com/nfl/player/_/id/4428989/chris-braswell",
    "headshot": "https://a.espncdn.com/combiner/i?img=/i/headshots/nfl/players/full/4428989.png",
    "birthdate": "Birthdate10/25/2001 (23)",
    "birthplace": null,
    "experience": null,
    "draftInfo": "Draft Info2024: Rd 2, Pk 57 (TB)"
  },
  {
    "team": "TB",
    "number": "",
    "name": "John Bullock",
    "position": "LB",
    "height": "24",
    "weight": "6' 0\"",
    "age": "230 lbs",
    "college": "R",
    "playerId": "4569563",
    "profileUrl": "https://www.espn.com/nfl/player/_/id/4569563/john-bullock",
    "headshot": "https://a.espncdn.com/combiner/i?img=/i/headshots/college-football/players/full/4569563.png",
    "birthdate": "Birthdate4/22/2001 (24)",
    "birthplace": null,
    "experience": "ExperienceRookie",
    "draftInfo": null
  },
  {
    "team": "TB",
    "number": "",
    "name": "Lavonte David54",
    "position": "LB",
    "height": "35",
    "weight": "6' 1\"",
    "age": "233 lbs",
    "college": "13",
    "playerId": "14985",
    "profileUrl": "https://www.espn.com/nfl/player/_/id/14985/lavonte-david",
    "headshot": "https://a.espncdn.com/combiner/i?img=/i/headshots/nfl/players/full/14985.png",
    "birthdate": "Birthdate1/23/1990 (35)",
    "birthplace": null,
    "experience": null,
    "draftInfo": "Draft Info2012: Rd 2, Pk 58 (TB)"
  },
  {
    "team": "TB",
    "number": "",
    "name": "SirVocea Dennis8",
    "position": "LB",
    "height": "25",
    "weight": "6' 0\"",
    "age": "230 lbs",
    "college": "2",
    "playerId": "4429511",
    "profileUrl": "https://www.espn.com/nfl/player/_/id/4429511/sirvocea-dennis",
    "headshot": "https://a.espncdn.com/combiner/i?img=/i/headshots/nfl/players/full/4429511.png",
    "birthdate": "Birthdate3/9/2000 (25)",
    "birthplace": null,
    "experience": null,
    "draftInfo": "Draft Info2023: Rd 5, Pk 153 (TB)"
  },
  {
    "team": "TB",
    "number": "",
    "name": "Yaya Diaby0",
    "position": "LB",
    "height": "25",
    "weight": "6' 4\"",
    "age": "270 lbs",
    "college": "2",
    "playerId": "4686334",
    "profileUrl": "https://www.espn.com/nfl/player/_/id/4686334/yaya-diaby",
    "headshot": "https://a.espncdn.com/combiner/i?img=/i/headshots/nfl/players/full/4686334.png",
    "birthdate": "Birthdate5/30/1999 (25)",
    "birthplace": null,
    "experience": null,
    "draftInfo": "Draft Info2023: Rd 3, Pk 82 (TB)"
  },
  {
    "team": "TB",
    "number": "",
    "name": "Antonio Grier Jr.48",
    "position": "LB",
    "height": "25",
    "weight": "6' 1\"",
    "age": "230 lbs",
    "college": "R",
    "playerId": "4360864",
    "profileUrl": "https://www.espn.com/nfl/player/_/id/4360864/antonio-grier-jr",
    "headshot": "https://a.espncdn.com/combiner/i?img=/i/headshots/nfl/players/full/4360864.png",
    "birthdate": "Birthdate1/18/2000 (25)",
    "birthplace": null,
    "experience": "ExperienceRookie",
    "draftInfo": null
  },
  {
    "team": "TB",
    "number": "",
    "name": "Nick Jackson",
    "position": "LB",
    "height": "--",
    "weight": "6' 0\"",
    "age": "235 lbs",
    "college": "R",
    "playerId": "4568492",
    "profileUrl": "https://www.espn.com/nfl/player/_/id/4568492/nick-jackson",
    "headshot": "https://a.espncdn.com/combiner/i?img=/i/headshots/college-football/players/full/4568492.png",
    "birthdate": null,
    "birthplace": "BirthplaceAtlanta, GA",
    "experience": "ExperienceRookie",
    "draftInfo": null
  },
  {
    "team": "TB",
    "number": "",
    "name": "Deion Jones45",
    "position": "LB",
    "height": "30",
    "weight": "6' 1\"",
    "age": "222 lbs",
    "college": "9",
    "playerId": "2976545",
    "profileUrl": "https://www.espn.com/nfl/player/_/id/2976545/deion-jones",
    "headshot": "https://a.espncdn.com/combiner/i?img=/i/headshots/nfl/players/full/2976545.png",
    "birthdate": "Birthdate11/4/1994 (30)",
    "birthplace": null,
    "experience": null,
    "draftInfo": "Draft Info2016: Rd 2, Pk 52 (ATL)"
  },
  {
    "team": "TB",
    "number": "",
    "name": "Anthony Nelson98",
    "position": "LB",
    "height": "28",
    "weight": "6' 7\"",
    "age": "271 lbs",
    "college": "6",
    "playerId": "3894856",
    "profileUrl": "https://www.espn.com/nfl/player/_/id/3894856/anthony-nelson",
    "headshot": "https://a.espncdn.com/combiner/i?img=/i/headshots/nfl/players/full/3894856.png",
    "birthdate": "Birthdate3/4/1997 (28)",
    "birthplace": null,
    "experience": null,
    "draftInfo": "Draft Info2019: Rd 4, Pk 107 (TB)"
  },
  {
    "team": "TB",
    "number": "",
    "name": "Jose Ramirez33",
    "position": "LB",
    "height": "26",
    "weight": "6' 2\"",
    "age": "252 lbs",
    "college": "1",
    "playerId": "4569068",
    "profileUrl": "https://www.espn.com/nfl/player/_/id/4569068/jose-ramirez",
    "headshot": "https://a.espncdn.com/combiner/i?img=/i/headshots/nfl/players/full/4569068.png",
    "birthdate": "Birthdate5/9/1999 (26)",
    "birthplace": null,
    "experience": null,
    "draftInfo": "Draft Info2023: Rd 6, Pk 196 (TB)"
  },
  {
    "team": "TB",
    "number": "",
    "name": "David Walker",
    "position": "LB",
    "height": "24",
    "weight": "6' 2\"",
    "age": "260 lbs",
    "college": "R",
    "playerId": "5085355",
    "profileUrl": "https://www.espn.com/nfl/player/_/id/5085355/david-walker",
    "headshot": "https://a.espncdn.com/combiner/i?img=/i/headshots/nfl/players/full/5085355.png",
    "birthdate": "Birthdate6/3/2000 (24)",
    "birthplace": null,
    "experience": null,
    "draftInfo": "Draft Info2025: Rd 4, Pk 121 (TB)"
  },
  {
    "team": "TB",
    "number": "",
    "name": "Anthony Walker Jr.",
    "position": "LB",
    "height": "29",
    "weight": "6' 1\"",
    "age": "235 lbs",
    "college": "8",
    "playerId": "3045251",
    "profileUrl": "https://www.espn.com/nfl/player/_/id/3045251/anthony-walker-jr",
    "headshot": "https://a.espncdn.com/combiner/i?img=/i/headshots/nfl/players/full/3045251.png",
    "birthdate": "Birthdate8/8/1995 (29)",
    "birthplace": null,
    "experience": null,
    "draftInfo": "Draft Info2017: Rd 5, Pk 161 (IND)"
  },
  {
    "team": "TB",
    "number": "",
    "name": "Markees Watts58",
    "position": "LB",
    "height": "25",
    "weight": "6' 1\"",
    "age": "240 lbs",
    "college": "2",
    "playerId": "4373706",
    "profileUrl": "https://www.espn.com/nfl/player/_/id/4373706/markees-watts",
    "headshot": "https://a.espncdn.com/combiner/i?img=/i/headshots/nfl/players/full/4373706.png",
    "birthdate": "Birthdate12/7/1999 (25)",
    "birthplace": null,
    "experience": "Experience2nd Season",
    "draftInfo": null
  },
  {
    "team": "TB",
    "number": "",
    "name": "Jamel Dean35",
    "position": "CB",
    "height": "28",
    "weight": "6' 1\"",
    "age": "206 lbs",
    "college": "6",
    "playerId": "3873935",
    "profileUrl": "https://www.espn.com/nfl/player/_/id/3873935/jamel-dean",
    "headshot": "https://a.espncdn.com/combiner/i?img=/i/headshots/nfl/players/full/3873935.png",
    "birthdate": "Birthdate10/15/1996 (28)",
    "birthplace": null,
    "experience": null,
    "draftInfo": "Draft Info2019: Rd 3, Pk 94 (TB)"
  },
  {
    "team": "TB",
    "number": "",
    "name": "Tyrek Funderburk24",
    "position": "CB",
    "height": "24",
    "weight": "6' 0\"",
    "age": "185 lbs",
    "college": "R",
    "playerId": "4367330",
    "profileUrl": "https://www.espn.com/nfl/player/_/id/4367330/tyrek-funderburk",
    "headshot": "https://a.espncdn.com/combiner/i?img=/i/headshots/nfl/players/full/4367330.png",
    "birthdate": "Birthdate11/28/2000 (24)",
    "birthplace": null,
    "experience": "ExperienceRookie",
    "draftInfo": null
  },
  {
    "team": "TB",
    "number": "",
    "name": "Bryce Hall34",
    "position": "CB",
    "height": "27",
    "weight": "6' 1\"",
    "age": "202 lbs",
    "college": "5",
    "playerId": "4037584",
    "profileUrl": "https://www.espn.com/nfl/player/_/id/4037584/bryce-hall",
    "headshot": "https://a.espncdn.com/combiner/i?img=/i/headshots/nfl/players/full/4037584.png",
    "birthdate": "Birthdate11/5/1997 (27)",
    "birthplace": null,
    "experience": null,
    "draftInfo": "Draft Info2020: Rd 5, Pk 158 (NYJ)"
  },
  {
    "team": "TB",
    "number": "",
    "name": "Zyon McCollum27",
    "position": "CB",
    "height": "26",
    "weight": "6' 2\"",
    "age": "199 lbs",
    "college": "3",
    "playerId": "4250392",
    "profileUrl": "https://www.espn.com/nfl/player/_/id/4250392/zyon-mccollum",
    "headshot": "https://a.espncdn.com/combiner/i?img=/i/headshots/nfl/players/full/4250392.png",
    "birthdate": "Birthdate5/3/1999 (26)",
    "birthplace": null,
    "experience": null,
    "draftInfo": "Draft Info2022: Rd 5, Pk 157 (TB)"
  },
  {
    "team": "TB",
    "number": "",
    "name": "Benjamin Morrison",
    "position": "CB",
    "height": "21",
    "weight": "6' 0\"",
    "age": "190 lbs",
    "college": "R",
    "playerId": "4816107",
    "profileUrl": "https://www.espn.com/nfl/player/_/id/4816107/benjamin-morrison",
    "headshot": "https://a.espncdn.com/combiner/i?img=/i/headshots/nfl/players/full/4816107.png",
    "birthdate": "Birthdate3/11/2004 (21)",
    "birthplace": null,
    "experience": null,
    "draftInfo": "Draft Info2025: Rd 2, Pk 53 (TB)"
  },
  {
    "team": "TB",
    "number": "",
    "name": "Roman Parodie",
    "position": "CB",
    "height": "--",
    "weight": "6' 2\"",
    "age": "204 lbs",
    "college": "R",
    "playerId": "4565547",
    "profileUrl": "https://www.espn.com/nfl/player/_/id/4565547/roman-parodie",
    "headshot": "https://a.espncdn.com/combiner/i?img=/i/headshots/college-football/players/full/4565547.png",
    "birthdate": null,
    "birthplace": "BirthplaceFort Lauderdale, FL",
    "experience": "ExperienceRookie",
    "draftInfo": null
  },
  {
    "team": "TB",
    "number": "",
    "name": "Jacob Parrish",
    "position": "CB",
    "height": "21",
    "weight": "5' 10\"",
    "age": "198 lbs",
    "college": "R",
    "playerId": "4912847",
    "profileUrl": "https://www.espn.com/nfl/player/_/id/4912847/jacob-parrish",
    "headshot": "https://a.espncdn.com/combiner/i?img=/i/headshots/nfl/players/full/4912847.png",
    "birthdate": "Birthdate2/29/2004 (21)",
    "birthplace": null,
    "experience": null,
    "draftInfo": "Draft Info2025: Rd 3, Pk 84 (TB)"
  },
  {
    "team": "TB",
    "number": "",
    "name": "Kindle Vildor",
    "position": "CB",
    "height": "27",
    "weight": "5' 11\"",
    "age": "189 lbs",
    "college": "5",
    "playerId": "4036651",
    "profileUrl": "https://www.espn.com/nfl/player/_/id/4036651/kindle-vildor",
    "headshot": "https://a.espncdn.com/combiner/i?img=/i/headshots/nfl/players/full/4036651.png",
    "birthdate": "Birthdate12/11/1997 (27)",
    "birthplace": null,
    "experience": null,
    "draftInfo": "Draft Info2020: Rd 5, Pk 163 (CHI)"
  },
  {
    "team": "TB",
    "number": "",
    "name": "J.J. Roberts",
    "position": "DB",
    "height": "--",
    "weight": "5' 11\"",
    "age": "184 lbs",
    "college": "R",
    "playerId": "4566165",
    "profileUrl": "https://www.espn.com/nfl/player/_/id/4566165/jj-roberts",
    "headshot": "https://a.espncdn.com/combiner/i?img=/i/headshots/college-football/players/full/4566165.png",
    "birthdate": null,
    "birthplace": "BirthplaceOna, WV",
    "experience": "ExperienceRookie",
    "draftInfo": null
  },
  {
    "team": "TB",
    "number": "",
    "name": "Marcus Banks39",
    "position": "S",
    "height": "24",
    "weight": "6' 0\"",
    "age": "190 lbs",
    "college": "R",
    "playerId": "4567109",
    "profileUrl": "https://www.espn.com/nfl/player/_/id/4567109/marcus-banks",
    "headshot": "https://a.espncdn.com/combiner/i?img=/i/headshots/nfl/players/full/4567109.png",
    "birthdate": "Birthdate10/8/2000 (24)",
    "birthplace": null,
    "experience": "ExperienceRookie",
    "draftInfo": null
  },
  {
    "team": "TB",
    "number": "",
    "name": "Josh Hayes32",
    "position": "S",
    "height": "26",
    "weight": "6' 0\"",
    "age": "190 lbs",
    "college": "2",
    "playerId": "4248533",
    "profileUrl": "https://www.espn.com/nfl/player/_/id/4248533/josh-hayes",
    "headshot": "https://a.espncdn.com/combiner/i?img=/i/headshots/nfl/players/full/4248533.png",
    "birthdate": "Birthdate4/24/1999 (26)",
    "birthplace": null,
    "experience": null,
    "draftInfo": "Draft Info2023: Rd 6, Pk 181 (TB)"
  },
  {
    "team": "TB",
    "number": "",
    "name": "Christian Izien29",
    "position": "S",
    "height": "24",
    "weight": "5' 10\"",
    "age": "200 lbs",
    "college": "2",
    "playerId": "4372459",
    "profileUrl": "https://www.espn.com/nfl/player/_/id/4372459/christian-izien",
    "headshot": "https://a.espncdn.com/combiner/i?img=/i/headshots/nfl/players/full/4372459.png",
    "birthdate": "Birthdate6/8/2000 (24)",
    "birthplace": null,
    "experience": "Experience2nd Season",
    "draftInfo": null
  },
  {
    "team": "TB",
    "number": "",
    "name": "Kaevon Merriweather26",
    "position": "S",
    "height": "25",
    "weight": "6' 0\"",
    "age": "207 lbs",
    "college": "2",
    "playerId": "4360502",
    "profileUrl": "https://www.espn.com/nfl/player/_/id/4360502/kaevon-merriweather",
    "headshot": "https://a.espncdn.com/combiner/i?img=/i/headshots/nfl/players/full/4360502.png",
    "birthdate": "Birthdate12/20/1999 (25)",
    "birthplace": null,
    "experience": "Experience2nd Season",
    "draftInfo": null
  },
  {
    "team": "TB",
    "number": "",
    "name": "Shilo Sanders",
    "position": "S",
    "height": "25",
    "weight": "6' 0\"",
    "age": "195 lbs",
    "college": "R",
    "playerId": "4426508",
    "profileUrl": "https://www.espn.com/nfl/player/_/id/4426508/shilo-sanders",
    "headshot": "https://a.espncdn.com/combiner/i?img=/i/headshots/college-football/players/full/4426508.png",
    "birthdate": "Birthdate2/9/2000 (25)",
    "birthplace": null,
    "experience": "ExperienceRookie",
    "draftInfo": null
  },
  {
    "team": "TB",
    "number": "",
    "name": "Tykee Smith23",
    "position": "S",
    "height": "24",
    "weight": "5' 10\"",
    "age": "202 lbs",
    "college": "R",
    "playerId": "4428522",
    "profileUrl": "https://www.espn.com/nfl/player/_/id/4428522/tykee-smith",
    "headshot": "https://a.espncdn.com/combiner/i?img=/i/headshots/nfl/players/full/4428522.png",
    "birthdate": "Birthdate2/18/2001 (24)",
    "birthplace": null,
    "experience": null,
    "draftInfo": "Draft Info2024: Rd 3, Pk 89 (TB)"
  },
  {
    "team": "TB",
    "number": "",
    "name": "Antoine Winfield Jr.31",
    "position": "S",
    "height": "26",
    "weight": "5' 9\"",
    "age": "203 lbs",
    "college": "5",
    "playerId": "4034790",
    "profileUrl": "https://www.espn.com/nfl/player/_/id/4034790/antoine-winfield-jr",
    "headshot": "https://a.espncdn.com/combiner/i?img=/i/headshots/nfl/players/full/4034790.png",
    "birthdate": "Birthdate8/16/1998 (26)",
    "birthplace": null,
    "experience": null,
    "draftInfo": "Draft Info2020: Rd 2, Pk 45 (TB)"
  },
  {
    "team": "TB",
    "number": "",
    "name": "Rashad Wisdom38",
    "position": "S",
    "height": "23",
    "weight": "5' 9\"",
    "age": "210 lbs",
    "college": "R",
    "playerId": "4428917",
    "profileUrl": "https://www.espn.com/nfl/player/_/id/4428917/rashad-wisdom",
    "headshot": "https://a.espncdn.com/combiner/i?img=/i/headshots/nfl/players/full/4428917.png",
    "birthdate": "Birthdate6/6/2001 (23)",
    "birthplace": null,
    "experience": "ExperienceRookie",
    "draftInfo": null
  },
  {
    "team": "TB",
    "number": "",
    "name": "Ryan Coe",
    "position": "PK",
    "height": "--",
    "weight": "6' 3\"",
    "age": "225 lbs",
    "college": "R",
    "playerId": "4578233",
    "profileUrl": "https://www.espn.com/nfl/player/_/id/4578233/ryan-coe",
    "headshot": "https://a.espncdn.com/combiner/i?img=/i/headshots/college-football/players/full/4578233.png",
    "birthdate": null,
    "birthplace": "BirthplaceMcdonald, PA",
    "experience": "ExperienceRookie",
    "draftInfo": null
  },
  {
    "team": "TB",
    "number": "",
    "name": "Chase McLaughlin4",
    "position": "PK",
    "height": "29",
    "weight": "6' 0\"",
    "age": "190 lbs",
    "college": "6",
    "playerId": "3150744",
    "profileUrl": "https://www.espn.com/nfl/player/_/id/3150744/chase-mclaughlin",
    "headshot": "https://a.espncdn.com/combiner/i?img=/i/headshots/nfl/players/full/3150744.png",
    "birthdate": "Birthdate4/9/1996 (29)",
    "birthplace": null,
    "experience": "Experience6th Season",
    "draftInfo": null
  },
  {
    "team": "TB",
    "number": "",
    "name": "Riley Dixon",
    "position": "P",
    "height": "31",
    "weight": "6' 4\"",
    "age": "221 lbs",
    "college": "9",
    "playerId": "2577619",
    "profileUrl": "https://www.espn.com/nfl/player/_/id/2577619/riley-dixon",
    "headshot": "https://a.espncdn.com/combiner/i?img=/i/headshots/nfl/players/full/2577619.png",
    "birthdate": "Birthdate8/24/1993 (31)",
    "birthplace": null,
    "experience": null,
    "draftInfo": "Draft Info2016: Rd 7, Pk 228 (DEN)"
  },
  {
    "team": "TB",
    "number": "",
    "name": "Jake Julien",
    "position": "P",
    "height": "26",
    "weight": "6' 2\"",
    "age": "217 lbs",
    "college": "R",
    "playerId": "4244814",
    "profileUrl": "https://www.espn.com/nfl/player/_/id/4244814/jake-julien",
    "headshot": "https://a.espncdn.com/combiner/i?img=/i/headshots/nfl/players/full/4244814.png",
    "birthdate": "Birthdate9/10/1998 (26)",
    "birthplace": null,
    "experience": "ExperienceRookie",
    "draftInfo": null
  },
  {
    "team": "TB",
    "number": "",
    "name": "Evan Deckers86",
    "position": "LS",
    "height": "26",
    "weight": "6' 3\"",
    "age": "252 lbs",
    "college": "1",
    "playerId": "4361727",
    "profileUrl": "https://www.espn.com/nfl/player/_/id/4361727/evan-deckers",
    "headshot": "https://a.espncdn.com/combiner/i?img=/i/headshots/nfl/players/full/4361727.png",
    "birthdate": "Birthdate2/23/1999 (26)",
    "birthplace": null,
    "experience": "Experience1st Season",
    "draftInfo": null
  }
]