[
  {
    "team": "TEN",
    "number": "",
    "name": "Brandon Allen",
    "position": "QB",
    "height": "32",
    "weight": "6' 2\"",
    "age": "209 lbs",
    "college": "8",
    "playerId": "2574511",
    "profileUrl": "https://www.espn.com/nfl/player/_/id/2574511/brandon-allen",
    "headshot": "https://a.espncdn.com/combiner/i?img=/i/headshots/nfl/players/full/2574511.png",
    "birthdate": "Birthdate9/5/1992 (32)",
    "birthplace": null,
    "experience": null,
    "draftInfo": "Draft Info2016: Rd 6, Pk 201 (JAX)"
  },
  {
    "team": "TEN",
    "number": "",
    "name": "Tim Boyle",
    "position": "QB",
    "height": "30",
    "weight": "6' 4\"",
    "age": "232 lbs",
    "college": "6",
    "playerId": "3045169",
    "profileUrl": "https://www.espn.com/nfl/player/_/id/3045169/tim-boyle",
    "headshot": "https://a.espncdn.com/combiner/i?img=/i/headshots/nfl/players/full/3045169.png",
    "birthdate": "Birthdate10/3/1994 (30)",
    "birthplace": null,
    "experience": "Experience6th Season",
    "draftInfo": null
  },
  {
    "team": "TEN",
    "number": "",
    "name": "Will Levis8",
    "position": "QB",
    "height": "25",
    "weight": "6' 4\"",
    "age": "229 lbs",
    "college": "2",
    "playerId": "4361418",
    "profileUrl": "https://www.espn.com/nfl/player/_/id/4361418/will-levis",
    "headshot": "https://a.espncdn.com/combiner/i?img=/i/headshots/nfl/players/full/4361418.png",
    "birthdate": "Birthdate6/27/1999 (25)",
    "birthplace": null,
    "experience": null,
    "draftInfo": "Draft Info2023: Rd 2, Pk 33 (TEN)"
  },
  {
    "team": "TEN",
    "number": "",
    "name": "Cam Ward1",
    "position": "QB",
    "height": "22",
    "weight": "6' 2\"",
    "age": "223 lbs",
    "college": "R",
    "playerId": "4688380",
    "profileUrl": "https://www.espn.com/nfl/player/_/id/4688380/cam-ward",
    "headshot": "https://a.espncdn.com/combiner/i?img=/i/headshots/nfl/players/full/4688380.png",
    "birthdate": "Birthdate5/25/2002 (22)",
    "birthplace": null,
    "experience": null,
    "draftInfo": "Draft Info2025: Rd 1, Pk 1 (TEN)"
  },
  {
    "team": "TEN",
    "number": "",
    "name": "Micah Bernard",
    "position": "RB",
    "height": "--",
    "weight": "6' 0\"",
    "age": "206 lbs",
    "college": "R",
    "playerId": "4426696",
    "profileUrl": "https://www.espn.com/nfl/player/_/id/4426696/micah-bernard",
    "headshot": "https://a.espncdn.com/combiner/i?img=/i/headshots/college-football/players/full/4426696.png",
    "birthdate": null,
    "birthplace": "BirthplaceLong Beach, CA",
    "experience": "ExperienceRookie",
    "draftInfo": null
  },
  {
    "team": "TEN",
    "number": "",
    "name": "Julius Chestnut36",
    "position": "RB",
    "height": "24",
    "weight": "5' 11\"",
    "age": "228 lbs",
    "college": "3",
    "playerId": "4367567",
    "profileUrl": "https://www.espn.com/nfl/player/_/id/4367567/julius-chestnut",
    "headshot": "https://a.espncdn.com/combiner/i?img=/i/headshots/nfl/players/full/4367567.png",
    "birthdate": "Birthdate10/26/2000 (24)",
    "birthplace": null,
    "experience": "Experience3rd Season",
    "draftInfo": null
  },
  {
    "team": "TEN",
    "number": "",
    "name": "Kalel Mullings",
    "position": "RB",
    "height": "22",
    "weight": "6' 2\"",
    "age": "233 lbs",
    "college": "R",
    "playerId": "4429121",
    "profileUrl": "https://www.espn.com/nfl/player/_/id/4429121/kalel-mullings",
    "headshot": "https://a.espncdn.com/combiner/i?img=/i/headshots/nfl/players/full/4429121.png",
    "birthdate": "Birthdate10/4/2002 (22)",
    "birthplace": null,
    "experience": null,
    "draftInfo": "Draft Info2025: Rd 6, Pk 188 (TEN)"
  },
  {
    "team": "TEN",
    "number": "",
    "name": "Tony Pollard20",
    "position": "RB",
    "height": "28",
    "weight": "6' 0\"",
    "age": "215 lbs",
    "college": "6",
    "playerId": "3916148",
    "profileUrl": "https://www.espn.com/nfl/player/_/id/3916148/tony-pollard",
    "headshot": "https://a.espncdn.com/combiner/i?img=/i/headshots/nfl/players/full/3916148.png",
    "birthdate": "Birthdate4/30/1997 (28)",
    "birthplace": null,
    "experience": null,
    "draftInfo": "Draft Info2019: Rd 4, Pk 128 (DAL)"
  },
  {
    "team": "TEN",
    "number": "",
    "name": "Tyjae Spears2",
    "position": "RB",
    "height": "23",
    "weight": "5' 11\"",
    "age": "195 lbs",
    "college": "2",
    "playerId": "4428557",
    "profileUrl": "https://www.espn.com/nfl/player/_/id/4428557/tyjae-spears",
    "headshot": "https://a.espncdn.com/combiner/i?img=/i/headshots/nfl/players/full/4428557.png",
    "birthdate": "Birthdate6/15/2001 (23)",
    "birthplace": null,
    "experience": null,
    "draftInfo": "Draft Info2023: Rd 3, Pk 81 (TEN)"
  },
  {
    "team": "TEN",
    "number": "",
    "name": "Elic Ayomanor",
    "position": "WR",
    "height": "21",
    "weight": "6' 2\"",
    "age": "210 lbs",
    "college": "R",
    "playerId": "4883647",
    "profileUrl": "https://www.espn.com/nfl/player/_/id/4883647/elic-ayomanor",
    "headshot": "https://a.espncdn.com/combiner/i?img=/i/headshots/nfl/players/full/4883647.png",
    "birthdate": "Birthdate6/15/2003 (21)",
    "birthplace": null,
    "experience": null,
    "draftInfo": "Draft Info2025: Rd 4, Pk 136 (TEN)"
  },
  {
    "team": "TEN",
    "number": "",
    "name": "Treylon Burks16",
    "position": "WR",
    "height": "25",
    "weight": "6' 2\"",
    "age": "225 lbs",
    "college": "3",
    "playerId": "4567156",
    "profileUrl": "https://www.espn.com/nfl/player/_/id/4567156/treylon-burks",
    "headshot": "https://a.espncdn.com/combiner/i?img=/i/headshots/nfl/players/full/4567156.png",
    "birthdate": "Birthdate3/23/2000 (25)",
    "birthplace": null,
    "experience": null,
    "draftInfo": "Draft Info2022: Rd 1, Pk 18 (TEN)"
  },
  {
    "team": "TEN",
    "number": "",
    "name": "Chimere Dike",
    "position": "WR",
    "height": "22",
    "weight": "6' 0\"",
    "age": "195 lbs",
    "college": "R",
    "playerId": "4431268",
    "profileUrl": "https://www.espn.com/nfl/player/_/id/4431268/chimere-dike",
    "headshot": "https://a.espncdn.com/combiner/i?img=/i/headshots/nfl/players/full/4431268.png",
    "birthdate": "Birthdate12/14/2002 (22)",
    "birthplace": null,
    "experience": null,
    "draftInfo": "Draft Info2025: Rd 4, Pk 103 (TEN)"
  },
  {
    "team": "TEN",
    "number": "",
    "name": "Colton Dowell14",
    "position": "WR",
    "height": "26",
    "weight": "6' 3\"",
    "age": "212 lbs",
    "college": "2",
    "playerId": "4250945",
    "profileUrl": "https://www.espn.com/nfl/player/_/id/4250945/colton-dowell",
    "headshot": "https://a.espncdn.com/combiner/i?img=/i/headshots/nfl/players/full/4250945.png",
    "birthdate": "Birthdate4/19/1999 (26)",
    "birthplace": null,
    "experience": null,
    "draftInfo": "Draft Info2023: Rd 7, Pk 228 (TEN)"
  },
  {
    "team": "TEN",
    "number": "",
    "name": "Jha'Quan Jackson19",
    "position": "WR",
    "height": "25",
    "weight": "5' 9\"",
    "age": "188 lbs",
    "college": "R",
    "playerId": "4427575",
    "profileUrl": "https://www.espn.com/nfl/player/_/id/4427575/jhaquan-jackson",
    "headshot": "https://a.espncdn.com/combiner/i?img=/i/headshots/nfl/players/full/4427575.png",
    "birthdate": "Birthdate5/15/2000 (25)",
    "birthplace": null,
    "experience": null,
    "draftInfo": "Draft Info2024: Rd 6, Pk 182 (TEN)"
  },
  {
    "team": "TEN",
    "number": "",
    "name": "Van Jefferson",
    "position": "WR",
    "height": "28",
    "weight": "6' 1\"",
    "age": "200 lbs",
    "college": "5",
    "playerId": "3930066",
    "profileUrl": "https://www.espn.com/nfl/player/_/id/3930066/van-jefferson",
    "headshot": "https://a.espncdn.com/combiner/i?img=/i/headshots/nfl/players/full/3930066.png",
    "birthdate": "Birthdate7/26/1996 (28)",
    "birthplace": null,
    "experience": null,
    "draftInfo": "Draft Info2020: Rd 2, Pk 57 (LAR)"
  },
  {
    "team": "TEN",
    "number": "",
    "name": "Mason Kinsey12",
    "position": "WR",
    "height": "26",
    "weight": "5' 11\"",
    "age": "200 lbs",
    "college": "2",
    "playerId": "4057082",
    "profileUrl": "https://www.espn.com/nfl/player/_/id/4057082/mason-kinsey",
    "headshot": "https://a.espncdn.com/combiner/i?img=/i/headshots/nfl/players/full/4057082.png",
    "birthdate": "Birthdate8/29/1998 (26)",
    "birthplace": null,
    "experience": "Experience2nd Season",
    "draftInfo": null
  },
  {
    "team": "TEN",
    "number": "",
    "name": "Tyler Lockett",
    "position": "WR",
    "height": "32",
    "weight": "5' 10\"",
    "age": "182 lbs",
    "college": "11",
    "playerId": "2577327",
    "profileUrl": "https://www.espn.com/nfl/player/_/id/2577327/tyler-lockett",
    "headshot": "https://a.espncdn.com/combiner/i?img=/i/headshots/nfl/players/full/2577327.png",
    "birthdate": "Birthdate9/28/1992 (32)",
    "birthplace": null,
    "experience": null,
    "draftInfo": "Draft Info2015: Rd 3, Pk 69 (SEA)"
  },
  {
    "team": "TEN",
    "number": "",
    "name": "Bryce Oliver80",
    "position": "WR",
    "height": "24",
    "weight": "6' 1\"",
    "age": "214 lbs",
    "college": "R",
    "playerId": "4362617",
    "profileUrl": "https://www.espn.com/nfl/player/_/id/4362617/bryce-oliver",
    "headshot": "https://a.espncdn.com/combiner/i?img=/i/headshots/nfl/players/full/4362617.png",
    "birthdate": "Birthdate5/19/2000 (24)",
    "birthplace": null,
    "experience": "ExperienceRookie",
    "draftInfo": null
  },
  {
    "team": "TEN",
    "number": "",
    "name": "James Proche II",
    "position": "WR",
    "height": "28",
    "weight": "5' 11\"",
    "age": "193 lbs",
    "college": "5",
    "playerId": "3916204",
    "profileUrl": "https://www.espn.com/nfl/player/_/id/3916204/james-proche-ii",
    "headshot": "https://a.espncdn.com/combiner/i?img=/i/headshots/nfl/players/full/3916204.png",
    "birthdate": "Birthdate9/21/1996 (28)",
    "birthplace": null,
    "experience": null,
    "draftInfo": "Draft Info2020: Rd 6, Pk 201 (BAL)"
  },
  {
    "team": "TEN",
    "number": "",
    "name": "Xavier Restrepo",
    "position": "WR",
    "height": "23",
    "weight": "5' 10\"",
    "age": "198 lbs",
    "college": "R",
    "playerId": "4431353",
    "profileUrl": "https://www.espn.com/nfl/player/_/id/4431353/xavier-restrepo",
    "headshot": "https://a.espncdn.com/combiner/i?img=/i/headshots/college-football/players/full/4431353.png",
    "birthdate": "Birthdate4/22/2002 (23)",
    "birthplace": null,
    "experience": "ExperienceRookie",
    "draftInfo": null
  },
  {
    "team": "TEN",
    "number": "",
    "name": "Calvin Ridley0",
    "position": "WR",
    "height": "30",
    "weight": "6' 1\"",
    "age": "190 lbs",
    "college": "6",
    "playerId": "3925357",
    "profileUrl": "https://www.espn.com/nfl/player/_/id/3925357/calvin-ridley",
    "headshot": "https://a.espncdn.com/combiner/i?img=/i/headshots/nfl/players/full/3925357.png",
    "birthdate": "Birthdate12/20/1994 (30)",
    "birthplace": null,
    "experience": null,
    "draftInfo": "Draft Info2018: Rd 1, Pk 26 (ATL)"
  },
  {
    "team": "TEN",
    "number": "",
    "name": "TJ Sheffield",
    "position": "WR",
    "height": "--",
    "weight": "5' 10\"",
    "age": "190 lbs",
    "college": "R",
    "playerId": "4430470",
    "profileUrl": "https://www.espn.com/nfl/player/_/id/4430470/tj-sheffield",
    "headshot": "https://a.espncdn.com/combiner/i?img=/i/headshots/college-football/players/full/4430470.png",
    "birthdate": null,
    "birthplace": "BirthplaceThompsons Station, TN",
    "experience": "ExperienceRookie",
    "draftInfo": null
  },
  {
    "team": "TEN",
    "number": "",
    "name": "Drake Dabney",
    "position": "TE",
    "height": "--",
    "weight": "6' 5\"",
    "age": "255 lbs",
    "college": "R",
    "playerId": "4429466",
    "profileUrl": "https://www.espn.com/nfl/player/_/id/4429466/drake-dabney",
    "headshot": "https://a.espncdn.com/combiner/i?img=/i/headshots/college-football/players/full/4429466.png",
    "birthdate": null,
    "birthplace": "BirthplaceCypress, TX",
    "experience": "ExperienceRookie",
    "draftInfo": null
  },
  {
    "team": "TEN",
    "number": "",
    "name": "Gunnar Helm",
    "position": "TE",
    "height": "22",
    "weight": "6' 5\"",
    "age": "250 lbs",
    "college": "R",
    "playerId": "4686728",
    "profileUrl": "https://www.espn.com/nfl/player/_/id/4686728/gunnar-helm",
    "headshot": "https://a.espncdn.com/combiner/i?img=/i/headshots/nfl/players/full/4686728.png",
    "birthdate": "Birthdate9/6/2002 (22)",
    "birthplace": null,
    "experience": null,
    "draftInfo": "Draft Info2025: Rd 4, Pk 120 (TEN)"
  },
  {
    "team": "TEN",
    "number": "",
    "name": "David Martin-Robinson88",
    "position": "TE",
    "height": "25",
    "weight": "6' 3\"",
    "age": "247 lbs",
    "college": "R",
    "playerId": "4360978",
    "profileUrl": "https://www.espn.com/nfl/player/_/id/4360978/david-martin-robinson",
    "headshot": "https://a.espncdn.com/combiner/i?img=/i/headshots/nfl/players/full/4360978.png",
    "birthdate": "Birthdate12/26/1999 (25)",
    "birthplace": null,
    "experience": "ExperienceRookie",
    "draftInfo": null
  },
  {
    "team": "TEN",
    "number": "",
    "name": "Thomas Odukoya89",
    "position": "TE",
    "height": "28",
    "weight": "6' 6\"",
    "age": "253 lbs",
    "college": "1",
    "playerId": "4363554",
    "profileUrl": "https://www.espn.com/nfl/player/_/id/4363554/thomas-odukoya",
    "headshot": "https://a.espncdn.com/combiner/i?img=/i/headshots/nfl/players/full/4363554.png",
    "birthdate": "Birthdate5/5/1997 (28)",
    "birthplace": null,
    "experience": "Experience1st Season",
    "draftInfo": null
  },
  {
    "team": "TEN",
    "number": "",
    "name": "Chig Okonkwo85",
    "position": "TE",
    "height": "25",
    "weight": "6' 3\"",
    "age": "238 lbs",
    "college": "3",
    "playerId": "4360635",
    "profileUrl": "https://www.espn.com/nfl/player/_/id/4360635/chig-okonkwo",
    "headshot": "https://a.espncdn.com/combiner/i?img=/i/headshots/nfl/players/full/4360635.png",
    "birthdate": "Birthdate9/8/1999 (25)",
    "birthplace": null,
    "experience": null,
    "draftInfo": "Draft Info2022: Rd 4, Pk 143 (TEN)"
  },
  {
    "team": "TEN",
    "number": "",
    "name": "Josh Whyle81",
    "position": "TE",
    "height": "25",
    "weight": "6' 7\"",
    "age": "248 lbs",
    "college": "2",
    "playerId": "4360086",
    "profileUrl": "https://www.espn.com/nfl/player/_/id/4360086/josh-whyle",
    "headshot": "https://a.espncdn.com/combiner/i?img=/i/headshots/nfl/players/full/4360086.png",
    "birthdate": "Birthdate9/8/1999 (25)",
    "birthplace": null,
    "experience": null,
    "draftInfo": "Draft Info2023: Rd 5, Pk 147 (TEN)"
  },
  {
    "team": "TEN",
    "number": "",
    "name": "Lloyd Cushenberry III79",
    "position": "C",
    "height": "27",
    "weight": "6' 4\"",
    "age": "315 lbs",
    "college": "5",
    "playerId": "4035448",
    "profileUrl": "https://www.espn.com/nfl/player/_/id/4035448/lloyd-cushenberry-iii",
    "headshot": "https://a.espncdn.com/combiner/i?img=/i/headshots/nfl/players/full/4035448.png",
    "birthdate": "Birthdate11/22/1997 (27)",
    "birthplace": null,
    "experience": null,
    "draftInfo": "Draft Info2020: Rd 3, Pk 83 (DEN)"
  },
  {
    "team": "TEN",
    "number": "",
    "name": "Corey Levin62",
    "position": "C",
    "height": "30",
    "weight": "6' 4\"",
    "age": "307 lbs",
    "college": "6",
    "playerId": "2973637",
    "profileUrl": "https://www.espn.com/nfl/player/_/id/2973637/corey-levin",
    "headshot": "https://a.espncdn.com/combiner/i?img=/i/headshots/nfl/players/full/2973637.png",
    "birthdate": "Birthdate8/12/1994 (30)",
    "birthplace": null,
    "experience": null,
    "draftInfo": "Draft Info2017: Rd 6, Pk 217 (TEN)"
  },
  {
    "team": "TEN",
    "number": "",
    "name": "Sam Mustipher",
    "position": "C",
    "height": "28",
    "weight": "6' 3\"",
    "age": "306 lbs",
    "college": "5",
    "playerId": "3129307",
    "profileUrl": "https://www.espn.com/nfl/player/_/id/3129307/sam-mustipher",
    "headshot": "https://a.espncdn.com/combiner/i?img=/i/headshots/nfl/players/full/3129307.png",
    "birthdate": "Birthdate8/13/1996 (28)",
    "birthplace": null,
    "experience": "Experience5th Season",
    "draftInfo": null
  },
  {
    "team": "TEN",
    "number": "",
    "name": "Blake Hance",
    "position": "G",
    "height": "29",
    "weight": "6' 5\"",
    "age": "310 lbs",
    "college": "4",
    "playerId": "3116135",
    "profileUrl": "https://www.espn.com/nfl/player/_/id/3116135/blake-hance",
    "headshot": "https://a.espncdn.com/combiner/i?img=/i/headshots/nfl/players/full/3116135.png",
    "birthdate": "Birthdate1/11/1996 (29)",
    "birthplace": null,
    "experience": "Experience4th Season",
    "draftInfo": null
  },
  {
    "team": "TEN",
    "number": "",
    "name": "Brenden Jaimes",
    "position": "G",
    "height": "25",
    "weight": "6' 5\"",
    "age": "300 lbs",
    "college": "4",
    "playerId": "4240800",
    "profileUrl": "https://www.espn.com/nfl/player/_/id/4240800/brenden-jaimes",
    "headshot": "https://a.espncdn.com/combiner/i?img=/i/headshots/nfl/players/full/4240800.png",
    "birthdate": "Birthdate5/28/1999 (25)",
    "birthplace": null,
    "experience": null,
    "draftInfo": "Draft Info2021: Rd 5, Pk 159 (LAC)"
  },
  {
    "team": "TEN",
    "number": "",
    "name": "Jackson Slater",
    "position": "G",
    "height": "--",
    "weight": "6' 4\"",
    "age": "316 lbs",
    "college": "R",
    "playerId": "4876319",
    "profileUrl": "https://www.espn.com/nfl/player/_/id/4876319/jackson-slater",
    "headshot": "https://a.espncdn.com/combiner/i?img=/i/headshots/nfl/players/full/4876319.png",
    "birthdate": null,
    "birthplace": null,
    "experience": "ExperienceRookie",
    "draftInfo": "Draft Info2025: Rd 5, Pk 167 (TEN)"
  },
  {
    "team": "TEN",
    "number": "",
    "name": "Kevin Zeitler",
    "position": "G",
    "height": "35",
    "weight": "6' 4\"",
    "age": "340 lbs",
    "college": "13",
    "playerId": "14931",
    "profileUrl": "https://www.espn.com/nfl/player/_/id/14931/kevin-zeitler",
    "headshot": "https://a.espncdn.com/combiner/i?img=/i/headshots/nfl/players/full/14931.png",
    "birthdate": "Birthdate3/8/1990 (35)",
    "birthplace": null,
    "experience": null,
    "draftInfo": "Draft Info2012: Rd 1, Pk 27 (CIN)"
  },
  {
    "team": "TEN",
    "number": "",
    "name": "Kaden Moore",
    "position": "OL",
    "height": "--",
    "weight": "6' 3\"",
    "age": "310 lbs",
    "college": "R",
    "playerId": "4605961",
    "profileUrl": "https://www.espn.com/nfl/player/_/id/4605961/kaden-moore",
    "headshot": "https://a.espncdn.com/combiner/i?img=/i/headshots/college-football/players/full/4605961.png",
    "birthdate": null,
    "birthplace": "BirthplaceBethlehem, PA",
    "experience": "ExperienceRookie",
    "draftInfo": null
  },
  {
    "team": "TEN",
    "number": "",
    "name": "Chandler Brewer67",
    "position": "OT",
    "height": "27",
    "weight": "6' 6\"",
    "age": "320 lbs",
    "college": "4",
    "playerId": "3914440",
    "profileUrl": "https://www.espn.com/nfl/player/_/id/3914440/chandler-brewer",
    "headshot": "https://a.espncdn.com/combiner/i?img=/i/headshots/nfl/players/full/3914440.png",
    "birthdate": "Birthdate6/12/1997 (27)",
    "birthplace": null,
    "experience": "Experience4th Season",
    "draftInfo": null
  },
  {
    "team": "TEN",
    "number": "",
    "name": "Brandon Crenshaw-Dickson",
    "position": "OT",
    "height": "24",
    "weight": "6' 7\"",
    "age": "322 lbs",
    "college": "R",
    "playerId": "4426987",
    "profileUrl": "https://www.espn.com/nfl/player/_/id/4426987/brandon-crenshaw-dickson",
    "headshot": "https://a.espncdn.com/combiner/i?img=/i/headshots/college-football/players/full/4426987.png",
    "birthdate": "Birthdate2/22/2001 (24)",
    "birthplace": null,
    "experience": "ExperienceRookie",
    "draftInfo": null
  },
  {
    "team": "TEN",
    "number": "",
    "name": "Jaelyn Duncan71",
    "position": "OT",
    "height": "24",
    "weight": "6' 6\"",
    "age": "306 lbs",
    "college": "2",
    "playerId": "4372058",
    "profileUrl": "https://www.espn.com/nfl/player/_/id/4372058/jaelyn-duncan",
    "headshot": "https://a.espncdn.com/combiner/i?img=/i/headshots/nfl/players/full/4372058.png",
    "birthdate": "Birthdate7/8/2000 (24)",
    "birthplace": null,
    "experience": null,
    "draftInfo": "Draft Info2023: Rd 6, Pk 186 (TEN)"
  },
  {
    "team": "TEN",
    "number": "",
    "name": "JC Latham55",
    "position": "OT",
    "height": "22",
    "weight": "6' 6\"",
    "age": "342 lbs",
    "college": "R",
    "playerId": "4431437",
    "profileUrl": "https://www.espn.com/nfl/player/_/id/4431437/jc-latham",
    "headshot": "https://a.espncdn.com/combiner/i?img=/i/headshots/nfl/players/full/4431437.png",
    "birthdate": "Birthdate2/8/2003 (22)",
    "birthplace": null,
    "experience": null,
    "draftInfo": "Draft Info2024: Rd 1, Pk 7 (TEN)"
  },
  {
    "team": "TEN",
    "number": "",
    "name": "Dan Moore Jr.65",
    "position": "OT",
    "height": "26",
    "weight": "6' 5\"",
    "age": "315 lbs",
    "college": "4",
    "playerId": "4240920",
    "profileUrl": "https://www.espn.com/nfl/player/_/id/4240920/dan-moore-jr",
    "headshot": "https://a.espncdn.com/combiner/i?img=/i/headshots/nfl/players/full/4240920.png",
    "birthdate": "Birthdate9/28/1998 (26)",
    "birthplace": null,
    "experience": null,
    "draftInfo": "Draft Info2021: Rd 4, Pk 128 (PIT)"
  },
  {
    "team": "TEN",
    "number": "",
    "name": "John Ojukwu61",
    "position": "OT",
    "height": "26",
    "weight": "6' 5\"",
    "age": "309 lbs",
    "college": "1",
    "playerId": "4240015",
    "profileUrl": "https://www.espn.com/nfl/player/_/id/4240015/john-ojukwu",
    "headshot": "https://a.espncdn.com/combiner/i?img=/i/headshots/nfl/players/full/4240015.png",
    "birthdate": "Birthdate1/9/1999 (26)",
    "birthplace": null,
    "experience": "Experience1st Season",
    "draftInfo": null
  },
  {
    "team": "TEN",
    "number": "",
    "name": "Andrew Rupcich76",
    "position": "OT",
    "height": "26",
    "weight": "6' 6\"",
    "age": "318 lbs",
    "college": "1",
    "playerId": "4916597",
    "profileUrl": "https://www.espn.com/nfl/player/_/id/4916597/andrew-rupcich",
    "headshot": "https://a.espncdn.com/combiner/i?img=/i/headshots/nfl/players/full/4916597.png",
    "birthdate": "Birthdate4/1/1999 (26)",
    "birthplace": null,
    "experience": "Experience1st Season",
    "draftInfo": null
  },
  {
    "team": "TEN",
    "number": "",
    "name": "Peter Skoronski77",
    "position": "OT",
    "height": "23",
    "weight": "6' 4\"",
    "age": "313 lbs",
    "college": "2",
    "playerId": "4429100",
    "profileUrl": "https://www.espn.com/nfl/player/_/id/4429100/peter-skoronski",
    "headshot": "https://a.espncdn.com/combiner/i?img=/i/headshots/nfl/players/full/4429100.png",
    "birthdate": "Birthdate7/31/2001 (23)",
    "birthplace": null,
    "experience": null,
    "draftInfo": "Draft Info2023: Rd 1, Pk 11 (TEN)"
  },
  {
    "team": "TEN",
    "number": "",
    "name": "Olisaemeka Udoh",
    "position": "OT",
    "height": "28",
    "weight": "6' 6\"",
    "age": "320 lbs",
    "college": "6",
    "playerId": "3120502",
    "profileUrl": "https://www.espn.com/nfl/player/_/id/3120502/olisaemeka-udoh",
    "headshot": "https://a.espncdn.com/combiner/i?img=/i/headshots/nfl/players/full/3120502.png",
    "birthdate": "Birthdate2/14/1997 (28)",
    "birthplace": null,
    "experience": null,
    "draftInfo": "Draft Info2019: Rd 6, Pk 193 (MIN)"
  },
  {
    "team": "TEN",
    "number": "",
    "name": "Philip Blidi",
    "position": "DL",
    "height": "--",
    "weight": "6' 3\"",
    "age": "284 lbs",
    "college": "R",
    "playerId": "4429285",
    "profileUrl": "https://www.espn.com/nfl/player/_/id/4429285/philip-blidi",
    "headshot": "https://a.espncdn.com/combiner/i?img=/i/headshots/college-football/players/full/4429285.png",
    "birthdate": null,
    "birthplace": "BirthplaceTrenton, NJ",
    "experience": "ExperienceRookie",
    "draftInfo": null
  },
  {
    "team": "TEN",
    "number": "",
    "name": "Desmond Evans",
    "position": "DL",
    "height": "--",
    "weight": "6' 6\"",
    "age": "270 lbs",
    "college": "R",
    "playerId": "4428987",
    "profileUrl": "https://www.espn.com/nfl/player/_/id/4428987/desmond-evans",
    "headshot": "https://a.espncdn.com/combiner/i?img=/i/headshots/college-football/players/full/4428987.png",
    "birthdate": null,
    "birthplace": "BirthplaceSanford, NC",
    "experience": "ExperienceRookie",
    "draftInfo": null
  },
  {
    "team": "TEN",
    "number": "",
    "name": "Devonte O'Malley",
    "position": "DL",
    "height": "--",
    "weight": "6' 2\"",
    "age": "293 lbs",
    "college": "R",
    "playerId": "4686830",
    "profileUrl": "https://www.espn.com/nfl/player/_/id/4686830/devonte-omalley",
    "headshot": "https://a.espncdn.com/combiner/i?img=/i/headshots/college-football/players/full/4686830.png",
    "birthdate": null,
    "birthplace": "BirthplaceMidlothian, IL",
    "experience": "ExperienceRookie",
    "draftInfo": null
  },
  {
    "team": "TEN",
    "number": "",
    "name": "Dre'Mont Jones",
    "position": "DE",
    "height": "28",
    "weight": "6' 3\"",
    "age": "281 lbs",
    "college": "6",
    "playerId": "3915525",
    "profileUrl": "https://www.espn.com/nfl/player/_/id/3915525/dremont-jones",
    "headshot": "https://a.espncdn.com/combiner/i?img=/i/headshots/nfl/players/full/3915525.png",
    "birthdate": "Birthdate1/5/1997 (28)",
    "birthplace": null,
    "experience": null,
    "draftInfo": "Draft Info2019: Rd 3, Pk 71 (DEN)"
  },
  {
    "team": "TEN",
    "number": "",
    "name": "Isaiah Raikes",
    "position": "DE",
    "height": "26",
    "weight": "6' 1\"",
    "age": "323 lbs",
    "college": "R",
    "playerId": "4431345",
    "profileUrl": "https://www.espn.com/nfl/player/_/id/4431345/isaiah-raikes",
    "headshot": "https://a.espncdn.com/combiner/i?img=/i/headshots/college-football/players/full/4431345.png",
    "birthdate": "Birthdate5/15/1999 (26)",
    "birthplace": null,
    "experience": "ExperienceRookie",
    "draftInfo": null
  },
  {
    "team": "TEN",
    "number": "",
    "name": "Carlos Watkins",
    "position": "DE",
    "height": "31",
    "weight": "6' 3\"",
    "age": "305 lbs",
    "college": "8",
    "playerId": "2977681",
    "profileUrl": "https://www.espn.com/nfl/player/_/id/2977681/carlos-watkins",
    "headshot": "https://a.espncdn.com/combiner/i?img=/i/headshots/nfl/players/full/2977681.png",
    "birthdate": "Birthdate12/5/1993 (31)",
    "birthplace": null,
    "experience": null,
    "draftInfo": "Draft Info2017: Rd 4, Pk 142 (HOU)"
  },
  {
    "team": "TEN",
    "number": "",
    "name": "Keondre Coburn91",
    "position": "DT",
    "height": "24",
    "weight": "6' 2\"",
    "age": "332 lbs",
    "college": "2",
    "playerId": "4362117",
    "profileUrl": "https://www.espn.com/nfl/player/_/id/4362117/keondre-coburn",
    "headshot": "https://a.espncdn.com/combiner/i?img=/i/headshots/nfl/players/full/4362117.png",
    "birthdate": "Birthdate5/23/2000 (24)",
    "birthplace": null,
    "experience": null,
    "draftInfo": "Draft Info2023: Rd 6, Pk 194 (KC)"
  },
  {
    "team": "TEN",
    "number": "",
    "name": "Cam Horsley",
    "position": "DT",
    "height": "--",
    "weight": "6' 4\"",
    "age": "306 lbs",
    "college": "R",
    "playerId": "4431147",
    "profileUrl": "https://www.espn.com/nfl/player/_/id/4431147/cam-horsley",
    "headshot": "https://a.espncdn.com/combiner/i?img=/i/headshots/college-football/players/full/4431147.png",
    "birthdate": null,
    "birthplace": "BirthplaceCinnaminson, NJ",
    "experience": "ExperienceRookie",
    "draftInfo": null
  },
  {
    "team": "TEN",
    "number": "",
    "name": "Sebastian Joseph-Day69",
    "position": "DT",
    "height": "30",
    "weight": "6' 4\"",
    "age": "310 lbs",
    "college": "7",
    "playerId": "3047495",
    "profileUrl": "https://www.espn.com/nfl/player/_/id/3047495/sebastian-joseph-day",
    "headshot": "https://a.espncdn.com/combiner/i?img=/i/headshots/nfl/players/full/3047495.png",
    "birthdate": "Birthdate3/21/1995 (30)",
    "birthplace": null,
    "experience": null,
    "draftInfo": "Draft Info2018: Rd 6, Pk 195 (LAR)"
  },
  {
    "team": "TEN",
    "number": "",
    "name": "James Lynch97",
    "position": "DT",
    "height": "26",
    "weight": "6' 4\"",
    "age": "295 lbs",
    "college": "5",
    "playerId": "4259181",
    "profileUrl": "https://www.espn.com/nfl/player/_/id/4259181/james-lynch",
    "headshot": "https://a.espncdn.com/combiner/i?img=/i/headshots/nfl/players/full/4259181.png",
    "birthdate": "Birthdate1/20/1999 (26)",
    "birthplace": null,
    "experience": null,
    "draftInfo": "Draft Info2020: Rd 4, Pk 130 (MIN)"
  },
  {
    "team": "TEN",
    "number": "",
    "name": "Jeffery Simmons98",
    "position": "DT",
    "height": "27",
    "weight": "6' 4\"",
    "age": "305 lbs",
    "college": "6",
    "playerId": "4035369",
    "profileUrl": "https://www.espn.com/nfl/player/_/id/4035369/jeffery-simmons",
    "headshot": "https://a.espncdn.com/combiner/i?img=/i/headshots/nfl/players/full/4035369.png",
    "birthdate": "Birthdate7/28/1997 (27)",
    "birthplace": null,
    "experience": null,
    "draftInfo": "Draft Info2019: Rd 1, Pk 19 (TEN)"
  },
  {
    "team": "TEN",
    "number": "",
    "name": "T'Vondre Sweat93",
    "position": "DT",
    "height": "23",
    "weight": "6' 4\"",
    "age": "362 lbs",
    "college": "R",
    "playerId": "4428617",
    "profileUrl": "https://www.espn.com/nfl/player/_/id/4428617/tvondre-sweat",
    "headshot": "https://a.espncdn.com/combiner/i?img=/i/headshots/nfl/players/full/4428617.png",
    "birthdate": "Birthdate7/11/2001 (23)",
    "birthplace": null,
    "experience": null,
    "draftInfo": "Draft Info2024: Rd 2, Pk 38 (TEN)"
  },
  {
    "team": "TEN",
    "number": "",
    "name": "Cody Barton",
    "position": "LB",
    "height": "28",
    "weight": "6' 2\"",
    "age": "237 lbs",
    "college": "6",
    "playerId": "3926229",
    "profileUrl": "https://www.espn.com/nfl/player/_/id/3926229/cody-barton",
    "headshot": "https://a.espncdn.com/combiner/i?img=/i/headshots/nfl/players/full/3926229.png",
    "birthdate": "Birthdate11/13/1996 (28)",
    "birthplace": null,
    "experience": null,
    "draftInfo": "Draft Info2019: Rd 3, Pk 88 (SEA)"
  },
  {
    "team": "TEN",
    "number": "",
    "name": "Amari Burney",
    "position": "LB",
    "height": "24",
    "weight": "6' 2\"",
    "age": "228 lbs",
    "college": "3",
    "playerId": "4360239",
    "profileUrl": "https://www.espn.com/nfl/player/_/id/4360239/amari-burney",
    "headshot": "https://a.espncdn.com/combiner/i?img=/i/headshots/nfl/players/full/4360239.png",
    "birthdate": "Birthdate6/19/2000 (24)",
    "birthplace": null,
    "experience": null,
    "draftInfo": "Draft Info2023: Rd 6, Pk 203 (LV)"
  },
  {
    "team": "TEN",
    "number": "",
    "name": "Lorenzo Carter",
    "position": "LB",
    "height": "29",
    "weight": "6' 5\"",
    "age": "265 lbs",
    "college": "7",
    "playerId": "3128715",
    "profileUrl": "https://www.espn.com/nfl/player/_/id/3128715/lorenzo-carter",
    "headshot": "https://a.espncdn.com/combiner/i?img=/i/headshots/nfl/players/full/3128715.png",
    "birthdate": "Birthdate12/10/1995 (29)",
    "birthplace": null,
    "experience": null,
    "draftInfo": "Draft Info2018: Rd 3, Pk 66 (NYG)"
  },
  {
    "team": "TEN",
    "number": "",
    "name": "Ali Gaye99",
    "position": "LB",
    "height": "26",
    "weight": "6' 6\"",
    "age": "265 lbs",
    "college": "1",
    "playerId": "4243321",
    "profileUrl": "https://www.espn.com/nfl/player/_/id/4243321/ali-gaye",
    "headshot": "https://a.espncdn.com/combiner/i?img=/i/headshots/nfl/players/full/4243321.png",
    "birthdate": "Birthdate11/29/1998 (26)",
    "birthplace": null,
    "experience": "Experience1st Season",
    "draftInfo": null
  },
  {
    "team": "TEN",
    "number": "",
    "name": "David Gbenda",
    "position": "LB",
    "height": "--",
    "weight": "6' 0\"",
    "age": "235 lbs",
    "college": "R",
    "playerId": "4426398",
    "profileUrl": "https://www.espn.com/nfl/player/_/id/4426398/david-gbenda",
    "headshot": "https://a.espncdn.com/combiner/i?img=/i/headshots/college-football/players/full/4426398.png",
    "birthdate": null,
    "birthplace": "BirthplaceKaty, TX",
    "experience": "ExperienceRookie",
    "draftInfo": null
  },
  {
    "team": "TEN",
    "number": "",
    "name": "Cedric Gray51",
    "position": "LB",
    "height": "22",
    "weight": "6' 2\"",
    "age": "234 lbs",
    "college": "R",
    "playerId": "4429834",
    "profileUrl": "https://www.espn.com/nfl/player/_/id/4429834/cedric-gray",
    "headshot": "https://a.espncdn.com/combiner/i?img=/i/headshots/nfl/players/full/4429834.png",
    "birthdate": "Birthdate10/30/2002 (22)",
    "birthplace": null,
    "experience": null,
    "draftInfo": "Draft Info2024: Rd 4, Pk 106 (TEN)"
  },
  {
    "team": "TEN",
    "number": "",
    "name": "Jaylen Harrell92",
    "position": "LB",
    "height": "23",
    "weight": "6' 4\"",
    "age": "247 lbs",
    "college": "R",
    "playerId": "4429058",
    "profileUrl": "https://www.espn.com/nfl/player/_/id/4429058/jaylen-harrell",
    "headshot": "https://a.espncdn.com/combiner/i?img=/i/headshots/nfl/players/full/4429058.png",
    "birthdate": "Birthdate5/1/2002 (23)",
    "birthplace": null,
    "experience": null,
    "draftInfo": "Draft Info2024: Rd 7, Pk 252 (TEN)"
  },
  {
    "team": "TEN",
    "number": "",
    "name": "Curtis Jacobs",
    "position": "LB",
    "height": "23",
    "weight": "6' 1\"",
    "age": "241 lbs",
    "college": "R",
    "playerId": "4429097",
    "profileUrl": "https://www.espn.com/nfl/player/_/id/4429097/curtis-jacobs",
    "headshot": "https://a.espncdn.com/combiner/i?img=/i/headshots/nfl/players/full/4429097.png",
    "birthdate": "Birthdate2/18/2002 (23)",
    "birthplace": null,
    "experience": "ExperienceRookie",
    "draftInfo": null
  },
  {
    "team": "TEN",
    "number": "",
    "name": "Arden Key49",
    "position": "LB",
    "height": "29",
    "weight": "6' 5\"",
    "age": "240 lbs",
    "college": "7",
    "playerId": "3843843",
    "profileUrl": "https://www.espn.com/nfl/player/_/id/3843843/arden-key",
    "headshot": "https://a.espncdn.com/combiner/i?img=/i/headshots/nfl/players/full/3843843.png",
    "birthdate": "Birthdate5/3/1996 (29)",
    "birthplace": null,
    "experience": null,
    "draftInfo": "Draft Info2018: Rd 3, Pk 87 (OAK)"
  },
  {
    "team": "TEN",
    "number": "",
    "name": "Titus Leo",
    "position": "LB",
    "height": "25",
    "weight": "6' 3\"",
    "age": "250 lbs",
    "college": "2",
    "playerId": "4368468",
    "profileUrl": "https://www.espn.com/nfl/player/_/id/4368468/titus-leo",
    "headshot": "https://a.espncdn.com/combiner/i?img=/i/headshots/nfl/players/full/4368468.png",
    "birthdate": "Birthdate8/26/1999 (25)",
    "birthplace": null,
    "experience": null,
    "draftInfo": "Draft Info2023: Rd 6, Pk 211 (IND)"
  },
  {
    "team": "TEN",
    "number": "",
    "name": "Oluwafemi Oladejo",
    "position": "LB",
    "height": "21",
    "weight": "6' 3\"",
    "age": "250 lbs",
    "college": "R",
    "playerId": "4876057",
    "profileUrl": "https://www.espn.com/nfl/player/_/id/4876057/oluwafemi-oladejo",
    "headshot": "https://a.espncdn.com/combiner/i?img=/i/headshots/nfl/players/full/4876057.png",
    "birthdate": "Birthdate9/20/2003 (21)",
    "birthplace": null,
    "experience": null,
    "draftInfo": "Draft Info2025: Rd 2, Pk 52 (TEN)"
  },
  {
    "team": "TEN",
    "number": "",
    "name": "Anfernee Orji",
    "position": "LB",
    "height": "24",
    "weight": "6' 2\"",
    "age": "230 lbs",
    "college": "1",
    "playerId": "4567535",
    "profileUrl": "https://www.espn.com/nfl/player/_/id/4567535/anfernee-orji",
    "headshot": "https://a.espncdn.com/combiner/i?img=/i/headshots/nfl/players/full/4567535.png",
    "birthdate": "Birthdate10/6/2000 (24)",
    "birthplace": null,
    "experience": "Experience1st Season",
    "draftInfo": null
  },
  {
    "team": "TEN",
    "number": "",
    "name": "Otis Reese IV41",
    "position": "LB",
    "height": "26",
    "weight": "6' 3\"",
    "age": "214 lbs",
    "college": "2",
    "playerId": "4379411",
    "profileUrl": "https://www.espn.com/nfl/player/_/id/4379411/otis-reese-iv",
    "headshot": "https://a.espncdn.com/combiner/i?img=/i/headshots/nfl/players/full/4379411.png",
    "birthdate": "Birthdate7/2/1998 (26)",
    "birthplace": null,
    "experience": "Experience2nd Season",
    "draftInfo": null
  },
  {
    "team": "TEN",
    "number": "",
    "name": "James Williams52",
    "position": "LB",
    "height": "22",
    "weight": "6' 4\"",
    "age": "232 lbs",
    "college": "R",
    "playerId": "4431613",
    "profileUrl": "https://www.espn.com/nfl/player/_/id/4431613/james-williams",
    "headshot": "https://a.espncdn.com/combiner/i?img=/i/headshots/nfl/players/full/4431613.png",
    "birthdate": "Birthdate2/15/2003 (22)",
    "birthplace": null,
    "experience": null,
    "draftInfo": "Draft Info2024: Rd 7, Pk 242 (TEN)"
  },
  {
    "team": "TEN",
    "number": "",
    "name": "Darrell Baker Jr.39",
    "position": "CB",
    "height": "27",
    "weight": "6' 1\"",
    "age": "190 lbs",
    "college": "2",
    "playerId": "4036660",
    "profileUrl": "https://www.espn.com/nfl/player/_/id/4036660/darrell-baker-jr",
    "headshot": "https://a.espncdn.com/combiner/i?img=/i/headshots/nfl/players/full/4036660.png",
    "birthdate": "Birthdate3/27/1998 (27)",
    "birthplace": null,
    "experience": "Experience2nd Season",
    "draftInfo": null
  },
  {
    "team": "TEN",
    "number": "",
    "name": "Jarvis Brownlee Jr.29",
    "position": "CB",
    "height": "23",
    "weight": "5' 10\"",
    "age": "194 lbs",
    "college": "R",
    "playerId": "4426817",
    "profileUrl": "https://www.espn.com/nfl/player/_/id/4426817/jarvis-brownlee-jr",
    "headshot": "https://a.espncdn.com/combiner/i?img=/i/headshots/nfl/players/full/4426817.png",
    "birthdate": "Birthdate7/13/2001 (23)",
    "birthplace": null,
    "experience": null,
    "draftInfo": "Draft Info2024: Rd 5, Pk 146 (TEN)"
  },
  {
    "team": "TEN",
    "number": "",
    "name": "Marcus Harris",
    "position": "CB",
    "height": "--",
    "weight": "5' 11\"",
    "age": "190 lbs",
    "college": "R",
    "playerId": "4570469",
    "profileUrl": "https://www.espn.com/nfl/player/_/id/4570469/marcus-harris",
    "headshot": "https://a.espncdn.com/combiner/i?img=/i/headshots/nfl/players/full/4570469.png",
    "birthdate": null,
    "birthplace": null,
    "experience": "ExperienceRookie",
    "draftInfo": "Draft Info2025: Rd 6, Pk 183 (TEN)"
  },
  {
    "team": "TEN",
    "number": "",
    "name": "Gabe Jeudy-Lally32",
    "position": "CB",
    "height": "24",
    "weight": "6' 1\"",
    "age": "189 lbs",
    "college": "R",
    "playerId": "4567529",
    "profileUrl": "https://www.espn.com/nfl/player/_/id/4567529/gabe-jeudy-lally",
    "headshot": "https://a.espncdn.com/combiner/i?img=/i/headshots/nfl/players/full/4567529.png",
    "birthdate": "Birthdate2/16/2001 (24)",
    "birthplace": null,
    "experience": "ExperienceRookie",
    "draftInfo": null
  },
  {
    "team": "TEN",
    "number": "",
    "name": "Jalen Kimber",
    "position": "CB",
    "height": "--",
    "weight": "6' 0\"",
    "age": "188 lbs",
    "college": "R",
    "playerId": "4430819",
    "profileUrl": "https://www.espn.com/nfl/player/_/id/4430819/jalen-kimber",
    "headshot": "https://a.espncdn.com/combiner/i?img=/i/headshots/college-football/players/full/4430819.png",
    "birthdate": null,
    "birthplace": "BirthplaceMerrillville, IN",
    "experience": "ExperienceRookie",
    "draftInfo": null
  },
  {
    "team": "TEN",
    "number": "",
    "name": "Roger McCreary21",
    "position": "CB",
    "height": "25",
    "weight": "5' 11\"",
    "age": "190 lbs",
    "college": "3",
    "playerId": "4371973",
    "profileUrl": "https://www.espn.com/nfl/player/_/id/4371973/roger-mccreary",
    "headshot": "https://a.espncdn.com/combiner/i?img=/i/headshots/nfl/players/full/4371973.png",
    "birthdate": "Birthdate2/10/2000 (25)",
    "birthplace": null,
    "experience": null,
    "draftInfo": "Draft Info2022: Rd 2, Pk 35 (TEN)"
  },
  {
    "team": "TEN",
    "number": "",
    "name": "Amani Oruwariye",
    "position": "CB",
    "height": "29",
    "weight": "6' 2\"",
    "age": "205 lbs",
    "college": "6",
    "playerId": "3116175",
    "profileUrl": "https://www.espn.com/nfl/player/_/id/3116175/amani-oruwariye",
    "headshot": "https://a.espncdn.com/combiner/i?img=/i/headshots/nfl/players/full/3116175.png",
    "birthdate": "Birthdate2/9/1996 (29)",
    "birthplace": null,
    "experience": null,
    "draftInfo": "Draft Info2019: Rd 5, Pk 146 (DET)"
  },
  {
    "team": "TEN",
    "number": "",
    "name": "Davion Ross",
    "position": "CB",
    "height": "--",
    "weight": "5' 10\"",
    "age": "175 lbs",
    "college": "R",
    "playerId": "4570888",
    "profileUrl": "https://www.espn.com/nfl/player/_/id/4570888/davion-ross",
    "headshot": "https://a.espncdn.com/combiner/i?img=/i/headshots/college-football/players/full/4570888.png",
    "birthdate": null,
    "birthplace": "BirthplaceWarner Robins, GA",
    "experience": "ExperienceRookie",
    "draftInfo": null
  },
  {
    "team": "TEN",
    "number": "",
    "name": "L'Jarius Sneed38",
    "position": "CB",
    "height": "28",
    "weight": "6' 1\"",
    "age": "192 lbs",
    "college": "5",
    "playerId": "4040432",
    "profileUrl": "https://www.espn.com/nfl/player/_/id/4040432/ljarius-sneed",
    "headshot": "https://a.espncdn.com/combiner/i?img=/i/headshots/nfl/players/full/4040432.png",
    "birthdate": "Birthdate1/21/1997 (28)",
    "birthplace": null,
    "experience": null,
    "draftInfo": "Draft Info2020: Rd 4, Pk 138 (KC)"
  },
  {
    "team": "TEN",
    "number": "",
    "name": "Jermari Harris",
    "position": "DB",
    "height": "--",
    "weight": "6' 1\"",
    "age": "189 lbs",
    "college": "R",
    "playerId": "4429747",
    "profileUrl": "https://www.espn.com/nfl/player/_/id/4429747/jermari-harris",
    "headshot": "https://a.espncdn.com/combiner/i?img=/i/headshots/college-football/players/full/4429747.png",
    "birthdate": null,
    "birthplace": "BirthplaceChicago, IL",
    "experience": "ExperienceRookie",
    "draftInfo": null
  },
  {
    "team": "TEN",
    "number": "",
    "name": "Clarence Lewis",
    "position": "DB",
    "height": "--",
    "weight": "6' 0\"",
    "age": "201 lbs",
    "college": "R",
    "playerId": "4431226",
    "profileUrl": "https://www.espn.com/nfl/player/_/id/4431226/clarence-lewis",
    "headshot": "https://a.espncdn.com/combiner/i?img=/i/headshots/college-football/players/full/4431226.png",
    "birthdate": null,
    "birthplace": "BirthplaceEdison, NJ",
    "experience": "ExperienceRookie",
    "draftInfo": null
  },
  {
    "team": "TEN",
    "number": "",
    "name": "Kendell Brooks30",
    "position": "S",
    "height": "25",
    "weight": "6' 0\"",
    "age": "206 lbs",
    "college": "1",
    "playerId": "4585317",
    "profileUrl": "https://www.espn.com/nfl/player/_/id/4585317/kendell-brooks",
    "headshot": "https://a.espncdn.com/combiner/i?img=/i/headshots/nfl/players/full/4585317.png",
    "birthdate": "Birthdate3/3/2000 (25)",
    "birthplace": null,
    "experience": "Experience1st Season",
    "draftInfo": null
  },
  {
    "team": "TEN",
    "number": "",
    "name": "Mike Brown44",
    "position": "S",
    "height": "26",
    "weight": "6' 1\"",
    "age": "215 lbs",
    "college": "2",
    "playerId": "4244310",
    "profileUrl": "https://www.espn.com/nfl/player/_/id/4244310/mike-brown",
    "headshot": "https://a.espncdn.com/combiner/i?img=/i/headshots/nfl/players/full/4244310.png",
    "birthdate": "Birthdate4/7/1999 (26)",
    "birthplace": null,
    "experience": "Experience2nd Season",
    "draftInfo": null
  },
  {
    "team": "TEN",
    "number": "",
    "name": "Amani Hooker37",
    "position": "S",
    "height": "26",
    "weight": "5' 11\"",
    "age": "210 lbs",
    "college": "6",
    "playerId": "4036134",
    "profileUrl": "https://www.espn.com/nfl/player/_/id/4036134/amani-hooker",
    "headshot": "https://a.espncdn.com/combiner/i?img=/i/headshots/nfl/players/full/4036134.png",
    "birthdate": "Birthdate6/14/1998 (26)",
    "birthplace": null,
    "experience": null,
    "draftInfo": "Draft Info2019: Rd 4, Pk 116 (TEN)"
  },
  {
    "team": "TEN",
    "number": "",
    "name": "Mark Perry",
    "position": "S",
    "height": "23",
    "weight": "6' 0\"",
    "age": "213 lbs",
    "college": "R",
    "playerId": "4428223",
    "profileUrl": "https://www.espn.com/nfl/player/_/id/4428223/mark-perry",
    "headshot": "https://a.espncdn.com/combiner/i?img=/i/headshots/nfl/players/full/4428223.png",
    "birthdate": "Birthdate5/30/2001 (23)",
    "birthplace": null,
    "experience": "ExperienceRookie",
    "draftInfo": null
  },
  {
    "team": "TEN",
    "number": "",
    "name": "Kevin Winston Jr.",
    "position": "S",
    "height": "21",
    "weight": "6' 2\"",
    "age": "205 lbs",
    "college": "R",
    "playerId": "4685617",
    "profileUrl": "https://www.espn.com/nfl/player/_/id/4685617/kevin-winston-jr",
    "headshot": "https://a.espncdn.com/combiner/i?img=/i/headshots/nfl/players/full/4685617.png",
    "birthdate": "Birthdate12/2/2003 (21)",
    "birthplace": null,
    "experience": null,
    "draftInfo": "Draft Info2025: Rd 3, Pk 82 (TEN)"
  },
  {
    "team": "TEN",
    "number": "",
    "name": "Julius Wood24",
    "position": "S",
    "height": "24",
    "weight": "6' 1\"",
    "age": "193 lbs",
    "college": "R",
    "playerId": "4872841",
    "profileUrl": "https://www.espn.com/nfl/player/_/id/4872841/julius-wood",
    "headshot": "https://a.espncdn.com/combiner/i?img=/i/headshots/nfl/players/full/4872841.png",
    "birthdate": "Birthdate5/2/2001 (24)",
    "birthplace": null,
    "experience": "ExperienceRookie",
    "draftInfo": null
  },
  {
    "team": "TEN",
    "number": "",
    "name": "Xavier Woods",
    "position": "S",
    "height": "29",
    "weight": "5' 11\"",
    "age": "200 lbs",
    "college": "8",
    "playerId": "3040572",
    "profileUrl": "https://www.espn.com/nfl/player/_/id/3040572/xavier-woods",
    "headshot": "https://a.espncdn.com/combiner/i?img=/i/headshots/nfl/players/full/3040572.png",
    "birthdate": "Birthdate7/26/1995 (29)",
    "birthplace": null,
    "experience": null,
    "draftInfo": "Draft Info2017: Rd 6, Pk 191 (DAL)"
  },
  {
    "team": "TEN",
    "number": "",
    "name": "Joey Slye",
    "position": "PK",
    "height": "29",
    "weight": "5' 11\"",
    "age": "213 lbs",
    "college": "6",
    "playerId": "3124084",
    "profileUrl": "https://www.espn.com/nfl/player/_/id/3124084/joey-slye",
    "headshot": "https://a.espncdn.com/combiner/i?img=/i/headshots/nfl/players/full/3124084.png",
    "birthdate": "Birthdate4/10/1996 (29)",
    "birthplace": null,
    "experience": "Experience6th Season",
    "draftInfo": null
  },
  {
    "team": "TEN",
    "number": "",
    "name": "Johnny Hekker",
    "position": "P",
    "height": "35",
    "weight": "6' 5\"",
    "age": "225 lbs",
    "college": "13",
    "playerId": "15153",
    "profileUrl": "https://www.espn.com/nfl/player/_/id/15153/johnny-hekker",
    "headshot": "https://a.espncdn.com/combiner/i?img=/i/headshots/nfl/players/full/15153.png",
    "birthdate": "Birthdate2/8/1990 (35)",
    "birthplace": null,
    "experience": "Experience13th Season",
    "draftInfo": null
  },
  {
    "team": "TEN",
    "number": "",
    "name": "Morgan Cox46",
    "position": "LS",
    "height": "39",
    "weight": "6' 4\"",
    "age": "233 lbs",
    "college": "15",
    "playerId": "13848",
    "profileUrl": "https://www.espn.com/nfl/player/_/id/13848/morgan-cox",
    "headshot": "https://a.espncdn.com/combiner/i?img=/i/headshots/nfl/players/full/13848.png",
    "birthdate": "Birthdate4/26/1986 (39)",
    "birthplace": null,
    "experience": "Experience15th Season",
    "draftInfo": null
  }
]