[
  {
    "team": "WAS",
    "number": "",
    "name": "Jayden Daniels5",
    "position": "QB",
    "height": "24",
    "weight": "6' 4\"",
    "age": "210 lbs",
    "college": "R",
    "playerId": "4426348",
    "profileUrl": "https://www.espn.com/nfl/player/_/id/4426348/jayden-daniels",
    "headshot": "https://a.espncdn.com/combiner/i?img=/i/headshots/nfl/players/full/4426348.png",
    "birthdate": "Birthdate12/18/2000 (24)",
    "birthplace": null,
    "experience": null,
    "draftInfo": "Draft Info2024: Rd 1, Pk 2 (WSH)"
  },
  {
    "team": "WAS",
    "number": "",
    "name": "Sam Hartman15",
    "position": "QB",
    "height": "25",
    "weight": "6' 1\"",
    "age": "209 lbs",
    "college": "R",
    "playerId": "4361994",
    "profileUrl": "https://www.espn.com/nfl/player/_/id/4361994/sam-hartman",
    "headshot": "https://a.espncdn.com/combiner/i?img=/i/headshots/nfl/players/full/4361994.png",
    "birthdate": "Birthdate7/29/1999 (25)",
    "birthplace": null,
    "experience": "ExperienceRookie",
    "draftInfo": null
  },
  {
    "team": "WAS",
    "number": "",
    "name": "Josh Johnson",
    "position": "QB",
    "height": "39",
    "weight": "6' 3\"",
    "age": "214 lbs",
    "college": "10",
    "playerId": "11394",
    "profileUrl": "https://www.espn.com/nfl/player/_/id/11394/josh-johnson",
    "headshot": "https://a.espncdn.com/combiner/i?img=/i/headshots/nfl/players/full/11394.png",
    "birthdate": "Birthdate5/15/1986 (39)",
    "birthplace": null,
    "experience": null,
    "draftInfo": "Draft Info2008: Rd 5, Pk 160 (TB)"
  },
  {
    "team": "WAS",
    "number": "",
    "name": "Marcus Mariota18",
    "position": "QB",
    "height": "31",
    "weight": "6' 4\"",
    "age": "222 lbs",
    "college": "10",
    "playerId": "2576980",
    "profileUrl": "https://www.espn.com/nfl/player/_/id/2576980/marcus-mariota",
    "headshot": "https://a.espncdn.com/combiner/i?img=/i/headshots/nfl/players/full/2576980.png",
    "birthdate": "Birthdate10/30/1993 (31)",
    "birthplace": null,
    "experience": null,
    "draftInfo": "Draft Info2015: Rd 1, Pk 2 (TEN)"
  },
  {
    "team": "WAS",
    "number": "",
    "name": "Collin Schlee",
    "position": "QB",
    "height": "--",
    "weight": "6' 3\"",
    "age": "225 lbs",
    "college": "R",
    "playerId": "4428439",
    "profileUrl": "https://www.espn.com/nfl/player/_/id/4428439/collin-schlee",
    "headshot": "https://a.espncdn.com/combiner/i?img=/i/headshots/college-football/players/full/4428439.png",
    "birthdate": null,
    "birthplace": "BirthplaceIjamsville, MD",
    "experience": "ExperienceRookie",
    "draftInfo": null
  },
  {
    "team": "WAS",
    "number": "",
    "name": "Kazmeir Allen31",
    "position": "RB",
    "height": "25",
    "weight": "5' 8\"",
    "age": "176 lbs",
    "college": "1",
    "playerId": "4367180",
    "profileUrl": "https://www.espn.com/nfl/player/_/id/4367180/kazmeir-allen",
    "headshot": "https://a.espncdn.com/combiner/i?img=/i/headshots/nfl/players/full/4367180.png",
    "birthdate": "Birthdate2/29/2000 (25)",
    "birthplace": null,
    "experience": "Experience1st Season",
    "draftInfo": null
  },
  {
    "team": "WAS",
    "number": "",
    "name": "Jacory Croskey-Merritt",
    "position": "RB",
    "height": "24",
    "weight": "5' 11\"",
    "age": "208 lbs",
    "college": "R",
    "playerId": "4575131",
    "profileUrl": "https://www.espn.com/nfl/player/_/id/4575131/jacory-croskey-merritt",
    "headshot": "https://a.espncdn.com/combiner/i?img=/i/headshots/nfl/players/full/4575131.png",
    "birthdate": "Birthdate4/12/2001 (24)",
    "birthplace": null,
    "experience": null,
    "draftInfo": "Draft Info2025: Rd 7, Pk 245 (WSH)"
  },
  {
    "team": "WAS",
    "number": "",
    "name": "Austin Ekeler30",
    "position": "RB",
    "height": "30",
    "weight": "5' 9\"",
    "age": "200 lbs",
    "college": "8",
    "playerId": "3068267",
    "profileUrl": "https://www.espn.com/nfl/player/_/id/3068267/austin-ekeler",
    "headshot": "https://a.espncdn.com/combiner/i?img=/i/headshots/nfl/players/full/3068267.png",
    "birthdate": "Birthdate5/17/1995 (30)",
    "birthplace": null,
    "experience": "Experience8th Season",
    "draftInfo": null
  },
  {
    "team": "WAS",
    "number": "",
    "name": "Demetric Felton",
    "position": "RB",
    "height": "26",
    "weight": "5' 9\"",
    "age": "190 lbs",
    "college": "3",
    "playerId": "4035826",
    "profileUrl": "https://www.espn.com/nfl/player/_/id/4035826/demetric-felton",
    "headshot": "https://a.espncdn.com/combiner/i?img=/i/headshots/nfl/players/full/4035826.png",
    "birthdate": "Birthdate7/16/1998 (26)",
    "birthplace": null,
    "experience": null,
    "draftInfo": "Draft Info2021: Rd 6, Pk 211 (CLE)"
  },
  {
    "team": "WAS",
    "number": "",
    "name": "Jeremy McNichols26",
    "position": "RB",
    "height": "29",
    "weight": "5' 9\"",
    "age": "214 lbs",
    "college": "7",
    "playerId": "3127586",
    "profileUrl": "https://www.espn.com/nfl/player/_/id/3127586/jeremy-mcnichols",
    "headshot": "https://a.espncdn.com/combiner/i?img=/i/headshots/nfl/players/full/3127586.png",
    "birthdate": "Birthdate12/26/1995 (29)",
    "birthplace": null,
    "experience": null,
    "draftInfo": "Draft Info2017: Rd 5, Pk 162 (TB)"
  },
  {
    "team": "WAS",
    "number": "",
    "name": "Brian Robinson Jr.8",
    "position": "RB",
    "height": "26",
    "weight": "6' 1\"",
    "age": "228 lbs",
    "college": "3",
    "playerId": "4241474",
    "profileUrl": "https://www.espn.com/nfl/player/_/id/4241474/brian-robinson-jr",
    "headshot": "https://a.espncdn.com/combiner/i?img=/i/headshots/nfl/players/full/4241474.png",
    "birthdate": "Birthdate3/22/1999 (26)",
    "birthplace": null,
    "experience": null,
    "draftInfo": "Draft Info2022: Rd 3, Pk 98 (WSH)"
  },
  {
    "team": "WAS",
    "number": "",
    "name": "Chris Rodriguez Jr.36",
    "position": "RB",
    "height": "25",
    "weight": "5' 11\"",
    "age": "224 lbs",
    "college": "2",
    "playerId": "4362619",
    "profileUrl": "https://www.espn.com/nfl/player/_/id/4362619/chris-rodriguez-jr",
    "headshot": "https://a.espncdn.com/combiner/i?img=/i/headshots/nfl/players/full/4362619.png",
    "birthdate": "Birthdate9/26/1999 (25)",
    "birthplace": null,
    "experience": null,
    "draftInfo": "Draft Info2023: Rd 6, Pk 193 (WSH)"
  },
  {
    "team": "WAS",
    "number": "",
    "name": "Michael Wiley34",
    "position": "RB",
    "height": "23",
    "weight": "5' 10\"",
    "age": "209 lbs",
    "college": "R",
    "playerId": "4569156",
    "profileUrl": "https://www.espn.com/nfl/player/_/id/4569156/michael-wiley",
    "headshot": "https://a.espncdn.com/combiner/i?img=/i/headshots/nfl/players/full/4569156.png",
    "birthdate": "Birthdate11/10/2001 (23)",
    "birthplace": null,
    "experience": "ExperienceRookie",
    "draftInfo": null
  },
  {
    "team": "WAS",
    "number": "",
    "name": "Ja'Corey Brooks",
    "position": "WR",
    "height": "--",
    "weight": "6' 3\"",
    "age": "195 lbs",
    "college": "R",
    "playerId": "4431506",
    "profileUrl": "https://www.espn.com/nfl/player/_/id/4431506/jacorey-brooks",
    "headshot": "https://a.espncdn.com/combiner/i?img=/i/headshots/college-football/players/full/4431506.png",
    "birthdate": null,
    "birthplace": "BirthplaceBradenton, FL",
    "experience": "ExperienceRookie",
    "draftInfo": null
  },
  {
    "team": "WAS",
    "number": "",
    "name": "Noah Brown85",
    "position": "WR",
    "height": "29",
    "weight": "6' 2\"",
    "age": "225 lbs",
    "college": "8",
    "playerId": "3121409",
    "profileUrl": "https://www.espn.com/nfl/player/_/id/3121409/noah-brown",
    "headshot": "https://a.espncdn.com/combiner/i?img=/i/headshots/nfl/players/full/3121409.png",
    "birthdate": "Birthdate1/6/1996 (29)",
    "birthplace": null,
    "experience": null,
    "draftInfo": "Draft Info2017: Rd 7, Pk 239 (DAL)"
  },
  {
    "team": "WAS",
    "number": "",
    "name": "Michael Gallup",
    "position": "WR",
    "height": "29",
    "weight": "6' 1\"",
    "age": "205 lbs",
    "college": "7",
    "playerId": "4036348",
    "profileUrl": "https://www.espn.com/nfl/player/_/id/4036348/michael-gallup",
    "headshot": "https://a.espncdn.com/combiner/i?img=/i/headshots/nfl/players/full/4036348.png",
    "birthdate": "Birthdate3/4/1996 (29)",
    "birthplace": null,
    "experience": null,
    "draftInfo": "Draft Info2018: Rd 3, Pk 81 (DAL)"
  },
  {
    "team": "WAS",
    "number": "",
    "name": "Jacoby Jones",
    "position": "WR",
    "height": "--",
    "weight": "6' 3\"",
    "age": "228 lbs",
    "college": "R",
    "playerId": "5083297",
    "profileUrl": "https://www.espn.com/nfl/player/_/id/5083297/jacoby-jones",
    "headshot": "https://a.espncdn.com/combiner/i?img=/i/headshots/college-football/players/full/5083297.png",
    "birthdate": null,
    "birthplace": "BirthplaceTunica, MS",
    "experience": "ExperienceRookie",
    "draftInfo": null
  },
  {
    "team": "WAS",
    "number": "",
    "name": "Jaylin Lane",
    "position": "WR",
    "height": "23",
    "weight": "5' 10\"",
    "age": "196 lbs",
    "college": "R",
    "playerId": "4602667",
    "profileUrl": "https://www.espn.com/nfl/player/_/id/4602667/jaylin-lane",
    "headshot": "https://a.espncdn.com/combiner/i?img=/i/headshots/nfl/players/full/4602667.png",
    "birthdate": "Birthdate5/1/2002 (23)",
    "birthplace": null,
    "experience": null,
    "draftInfo": "Draft Info2025: Rd 4, Pk 128 (WSH)"
  },
  {
    "team": "WAS",
    "number": "",
    "name": "Luke McCaffrey12",
    "position": "WR",
    "height": "24",
    "weight": "6' 2\"",
    "age": "198 lbs",
    "college": "R",
    "playerId": "4426948",
    "profileUrl": "https://www.espn.com/nfl/player/_/id/4426948/luke-mccaffrey",
    "headshot": "https://a.espncdn.com/combiner/i?img=/i/headshots/nfl/players/full/4426948.png",
    "birthdate": "Birthdate4/2/2001 (24)",
    "birthplace": null,
    "experience": null,
    "draftInfo": "Draft Info2024: Rd 3, Pk 100 (WSH)"
  },
  {
    "team": "WAS",
    "number": "",
    "name": "Terry McLaurin17",
    "position": "WR",
    "height": "29",
    "weight": "6' 0\"",
    "age": "210 lbs",
    "college": "6",
    "playerId": "3121422",
    "profileUrl": "https://www.espn.com/nfl/player/_/id/3121422/terry-mclaurin",
    "headshot": "https://a.espncdn.com/combiner/i?img=/i/headshots/nfl/players/full/3121422.png",
    "birthdate": "Birthdate9/15/1995 (29)",
    "birthplace": null,
    "experience": null,
    "draftInfo": "Draft Info2019: Rd 3, Pk 76 (WSH)"
  },
  {
    "team": "WAS",
    "number": "",
    "name": "Chris Moore19",
    "position": "WR",
    "height": "31",
    "weight": "6' 1\"",
    "age": "200 lbs",
    "college": "9",
    "playerId": "2576581",
    "profileUrl": "https://www.espn.com/nfl/player/_/id/2576581/chris-moore",
    "headshot": "https://a.espncdn.com/combiner/i?img=/i/headshots/nfl/players/full/2576581.png",
    "birthdate": "Birthdate6/16/1993 (31)",
    "birthplace": null,
    "experience": null,
    "draftInfo": "Draft Info2016: Rd 4, Pk 107 (BAL)"
  },
  {
    "team": "WAS",
    "number": "",
    "name": "K.J. Osborn13",
    "position": "WR",
    "height": "27",
    "weight": "5' 11\"",
    "age": "203 lbs",
    "college": "5",
    "playerId": "3916566",
    "profileUrl": "https://www.espn.com/nfl/player/_/id/3916566/kj-osborn",
    "headshot": "https://a.espncdn.com/combiner/i?img=/i/headshots/nfl/players/full/3916566.png",
    "birthdate": "Birthdate6/10/1997 (27)",
    "birthplace": null,
    "experience": null,
    "draftInfo": "Draft Info2020: Rd 5, Pk 176 (MIN)"
  },
  {
    "team": "WAS",
    "number": "",
    "name": "Deebo Samuel Sr.1",
    "position": "WR",
    "height": "29",
    "weight": "6' 0\"",
    "age": "215 lbs",
    "college": "6",
    "playerId": "3126486",
    "profileUrl": "https://www.espn.com/nfl/player/_/id/3126486/deebo-samuel-sr",
    "headshot": "https://a.espncdn.com/combiner/i?img=/i/headshots/nfl/players/full/3126486.png",
    "birthdate": "Birthdate1/15/1996 (29)",
    "birthplace": null,
    "experience": null,
    "draftInfo": "Draft Info2019: Rd 2, Pk 36 (SF)"
  },
  {
    "team": "WAS",
    "number": "",
    "name": "Mike Strachan83",
    "position": "WR",
    "height": "27",
    "weight": "6' 5\"",
    "age": "225 lbs",
    "college": "4",
    "playerId": "4589245",
    "profileUrl": "https://www.espn.com/nfl/player/_/id/4589245/mike-strachan",
    "headshot": "https://a.espncdn.com/combiner/i?img=/i/headshots/nfl/players/full/4589245.png",
    "birthdate": "Birthdate8/13/1997 (27)",
    "birthplace": null,
    "experience": null,
    "draftInfo": "Draft Info2021: Rd 7, Pk 229 (IND)"
  },
  {
    "team": "WAS",
    "number": "",
    "name": "John Bates87",
    "position": "TE",
    "height": "27",
    "weight": "6' 6\"",
    "age": "259 lbs",
    "college": "4",
    "playerId": "4048228",
    "profileUrl": "https://www.espn.com/nfl/player/_/id/4048228/john-bates",
    "headshot": "https://a.espncdn.com/combiner/i?img=/i/headshots/nfl/players/full/4048228.png",
    "birthdate": "Birthdate11/6/1997 (27)",
    "birthplace": null,
    "experience": null,
    "draftInfo": "Draft Info2021: Rd 4, Pk 124 (WSH)"
  },
  {
    "team": "WAS",
    "number": "",
    "name": "Lawrence Cager",
    "position": "TE",
    "height": "27",
    "weight": "6' 5\"",
    "age": "220 lbs",
    "college": "4",
    "playerId": "3917849",
    "profileUrl": "https://www.espn.com/nfl/player/_/id/3917849/lawrence-cager",
    "headshot": "https://a.espncdn.com/combiner/i?img=/i/headshots/nfl/players/full/3917849.png",
    "birthdate": "Birthdate8/20/1997 (27)",
    "birthplace": null,
    "experience": "Experience4th Season",
    "draftInfo": null
  },
  {
    "team": "WAS",
    "number": "",
    "name": "Zach Ertz86",
    "position": "TE",
    "height": "34",
    "weight": "6' 5\"",
    "age": "250 lbs",
    "college": "12",
    "playerId": "15835",
    "profileUrl": "https://www.espn.com/nfl/player/_/id/15835/zach-ertz",
    "headshot": "https://a.espncdn.com/combiner/i?img=/i/headshots/nfl/players/full/15835.png",
    "birthdate": "Birthdate11/10/1990 (34)",
    "birthplace": null,
    "experience": null,
    "draftInfo": "Draft Info2013: Rd 2, Pk 35 (PHI)"
  },
  {
    "team": "WAS",
    "number": "",
    "name": "Tyree Jackson83",
    "position": "TE",
    "height": "27",
    "weight": "6' 7\"",
    "age": "249 lbs",
    "college": "3",
    "playerId": "3916564",
    "profileUrl": "https://www.espn.com/nfl/player/_/id/3916564/tyree-jackson",
    "headshot": "https://a.espncdn.com/combiner/i?img=/i/headshots/nfl/players/full/3916564.png",
    "birthdate": "Birthdate11/7/1997 (27)",
    "birthplace": null,
    "experience": "Experience3rd Season",
    "draftInfo": null
  },
  {
    "team": "WAS",
    "number": "",
    "name": "Ben Sinnott82",
    "position": "TE",
    "height": "22",
    "weight": "6' 4\"",
    "age": "247 lbs",
    "college": "R",
    "playerId": "4690923",
    "profileUrl": "https://www.espn.com/nfl/player/_/id/4690923/ben-sinnott",
    "headshot": "https://a.espncdn.com/combiner/i?img=/i/headshots/nfl/players/full/4690923.png",
    "birthdate": "Birthdate6/14/2002 (22)",
    "birthplace": null,
    "experience": null,
    "draftInfo": "Draft Info2024: Rd 2, Pk 53 (WSH)"
  },
  {
    "team": "WAS",
    "number": "",
    "name": "Cole Turner88",
    "position": "TE",
    "height": "25",
    "weight": "6' 6\"",
    "age": "240 lbs",
    "college": "3",
    "playerId": "4361438",
    "profileUrl": "https://www.espn.com/nfl/player/_/id/4361438/cole-turner",
    "headshot": "https://a.espncdn.com/combiner/i?img=/i/headshots/nfl/players/full/4361438.png",
    "birthdate": "Birthdate3/16/2000 (25)",
    "birthplace": null,
    "experience": null,
    "draftInfo": "Draft Info2022: Rd 5, Pk 149 (WSH)"
  },
  {
    "team": "WAS",
    "number": "",
    "name": "Colson Yankoff41",
    "position": "TE",
    "height": "25",
    "weight": "6' 4\"",
    "age": "225 lbs",
    "college": "R",
    "playerId": "4361088",
    "profileUrl": "https://www.espn.com/nfl/player/_/id/4361088/colson-yankoff",
    "headshot": "https://a.espncdn.com/combiner/i?img=/i/headshots/nfl/players/full/4361088.png",
    "birthdate": "Birthdate3/1/2000 (25)",
    "birthplace": null,
    "experience": "ExperienceRookie",
    "draftInfo": null
  },
  {
    "team": "WAS",
    "number": "",
    "name": "Tyler Biadasz63",
    "position": "C",
    "height": "27",
    "weight": "6' 4\"",
    "age": "318 lbs",
    "college": "5",
    "playerId": "4035788",
    "profileUrl": "https://www.espn.com/nfl/player/_/id/4035788/tyler-biadasz",
    "headshot": "https://a.espncdn.com/combiner/i?img=/i/headshots/nfl/players/full/4035788.png",
    "birthdate": "Birthdate11/20/1997 (27)",
    "birthplace": null,
    "experience": null,
    "draftInfo": "Draft Info2020: Rd 4, Pk 146 (DAL)"
  },
  {
    "team": "WAS",
    "number": "",
    "name": "Nick Allegretti67",
    "position": "G",
    "height": "29",
    "weight": "6' 4\"",
    "age": "320 lbs",
    "college": "6",
    "playerId": "3115922",
    "profileUrl": "https://www.espn.com/nfl/player/_/id/3115922/nick-allegretti",
    "headshot": "https://a.espncdn.com/combiner/i?img=/i/headshots/nfl/players/full/3115922.png",
    "birthdate": "Birthdate4/21/1996 (29)",
    "birthplace": null,
    "experience": null,
    "draftInfo": "Draft Info2019: Rd 7, Pk 216 (KC)"
  },
  {
    "team": "WAS",
    "number": "",
    "name": "Sam Cosmi76",
    "position": "G",
    "height": "26",
    "weight": "6' 6\"",
    "age": "309 lbs",
    "college": "4",
    "playerId": "4262199",
    "profileUrl": "https://www.espn.com/nfl/player/_/id/4262199/sam-cosmi",
    "headshot": "https://a.espncdn.com/combiner/i?img=/i/headshots/nfl/players/full/4262199.png",
    "birthdate": "Birthdate2/16/1999 (26)",
    "birthplace": null,
    "experience": null,
    "draftInfo": "Draft Info2021: Rd 2, Pk 51 (WSH)"
  },
  {
    "team": "WAS",
    "number": "",
    "name": "Michael Deiter60",
    "position": "G",
    "height": "28",
    "weight": "6' 6\"",
    "age": "310 lbs",
    "college": "6",
    "playerId": "3121541",
    "profileUrl": "https://www.espn.com/nfl/player/_/id/3121541/michael-deiter",
    "headshot": "https://a.espncdn.com/combiner/i?img=/i/headshots/nfl/players/full/3121541.png",
    "birthdate": "Birthdate9/3/1996 (28)",
    "birthplace": null,
    "experience": null,
    "draftInfo": "Draft Info2019: Rd 3, Pk 78 (MIA)"
  },
  {
    "team": "WAS",
    "number": "",
    "name": "Julian Good-Jones61",
    "position": "G",
    "height": "28",
    "weight": "6' 5\"",
    "age": "313 lbs",
    "college": "2",
    "playerId": "3917949",
    "profileUrl": "https://www.espn.com/nfl/player/_/id/3917949/julian-good-jones",
    "headshot": "https://a.espncdn.com/combiner/i?img=/i/headshots/nfl/players/full/3917949.png",
    "birthdate": "Birthdate3/2/1997 (28)",
    "birthplace": null,
    "experience": "Experience2nd Season",
    "draftInfo": null
  },
  {
    "team": "WAS",
    "number": "",
    "name": "Nate Herbig71",
    "position": "G",
    "height": "26",
    "weight": "6' 4\"",
    "age": "334 lbs",
    "college": "6",
    "playerId": "4044438",
    "profileUrl": "https://www.espn.com/nfl/player/_/id/4044438/nate-herbig",
    "headshot": "https://a.espncdn.com/combiner/i?img=/i/headshots/nfl/players/full/4044438.png",
    "birthdate": "Birthdate7/10/1998 (26)",
    "birthplace": null,
    "experience": "Experience6th Season",
    "draftInfo": null
  },
  {
    "team": "WAS",
    "number": "",
    "name": "Timothy McKay",
    "position": "G",
    "height": "--",
    "weight": "6' 4\"",
    "age": "312 lbs",
    "college": "R",
    "playerId": "4568320",
    "profileUrl": "https://www.espn.com/nfl/player/_/id/4568320/timothy-mckay",
    "headshot": "https://a.espncdn.com/combiner/i?img=/i/headshots/college-football/players/full/4568320.png",
    "birthdate": null,
    "birthplace": "BirthplaceRaleigh, NC",
    "experience": "ExperienceRookie",
    "draftInfo": null
  },
  {
    "team": "WAS",
    "number": "",
    "name": "Chris Paul75",
    "position": "G",
    "height": "26",
    "weight": "6' 4\"",
    "age": "324 lbs",
    "college": "3",
    "playerId": "4244615",
    "profileUrl": "https://www.espn.com/nfl/player/_/id/4244615/chris-paul",
    "headshot": "https://a.espncdn.com/combiner/i?img=/i/headshots/nfl/players/full/4244615.png",
    "birthdate": "Birthdate11/19/1998 (26)",
    "birthplace": null,
    "experience": null,
    "draftInfo": "Draft Info2022: Rd 7, Pk 230 (WSH)"
  },
  {
    "team": "WAS",
    "number": "",
    "name": "Andrew Wylie71",
    "position": "G",
    "height": "30",
    "weight": "6' 6\"",
    "age": "309 lbs",
    "college": "7",
    "playerId": "3042702",
    "profileUrl": "https://www.espn.com/nfl/player/_/id/3042702/andrew-wylie",
    "headshot": "https://a.espncdn.com/combiner/i?img=/i/headshots/nfl/players/full/3042702.png",
    "birthdate": "Birthdate8/19/1994 (30)",
    "birthplace": null,
    "experience": "Experience7th Season",
    "draftInfo": null
  },
  {
    "team": "WAS",
    "number": "",
    "name": "Brandon Coleman74",
    "position": "OT",
    "height": "24",
    "weight": "6' 6\"",
    "age": "320 lbs",
    "college": "R",
    "playerId": "4685030",
    "profileUrl": "https://www.espn.com/nfl/player/_/id/4685030/brandon-coleman",
    "headshot": "https://a.espncdn.com/combiner/i?img=/i/headshots/nfl/players/full/4685030.png",
    "birthdate": "Birthdate10/12/2000 (24)",
    "birthplace": null,
    "experience": null,
    "draftInfo": "Draft Info2024: Rd 3, Pk 67 (WSH)"
  },
  {
    "team": "WAS",
    "number": "",
    "name": "Josh Conerly Jr.",
    "position": "OT",
    "height": "21",
    "weight": "6' 4\"",
    "age": "315 lbs",
    "college": "R",
    "playerId": "4685326",
    "profileUrl": "https://www.espn.com/nfl/player/_/id/4685326/josh-conerly-jr",
    "headshot": "https://a.espncdn.com/combiner/i?img=/i/headshots/nfl/players/full/4685326.png",
    "birthdate": "Birthdate11/5/2003 (21)",
    "birthplace": null,
    "experience": null,
    "draftInfo": "Draft Info2025: Rd 1, Pk 29 (WSH)"
  },
  {
    "team": "WAS",
    "number": "",
    "name": "Bobby Hart51",
    "position": "OT",
    "height": "30",
    "weight": "6' 4\"",
    "age": "334 lbs",
    "college": "9",
    "playerId": "2576789",
    "profileUrl": "https://www.espn.com/nfl/player/_/id/2576789/bobby-hart",
    "headshot": "https://a.espncdn.com/combiner/i?img=/i/headshots/nfl/players/full/2576789.png",
    "birthdate": "Birthdate8/21/1994 (30)",
    "birthplace": null,
    "experience": null,
    "draftInfo": "Draft Info2015: Rd 7, Pk 226 (NYG)"
  },
  {
    "team": "WAS",
    "number": "",
    "name": "Tyre Phillips",
    "position": "OT",
    "height": "28",
    "weight": "6' 5\"",
    "age": "330 lbs",
    "college": "5",
    "playerId": "4242247",
    "profileUrl": "https://www.espn.com/nfl/player/_/id/4242247/tyre-phillips",
    "headshot": "https://a.espncdn.com/combiner/i?img=/i/headshots/nfl/players/full/4242247.png",
    "birthdate": "Birthdate1/29/1997 (28)",
    "birthplace": null,
    "experience": null,
    "draftInfo": "Draft Info2020: Rd 3, Pk 106 (BAL)"
  },
  {
    "team": "WAS",
    "number": "",
    "name": "Foster Sarell",
    "position": "OT",
    "height": "26",
    "weight": "6' 6\"",
    "age": "322 lbs",
    "college": "4",
    "playerId": "4242555",
    "profileUrl": "https://www.espn.com/nfl/player/_/id/4242555/foster-sarell",
    "headshot": "https://a.espncdn.com/combiner/i?img=/i/headshots/nfl/players/full/4242555.png",
    "birthdate": "Birthdate8/28/1998 (26)",
    "birthplace": null,
    "experience": "Experience4th Season",
    "draftInfo": null
  },
  {
    "team": "WAS",
    "number": "",
    "name": "Trent Scott73",
    "position": "OT",
    "height": "31",
    "weight": "6' 5\"",
    "age": "320 lbs",
    "college": "7",
    "playerId": "3123303",
    "profileUrl": "https://www.espn.com/nfl/player/_/id/3123303/trent-scott",
    "headshot": "https://a.espncdn.com/combiner/i?img=/i/headshots/nfl/players/full/3123303.png",
    "birthdate": "Birthdate1/25/1994 (31)",
    "birthplace": null,
    "experience": "Experience7th Season",
    "draftInfo": null
  },
  {
    "team": "WAS",
    "number": "",
    "name": "Laremy Tunsil78",
    "position": "OT",
    "height": "30",
    "weight": "6' 5\"",
    "age": "313 lbs",
    "college": "9",
    "playerId": "3051890",
    "profileUrl": "https://www.espn.com/nfl/player/_/id/3051890/laremy-tunsil",
    "headshot": "https://a.espncdn.com/combiner/i?img=/i/headshots/nfl/players/full/3051890.png",
    "birthdate": "Birthdate8/2/1994 (30)",
    "birthplace": null,
    "experience": null,
    "draftInfo": "Draft Info2016: Rd 1, Pk 13 (MIA)"
  },
  {
    "team": "WAS",
    "number": "",
    "name": "Dorance Armstrong92",
    "position": "DE",
    "height": "27",
    "weight": "6' 4\"",
    "age": "255 lbs",
    "college": "7",
    "playerId": "3928979",
    "profileUrl": "https://www.espn.com/nfl/player/_/id/3928979/dorance-armstrong",
    "headshot": "https://a.espncdn.com/combiner/i?img=/i/headshots/nfl/players/full/3928979.png",
    "birthdate": "Birthdate6/10/1997 (27)",
    "birthplace": null,
    "experience": null,
    "draftInfo": "Draft Info2018: Rd 4, Pk 116 (DAL)"
  },
  {
    "team": "WAS",
    "number": "",
    "name": "Viliami Fehoko Jr.72",
    "position": "DE",
    "height": "25",
    "weight": "6' 4\"",
    "age": "267 lbs",
    "college": "2",
    "playerId": "4374148",
    "profileUrl": "https://www.espn.com/nfl/player/_/id/4374148/viliami-fehoko-jr",
    "headshot": "https://a.espncdn.com/combiner/i?img=/i/headshots/nfl/players/full/4374148.png",
    "birthdate": "Birthdate12/16/1999 (25)",
    "birthplace": null,
    "experience": null,
    "draftInfo": "Draft Info2023: Rd 4, Pk 129 (DAL)"
  },
  {
    "team": "WAS",
    "number": "",
    "name": "Clelin Ferrell99",
    "position": "DE",
    "height": "28",
    "weight": "6' 4\"",
    "age": "265 lbs",
    "college": "6",
    "playerId": "3728258",
    "profileUrl": "https://www.espn.com/nfl/player/_/id/3728258/clelin-ferrell",
    "headshot": "https://a.espncdn.com/combiner/i?img=/i/headshots/nfl/players/full/3728258.png",
    "birthdate": "Birthdate5/17/1997 (28)",
    "birthplace": null,
    "experience": null,
    "draftInfo": "Draft Info2019: Rd 1, Pk 4 (OAK)"
  },
  {
    "team": "WAS",
    "number": "",
    "name": "Javontae Jean-Baptiste90",
    "position": "DE",
    "height": "25",
    "weight": "6' 5\"",
    "age": "260 lbs",
    "college": "R",
    "playerId": "4361357",
    "profileUrl": "https://www.espn.com/nfl/player/_/id/4361357/javontae-jean-baptiste",
    "headshot": "https://a.espncdn.com/combiner/i?img=/i/headshots/nfl/players/full/4361357.png",
    "birthdate": "Birthdate5/16/2000 (25)",
    "birthplace": null,
    "experience": null,
    "draftInfo": "Draft Info2024: Rd 7, Pk 222 (WSH)"
  },
  {
    "team": "WAS",
    "number": "",
    "name": "Andre Jones Jr.50",
    "position": "DE",
    "height": "26",
    "weight": "6' 5\"",
    "age": "258 lbs",
    "college": "2",
    "playerId": "4249214",
    "profileUrl": "https://www.espn.com/nfl/player/_/id/4249214/andre-jones-jr",
    "headshot": "https://a.espncdn.com/combiner/i?img=/i/headshots/nfl/players/full/4249214.png",
    "birthdate": "Birthdate10/25/1998 (26)",
    "birthplace": null,
    "experience": null,
    "draftInfo": "Draft Info2023: Rd 7, Pk 233 (WSH)"
  },
  {
    "team": "WAS",
    "number": "",
    "name": "T.J. Maguranyanga",
    "position": "DE",
    "height": "--",
    "weight": "--",
    "age": "--",
    "college": "R",
    "playerId": "5278092",
    "profileUrl": "https://www.espn.com/nfl/player/_/id/5278092/tj-maguranyanga",
    "headshot": "https://a.espncdn.com/combiner/i?img=/i/teamlogos/nfl/500/wsh.png",
    "birthdate": null,
    "birthplace": "BirthplaceHarare, Zimbabwe",
    "experience": "ExperienceRookie",
    "draftInfo": null
  },
  {
    "team": "WAS",
    "number": "",
    "name": "Jacob Martin",
    "position": "DE",
    "height": "29",
    "weight": "6' 2\"",
    "age": "242 lbs",
    "college": "8",
    "playerId": "3138764",
    "profileUrl": "https://www.espn.com/nfl/player/_/id/3138764/jacob-martin",
    "headshot": "https://a.espncdn.com/combiner/i?img=/i/headshots/nfl/players/full/3138764.png",
    "birthdate": "Birthdate12/11/1995 (29)",
    "birthplace": null,
    "experience": null,
    "draftInfo": "Draft Info2018: Rd 6, Pk 186 (SEA)"
  },
  {
    "team": "WAS",
    "number": "",
    "name": "Deatrich Wise Jr.",
    "position": "DE",
    "height": "30",
    "weight": "6' 5\"",
    "age": "280 lbs",
    "college": "9",
    "playerId": "2980080",
    "profileUrl": "https://www.espn.com/nfl/player/_/id/2980080/deatrich-wise-jr",
    "headshot": "https://a.espncdn.com/combiner/i?img=/i/headshots/nfl/players/full/2980080.png",
    "birthdate": "Birthdate7/26/1994 (30)",
    "birthplace": null,
    "experience": null,
    "draftInfo": "Draft Info2017: Rd 4, Pk 131 (NE)"
  },
  {
    "team": "WAS",
    "number": "",
    "name": "Ricky Barber",
    "position": "DT",
    "height": "--",
    "weight": "6' 3\"",
    "age": "295 lbs",
    "college": "R",
    "playerId": "4428343",
    "profileUrl": "https://www.espn.com/nfl/player/_/id/4428343/ricky-barber",
    "headshot": "https://a.espncdn.com/combiner/i?img=/i/headshots/college-football/players/full/4428343.png",
    "birthdate": null,
    "birthplace": "BirthplaceLouisville, KY",
    "experience": "ExperienceRookie",
    "draftInfo": null
  },
  {
    "team": "WAS",
    "number": "",
    "name": "Sheldon Day64",
    "position": "DT",
    "height": "30",
    "weight": "6' 1\"",
    "age": "285 lbs",
    "college": "8",
    "playerId": "2976194",
    "profileUrl": "https://www.espn.com/nfl/player/_/id/2976194/sheldon-day",
    "headshot": "https://a.espncdn.com/combiner/i?img=/i/headshots/nfl/players/full/2976194.png",
    "birthdate": "Birthdate7/1/1994 (30)",
    "birthplace": null,
    "experience": null,
    "draftInfo": "Draft Info2016: Rd 4, Pk 103 (JAX)"
  },
  {
    "team": "WAS",
    "number": "",
    "name": "Eddie Goldman",
    "position": "DT",
    "height": "31",
    "weight": "6' 3\"",
    "age": "325 lbs",
    "college": "7",
    "playerId": "2969924",
    "profileUrl": "https://www.espn.com/nfl/player/_/id/2969924/eddie-goldman",
    "headshot": "https://a.espncdn.com/combiner/i?img=/i/headshots/nfl/players/full/2969924.png",
    "birthdate": "Birthdate1/6/1994 (31)",
    "birthplace": null,
    "experience": null,
    "draftInfo": "Draft Info2015: Rd 2, Pk 39 (CHI)"
  },
  {
    "team": "WAS",
    "number": "",
    "name": "Jalyn Holmes96",
    "position": "DT",
    "height": "29",
    "weight": "6' 5\"",
    "age": "283 lbs",
    "college": "5",
    "playerId": "3121414",
    "profileUrl": "https://www.espn.com/nfl/player/_/id/3121414/jalyn-holmes",
    "headshot": "https://a.espncdn.com/combiner/i?img=/i/headshots/nfl/players/full/3121414.png",
    "birthdate": "Birthdate1/25/1996 (29)",
    "birthplace": null,
    "experience": null,
    "draftInfo": "Draft Info2018: Rd 4, Pk 102 (MIN)"
  },
  {
    "team": "WAS",
    "number": "",
    "name": "Javon Kinlaw54",
    "position": "DT",
    "height": "27",
    "weight": "6' 5\"",
    "age": "319 lbs",
    "college": "5",
    "playerId": "4259491",
    "profileUrl": "https://www.espn.com/nfl/player/_/id/4259491/javon-kinlaw",
    "headshot": "https://a.espncdn.com/combiner/i?img=/i/headshots/nfl/players/full/4259491.png",
    "birthdate": "Birthdate10/3/1997 (27)",
    "birthplace": null,
    "experience": null,
    "draftInfo": "Draft Info2020: Rd 1, Pk 14 (SF)"
  },
  {
    "team": "WAS",
    "number": "",
    "name": "Jer'Zhan Newton95",
    "position": "DT",
    "height": "22",
    "weight": "6' 2\"",
    "age": "295 lbs",
    "college": "R",
    "playerId": "4430560",
    "profileUrl": "https://www.espn.com/nfl/player/_/id/4430560/jerzhan-newton",
    "headshot": "https://a.espncdn.com/combiner/i?img=/i/headshots/nfl/players/full/4430560.png",
    "birthdate": "Birthdate8/31/2002 (22)",
    "birthplace": null,
    "experience": null,
    "draftInfo": "Draft Info2024: Rd 2, Pk 36 (WSH)"
  },
  {
    "team": "WAS",
    "number": "",
    "name": "Daron Payne94",
    "position": "DT",
    "height": "27",
    "weight": "6' 3\"",
    "age": "320 lbs",
    "college": "7",
    "playerId": "3925354",
    "profileUrl": "https://www.espn.com/nfl/player/_/id/3925354/daron-payne",
    "headshot": "https://a.espncdn.com/combiner/i?img=/i/headshots/nfl/players/full/3925354.png",
    "birthdate": "Birthdate5/27/1997 (27)",
    "birthplace": null,
    "experience": null,
    "draftInfo": "Draft Info2018: Rd 1, Pk 13 (WSH)"
  },
  {
    "team": "WAS",
    "number": "",
    "name": "Norell Pollard96",
    "position": "DT",
    "height": "25",
    "weight": "6' 0\"",
    "age": "285 lbs",
    "college": "R",
    "playerId": "4430326",
    "profileUrl": "https://www.espn.com/nfl/player/_/id/4430326/norell-pollard",
    "headshot": "https://a.espncdn.com/combiner/i?img=/i/headshots/nfl/players/full/4430326.png",
    "birthdate": "Birthdate2/18/2000 (25)",
    "birthplace": null,
    "experience": "ExperienceRookie",
    "draftInfo": null
  },
  {
    "team": "WAS",
    "number": "",
    "name": "Kam Arnold",
    "position": "LB",
    "height": "--",
    "weight": "6' 1\"",
    "age": "229 lbs",
    "college": "R",
    "playerId": "4429224",
    "profileUrl": "https://www.espn.com/nfl/player/_/id/4429224/kam-arnold",
    "headshot": "https://a.espncdn.com/combiner/i?img=/i/headshots/college-football/players/full/4429224.png",
    "birthdate": null,
    "birthplace": "BirthplaceWest Bloomfield, MI",
    "experience": "ExperienceRookie",
    "draftInfo": null
  },
  {
    "team": "WAS",
    "number": "",
    "name": "Nick Bellore57",
    "position": "LB",
    "height": "36",
    "weight": "6' 1\"",
    "age": "250 lbs",
    "college": "14",
    "playerId": "14471",
    "profileUrl": "https://www.espn.com/nfl/player/_/id/14471/nick-bellore",
    "headshot": "https://a.espncdn.com/combiner/i?img=/i/headshots/nfl/players/full/14471.png",
    "birthdate": "Birthdate5/12/1989 (36)",
    "birthplace": null,
    "experience": "Experience14th Season",
    "draftInfo": null
  },
  {
    "team": "WAS",
    "number": "",
    "name": "Ale Kaho",
    "position": "LB",
    "height": "--",
    "weight": "6' 2\"",
    "age": "230 lbs",
    "college": "R",
    "playerId": "4361090",
    "profileUrl": "https://www.espn.com/nfl/player/_/id/4361090/ale-kaho",
    "headshot": "https://a.espncdn.com/combiner/i?img=/i/headshots/college-football/players/full/4361090.png",
    "birthdate": null,
    "birthplace": "BirthplaceReno, NV",
    "experience": "ExperienceRookie",
    "draftInfo": null
  },
  {
    "team": "WAS",
    "number": "",
    "name": "Frankie Luvu4",
    "position": "LB",
    "height": "28",
    "weight": "6' 3\"",
    "age": "236 lbs",
    "college": "7",
    "playerId": "3127273",
    "profileUrl": "https://www.espn.com/nfl/player/_/id/3127273/frankie-luvu",
    "headshot": "https://a.espncdn.com/combiner/i?img=/i/headshots/nfl/players/full/3127273.png",
    "birthdate": "Birthdate9/19/1996 (28)",
    "birthplace": null,
    "experience": "Experience7th Season",
    "draftInfo": null
  },
  {
    "team": "WAS",
    "number": "",
    "name": "Jordan Magee58",
    "position": "LB",
    "height": "24",
    "weight": "6' 3\"",
    "age": "226 lbs",
    "college": "R",
    "playerId": "4568617",
    "profileUrl": "https://www.espn.com/nfl/player/_/id/4568617/jordan-magee",
    "headshot": "https://a.espncdn.com/combiner/i?img=/i/headshots/nfl/players/full/4568617.png",
    "birthdate": "Birthdate3/24/2001 (24)",
    "birthplace": null,
    "experience": null,
    "draftInfo": "Draft Info2024: Rd 5, Pk 139 (WSH)"
  },
  {
    "team": "WAS",
    "number": "",
    "name": "Kain Medrano",
    "position": "LB",
    "height": "24",
    "weight": "6' 3\"",
    "age": "230 lbs",
    "college": "R",
    "playerId": "4427984",
    "profileUrl": "https://www.espn.com/nfl/player/_/id/4427984/kain-medrano",
    "headshot": "https://a.espncdn.com/combiner/i?img=/i/headshots/nfl/players/full/4427984.png",
    "birthdate": "Birthdate2/16/2001 (24)",
    "birthplace": null,
    "experience": null,
    "draftInfo": "Draft Info2025: Rd 6, Pk 205 (WSH)"
  },
  {
    "team": "WAS",
    "number": "",
    "name": "Bobby Wagner54",
    "position": "LB",
    "height": "34",
    "weight": "6' 0\"",
    "age": "241 lbs",
    "college": "13",
    "playerId": "14979",
    "profileUrl": "https://www.espn.com/nfl/player/_/id/14979/bobby-wagner",
    "headshot": "https://a.espncdn.com/combiner/i?img=/i/headshots/nfl/players/full/14979.png",
    "birthdate": "Birthdate6/27/1990 (34)",
    "birthplace": null,
    "experience": null,
    "draftInfo": "Draft Info2012: Rd 2, Pk 47 (SEA)"
  },
  {
    "team": "WAS",
    "number": "",
    "name": "Trey Amos",
    "position": "CB",
    "height": "23",
    "weight": "6' 1\"",
    "age": "190 lbs",
    "college": "R",
    "playerId": "4574689",
    "profileUrl": "https://www.espn.com/nfl/player/_/id/4574689/trey-amos",
    "headshot": "https://a.espncdn.com/combiner/i?img=/i/headshots/nfl/players/full/4574689.png",
    "birthdate": "Birthdate3/3/2002 (23)",
    "birthplace": null,
    "experience": null,
    "draftInfo": "Draft Info2025: Rd 2, Pk 61 (WSH)"
  },
  {
    "team": "WAS",
    "number": "",
    "name": "Fentrell Cypress II",
    "position": "CB",
    "height": "--",
    "weight": "6' 0\"",
    "age": "188 lbs",
    "college": "R",
    "playerId": "4429488",
    "profileUrl": "https://www.espn.com/nfl/player/_/id/4429488/fentrell-cypress-ii",
    "headshot": "https://a.espncdn.com/combiner/i?img=/i/headshots/college-football/players/full/4429488.png",
    "birthdate": null,
    "birthplace": "BirthplaceRock Hill, SC",
    "experience": "ExperienceRookie",
    "draftInfo": null
  },
  {
    "team": "WAS",
    "number": "",
    "name": "Allan George",
    "position": "CB",
    "height": "25",
    "weight": "6' 1\"",
    "age": "195 lbs",
    "college": "2",
    "playerId": "4242655",
    "profileUrl": "https://www.espn.com/nfl/player/_/id/4242655/allan-george",
    "headshot": "https://a.espncdn.com/combiner/i?img=/i/headshots/nfl/players/full/4242655.png",
    "birthdate": "Birthdate7/16/1999 (25)",
    "birthplace": null,
    "experience": "Experience2nd Season",
    "draftInfo": null
  },
  {
    "team": "WAS",
    "number": "",
    "name": "Will Harris",
    "position": "CB",
    "height": "29",
    "weight": "6' 1\"",
    "age": "206 lbs",
    "college": "6",
    "playerId": "3915297",
    "profileUrl": "https://www.espn.com/nfl/player/_/id/3915297/will-harris",
    "headshot": "https://a.espncdn.com/combiner/i?img=/i/headshots/nfl/players/full/3915297.png",
    "birthdate": "Birthdate12/19/1995 (29)",
    "birthplace": null,
    "experience": null,
    "draftInfo": "Draft Info2019: Rd 3, Pk 81 (DET)"
  },
  {
    "team": "WAS",
    "number": "",
    "name": "Noah Igbinoghene1",
    "position": "CB",
    "height": "25",
    "weight": "5' 11\"",
    "age": "197 lbs",
    "college": "5",
    "playerId": "4242516",
    "profileUrl": "https://www.espn.com/nfl/player/_/id/4242516/noah-igbinoghene",
    "headshot": "https://a.espncdn.com/combiner/i?img=/i/headshots/nfl/players/full/4242516.png",
    "birthdate": "Birthdate11/27/1999 (25)",
    "birthplace": null,
    "experience": null,
    "draftInfo": "Draft Info2020: Rd 1, Pk 30 (MIA)"
  },
  {
    "team": "WAS",
    "number": "",
    "name": "Jonathan Jones",
    "position": "CB",
    "height": "31",
    "weight": "5' 9\"",
    "age": "185 lbs",
    "college": "9",
    "playerId": "2971027",
    "profileUrl": "https://www.espn.com/nfl/player/_/id/2971027/jonathan-jones",
    "headshot": "https://a.espncdn.com/combiner/i?img=/i/headshots/nfl/players/full/2971027.png",
    "birthdate": "Birthdate9/20/1993 (31)",
    "birthplace": null,
    "experience": "Experience9th Season",
    "draftInfo": null
  },
  {
    "team": "WAS",
    "number": "",
    "name": "Marshon Lattimore2",
    "position": "CB",
    "height": "28",
    "weight": "6' 0\"",
    "age": "192 lbs",
    "college": "8",
    "playerId": "3121421",
    "profileUrl": "https://www.espn.com/nfl/player/_/id/3121421/marshon-lattimore",
    "headshot": "https://a.espncdn.com/combiner/i?img=/i/headshots/nfl/players/full/3121421.png",
    "birthdate": "Birthdate5/19/1996 (28)",
    "birthplace": null,
    "experience": null,
    "draftInfo": "Draft Info2017: Rd 1, Pk 11 (NO)"
  },
  {
    "team": "WAS",
    "number": "",
    "name": "Bobby Price37",
    "position": "CB",
    "height": "27",
    "weight": "6' 4\"",
    "age": "205 lbs",
    "college": "5",
    "playerId": "4030779",
    "profileUrl": "https://www.espn.com/nfl/player/_/id/4030779/bobby-price",
    "headshot": "https://a.espncdn.com/combiner/i?img=/i/headshots/nfl/players/full/4030779.png",
    "birthdate": "Birthdate4/25/1998 (27)",
    "birthplace": null,
    "experience": "Experience5th Season",
    "draftInfo": null
  },
  {
    "team": "WAS",
    "number": "",
    "name": "Mike Sainristil0",
    "position": "CB",
    "height": "24",
    "weight": "5' 10\"",
    "age": "182 lbs",
    "college": "R",
    "playerId": "4428414",
    "profileUrl": "https://www.espn.com/nfl/player/_/id/4428414/mike-sainristil",
    "headshot": "https://a.espncdn.com/combiner/i?img=/i/headshots/nfl/players/full/4428414.png",
    "birthdate": "Birthdate10/3/2000 (24)",
    "birthplace": null,
    "experience": null,
    "draftInfo": "Draft Info2024: Rd 2, Pk 50 (WSH)"
  },
  {
    "team": "WAS",
    "number": "",
    "name": "Kevon Seymour38",
    "position": "CB",
    "height": "31",
    "weight": "6' 0\"",
    "age": "185 lbs",
    "college": "7",
    "playerId": "2971603",
    "profileUrl": "https://www.espn.com/nfl/player/_/id/2971603/kevon-seymour",
    "headshot": "https://a.espncdn.com/combiner/i?img=/i/headshots/nfl/players/full/2971603.png",
    "birthdate": "Birthdate11/30/1993 (31)",
    "birthplace": null,
    "experience": null,
    "draftInfo": "Draft Info2016: Rd 6, Pk 218 (BUF)"
  },
  {
    "team": "WAS",
    "number": "",
    "name": "Car'lin Vigers",
    "position": "CB",
    "height": "--",
    "weight": "6' 2\"",
    "age": "200 lbs",
    "college": "R",
    "playerId": "4917486",
    "profileUrl": "https://www.espn.com/nfl/player/_/id/4917486/carlin-vigers",
    "headshot": "https://a.espncdn.com/combiner/i?img=/i/headshots/college-football/players/full/4917486.png",
    "birthdate": null,
    "birthplace": "BirthplaceEunice, LA",
    "experience": "ExperienceRookie",
    "draftInfo": null
  },
  {
    "team": "WAS",
    "number": "",
    "name": "Percy Butler35",
    "position": "S",
    "height": "24",
    "weight": "6' 0\"",
    "age": "191 lbs",
    "college": "3",
    "playerId": "4363097",
    "profileUrl": "https://www.espn.com/nfl/player/_/id/4363097/percy-butler",
    "headshot": "https://a.espncdn.com/combiner/i?img=/i/headshots/nfl/players/full/4363097.png",
    "birthdate": "Birthdate5/29/2000 (24)",
    "birthplace": null,
    "experience": null,
    "draftInfo": "Draft Info2022: Rd 4, Pk 113 (WSH)"
  },
  {
    "team": "WAS",
    "number": "",
    "name": "Dominique Hampton45",
    "position": "S",
    "height": "24",
    "weight": "6' 3\"",
    "age": "220 lbs",
    "college": "R",
    "playerId": "4361094",
    "profileUrl": "https://www.espn.com/nfl/player/_/id/4361094/dominique-hampton",
    "headshot": "https://a.espncdn.com/combiner/i?img=/i/headshots/nfl/players/full/4361094.png",
    "birthdate": "Birthdate7/25/2000 (24)",
    "birthplace": null,
    "experience": null,
    "draftInfo": "Draft Info2024: Rd 5, Pk 161 (WSH)"
  },
  {
    "team": "WAS",
    "number": "",
    "name": "Quan Martin20",
    "position": "S",
    "height": "25",
    "weight": "6' 0\"",
    "age": "195 lbs",
    "college": "2",
    "playerId": "4360378",
    "profileUrl": "https://www.espn.com/nfl/player/_/id/4360378/quan-martin",
    "headshot": "https://a.espncdn.com/combiner/i?img=/i/headshots/nfl/players/full/4360378.png",
    "birthdate": "Birthdate4/17/2000 (25)",
    "birthplace": null,
    "experience": null,
    "draftInfo": "Draft Info2023: Rd 2, Pk 47 (WSH)"
  },
  {
    "team": "WAS",
    "number": "",
    "name": "Robert McDaniel",
    "position": "S",
    "height": "24",
    "weight": "6' 2\"",
    "age": "207 lbs",
    "college": "R",
    "playerId": "4574814",
    "profileUrl": "https://www.espn.com/nfl/player/_/id/4574814/robert-mcdaniel",
    "headshot": "https://a.espncdn.com/combiner/i?img=/i/headshots/college-football/players/full/4574814.png",
    "birthdate": "Birthdate10/18/2000 (24)",
    "birthplace": null,
    "experience": "ExperienceRookie",
    "draftInfo": null
  },
  {
    "team": "WAS",
    "number": "",
    "name": "Ben Nikkel48",
    "position": "S",
    "height": "24",
    "weight": "6' 1\"",
    "age": "210 lbs",
    "college": "R",
    "playerId": "4874465",
    "profileUrl": "https://www.espn.com/nfl/player/_/id/4874465/ben-nikkel",
    "headshot": "https://a.espncdn.com/combiner/i?img=/i/headshots/nfl/players/full/4874465.png",
    "birthdate": "Birthdate5/12/2001 (24)",
    "birthplace": null,
    "experience": "ExperienceRookie",
    "draftInfo": null
  },
  {
    "team": "WAS",
    "number": "",
    "name": "Tyler Owens40",
    "position": "S",
    "height": "24",
    "weight": "6' 2\"",
    "age": "213 lbs",
    "college": "R",
    "playerId": "4572460",
    "profileUrl": "https://www.espn.com/nfl/player/_/id/4572460/tyler-owens",
    "headshot": "https://a.espncdn.com/combiner/i?img=/i/headshots/nfl/players/full/4572460.png",
    "birthdate": "Birthdate5/12/2001 (24)",
    "birthplace": null,
    "experience": "ExperienceRookie",
    "draftInfo": null
  },
  {
    "team": "WAS",
    "number": "",
    "name": "Jeremy Reaves39",
    "position": "S",
    "height": "28",
    "weight": "5' 11\"",
    "age": "200 lbs",
    "college": "5",
    "playerId": "3125248",
    "profileUrl": "https://www.espn.com/nfl/player/_/id/3125248/jeremy-reaves",
    "headshot": "https://a.espncdn.com/combiner/i?img=/i/headshots/nfl/players/full/3125248.png",
    "birthdate": "Birthdate8/29/1996 (28)",
    "birthplace": null,
    "experience": "Experience5th Season",
    "draftInfo": null
  },
  {
    "team": "WAS",
    "number": "",
    "name": "Matt Gay",
    "position": "PK",
    "height": "31",
    "weight": "6' 0\"",
    "age": "232 lbs",
    "college": "6",
    "playerId": "4249087",
    "profileUrl": "https://www.espn.com/nfl/player/_/id/4249087/matt-gay",
    "headshot": "https://a.espncdn.com/combiner/i?img=/i/headshots/nfl/players/full/4249087.png",
    "birthdate": "Birthdate3/15/1994 (31)",
    "birthplace": null,
    "experience": null,
    "draftInfo": "Draft Info2019: Rd 5, Pk 145 (TB)"
  },
  {
    "team": "WAS",
    "number": "",
    "name": "Tress Way10",
    "position": "P",
    "height": "35",
    "weight": "6' 1\"",
    "age": "220 lbs",
    "college": "11",
    "playerId": "16166",
    "profileUrl": "https://www.espn.com/nfl/player/_/id/16166/tress-way",
    "headshot": "https://a.espncdn.com/combiner/i?img=/i/headshots/nfl/players/full/16166.png",
    "birthdate": "Birthdate4/18/1990 (35)",
    "birthplace": null,
    "experience": "Experience11th Season",
    "draftInfo": null
  },
  {
    "team": "WAS",
    "number": "",
    "name": "Tyler Ott69",
    "position": "LS",
    "height": "33",
    "weight": "6' 3\"",
    "age": "252 lbs",
    "college": "10",
    "playerId": "17378",
    "profileUrl": "https://www.espn.com/nfl/player/_/id/17378/tyler-ott",
    "headshot": "https://a.espncdn.com/combiner/i?img=/i/headshots/nfl/players/full/17378.png",
    "birthdate": "Birthdate2/28/1992 (33)",
    "birthplace": null,
    "experience": "Experience10th Season",
    "draftInfo": null
  }
]